<?xml version='1.0' encoding='utf-8'?>
<osm version="0.6" generator="convert_from_x16">
  <bounds minlat="43.1272603316" minlon="-95.1703412395" maxlat="43.1641243684" maxlon="-95.1198160605" origin="convert_from_x16" />
  <node id="29" visible="true" version="1" lat="43.1597785031" lon="-95.1703412395" />
  <node id="30" visible="true" version="1" lat="43.1597785031" lon="-95.1604942588" />
  <node id="31" visible="true" version="1" lat="43.1597785031" lon="-95.1532861428" />
  <node id="32" visible="true" version="1" lat="43.1597785031" lon="-95.1490876381" />
  <node id="33" visible="true" version="1" lat="43.1597785031" lon="-95.1458472968" />
  <node id="34" visible="true" version="1" lat="43.1597785031" lon="-95.1400218320" />
  <node id="35" visible="true" version="1" lat="43.1597785031" lon="-95.1368415984" />
  <node id="36" visible="true" version="1" lat="43.1597785031" lon="-95.1336613647" />
  <node id="37" visible="true" version="1" lat="43.1597785031" lon="-95.1304811310" />
  <node id="38" visible="true" version="1" lat="43.1597785031" lon="-95.1277075310" />
  <node id="39" visible="true" version="1" lat="43.1597785031" lon="-95.1275225122" />
  <node id="40" visible="true" version="1" lat="43.1597785031" lon="-95.1250554624" />
  <node id="41" visible="true" version="1" lat="43.1597785031" lon="-95.1236534144" />
  <node id="42" visible="true" version="1" lat="43.1597785031" lon="-95.1235739085" />
  <node id="43" visible="true" version="1" lat="43.1597785031" lon="-95.1231763793" />
  <node id="44" visible="true" version="1" lat="43.1597785031" lon="-95.1198160999" />
  <node id="45" visible="true" version="1" lat="43.1321383307" lon="-95.1703412395" />
  <node id="46" visible="true" version="1" lat="43.1321383307" lon="-95.1604942588" />
  <node id="47" visible="true" version="1" lat="43.1321383307" lon="-95.1532861428" />
  <node id="48" visible="true" version="1" lat="43.1321383307" lon="-95.1490876381" />
  <node id="49" visible="true" version="1" lat="43.1321383307" lon="-95.1488888735" />
  <node id="50" visible="true" version="1" lat="43.1321383307" lon="-95.1458472968" />
  <node id="51" visible="true" version="1" lat="43.1321383307" lon="-95.1400218320" />
  <node id="52" visible="true" version="1" lat="43.1321383307" lon="-95.1368415984" />
  <node id="53" visible="true" version="1" lat="43.1321383307" lon="-95.1336613647" />
  <node id="54" visible="true" version="1" lat="43.1321383307" lon="-95.1304811310" />
  <node id="55" visible="true" version="1" lat="43.1321383307" lon="-95.1238164014" />
  <node id="56" visible="true" version="1" lat="43.1321383307" lon="-95.1211429302" />
  <node id="57" visible="true" version="1" lat="43.1321383307" lon="-95.1198160999" />
  <node id="58" visible="true" version="1" lat="43.1596435029" lon="-95.1277075310" />
  <node id="59" visible="true" version="1" lat="43.1573935007" lon="-95.1277075310" />
  <node id="60" visible="true" version="1" lat="43.1551434984" lon="-95.1277075310" />
  <node id="61" visible="true" version="1" lat="43.1529376782" lon="-95.1277075310" />
  <node id="62" visible="true" version="1" lat="43.1527073740" lon="-95.1277075310" />
  <node id="63" visible="true" version="1" lat="43.1525248917" lon="-95.1277075310" />
  <node id="64" visible="true" version="1" lat="43.1524324910" lon="-95.1277234531" />
  <node id="65" visible="true" version="1" lat="43.1523462610" lon="-95.1277710602" />
  <node id="66" visible="true" version="1" lat="43.1522662016" lon="-95.1278491163" />
  <node id="67" visible="true" version="1" lat="43.1521923131" lon="-95.1279525003" />
  <node id="68" visible="true" version="1" lat="43.1521245951" lon="-95.1280679337" />
  <node id="69" visible="true" version="1" lat="43.1520630480" lon="-95.1281745941" />
  <node id="70" visible="true" version="1" lat="43.1520076715" lon="-95.1282593928" />
  <node id="71" visible="true" version="1" lat="43.1519584657" lon="-95.1283373313" />
  <node id="72" visible="true" version="1" lat="43.1519154307" lon="-95.1284246773" />
  <node id="73" visible="true" version="1" lat="43.1518785663" lon="-95.1285222993" />
  <node id="74" visible="true" version="1" lat="43.1512346630" lon="-95.1304811310" />
  <node id="75" visible="true" version="1" lat="43.1504387329" lon="-95.1329024553" />
  <node id="76" visible="true" version="1" lat="43.1504058856" lon="-95.1329889638" />
  <node id="77" visible="true" version="1" lat="43.1503667395" lon="-95.1330677993" />
  <node id="78" visible="true" version="1" lat="43.1503212947" lon="-95.1331389617" />
  <node id="79" visible="true" version="1" lat="43.1502695513" lon="-95.1332024510" />
  <node id="80" visible="true" version="1" lat="43.1502115091" lon="-95.1332582672" />
  <node id="81" visible="true" version="1" lat="43.1501471681" lon="-95.1333064104" />
  <node id="82" visible="true" version="1" lat="43.1500765285" lon="-95.1333468805" />
  <node id="83" visible="true" version="1" lat="43.1499995902" lon="-95.1333796776" />
  <node id="84" visible="true" version="1" lat="43.1499433416" lon="-95.1334000171" />
  <node id="85" visible="true" version="1" lat="43.1492206093" lon="-95.1336613647" />
  <node id="86" visible="true" version="1" lat="43.1443297519" lon="-95.1354299482" />
  <node id="87" visible="true" version="1" lat="43.1442745677" lon="-95.1354529029" />
  <node id="88" visible="true" version="1" lat="43.1442212788" lon="-95.1354811712" />
  <node id="89" visible="true" version="1" lat="43.1432100034" lon="-95.1360786702" />
  <node id="90" visible="true" version="1" lat="43.1431416258" lon="-95.1361244713" />
  <node id="91" visible="true" version="1" lat="43.1430796587" lon="-95.1361772867" />
  <node id="92" visible="true" version="1" lat="43.1430241020" lon="-95.1362371165" />
  <node id="93" visible="true" version="1" lat="43.1429749558" lon="-95.1363039608" />
  <node id="94" visible="true" version="1" lat="43.1429322200" lon="-95.1363778194" />
  <node id="95" visible="true" version="1" lat="43.1428958947" lon="-95.1364586925" />
  <node id="96" visible="true" version="1" lat="43.1425404992" lon="-95.1373641363" />
  <node id="97" visible="true" version="1" lat="43.1425149268" lon="-95.1374391918" />
  <node id="98" visible="true" version="1" lat="43.1424961094" lon="-95.1375168468" />
  <node id="99" visible="true" version="1" lat="43.1422499321" lon="-95.1387757184" />
  <node id="100" visible="true" version="1" lat="43.1422301657" lon="-95.1388575467" />
  <node id="101" visible="true" version="1" lat="43.1422037574" lon="-95.1389348379" />
  <node id="102" visible="true" version="1" lat="43.1421707073" lon="-95.1390075921" />
  <node id="103" visible="true" version="1" lat="43.1421310153" lon="-95.1390758092" />
  <node id="104" visible="true" version="1" lat="43.1420846814" lon="-95.1391394893" />
  <node id="105" visible="true" version="1" lat="43.1420317058" lon="-95.1391986322" />
  <node id="106" visible="true" version="1" lat="43.1412168696" lon="-95.1400218320" />
  <node id="107" visible="true" version="1" lat="43.1388872117" lon="-95.1433272007" />
  <node id="108" visible="true" version="1" lat="43.1380689441" lon="-95.1458472968" />
  <node id="109" visible="true" version="1" lat="43.1361231792" lon="-95.1478731387" />
  <node id="110" visible="true" version="1" lat="43.1353133744" lon="-95.1486912540" />
  <node id="111" visible="true" version="1" lat="43.1352463731" lon="-95.1487516378" />
  <node id="112" visible="true" version="1" lat="43.1351757771" lon="-95.1488010426" />
  <node id="113" visible="true" version="1" lat="43.1351015864" lon="-95.1488394687" />
  <node id="114" visible="true" version="1" lat="43.1350238011" lon="-95.1488669158" />
  <node id="115" visible="true" version="1" lat="43.1349424211" lon="-95.1488833841" />
  <node id="116" visible="true" version="1" lat="43.1348574464" lon="-95.1488888735" />
  <node id="117" visible="true" version="1" lat="43.1333591468" lon="-95.1488888735" />
  <node id="119" visible="true" version="1" lat="43.1527073740" lon="-95.1604942588" />
  <node id="120" visible="true" version="1" lat="43.1333418716" lon="-95.1400019556" />
  <node id="121" visible="true" version="1" lat="43.1333418716" lon="-95.1392168354" />
  <node id="122" visible="true" version="1" lat="43.1333418716" lon="-95.1384317152" />
  <node id="123" visible="true" version="1" lat="43.1333418716" lon="-95.1376465950" />
  <node id="124" visible="true" version="1" lat="43.1333418716" lon="-95.1368614748" />
  <node id="125" visible="true" version="1" lat="43.1321833307" lon="-95.1368614748" />
  <node id="126" visible="true" version="1" lat="43.1321833307" lon="-95.1376465950" />
  <node id="127" visible="true" version="1" lat="43.1321833307" lon="-95.1384317152" />
  <node id="128" visible="true" version="1" lat="43.1321833307" lon="-95.1392168354" />
  <node id="129" visible="true" version="1" lat="43.1321833307" lon="-95.1400019556" />
  <node id="130" visible="true" version="1" lat="43.1639893625" lon="-95.1701562501" />
  <node id="131" visible="true" version="1" lat="43.1639893625" lon="-95.1200011286" />
  <node id="132" visible="true" version="1" lat="43.1609094881" lon="-95.1703412395" />
  <node id="133" visible="true" version="1" lat="43.1609094881" lon="-95.1198160999" />
  <node id="134" visible="true" version="1" lat="43.1597785031" lon="-95.1701562501" />
  <node id="135" visible="true" version="1" lat="43.1597785031" lon="-95.1200011286" />
  <node id="136" visible="true" version="1" lat="43.1639893625" lon="-95.1302214119" />
  <node id="137" visible="true" version="1" lat="43.1628788612" lon="-95.1302214119" />
  <node id="138" visible="true" version="1" lat="43.1622224035" lon="-95.1302214119" />
  <node id="139" visible="true" version="1" lat="43.1615659458" lon="-95.1302214119" />
  <node id="140" visible="true" version="1" lat="43.1609094881" lon="-95.1302214119" />
  <node id="141" visible="true" version="1" lat="43.1615659458" lon="-95.1241461295" />
  <node id="142" visible="true" version="1" lat="43.1609094881" lon="-95.1241461295" />
  <node id="143" visible="true" version="1" lat="43.1615659458" lon="-95.1229798232" />
  <node id="144" visible="true" version="1" lat="43.1609094881" lon="-95.1229798232" />
  <node id="145" visible="true" version="1" lat="43.1615659458" lon="-95.1218358225" />
  <node id="146" visible="true" version="1" lat="43.1609094881" lon="-95.1218358225" />
  <node id="147" visible="true" version="1" lat="43.1608922129" lon="-95.1701562501" />
  <node id="148" visible="true" version="1" lat="43.1608922129" lon="-95.1568570573" />
  <node id="149" visible="true" version="1" lat="43.1600485033" lon="-95.1568570573" />
  <node id="150" visible="true" version="1" lat="43.1600485033" lon="-95.1701562501" />
  <node id="151" visible="true" version="1" lat="43.1608922129" lon="-95.1241160334" />
  <node id="152" visible="true" version="1" lat="43.1608924652" lon="-95.1201861180" />
  <node id="153" visible="true" version="1" lat="43.1599033642" lon="-95.1201861180" />
  <node id="154" visible="true" version="1" lat="43.1599033642" lon="-95.1241161283" />
  <node id="155" visible="true" version="1" lat="43.1609094881" lon="-95.1568371808" />
  <node id="156" visible="true" version="1" lat="43.1597785031" lon="-95.1568371808" />
  <node id="157" visible="true" version="1" lat="43.1597785031" lon="-95.1241461295" />
  <node id="158" visible="true" version="1" lat="43.1597785031" lon="-95.1218358225" />
  <node id="159" visible="true" version="1" lat="43.1296993282" lon="-95.1576571515" />
  <node id="160" visible="true" version="1" lat="43.1296993282" lon="-95.1488038952" />
  <node id="161" visible="true" version="1" lat="43.1273953259" lon="-95.1576571515" />
  <node id="163" visible="true" version="1" lat="43.1321383307" lon="-95.1576571515" />
  <node id="164" visible="true" version="1" lat="43.1321383307" lon="-95.1553411740" />
  <node id="165" visible="true" version="1" lat="43.1273953259" lon="-95.1553411740" />
  <node id="168" visible="true" version="1" lat="43.1321383307" lon="-95.1423496776" />
  <node id="169" visible="true" version="1" lat="43.1273953259" lon="-95.1423496776" />
  <node id="170" visible="true" version="1" lat="43.1321383307" lon="-95.1388133432" />
  <node id="171" visible="true" version="1" lat="43.1273953259" lon="-95.1388133432" />
  <node id="172" visible="true" version="1" lat="43.1499433416" lon="-95.1604942588" />
  <node id="173" visible="true" version="1" lat="43.1527073740" lon="-95.1532861428" />
  <node id="174" visible="true" version="1" lat="43.1499433416" lon="-95.1532861428" />
  <node id="175" visible="true" version="1" lat="43.1527073740" lon="-95.1490876381" />
  <node id="176" visible="true" version="1" lat="43.1499433416" lon="-95.1490876381" />
  <node id="177" visible="true" version="1" lat="43.1471793091" lon="-95.1490876381" />
  <node id="178" visible="true" version="1" lat="43.1527073740" lon="-95.1368415984" />
  <node id="179" visible="true" version="1" lat="43.1499433416" lon="-95.1368415984" />
  <node id="180" visible="true" version="1" lat="43.1471793091" lon="-95.1368415984" />
  <node id="181" visible="true" version="1" lat="43.1444152766" lon="-95.1368415984" />
  <node id="182" visible="true" version="1" lat="43.1527073740" lon="-95.1336613647" />
  <node id="183" visible="true" version="1" lat="43.1499433416" lon="-95.1336613647" />
  <node id="185" visible="true" version="1" lat="43.1361128141" lon="-95.1490637864" />
  <node id="186" visible="true" version="1" lat="43.1361059040" lon="-95.1479904575" />
  <node id="187" visible="true" version="1" lat="43.1353319750" lon="-95.1487696148" />
  <node id="188" visible="true" version="1" lat="43.1350555717" lon="-95.1489286265" />
  <node id="189" visible="true" version="1" lat="43.1333626018" lon="-95.1489524782" />
  <node id="190" visible="true" version="1" lat="43.1333695119" lon="-95.1490717370" />
  <node id="191" visible="true" version="1" lat="43.1388768466" lon="-95.1457927932" />
  <node id="192" visible="true" version="1" lat="43.1388699365" lon="-95.1436719832" />
  <node id="193" visible="true" version="1" lat="43.1381858385" lon="-95.1457927932" />
  <node id="194" visible="true" version="1" lat="43.1489517449" lon="-95.1336852165" />
  <node id="195" visible="true" version="1" lat="43.1471896742" lon="-95.1336772659" />
  <node id="196" visible="true" version="1" lat="43.1471827641" lon="-95.1343212632" />
  <node id="201" visible="true" version="1" lat="43.1471827641" lon="-95.1335103036" />
  <node id="202" visible="true" version="1" lat="43.1471620339" lon="-95.1329617133" />
  <node id="203" visible="true" version="1" lat="43.1462913637" lon="-95.1334705507" />
  <node id="204" visible="true" version="1" lat="43.1459665899" lon="-95.1336057106" />
  <node id="205" visible="true" version="1" lat="43.1470929331" lon="-95.1336136612" />
  <node id="262" visible="true" version="1" lat="43.1401483015" lon="-95.1531134494" />
  <node id="263" visible="true" version="1" lat="43.1397129664" lon="-95.1523486639" />
  <node id="264" visible="true" version="1" lat="43.1392914515" lon="-95.1514330605" />
  <node id="265" visible="true" version="1" lat="43.1391670700" lon="-95.1510832348" />
  <node id="266" visible="true" version="1" lat="43.1390565087" lon="-95.1504948915" />
  <node id="267" visible="true" version="1" lat="43.1390565087" lon="-95.1500496588" />
  <node id="268" visible="true" version="1" lat="43.1392223506" lon="-95.1490955887" />
  <node id="269" visible="true" version="1" lat="43.1389528575" lon="-95.1491035393" />
  <node id="270" visible="true" version="1" lat="43.1388906667" lon="-95.1492068969" />
  <node id="271" visible="true" version="1" lat="43.1389044869" lon="-95.1529654264" />
  <node id="272" visible="true" version="1" lat="43.1389943180" lon="-95.1531381199" />
  <node id="273" visible="true" version="1" lat="43.1322193366" lon="-95.1498926346" />
  <node id="274" visible="true" version="1" lat="43.1322193421" lon="-95.1530434681" />
  <node id="275" visible="true" version="1" lat="43.1322193545" lon="-95.1530441139" />
  <node id="276" visible="true" version="1" lat="43.1322199886" lon="-95.1530605715" />
  <node id="277" visible="true" version="1" lat="43.1322204611" lon="-95.1530728340" />
  <node id="278" visible="true" version="1" lat="43.1322205856" lon="-95.1530743235" />
  <node id="279" visible="true" version="1" lat="43.1322234732" lon="-95.1530966641" />
  <node id="280" visible="true" version="1" lat="43.1322237981" lon="-95.1530984143" />
  <node id="281" visible="true" version="1" lat="43.1322280916" lon="-95.1531159978" />
  <node id="282" visible="true" version="1" lat="43.1322283680" lon="-95.1531169858" />
  <node id="283" visible="true" version="1" lat="43.1322287055" lon="-95.1531179377" />
  <node id="284" visible="true" version="1" lat="43.1322340103" lon="-95.1531313858" />
  <node id="285" visible="true" version="1" lat="43.1322344553" lon="-95.1531323949" />
  <node id="286" visible="true" version="1" lat="43.1322349690" lon="-95.1531333412" />
  <node id="287" visible="true" version="1" lat="43.1322412048" lon="-95.1531437448" />
  <node id="288" visible="true" version="1" lat="43.1322418066" lon="-95.1531446525" />
  <node id="289" visible="true" version="1" lat="43.1322424715" lon="-95.1531454739" />
  <node id="290" visible="true" version="1" lat="43.1322464234" lon="-95.1531498874" />
  <node id="291" visible="true" version="1" lat="43.1322500931" lon="-95.1531539859" />
  <node id="292" visible="true" version="1" lat="43.1322507864" lon="-95.1531546872" />
  <node id="293" visible="true" version="1" lat="43.1322515257" lon="-95.1531552947" />
  <node id="294" visible="true" version="1" lat="43.1322613778" lon="-95.1531625360" />
  <node id="295" visible="true" version="1" lat="43.1322620752" lon="-95.1531629969" />
  <node id="296" visible="true" version="1" lat="43.1322627989" lon="-95.1531633742" />
  <node id="297" visible="true" version="1" lat="43.1322756808" lon="-95.1531692353" />
  <node id="298" visible="true" version="1" lat="43.1322769631" lon="-95.1531696789" />
  <node id="299" visible="true" version="1" lat="43.1322933300" lon="-95.1531736213" />
  <node id="300" visible="true" version="1" lat="43.1322944213" lon="-95.1531737913" />
  <node id="301" visible="true" version="1" lat="43.1323154622" lon="-95.1531753029" />
  <node id="302" visible="true" version="1" lat="43.1323159353" lon="-95.1531753198" />
  <node id="303" visible="true" version="1" lat="43.1330271805" lon="-95.1531753187" />
  <node id="304" visible="true" version="1" lat="43.1332909141" lon="-95.1531753184" />
  <node id="305" visible="true" version="1" lat="43.1332911170" lon="-95.1531752972" />
  <node id="306" visible="true" version="1" lat="43.1333000009" lon="-95.1531734391" />
  <node id="307" visible="true" version="1" lat="43.1333004757" lon="-95.1531732217" />
  <node id="308" visible="true" version="1" lat="43.1333072004" lon="-95.1531684395" />
  <node id="309" visible="true" version="1" lat="43.1333074852" lon="-95.1531681918" />
  <node id="310" visible="true" version="1" lat="43.1333077631" lon="-95.1531678592" />
  <node id="311" visible="true" version="1" lat="43.1333128736" lon="-95.1531608703" />
  <node id="312" visible="true" version="1" lat="43.1333131887" lon="-95.1531603739" />
  <node id="313" visible="true" version="1" lat="43.1333134883" lon="-95.1531597684" />
  <node id="314" visible="true" version="1" lat="43.1333137118" lon="-95.1531592629" />
  <node id="315" visible="true" version="1" lat="43.1333172805" lon="-95.1531511881" />
  <node id="316" visible="true" version="1" lat="43.1333175875" lon="-95.1531504065" />
  <node id="317" visible="true" version="1" lat="43.1333178687" lon="-95.1531495104" />
  <node id="318" visible="true" version="1" lat="43.1333184335" lon="-95.1531475023" />
  <node id="319" visible="true" version="1" lat="43.1333207924" lon="-95.1531391153" />
  <node id="320" visible="true" version="1" lat="43.1333210444" lon="-95.1531381154" />
  <node id="321" visible="true" version="1" lat="43.1333212643" lon="-95.1531370238" />
  <node id="322" visible="true" version="1" lat="43.1333236776" lon="-95.1531235404" />
  <node id="323" visible="true" version="1" lat="43.1333238479" lon="-95.1531224751" />
  <node id="324" visible="true" version="1" lat="43.1333239875" lon="-95.1531213548" />
  <node id="325" visible="true" version="1" lat="43.1333250450" lon="-95.1531115798" />
  <node id="326" visible="true" version="1" lat="43.1333259534" lon="-95.1531031837" />
  <node id="327" visible="true" version="1" lat="43.1333260469" lon="-95.1531021955" />
  <node id="328" visible="true" version="1" lat="43.1333261166" lon="-95.1531011827" />
  <node id="329" visible="true" version="1" lat="43.1333274619" lon="-95.1530772719" />
  <node id="330" visible="true" version="1" lat="43.1333275231" lon="-95.1530755838" />
  <node id="331" visible="true" version="1" lat="43.1333280462" lon="-95.1530439956" />
  <node id="332" visible="true" version="1" lat="43.1333280521" lon="-95.1530432740" />
  <node id="333" visible="true" version="1" lat="43.1333280521" lon="-95.1491659079" />
  <node id="334" visible="true" version="1" lat="43.1333280461" lon="-95.1491656753" />
  <node id="335" visible="true" version="1" lat="43.1333275230" lon="-95.1491554953" />
  <node id="336" visible="true" version="1" lat="43.1333274618" lon="-95.1491549513" />
  <node id="337" visible="true" version="1" lat="43.1333270153" lon="-95.1491523936" />
  <node id="338" visible="true" version="1" lat="43.1333261166" lon="-95.1491472456" />
  <node id="339" visible="true" version="1" lat="43.1333260469" lon="-95.1491469191" />
  <node id="340" visible="true" version="1" lat="43.1333259533" lon="-95.1491466007" />
  <node id="341" visible="true" version="1" lat="43.1333239875" lon="-95.1491407447" />
  <node id="342" visible="true" version="1" lat="43.1333238478" lon="-95.1491403836" />
  <node id="343" visible="true" version="1" lat="43.1333236775" lon="-95.1491400403" />
  <node id="344" visible="true" version="1" lat="43.1333212642" lon="-95.1491356950" />
  <node id="345" visible="true" version="1" lat="43.1333210444" lon="-95.1491353432" />
  <node id="346" visible="true" version="1" lat="43.1333207923" lon="-95.1491350209" />
  <node id="347" visible="true" version="1" lat="43.1333178687" lon="-95.1491316709" />
  <node id="348" visible="true" version="1" lat="43.1333175875" lon="-95.1491313821" />
  <node id="349" visible="true" version="1" lat="43.1333172804" lon="-95.1491311302" />
  <node id="350" visible="true" version="1" lat="43.1333143089" lon="-95.1491289634" />
  <node id="351" visible="true" version="1" lat="43.1333134883" lon="-95.1491283650" />
  <node id="352" visible="true" version="1" lat="43.1333131886" lon="-95.1491281699" />
  <node id="353" visible="true" version="1" lat="43.1333128735" lon="-95.1491280099" />
  <node id="354" visible="true" version="1" lat="43.1333088500" lon="-95.1491262367" />
  <node id="355" visible="true" version="1" lat="43.1333077630" lon="-95.1491257576" />
  <node id="356" visible="true" version="1" lat="43.1333074851" lon="-95.1491256504" />
  <node id="357" visible="true" version="1" lat="43.1333072002" lon="-95.1491255706" />
  <node id="358" visible="true" version="1" lat="43.1333004755" lon="-95.1491240294" />
  <node id="359" visible="true" version="1" lat="43.1333000008" lon="-95.1491239593" />
  <node id="360" visible="true" version="1" lat="43.1332968515" lon="-95.1491237471" />
  <node id="361" visible="true" version="1" lat="43.1332911169" lon="-95.1491233605" />
  <node id="362" visible="true" version="1" lat="43.1332909140" lon="-95.1491233537" />
  <node id="363" visible="true" version="1" lat="43.1323159358" lon="-95.1491233532" />
  <node id="364" visible="true" version="1" lat="43.1323154627" lon="-95.1491233587" />
  <node id="365" visible="true" version="1" lat="43.1322944216" lon="-95.1491238458" />
  <node id="366" visible="true" version="1" lat="43.1322933304" lon="-95.1491239006" />
  <node id="367" visible="true" version="1" lat="43.1322833240" lon="-95.1491246774" />
  <node id="368" visible="true" version="1" lat="43.1322769632" lon="-95.1491251711" />
  <node id="369" visible="true" version="1" lat="43.1322756810" lon="-95.1491253141" />
  <node id="370" visible="true" version="1" lat="43.1322627987" lon="-95.1491272030" />
  <node id="371" visible="true" version="1" lat="43.1322620749" lon="-95.1491273246" />
  <node id="372" visible="true" version="1" lat="43.1322613776" lon="-95.1491274731" />
  <node id="373" visible="true" version="1" lat="43.1322515250" lon="-95.1491298068" />
  <node id="374" visible="true" version="1" lat="43.1322507858" lon="-95.1491300026" />
  <node id="375" visible="true" version="1" lat="43.1322500925" lon="-95.1491302286" />
  <node id="376" visible="true" version="1" lat="43.1322464094" lon="-95.1491315542" />
  <node id="377" visible="true" version="1" lat="43.1322424704" lon="-95.1491329719" />
  <node id="378" visible="true" version="1" lat="43.1322418054" lon="-95.1491332366" />
  <node id="379" visible="true" version="1" lat="43.1322412037" lon="-95.1491335291" />
  <node id="380" visible="true" version="1" lat="43.1322349674" lon="-95.1491368820" />
  <node id="381" visible="true" version="1" lat="43.1322344537" lon="-95.1491371870" />
  <node id="382" visible="true" version="1" lat="43.1322340087" lon="-95.1491375122" />
  <node id="383" visible="true" version="1" lat="43.1322287035" lon="-95.1491418463" />
  <node id="384" visible="true" version="1" lat="43.1322283659" lon="-95.1491421530" />
  <node id="385" visible="true" version="1" lat="43.1322280895" lon="-95.1491424714" />
  <node id="386" visible="true" version="1" lat="43.1322262180" lon="-95.1491449413" />
  <node id="387" visible="true" version="1" lat="43.1322237955" lon="-95.1491481382" />
  <node id="388" visible="true" version="1" lat="43.1322234706" lon="-95.1491487022" />
  <node id="389" visible="true" version="1" lat="43.1322205825" lon="-95.1491559020" />
  <node id="390" visible="true" version="1" lat="43.1322204580" lon="-95.1491563820" />
  <node id="391" visible="true" version="1" lat="43.1322193508" lon="-95.1491656377" />
  <node id="392" visible="true" version="1" lat="43.1322193384" lon="-95.1491658458" />
  <node id="393" visible="true" version="1" lat="43.1322193366" lon="-95.1498926345" />
  <node id="394" visible="true" version="1" lat="43.1360551486" lon="-95.1603834075" />
  <node id="395" visible="true" version="1" lat="43.1360640326" lon="-95.1603815491" />
  <node id="396" visible="true" version="1" lat="43.1360645074" lon="-95.1603813316" />
  <node id="397" visible="true" version="1" lat="43.1360712322" lon="-95.1603765488" />
  <node id="398" visible="true" version="1" lat="43.1360715170" lon="-95.1603763011" />
  <node id="399" visible="true" version="1" lat="43.1360717949" lon="-95.1603759684" />
  <node id="400" visible="true" version="1" lat="43.1360738833" lon="-95.1603731122" />
  <node id="401" visible="true" version="1" lat="43.1360769054" lon="-95.1603689787" />
  <node id="402" visible="true" version="1" lat="43.1360772205" lon="-95.1603684822" />
  <node id="403" visible="true" version="1" lat="43.1360775201" lon="-95.1603678766" />
  <node id="404" visible="true" version="1" lat="43.1360813122" lon="-95.1603592953" />
  <node id="405" visible="true" version="1" lat="43.1360816193" lon="-95.1603585135" />
  <node id="406" visible="true" version="1" lat="43.1360819005" lon="-95.1603576173" />
  <node id="407" visible="true" version="1" lat="43.1360848240" lon="-95.1603472210" />
  <node id="408" visible="true" version="1" lat="43.1360850760" lon="-95.1603462211" />
  <node id="409" visible="true" version="1" lat="43.1360852959" lon="-95.1603451292" />
  <node id="410" visible="true" version="1" lat="43.1360877091" lon="-95.1603316443" />
  <node id="411" visible="true" version="1" lat="43.1360878794" lon="-95.1603305788" />
  <node id="412" visible="true" version="1" lat="43.1360880190" lon="-95.1603294583" />
  <node id="413" visible="true" version="1" lat="43.1360899847" lon="-95.1603112849" />
  <node id="414" visible="true" version="1" lat="43.1360900782" lon="-95.1603102966" />
  <node id="415" visible="true" version="1" lat="43.1360901479" lon="-95.1603092836" />
  <node id="416" visible="true" version="1" lat="43.1360914930" lon="-95.1602853696" />
  <node id="417" visible="true" version="1" lat="43.1360915541" lon="-95.1602836813" />
  <node id="418" visible="true" version="1" lat="43.1360918274" lon="-95.1602671687" />
  <node id="419" visible="true" version="1" lat="43.1360920769" lon="-95.1602520886" />
  <node id="420" visible="true" version="1" lat="43.1360920829" lon="-95.1602513670" />
  <node id="421" visible="true" version="1" lat="43.1360920878" lon="-95.1589162201" />
  <node id="422" visible="true" version="1" lat="43.1360920829" lon="-95.1569359682" />
  <node id="423" visible="true" version="1" lat="43.1360920769" lon="-95.1569357177" />
  <node id="424" visible="true" version="1" lat="43.1360917769" lon="-95.1569294892" />
  <node id="425" visible="true" version="1" lat="43.1360915541" lon="-95.1569249399" />
  <node id="426" visible="true" version="1" lat="43.1360914930" lon="-95.1569243747" />
  <node id="427" visible="true" version="1" lat="43.1360907268" lon="-95.1569198296" />
  <node id="428" visible="true" version="1" lat="43.1360901479" lon="-95.1569164225" />
  <node id="429" visible="true" version="1" lat="43.1360900782" lon="-95.1569160890" />
  <node id="430" visible="true" version="1" lat="43.1360899847" lon="-95.1569157637" />
  <node id="431" visible="true" version="1" lat="43.1360880190" lon="-95.1569098033" />
  <node id="432" visible="true" version="1" lat="43.1360878793" lon="-95.1569094368" />
  <node id="433" visible="true" version="1" lat="43.1360877091" lon="-95.1569090890" />
  <node id="434" visible="true" version="1" lat="43.1360852959" lon="-95.1569047018" />
  <node id="435" visible="true" version="1" lat="43.1360850760" lon="-95.1569043477" />
  <node id="436" visible="true" version="1" lat="43.1360848240" lon="-95.1569040234" />
  <node id="437" visible="true" version="1" lat="43.1360819004" lon="-95.1569006539" />
  <node id="438" visible="true" version="1" lat="43.1360816192" lon="-95.1569003640" />
  <node id="439" visible="true" version="1" lat="43.1360813122" lon="-95.1569001112" />
  <node id="440" visible="true" version="1" lat="43.1360797333" lon="-95.1568989557" />
  <node id="441" visible="true" version="1" lat="43.1360775201" lon="-95.1568973361" />
  <node id="442" visible="true" version="1" lat="43.1360772205" lon="-95.1568971404" />
  <node id="443" visible="true" version="1" lat="43.1360769054" lon="-95.1568969802" />
  <node id="444" visible="true" version="1" lat="43.1360717949" lon="-95.1568947238" />
  <node id="445" visible="true" version="1" lat="43.1360715170" lon="-95.1568946164" />
  <node id="446" visible="true" version="1" lat="43.1360712321" lon="-95.1568945364" />
  <node id="447" visible="true" version="1" lat="43.1360707097" lon="-95.1568944164" />
  <node id="448" visible="true" version="1" lat="43.1360645074" lon="-95.1568929927" />
  <node id="449" visible="true" version="1" lat="43.1360640326" lon="-95.1568929226" />
  <node id="450" visible="true" version="1" lat="43.1360551486" lon="-95.1568923233" />
  <node id="451" visible="true" version="1" lat="43.1360549456" lon="-95.1568923165" />
  <node id="452" visible="true" version="1" lat="43.1350642327" lon="-95.1568923158" />
  <node id="453" visible="true" version="1" lat="43.1350640511" lon="-95.1568923213" />
  <node id="454" visible="true" version="1" lat="43.1350559737" lon="-95.1568928088" />
  <node id="455" visible="true" version="1" lat="43.1350555548" lon="-95.1568928636" />
  <node id="456" visible="true" version="1" lat="43.1350492715" lon="-95.1568941360" />
  <node id="457" visible="true" version="1" lat="43.1350487793" lon="-95.1568942792" />
  <node id="458" visible="true" version="1" lat="43.1350479701" lon="-95.1568945888" />
  <node id="459" visible="true" version="1" lat="43.1350438340" lon="-95.1568961715" />
  <node id="460" visible="true" version="1" lat="43.1350435561" lon="-95.1568962933" />
  <node id="461" visible="true" version="1" lat="43.1350432884" lon="-95.1568964421" />
  <node id="462" visible="true" version="1" lat="43.1350395061" lon="-95.1568987827" />
  <node id="463" visible="true" version="1" lat="43.1350392224" lon="-95.1568989791" />
  <node id="464" visible="true" version="1" lat="43.1350389562" lon="-95.1568992060" />
  <node id="465" visible="true" version="1" lat="43.1350360302" lon="-95.1569019610" />
  <node id="466" visible="true" version="1" lat="43.1350357750" lon="-95.1569022274" />
  <node id="467" visible="true" version="1" lat="43.1350355439" lon="-95.1569025217" />
  <node id="468" visible="true" version="1" lat="43.1350348980" lon="-95.1569034321" />
  <node id="469" visible="true" version="1" lat="43.1350331499" lon="-95.1569058982" />
  <node id="470" visible="true" version="1" lat="43.1350329527" lon="-95.1569062063" />
  <node id="471" visible="true" version="1" lat="43.1350327819" lon="-95.1569065347" />
  <node id="472" visible="true" version="1" lat="43.1350307454" lon="-95.1569109209" />
  <node id="473" visible="true" version="1" lat="43.1350306158" lon="-95.1569112323" />
  <node id="474" visible="true" version="1" lat="43.1350305096" lon="-95.1569115555" />
  <node id="475" visible="true" version="1" lat="43.1350289235" lon="-95.1569171148" />
  <node id="476" visible="true" version="1" lat="43.1350288613" lon="-95.1569173334" />
  <node id="477" visible="true" version="1" lat="43.1350287366" lon="-95.1569179139" />
  <node id="478" visible="true" version="1" lat="43.1350285251" lon="-95.1569193277" />
  <node id="479" visible="true" version="1" lat="43.1350276279" lon="-95.1569253611" />
  <node id="480" visible="true" version="1" lat="43.1350275801" lon="-95.1569258629" />
  <node id="481" visible="true" version="1" lat="43.1350271551" lon="-95.1569356754" />
  <node id="482" visible="true" version="1" lat="43.1350271504" lon="-95.1569358997" />
  <node id="483" visible="true" version="1" lat="43.1350271519" lon="-95.1570605715" />
  <node id="484" visible="true" version="1" lat="43.1350271503" lon="-95.1602515647" />
  <node id="485" visible="true" version="1" lat="43.1350271551" lon="-95.1602522105" />
  <node id="486" visible="true" version="1" lat="43.1350272450" lon="-95.1602582856" />
  <node id="487" visible="true" version="1" lat="43.1350275800" lon="-95.1602809336" />
  <node id="488" visible="true" version="1" lat="43.1350276278" lon="-95.1602824232" />
  <node id="489" visible="true" version="1" lat="43.1350285324" lon="-95.1603006514" />
  <node id="490" visible="true" version="1" lat="43.1350287365" lon="-95.1603047661" />
  <node id="491" visible="true" version="1" lat="43.1350288613" lon="-95.1603065165" />
  <node id="492" visible="true" version="1" lat="43.1350305096" lon="-95.1603241020" />
  <node id="493" visible="true" version="1" lat="43.1350306157" lon="-95.1603250900" />
  <node id="494" visible="true" version="1" lat="43.1350307453" lon="-95.1603260420" />
  <node id="495" visible="true" version="1" lat="43.1350316096" lon="-95.1603317497" />
  <node id="496" visible="true" version="1" lat="43.1350327819" lon="-95.1603394917" />
  <node id="497" visible="true" version="1" lat="43.1350329527" lon="-95.1603405009" />
  <node id="498" visible="true" version="1" lat="43.1350331499" lon="-95.1603414473" />
  <node id="499" visible="true" version="1" lat="43.1350355439" lon="-95.1603518522" />
  <node id="500" visible="true" version="1" lat="43.1350357749" lon="-95.1603527599" />
  <node id="501" visible="true" version="1" lat="43.1350360302" lon="-95.1603535814" />
  <node id="502" visible="true" version="1" lat="43.1350389562" lon="-95.1603620945" />
  <node id="503" visible="true" version="1" lat="43.1350392223" lon="-95.1603627959" />
  <node id="504" visible="true" version="1" lat="43.1350395061" lon="-95.1603634034" />
  <node id="505" visible="true" version="1" lat="43.1350432884" lon="-95.1603706456" />
  <node id="506" visible="true" version="1" lat="43.1350435561" lon="-95.1603711065" />
  <node id="507" visible="true" version="1" lat="43.1350438339" lon="-95.1603714838" />
  <node id="508" visible="true" version="1" lat="43.1350448576" lon="-95.1603726972" />
  <node id="509" visible="true" version="1" lat="43.1350487793" lon="-95.1603773456" />
  <node id="510" visible="true" version="1" lat="43.1350492715" lon="-95.1603777892" />
  <node id="511" visible="true" version="1" lat="43.1350525926" lon="-95.1603798733" />
  <node id="512" visible="true" version="1" lat="43.1350555547" lon="-95.1603817320" />
  <node id="513" visible="true" version="1" lat="43.1350559736" lon="-95.1603819020" />
  <node id="514" visible="true" version="1" lat="43.1350640510" lon="-95.1603834137" />
  <node id="515" visible="true" version="1" lat="43.1350642327" lon="-95.1603834307" />
  <node id="516" visible="true" version="1" lat="43.1360549457" lon="-95.1603834287" />
  <node id="517" visible="true" version="1" lat="43.1360551488" lon="-95.1702304277" />
  <node id="518" visible="true" version="1" lat="43.1360640328" lon="-95.1702285693" />
  <node id="519" visible="true" version="1" lat="43.1360645076" lon="-95.1702283519" />
  <node id="520" visible="true" version="1" lat="43.1360674320" lon="-95.1702262720" />
  <node id="521" visible="true" version="1" lat="43.1360712323" lon="-95.1702235691" />
  <node id="522" visible="true" version="1" lat="43.1360715171" lon="-95.1702233214" />
  <node id="523" visible="true" version="1" lat="43.1360717951" lon="-95.1702229887" />
  <node id="524" visible="true" version="1" lat="43.1360769055" lon="-95.1702159990" />
  <node id="525" visible="true" version="1" lat="43.1360772206" lon="-95.1702155025" />
  <node id="526" visible="true" version="1" lat="43.1360775203" lon="-95.1702148969" />
  <node id="527" visible="true" version="1" lat="43.1360813123" lon="-95.1702063156" />
  <node id="528" visible="true" version="1" lat="43.1360816194" lon="-95.1702055339" />
  <node id="529" visible="true" version="1" lat="43.1360819006" lon="-95.1702046377" />
  <node id="530" visible="true" version="1" lat="43.1360848241" lon="-95.1701942414" />
  <node id="531" visible="true" version="1" lat="43.1360850761" lon="-95.1701932415" />
  <node id="532" visible="true" version="1" lat="43.1360852960" lon="-95.1701921496" />
  <node id="533" visible="true" version="1" lat="43.1360877091" lon="-95.1701786648" />
  <node id="534" visible="true" version="1" lat="43.1360878795" lon="-95.1701775993" />
  <node id="535" visible="true" version="1" lat="43.1360880190" lon="-95.1701764788" />
  <node id="536" visible="true" version="1" lat="43.1360889201" lon="-95.1701681483" />
  <node id="537" visible="true" version="1" lat="43.1360899847" lon="-95.1701583054" />
  <node id="538" visible="true" version="1" lat="43.1360900783" lon="-95.1701573171" />
  <node id="539" visible="true" version="1" lat="43.1360901480" lon="-95.1701563041" />
  <node id="540" visible="true" version="1" lat="43.1360908821" lon="-95.1701432526" />
  <node id="541" visible="true" version="1" lat="43.1360914930" lon="-95.1701323902" />
  <node id="542" visible="true" version="1" lat="43.1360915542" lon="-95.1701307019" />
  <node id="543" visible="true" version="1" lat="43.1360920770" lon="-95.1700991093" />
  <node id="544" visible="true" version="1" lat="43.1360920829" lon="-95.1700983877" />
  <node id="545" visible="true" version="1" lat="43.1360920829" lon="-95.1665812577" />
  <node id="546" visible="true" version="1" lat="43.1360920769" lon="-95.1665805361" />
  <node id="547" visible="true" version="1" lat="43.1360915542" lon="-95.1665489436" />
  <node id="548" visible="true" version="1" lat="43.1360914930" lon="-95.1665472553" />
  <node id="549" visible="true" version="1" lat="43.1360903427" lon="-95.1665268051" />
  <node id="550" visible="true" version="1" lat="43.1360901479" lon="-95.1665233413" />
  <node id="551" visible="true" version="1" lat="43.1360900783" lon="-95.1665223283" />
  <node id="552" visible="true" version="1" lat="43.1360899847" lon="-95.1665213400" />
  <node id="553" visible="true" version="1" lat="43.1360892382" lon="-95.1665144381" />
  <node id="554" visible="true" version="1" lat="43.1360880190" lon="-95.1665031667" />
  <node id="555" visible="true" version="1" lat="43.1360878794" lon="-95.1665020462" />
  <node id="556" visible="true" version="1" lat="43.1360877091" lon="-95.1665009807" />
  <node id="557" visible="true" version="1" lat="43.1360852959" lon="-95.1664874958" />
  <node id="558" visible="true" version="1" lat="43.1360850761" lon="-95.1664864039" />
  <node id="559" visible="true" version="1" lat="43.1360848241" lon="-95.1664854039" />
  <node id="560" visible="true" version="1" lat="43.1360819005" lon="-95.1664750077" />
  <node id="561" visible="true" version="1" lat="43.1360816193" lon="-95.1664741115" />
  <node id="562" visible="true" version="1" lat="43.1360813123" lon="-95.1664733297" />
  <node id="563" visible="true" version="1" lat="43.1360775202" lon="-95.1664647484" />
  <node id="564" visible="true" version="1" lat="43.1360772206" lon="-95.1664641428" />
  <node id="565" visible="true" version="1" lat="43.1360769055" lon="-95.1664636464" />
  <node id="566" visible="true" version="1" lat="43.1360717950" lon="-95.1664566566" />
  <node id="567" visible="true" version="1" lat="43.1360715171" lon="-95.1664563239" />
  <node id="568" visible="true" version="1" lat="43.1360712322" lon="-95.1664560762" />
  <node id="569" visible="true" version="1" lat="43.1360690822" lon="-95.1664545470" />
  <node id="570" visible="true" version="1" lat="43.1360645075" lon="-95.1664512933" />
  <node id="571" visible="true" version="1" lat="43.1360640327" lon="-95.1664510759" />
  <node id="572" visible="true" version="1" lat="43.1360551487" lon="-95.1664492175" />
  <node id="573" visible="true" version="1" lat="43.1360549458" lon="-95.1664491963" />
  <node id="574" visible="true" version="1" lat="43.1360464809" lon="-95.1664491963" />
  <node id="575" visible="true" version="1" lat="43.1350642325" lon="-95.1664491942" />
  <node id="576" visible="true" version="1" lat="43.1350640509" lon="-95.1664492112" />
  <node id="577" visible="true" version="1" lat="43.1350559735" lon="-95.1664507230" />
  <node id="578" visible="true" version="1" lat="43.1350555546" lon="-95.1664508929" />
  <node id="579" visible="true" version="1" lat="43.1350492714" lon="-95.1664548358" />
  <node id="580" visible="true" version="1" lat="43.1350487792" lon="-95.1664552794" />
  <node id="581" visible="true" version="1" lat="43.1350474915" lon="-95.1664568057" />
  <node id="582" visible="true" version="1" lat="43.1350438339" lon="-95.1664611413" />
  <node id="583" visible="true" version="1" lat="43.1350435560" lon="-95.1664615186" />
  <node id="584" visible="true" version="1" lat="43.1350432883" lon="-95.1664619795" />
  <node id="585" visible="true" version="1" lat="43.1350425909" lon="-95.1664633149" />
  <node id="586" visible="true" version="1" lat="43.1350395061" lon="-95.1664692216" />
  <node id="587" visible="true" version="1" lat="43.1350392223" lon="-95.1664698292" />
  <node id="588" visible="true" version="1" lat="43.1350389561" lon="-95.1664705305" />
  <node id="589" visible="true" version="1" lat="43.1350360301" lon="-95.1664790436" />
  <node id="590" visible="true" version="1" lat="43.1350357749" lon="-95.1664798651" />
  <node id="591" visible="true" version="1" lat="43.1350355439" lon="-95.1664807728" />
  <node id="592" visible="true" version="1" lat="43.1350331499" lon="-95.1664911778" />
  <node id="593" visible="true" version="1" lat="43.1350329527" lon="-95.1664921241" />
  <node id="594" visible="true" version="1" lat="43.1350327818" lon="-95.1664931333" />
  <node id="595" visible="true" version="1" lat="43.1350307453" lon="-95.1665065831" />
  <node id="596" visible="true" version="1" lat="43.1350306157" lon="-95.1665075350" />
  <node id="597" visible="true" version="1" lat="43.1350305096" lon="-95.1665085230" />
  <node id="598" visible="true" version="1" lat="43.1350297052" lon="-95.1665171050" />
  <node id="599" visible="true" version="1" lat="43.1350288612" lon="-95.1665261086" />
  <node id="600" visible="true" version="1" lat="43.1350287365" lon="-95.1665278589" />
  <node id="601" visible="true" version="1" lat="43.1350276278" lon="-95.1665502017" />
  <node id="602" visible="true" version="1" lat="43.1350275800" lon="-95.1665516914" />
  <node id="603" visible="true" version="1" lat="43.1350271551" lon="-95.1665804144" />
  <node id="604" visible="true" version="1" lat="43.1350271503" lon="-95.1665810602" />
  <node id="605" visible="true" version="1" lat="43.1350271531" lon="-95.1695341556" />
  <node id="606" visible="true" version="1" lat="43.1350271503" lon="-95.1700985854" />
  <node id="607" visible="true" version="1" lat="43.1350271550" lon="-95.1700992313" />
  <node id="608" visible="true" version="1" lat="43.1350275800" lon="-95.1701279542" />
  <node id="609" visible="true" version="1" lat="43.1350276278" lon="-95.1701294439" />
  <node id="610" visible="true" version="1" lat="43.1350277368" lon="-95.1701316404" />
  <node id="611" visible="true" version="1" lat="43.1350287365" lon="-95.1701517867" />
  <node id="612" visible="true" version="1" lat="43.1350288612" lon="-95.1701535370" />
  <node id="613" visible="true" version="1" lat="43.1350296723" lon="-95.1701621905" />
  <node id="614" visible="true" version="1" lat="43.1350305095" lon="-95.1701711225" />
  <node id="615" visible="true" version="1" lat="43.1350306156" lon="-95.1701721105" />
  <node id="616" visible="true" version="1" lat="43.1350307452" lon="-95.1701730624" />
  <node id="617" visible="true" version="1" lat="43.1350327818" lon="-95.1701865122" />
  <node id="618" visible="true" version="1" lat="43.1350329526" lon="-95.1701875213" />
  <node id="619" visible="true" version="1" lat="43.1350331499" lon="-95.1701884677" />
  <node id="620" visible="true" version="1" lat="43.1350348140" lon="-95.1701957003" />
  <node id="621" visible="true" version="1" lat="43.1350355438" lon="-95.1701988726" />
  <node id="622" visible="true" version="1" lat="43.1350357749" lon="-95.1701997803" />
  <node id="623" visible="true" version="1" lat="43.1350360301" lon="-95.1702006018" />
  <node id="624" visible="true" version="1" lat="43.1350389561" lon="-95.1702091149" />
  <node id="625" visible="true" version="1" lat="43.1350392222" lon="-95.1702098162" />
  <node id="626" visible="true" version="1" lat="43.1350395060" lon="-95.1702104237" />
  <node id="627" visible="true" version="1" lat="43.1350432883" lon="-95.1702176659" />
  <node id="628" visible="true" version="1" lat="43.1350435560" lon="-95.1702181268" />
  <node id="629" visible="true" version="1" lat="43.1350438338" lon="-95.1702185041" />
  <node id="630" visible="true" version="1" lat="43.1350487791" lon="-95.1702243659" />
  <node id="631" visible="true" version="1" lat="43.1350492713" lon="-95.1702248095" />
  <node id="632" visible="true" version="1" lat="43.1350525314" lon="-95.1702268553" />
  <node id="633" visible="true" version="1" lat="43.1350555545" lon="-95.1702287523" />
  <node id="634" visible="true" version="1" lat="43.1350559734" lon="-95.1702289223" />
  <node id="635" visible="true" version="1" lat="43.1350592963" lon="-95.1702295442" />
  <node id="636" visible="true" version="1" lat="43.1350640508" lon="-95.1702304340" />
  <node id="637" visible="true" version="1" lat="43.1350642325" lon="-95.1702304510" />
  <node id="638" visible="true" version="1" lat="43.1356475110" lon="-95.1702304492" />
  <node id="639" visible="true" version="1" lat="43.1360549459" lon="-95.1702304489" />
  <node id="640" visible="true" version="1" lat="43.1378280839" lon="-95.1478265146" />
  <node id="641" visible="true" version="1" lat="43.1378200064" lon="-95.1478270018" />
  <node id="642" visible="true" version="1" lat="43.1378195874" lon="-95.1478270566" />
  <node id="643" visible="true" version="1" lat="43.1378159835" lon="-95.1478277856" />
  <node id="644" visible="true" version="1" lat="43.1378133042" lon="-95.1478283275" />
  <node id="645" visible="true" version="1" lat="43.1378128120" lon="-95.1478284705" />
  <node id="646" visible="true" version="1" lat="43.1378114883" lon="-95.1478289762" />
  <node id="647" visible="true" version="1" lat="43.1378078666" lon="-95.1478303598" />
  <node id="648" visible="true" version="1" lat="43.1378075888" lon="-95.1478304814" />
  <node id="649" visible="true" version="1" lat="43.1378073211" lon="-95.1478306300" />
  <node id="650" visible="true" version="1" lat="43.1378069621" lon="-95.1478308515" />
  <node id="651" visible="true" version="1" lat="43.1378035388" lon="-95.1478329642" />
  <node id="652" visible="true" version="1" lat="43.1378032550" lon="-95.1478331600" />
  <node id="653" visible="true" version="1" lat="43.1378029888" lon="-95.1478333860" />
  <node id="654" visible="true" version="1" lat="43.1378000628" lon="-95.1478361299" />
  <node id="655" visible="true" version="1" lat="43.1377998076" lon="-95.1478363947" />
  <node id="656" visible="true" version="1" lat="43.1377995765" lon="-95.1478366873" />
  <node id="657" visible="true" version="1" lat="43.1377971825" lon="-95.1478400409" />
  <node id="658" visible="true" version="1" lat="43.1377969853" lon="-95.1478403459" />
  <node id="659" visible="true" version="1" lat="43.1377968145" lon="-95.1478406712" />
  <node id="660" visible="true" version="1" lat="43.1377947779" lon="-95.1478450062" />
  <node id="661" visible="true" version="1" lat="43.1377946483" lon="-95.1478453131" />
  <node id="662" visible="true" version="1" lat="43.1377945422" lon="-95.1478456315" />
  <node id="663" visible="true" version="1" lat="43.1377941380" lon="-95.1478470213" />
  <node id="664" visible="true" version="1" lat="43.1377928938" lon="-95.1478512995" />
  <node id="665" visible="true" version="1" lat="43.1377927691" lon="-95.1478518637" />
  <node id="666" visible="true" version="1" lat="43.1377923173" lon="-95.1478547987" />
  <node id="667" visible="true" version="1" lat="43.1377916604" lon="-95.1478590650" />
  <node id="668" visible="true" version="1" lat="43.1377916126" lon="-95.1478595452" />
  <node id="669" visible="true" version="1" lat="43.1377913981" lon="-95.1478642179" />
  <node id="670" visible="true" version="1" lat="43.1377911877" lon="-95.1478688029" />
  <node id="671" visible="true" version="1" lat="43.1377911829" lon="-95.1478690111" />
  <node id="672" visible="true" version="1" lat="43.1377911881" lon="-95.1484778492" />
  <node id="673" visible="true" version="1" lat="43.1377911829" lon="-95.1490094177" />
  <node id="674" visible="true" version="1" lat="43.1377911877" lon="-95.1490096258" />
  <node id="675" visible="true" version="1" lat="43.1377915390" lon="-95.1490172806" />
  <node id="676" visible="true" version="1" lat="43.1377916126" lon="-95.1490188836" />
  <node id="677" visible="true" version="1" lat="43.1377916604" lon="-95.1490193637" />
  <node id="678" visible="true" version="1" lat="43.1377927691" lon="-95.1490265651" />
  <node id="679" visible="true" version="1" lat="43.1377928938" lon="-95.1490271292" />
  <node id="680" visible="true" version="1" lat="43.1377945422" lon="-95.1490327972" />
  <node id="681" visible="true" version="1" lat="43.1377946483" lon="-95.1490331157" />
  <node id="682" visible="true" version="1" lat="43.1377947779" lon="-95.1490334225" />
  <node id="683" visible="true" version="1" lat="43.1377968145" lon="-95.1490377575" />
  <node id="684" visible="true" version="1" lat="43.1377969853" lon="-95.1490380828" />
  <node id="685" visible="true" version="1" lat="43.1377971825" lon="-95.1490383878" />
  <node id="686" visible="true" version="1" lat="43.1377995765" lon="-95.1490417414" />
  <node id="687" visible="true" version="1" lat="43.1377998075" lon="-95.1490420340" />
  <node id="688" visible="true" version="1" lat="43.1378000628" lon="-95.1490422988" />
  <node id="689" visible="true" version="1" lat="43.1378025557" lon="-95.1490446365" />
  <node id="690" visible="true" version="1" lat="43.1378029888" lon="-95.1490450427" />
  <node id="691" visible="true" version="1" lat="43.1378032550" lon="-95.1490452687" />
  <node id="692" visible="true" version="1" lat="43.1378035387" lon="-95.1490454645" />
  <node id="693" visible="true" version="1" lat="43.1378065994" lon="-95.1490473534" />
  <node id="694" visible="true" version="1" lat="43.1378073210" lon="-95.1490477988" />
  <node id="695" visible="true" version="1" lat="43.1378075887" lon="-95.1490479473" />
  <node id="696" visible="true" version="1" lat="43.1378078666" lon="-95.1490480689" />
  <node id="697" visible="true" version="1" lat="43.1378109682" lon="-95.1490492539" />
  <node id="698" visible="true" version="1" lat="43.1378128119" lon="-95.1490499582" />
  <node id="699" visible="true" version="1" lat="43.1378133042" lon="-95.1490501012" />
  <node id="700" visible="true" version="1" lat="43.1378182628" lon="-95.1490511041" />
  <node id="701" visible="true" version="1" lat="43.1378195874" lon="-95.1490513720" />
  <node id="702" visible="true" version="1" lat="43.1378200063" lon="-95.1490514268" />
  <node id="703" visible="true" version="1" lat="43.1378227247" lon="-95.1490515908" />
  <node id="704" visible="true" version="1" lat="43.1378280838" lon="-95.1490519141" />
  <node id="705" visible="true" version="1" lat="43.1378282654" lon="-95.1490519195" />
  <node id="706" visible="true" version="1" lat="43.1379282411" lon="-95.1490519194" />
  <node id="707" visible="true" version="1" lat="43.1388189779" lon="-95.1490519189" />
  <node id="708" visible="true" version="1" lat="43.1388191808" lon="-95.1490519120" />
  <node id="709" visible="true" version="1" lat="43.1388252940" lon="-95.1490514999" />
  <node id="710" visible="true" version="1" lat="43.1388280648" lon="-95.1490513131" />
  <node id="711" visible="true" version="1" lat="43.1388285396" lon="-95.1490512430" />
  <node id="712" visible="true" version="1" lat="43.1388352644" lon="-95.1490497014" />
  <node id="713" visible="true" version="1" lat="43.1388355493" lon="-95.1490496216" />
  <node id="714" visible="true" version="1" lat="43.1388358272" lon="-95.1490495144" />
  <node id="715" visible="true" version="1" lat="43.1388382437" lon="-95.1490484491" />
  <node id="716" visible="true" version="1" lat="43.1388409377" lon="-95.1490472615" />
  <node id="717" visible="true" version="1" lat="43.1388412528" lon="-95.1490471015" />
  <node id="718" visible="true" version="1" lat="43.1388415525" lon="-95.1490469063" />
  <node id="719" visible="true" version="1" lat="43.1388453446" lon="-95.1490441404" />
  <node id="720" visible="true" version="1" lat="43.1388456516" lon="-95.1490438884" />
  <node id="721" visible="true" version="1" lat="43.1388459328" lon="-95.1490435996" />
  <node id="722" visible="true" version="1" lat="43.1388488564" lon="-95.1490402487" />
  <node id="723" visible="true" version="1" lat="43.1388491084" lon="-95.1490399264" />
  <node id="724" visible="true" version="1" lat="43.1388493282" lon="-95.1490395746" />
  <node id="725" visible="true" version="1" lat="43.1388517414" lon="-95.1490352282" />
  <node id="726" visible="true" version="1" lat="43.1388519117" lon="-95.1490348848" />
  <node id="727" visible="true" version="1" lat="43.1388520514" lon="-95.1490345236" />
  <node id="728" visible="true" version="1" lat="43.1388540170" lon="-95.1490286661" />
  <node id="729" visible="true" version="1" lat="43.1388541106" lon="-95.1490283476" />
  <node id="730" visible="true" version="1" lat="43.1388541803" lon="-95.1490280211" />
  <node id="731" visible="true" version="1" lat="43.1388555254" lon="-95.1490203134" />
  <node id="732" visible="true" version="1" lat="43.1388555865" lon="-95.1490197692" />
  <node id="733" visible="true" version="1" lat="43.1388561093" lon="-95.1490095865" />
  <node id="734" visible="true" version="1" lat="43.1388561153" lon="-95.1490093540" />
  <node id="735" visible="true" version="1" lat="43.1388561195" lon="-95.1486889261" />
  <node id="736" visible="true" version="1" lat="43.1388561152" lon="-95.1478690748" />
  <node id="737" visible="true" version="1" lat="43.1388561093" lon="-95.1478688422" />
  <node id="738" visible="true" version="1" lat="43.1388555865" lon="-95.1478586595" />
  <node id="739" visible="true" version="1" lat="43.1388555254" lon="-95.1478581154" />
  <node id="740" visible="true" version="1" lat="43.1388541802" lon="-95.1478504076" />
  <node id="741" visible="true" version="1" lat="43.1388541106" lon="-95.1478500811" />
  <node id="742" visible="true" version="1" lat="43.1388540170" lon="-95.1478497626" />
  <node id="743" visible="true" version="1" lat="43.1388520513" lon="-95.1478439051" />
  <node id="744" visible="true" version="1" lat="43.1388519117" lon="-95.1478435439" />
  <node id="745" visible="true" version="1" lat="43.1388517414" lon="-95.1478432005" />
  <node id="746" visible="true" version="1" lat="43.1388493282" lon="-95.1478388541" />
  <node id="747" visible="true" version="1" lat="43.1388491084" lon="-95.1478385023" />
  <node id="748" visible="true" version="1" lat="43.1388488563" lon="-95.1478381800" />
  <node id="749" visible="true" version="1" lat="43.1388459328" lon="-95.1478348291" />
  <node id="750" visible="true" version="1" lat="43.1388456516" lon="-95.1478345403" />
  <node id="751" visible="true" version="1" lat="43.1388453445" lon="-95.1478342883" />
  <node id="752" visible="true" version="1" lat="43.1388443783" lon="-95.1478335835" />
  <node id="753" visible="true" version="1" lat="43.1388415524" lon="-95.1478315224" />
  <node id="754" visible="true" version="1" lat="43.1388412528" lon="-95.1478313272" />
  <node id="755" visible="true" version="1" lat="43.1388409377" lon="-95.1478311672" />
  <node id="756" visible="true" version="1" lat="43.1388358272" lon="-95.1478289143" />
  <node id="757" visible="true" version="1" lat="43.1388355493" lon="-95.1478288071" />
  <node id="758" visible="true" version="1" lat="43.1388352644" lon="-95.1478287272" />
  <node id="759" visible="true" version="1" lat="43.1388285396" lon="-95.1478271857" />
  <node id="760" visible="true" version="1" lat="43.1388280648" lon="-95.1478271156" />
  <node id="761" visible="true" version="1" lat="43.1388270673" lon="-95.1478270484" />
  <node id="762" visible="true" version="1" lat="43.1388191807" lon="-95.1478265166" />
  <node id="763" visible="true" version="1" lat="43.1388189778" lon="-95.1478265098" />
  <node id="764" visible="true" version="1" lat="43.1385757964" lon="-95.1478265095" />
  <node id="765" visible="true" version="1" lat="43.1378282655" lon="-95.1478265091" />
  <node id="766" visible="true" version="1" lat="43.1391614773" lon="-95.1699242102" />
  <node id="767" visible="true" version="1" lat="43.1391611999" lon="-95.1699249469" />
  <node id="768" visible="true" version="1" lat="43.1391609445" lon="-95.1699257787" />
  <node id="769" visible="true" version="1" lat="43.1391607138" lon="-95.1699266972" />
  <node id="770" visible="true" version="1" lat="43.1391605101" lon="-95.1699276932" />
  <node id="771" visible="true" version="1" lat="43.1391603355" lon="-95.1699287567" />
  <node id="772" visible="true" version="1" lat="43.1391601917" lon="-95.1699298770" />
  <node id="773" visible="true" version="1" lat="43.1391600801" lon="-95.1699310429" />
  <node id="774" visible="true" version="1" lat="43.1391600019" lon="-95.1699322426" />
  <node id="775" visible="true" version="1" lat="43.1391599579" lon="-95.1699334642" />
  <node id="776" visible="true" version="1" lat="43.1391599484" lon="-95.1699346953" />
  <node id="777" visible="true" version="1" lat="43.1391599736" lon="-95.1699359236" />
  <node id="778" visible="true" version="1" lat="43.1391600333" lon="-95.1699371367" />
  <node id="779" visible="true" version="1" lat="43.1391601268" lon="-95.1699383225" />
  <node id="780" visible="true" version="1" lat="43.1391602532" lon="-95.1699394691" />
  <node id="781" visible="true" version="1" lat="43.1391604112" lon="-95.1699405649" />
  <node id="782" visible="true" version="1" lat="43.1391605993" lon="-95.1699415990" />
  <node id="783" visible="true" version="1" lat="43.1391608156" lon="-95.1699425609" />
  <node id="784" visible="true" version="1" lat="43.1391610578" lon="-95.1699434410" />
  <node id="785" visible="true" version="1" lat="43.1391613236" lon="-95.1699442305" />
  <node id="786" visible="true" version="1" lat="43.1391616102" lon="-95.1699449214" />
  <node id="787" visible="true" version="1" lat="43.1391619149" lon="-95.1699455068" />
  <node id="788" visible="true" version="1" lat="43.1391622345" lon="-95.1699459809" />
  <node id="789" visible="true" version="1" lat="43.1391666352" lon="-95.1699516052" />
  <node id="790" visible="true" version="1" lat="43.1391691339" lon="-95.1699547986" />
  <node id="791" visible="true" version="1" lat="43.1391692458" lon="-95.1699549341" />
  <node id="792" visible="true" version="1" lat="43.1392773396" lon="-95.1700784037" />
  <node id="793" visible="true" version="1" lat="43.1392773694" lon="-95.1700784372" />
  <node id="794" visible="true" version="1" lat="43.1392782585" lon="-95.1700794213" />
  <node id="795" visible="true" version="1" lat="43.1392783186" lon="-95.1700794856" />
  <node id="796" visible="true" version="1" lat="43.1392783315" lon="-95.1700794991" />
  <node id="797" visible="true" version="1" lat="43.1392791358" lon="-95.1700803326" />
  <node id="798" visible="true" version="1" lat="43.1392791962" lon="-95.1700803932" />
  <node id="799" visible="true" version="1" lat="43.1392794150" lon="-95.1700806046" />
  <node id="800" visible="true" version="1" lat="43.1392800165" lon="-95.1700811861" />
  <node id="801" visible="true" version="1" lat="43.1392800773" lon="-95.1700812428" />
  <node id="802" visible="true" version="1" lat="43.1392809010" lon="-95.1700819820" />
  <node id="803" visible="true" version="1" lat="43.1392809621" lon="-95.1700820348" />
  <node id="804" visible="true" version="1" lat="43.1392817893" lon="-95.1700827206" />
  <node id="805" visible="true" version="1" lat="43.1392818507" lon="-95.1700827694" />
  <node id="806" visible="true" version="1" lat="43.1392826819" lon="-95.1700834020" />
  <node id="807" visible="true" version="1" lat="43.1392827435" lon="-95.1700834468" />
  <node id="808" visible="true" version="1" lat="43.1392829675" lon="-95.1700836022" />
  <node id="809" visible="true" version="1" lat="43.1392835789" lon="-95.1700840264" />
  <node id="810" visible="true" version="1" lat="43.1392836406" lon="-95.1700840671" />
  <node id="811" visible="true" version="1" lat="43.1392845576" lon="-95.1700846420" />
  <node id="812" visible="true" version="1" lat="43.1392845884" lon="-95.1700846609" />
  <node id="813" visible="true" version="1" lat="43.1393897100" lon="-95.1701470857" />
  <node id="814" visible="true" version="1" lat="43.1393900152" lon="-95.1701472176" />
  <node id="815" visible="true" version="1" lat="43.1399218350" lon="-95.1702920814" />
  <node id="816" visible="true" version="1" lat="43.1399220989" lon="-95.1702921173" />
  <node id="817" visible="true" version="1" lat="43.1447308011" lon="-95.1702921071" />
  <node id="818" visible="true" version="1" lat="43.1447308698" lon="-95.1702921047" />
  <node id="819" visible="true" version="1" lat="43.1447329342" lon="-95.1702919587" />
  <node id="820" visible="true" version="1" lat="43.1447330726" lon="-95.1702919390" />
  <node id="821" visible="true" version="1" lat="43.1447332937" lon="-95.1702918918" />
  <node id="822" visible="true" version="1" lat="43.1447349440" lon="-95.1702915394" />
  <node id="823" visible="true" version="1" lat="43.1447350832" lon="-95.1702914996" />
  <node id="824" visible="true" version="1" lat="43.1447369356" lon="-95.1702908360" />
  <node id="825" visible="true" version="1" lat="43.1447370749" lon="-95.1702907759" />
  <node id="826" visible="true" version="1" lat="43.1447389118" lon="-95.1702898485" />
  <node id="827" visible="true" version="1" lat="43.1447390505" lon="-95.1702897682" />
  <node id="828" visible="true" version="1" lat="43.1447408752" lon="-95.1702885758" />
  <node id="829" visible="true" version="1" lat="43.1447410127" lon="-95.1702884757" />
  <node id="830" visible="true" version="1" lat="43.1447428287" lon="-95.1702870156" />
  <node id="831" visible="true" version="1" lat="43.1447429642" lon="-95.1702868963" />
  <node id="832" visible="true" version="1" lat="43.1447447747" lon="-95.1702851644" />
  <node id="833" visible="true" version="1" lat="43.1447449077" lon="-95.1702850270" />
  <node id="834" visible="true" version="1" lat="43.1447468786" lon="-95.1702828368" />
  <node id="835" visible="true" version="1" lat="43.1447469440" lon="-95.1702827617" />
  <node id="836" visible="true" version="1" lat="43.1448981882" lon="-95.1701028777" />
  <node id="837" visible="true" version="1" lat="43.1448982759" lon="-95.1701027687" />
  <node id="838" visible="true" version="1" lat="43.1449009304" lon="-95.1700993265" />
  <node id="839" visible="true" version="1" lat="43.1449011059" lon="-95.1700990794" />
  <node id="840" visible="true" version="1" lat="43.1449034469" lon="-95.1700955175" />
  <node id="841" visible="true" version="1" lat="43.1449036210" lon="-95.1700952321" />
  <node id="842" visible="true" version="1" lat="43.1449058728" lon="-95.1700912669" />
  <node id="843" visible="true" version="1" lat="43.1449060437" lon="-95.1700909445" />
  <node id="844" visible="true" version="1" lat="43.1449082149" lon="-95.1700865670" />
  <node id="845" visible="true" version="1" lat="43.1449083809" lon="-95.1700862099" />
  <node id="846" visible="true" version="1" lat="43.1449104796" lon="-95.1700814058" />
  <node id="847" visible="true" version="1" lat="43.1449106393" lon="-95.1700810174" />
  <node id="848" visible="true" version="1" lat="43.1449115341" lon="-95.1700787075" />
  <node id="849" visible="true" version="1" lat="43.1449126728" lon="-95.1700757675" />
  <node id="850" visible="true" version="1" lat="43.1449128247" lon="-95.1700753520" />
  <node id="851" visible="true" version="1" lat="43.1449147994" lon="-95.1700696337" />
  <node id="852" visible="true" version="1" lat="43.1449149424" lon="-95.1700691959" />
  <node id="853" visible="true" version="1" lat="43.1449170331" lon="-95.1700624345" />
  <node id="854" visible="true" version="1" lat="43.1449171010" lon="-95.1700622088" />
  <node id="855" visible="true" version="1" lat="43.1449348186" lon="-95.1700017313" />
  <node id="856" visible="true" version="1" lat="43.1449489625" lon="-95.1699534524" />
  <node id="857" visible="true" version="1" lat="43.1449490403" lon="-95.1699531782" />
  <node id="858" visible="true" version="1" lat="43.1449499171" lon="-95.1699499893" />
  <node id="859" visible="true" version="1" lat="43.1449513938" lon="-95.1699446187" />
  <node id="860" visible="true" version="1" lat="43.1449515451" lon="-95.1699440316" />
  <node id="861" visible="true" version="1" lat="43.1449535077" lon="-95.1699359014" />
  <node id="862" visible="true" version="1" lat="43.1449536510" lon="-95.1699352665" />
  <node id="863" visible="true" version="1" lat="43.1449554237" lon="-95.1699268545" />
  <node id="864" visible="true" version="1" lat="43.1449555565" lon="-95.1699261780" />
  <node id="865" visible="true" version="1" lat="43.1449557175" lon="-95.1699252965" />
  <node id="866" visible="true" version="1" lat="43.1449571509" lon="-95.1699174483" />
  <node id="867" visible="true" version="1" lat="43.1449572711" lon="-95.1699167383" />
  <node id="868" visible="true" version="1" lat="43.1449586965" lon="-95.1699076462" />
  <node id="869" visible="true" version="1" lat="43.1449588026" lon="-95.1699069124" />
  <node id="870" visible="true" version="1" lat="43.1449600656" lon="-95.1698974074" />
  <node id="871" visible="true" version="1" lat="43.1449601565" lon="-95.1698966602" />
  <node id="872" visible="true" version="1" lat="43.1449612608" lon="-95.1698866895" />
  <node id="873" visible="true" version="1" lat="43.1449613361" lon="-95.1698859394" />
  <node id="874" visible="true" version="1" lat="43.1449623645" lon="-95.1698745387" />
  <node id="875" visible="true" version="1" lat="43.1449623963" lon="-95.1698741657" />
  <node id="876" visible="true" version="1" lat="43.1449791072" lon="-95.1696665092" />
  <node id="877" visible="true" version="1" lat="43.1449866729" lon="-95.1695724961" />
  <node id="878" visible="true" version="1" lat="43.1449866770" lon="-95.1695724457" />
  <node id="879" visible="true" version="1" lat="43.1449867436" lon="-95.1695716450" />
  <node id="880" visible="true" version="1" lat="43.1449867478" lon="-95.1695715951" />
  <node id="881" visible="true" version="1" lat="43.1449874717" lon="-95.1695631782" />
  <node id="882" visible="true" version="1" lat="43.1449874763" lon="-95.1695631251" />
  <node id="883" visible="true" version="1" lat="43.1449874812" lon="-95.1695630720" />
  <node id="884" visible="true" version="1" lat="43.1449875515" lon="-95.1695623052" />
  <node id="885" visible="true" version="1" lat="43.1449876271" lon="-95.1695614805" />
  <node id="886" visible="true" version="1" lat="43.1449876319" lon="-95.1695614275" />
  <node id="887" visible="true" version="1" lat="43.1449876370" lon="-95.1695613747" />
  <node id="888" visible="true" version="1" lat="43.1449884380" lon="-95.1695531462" />
  <node id="889" visible="true" version="1" lat="43.1449884432" lon="-95.1695530931" />
  <node id="890" visible="true" version="1" lat="43.1449884486" lon="-95.1695530404" />
  <node id="891" visible="true" version="1" lat="43.1449886118" lon="-95.1695514585" />
  <node id="892" visible="true" version="1" lat="43.1449886173" lon="-95.1695514058" />
  <node id="893" visible="true" version="1" lat="43.1449886230" lon="-95.1695513534" />
  <node id="894" visible="true" version="1" lat="43.1449895056" lon="-95.1695432619" />
  <node id="895" visible="true" version="1" lat="43.1449895113" lon="-95.1695432094" />
  <node id="896" visible="true" version="1" lat="43.1449895173" lon="-95.1695431571" />
  <node id="897" visible="true" version="1" lat="43.1449896974" lon="-95.1695415920" />
  <node id="898" visible="true" version="1" lat="43.1449897034" lon="-95.1695415397" />
  <node id="899" visible="true" version="1" lat="43.1449897097" lon="-95.1695414880" />
  <node id="900" visible="true" version="1" lat="43.1449902710" lon="-95.1695368568" />
  <node id="901" visible="true" version="1" lat="43.1449906739" lon="-95.1695335335" />
  <node id="902" visible="true" version="1" lat="43.1449906802" lon="-95.1695334817" />
  <node id="903" visible="true" version="1" lat="43.1449906868" lon="-95.1695334303" />
  <node id="904" visible="true" version="1" lat="43.1449908832" lon="-95.1695318889" />
  <node id="905" visible="true" version="1" lat="43.1449908898" lon="-95.1695318376" />
  <node id="906" visible="true" version="1" lat="43.1449908966" lon="-95.1695317867" />
  <node id="907" visible="true" version="1" lat="43.1449919426" lon="-95.1695239690" />
  <node id="908" visible="true" version="1" lat="43.1449919493" lon="-95.1695239182" />
  <node id="909" visible="true" version="1" lat="43.1449919564" lon="-95.1695238679" />
  <node id="910" visible="true" version="1" lat="43.1449921115" lon="-95.1695227623" />
  <node id="911" visible="true" version="1" lat="43.1449921684" lon="-95.1695223571" />
  <node id="912" visible="true" version="1" lat="43.1449921755" lon="-95.1695223067" />
  <node id="913" visible="true" version="1" lat="43.1449921828" lon="-95.1695222568" />
  <node id="914" visible="true" version="1" lat="43.1449930805" lon="-95.1695161422" />
  <node id="915" visible="true" version="1" lat="43.1449933105" lon="-95.1695145761" />
  <node id="916" visible="true" version="1" lat="43.1449933178" lon="-95.1695145264" />
  <node id="917" visible="true" version="1" lat="43.1449933253" lon="-95.1695144773" />
  <node id="918" visible="true" version="1" lat="43.1449933754" lon="-95.1695141518" />
  <node id="919" visible="true" version="1" lat="43.1449935519" lon="-95.1695130035" />
  <node id="920" visible="true" version="1" lat="43.1449935594" lon="-95.1695129543" />
  <node id="921" visible="true" version="1" lat="43.1449935672" lon="-95.1695129057" />
  <node id="922" visible="true" version="1" lat="43.1449942821" lon="-95.1695084505" />
  <node id="923" visible="true" version="1" lat="43.1449947768" lon="-95.1695053671" />
  <node id="924" visible="true" version="1" lat="43.1449947846" lon="-95.1695053188" />
  <node id="925" visible="true" version="1" lat="43.1449947925" lon="-95.1695052710" />
  <node id="926" visible="true" version="1" lat="43.1449949125" lon="-95.1695045540" />
  <node id="927" visible="true" version="1" lat="43.1449950325" lon="-95.1695038370" />
  <node id="928" visible="true" version="1" lat="43.1449950405" lon="-95.1695037892" />
  <node id="929" visible="true" version="1" lat="43.1449950487" lon="-95.1695037419" />
  <node id="930" visible="true" version="1" lat="43.1449962031" lon="-95.1694971307" />
  <node id="931" visible="true" version="1" lat="43.1449963406" lon="-95.1694963436" />
  <node id="932" visible="true" version="1" lat="43.1449963483" lon="-95.1694962993" />
  <node id="933" visible="true" version="1" lat="43.1449964734" lon="-95.1694955976" />
  <node id="934" visible="true" version="1" lat="43.1449964812" lon="-95.1694955536" />
  <node id="935" visible="true" version="1" lat="43.1450117798" lon="-95.1694124546" />
  <node id="936" visible="true" version="1" lat="43.1450117843" lon="-95.1694124307" />
  <node id="937" visible="true" version="1" lat="43.1450118560" lon="-95.1694120518" />
  <node id="938" visible="true" version="1" lat="43.1450118605" lon="-95.1694120282" />
  <node id="939" visible="true" version="1" lat="43.1450127196" lon="-95.1694075424" />
  <node id="940" visible="true" version="1" lat="43.1450127244" lon="-95.1694075174" />
  <node id="941" visible="true" version="1" lat="43.1450127293" lon="-95.1694074924" />
  <node id="942" visible="true" version="1" lat="43.1450127821" lon="-95.1694072225" />
  <node id="943" visible="true" version="1" lat="43.1450128759" lon="-95.1694067437" />
  <node id="944" visible="true" version="1" lat="43.1450128808" lon="-95.1694067187" />
  <node id="945" visible="true" version="1" lat="43.1450128857" lon="-95.1694066939" />
  <node id="946" visible="true" version="1" lat="43.1450137651" lon="-95.1694023231" />
  <node id="947" visible="true" version="1" lat="43.1450137701" lon="-95.1694022985" />
  <node id="948" visible="true" version="1" lat="43.1450137751" lon="-95.1694022740" />
  <node id="949" visible="true" version="1" lat="43.1450139264" lon="-95.1694015391" />
  <node id="950" visible="true" version="1" lat="43.1450139315" lon="-95.1694015146" />
  <node id="951" visible="true" version="1" lat="43.1450139366" lon="-95.1694014903" />
  <node id="952" visible="true" version="1" lat="43.1450148411" lon="-95.1693971908" />
  <node id="953" visible="true" version="1" lat="43.1450148462" lon="-95.1693971664" />
  <node id="954" visible="true" version="1" lat="43.1450148514" lon="-95.1693971422" />
  <node id="955" visible="true" version="1" lat="43.1450149186" lon="-95.1693968298" />
  <node id="956" visible="true" version="1" lat="43.1450150073" lon="-95.1693964171" />
  <node id="957" visible="true" version="1" lat="43.1450150125" lon="-95.1693963930" />
  <node id="958" visible="true" version="1" lat="43.1450150177" lon="-95.1693963689" />
  <node id="959" visible="true" version="1" lat="43.1450159473" lon="-95.1693921490" />
  <node id="960" visible="true" version="1" lat="43.1450159526" lon="-95.1693921251" />
  <node id="961" visible="true" version="1" lat="43.1450159579" lon="-95.1693921015" />
  <node id="962" visible="true" version="1" lat="43.1450160208" lon="-95.1693918233" />
  <node id="963" visible="true" version="1" lat="43.1450161182" lon="-95.1693913924" />
  <node id="964" visible="true" version="1" lat="43.1450161235" lon="-95.1693913687" />
  <node id="965" visible="true" version="1" lat="43.1450161289" lon="-95.1693913452" />
  <node id="966" visible="true" version="1" lat="43.1450170837" lon="-95.1693872075" />
  <node id="967" visible="true" version="1" lat="43.1450170891" lon="-95.1693871841" />
  <node id="968" visible="true" version="1" lat="43.1450170945" lon="-95.1693871608" />
  <node id="969" visible="true" version="1" lat="43.1450172502" lon="-95.1693865003" />
  <node id="970" visible="true" version="1" lat="43.1450172590" lon="-95.1693864631" />
  <node id="971" visible="true" version="1" lat="43.1450172644" lon="-95.1693864398" />
  <node id="972" visible="true" version="1" lat="43.1450172700" lon="-95.1693864167" />
  <node id="973" visible="true" version="1" lat="43.1450182499" lon="-95.1693823439" />
  <node id="974" visible="true" version="1" lat="43.1450182554" lon="-95.1693823209" />
  <node id="975" visible="true" version="1" lat="43.1450182610" lon="-95.1693822980" />
  <node id="976" visible="true" version="1" lat="43.1450184159" lon="-95.1693816725" />
  <node id="977" visible="true" version="1" lat="43.1450184294" lon="-95.1693816183" />
  <node id="978" visible="true" version="1" lat="43.1450184350" lon="-95.1693815956" />
  <node id="979" visible="true" version="1" lat="43.1450184407" lon="-95.1693815731" />
  <node id="980" visible="true" version="1" lat="43.1450185225" lon="-95.1693812493" />
  <node id="981" visible="true" version="1" lat="43.1450194457" lon="-95.1693775976" />
  <node id="982" visible="true" version="1" lat="43.1450194514" lon="-95.1693775751" />
  <node id="983" visible="true" version="1" lat="43.1450194571" lon="-95.1693775529" />
  <node id="984" visible="true" version="1" lat="43.1450196292" lon="-95.1693768861" />
  <node id="985" visible="true" version="1" lat="43.1450196349" lon="-95.1693768639" />
  <node id="986" visible="true" version="1" lat="43.1450196407" lon="-95.1693768418" />
  <node id="987" visible="true" version="1" lat="43.1450206713" lon="-95.1693729294" />
  <node id="988" visible="true" version="1" lat="43.1450206767" lon="-95.1693729085" />
  <node id="989" visible="true" version="1" lat="43.1450207644" lon="-95.1693725790" />
  <node id="990" visible="true" version="1" lat="43.1450207699" lon="-95.1693725584" />
  <node id="991" visible="true" version="1" lat="43.1451827389" lon="-95.1687506693" />
  <node id="992" visible="true" version="1" lat="43.1451827504" lon="-95.1687506237" />
  <node id="993" visible="true" version="1" lat="43.1451827622" lon="-95.1687505791" />
  <node id="994" visible="true" version="1" lat="43.1451829188" lon="-95.1687499853" />
  <node id="995" visible="true" version="1" lat="43.1451831156" lon="-95.1687492387" />
  <node id="996" visible="true" version="1" lat="43.1451831274" lon="-95.1687491941" />
  <node id="997" visible="true" version="1" lat="43.1451831395" lon="-95.1687491502" />
  <node id="998" visible="true" version="1" lat="43.1453855766" lon="-95.1680115260" />
  <node id="999" visible="true" version="1" lat="43.1459014055" lon="-95.1661319043" />
  <node id="1000" visible="true" version="1" lat="43.1459014189" lon="-95.1661318554" />
  <node id="1001" visible="true" version="1" lat="43.1459014326" lon="-95.1661318077" />
  <node id="1002" visible="true" version="1" lat="43.1459016560" lon="-95.1661310289" />
  <node id="1003" visible="true" version="1" lat="43.1459018437" lon="-95.1661303748" />
  <node id="1004" visible="true" version="1" lat="43.1459018574" lon="-95.1661303270" />
  <node id="1005" visible="true" version="1" lat="43.1459018714" lon="-95.1661302803" />
  <node id="1006" visible="true" version="1" lat="43.1461816672" lon="-95.1651973975" />
  <node id="1007" visible="true" version="1" lat="43.1461819264" lon="-95.1651964339" />
  <node id="1008" visible="true" version="1" lat="43.1463880128" lon="-95.1643421387" />
  <node id="1009" visible="true" version="1" lat="43.1465583846" lon="-95.1636358735" />
  <node id="1010" visible="true" version="1" lat="43.1465583906" lon="-95.1636358486" />
  <node id="1011" visible="true" version="1" lat="43.1465584873" lon="-95.1636354525" />
  <node id="1012" visible="true" version="1" lat="43.1465584933" lon="-95.1636354278" />
  <node id="1013" visible="true" version="1" lat="43.1465594508" lon="-95.1636315482" />
  <node id="1014" visible="true" version="1" lat="43.1465594572" lon="-95.1636315222" />
  <node id="1015" visible="true" version="1" lat="43.1465594638" lon="-95.1636314962" />
  <node id="1016" visible="true" version="1" lat="43.1465596606" lon="-95.1636307170" />
  <node id="1017" visible="true" version="1" lat="43.1465596671" lon="-95.1636306910" />
  <node id="1018" visible="true" version="1" lat="43.1465596738" lon="-95.1636306653" />
  <node id="1019" visible="true" version="1" lat="43.1465601209" lon="-95.1636289345" />
  <node id="1020" visible="true" version="1" lat="43.1465606476" lon="-95.1636268960" />
  <node id="1021" visible="true" version="1" lat="43.1465606543" lon="-95.1636268702" />
  <node id="1022" visible="true" version="1" lat="43.1465606610" lon="-95.1636268447" />
  <node id="1023" visible="true" version="1" lat="43.1465608632" lon="-95.1636260797" />
  <node id="1024" visible="true" version="1" lat="43.1465608700" lon="-95.1636260542" />
  <node id="1025" visible="true" version="1" lat="43.1465608768" lon="-95.1636260290" />
  <node id="1026" visible="true" version="1" lat="43.1465615182" lon="-95.1636236569" />
  <node id="1027" visible="true" version="1" lat="43.1465618734" lon="-95.1636223436" />
  <node id="1028" visible="true" version="1" lat="43.1465618802" lon="-95.1636223183" />
  <node id="1029" visible="true" version="1" lat="43.1465618871" lon="-95.1636222933" />
  <node id="1030" visible="true" version="1" lat="43.1465619208" lon="-95.1636221714" />
  <node id="1031" visible="true" version="1" lat="43.1465620945" lon="-95.1636215437" />
  <node id="1032" visible="true" version="1" lat="43.1465621014" lon="-95.1636215187" />
  <node id="1033" visible="true" version="1" lat="43.1465621084" lon="-95.1636214940" />
  <node id="1034" visible="true" version="1" lat="43.1465631279" lon="-95.1636178924" />
  <node id="1035" visible="true" version="1" lat="43.1465631349" lon="-95.1636178677" />
  <node id="1036" visible="true" version="1" lat="43.1465631419" lon="-95.1636178432" />
  <node id="1037" visible="true" version="1" lat="43.1465633542" lon="-95.1636171103" />
  <node id="1038" visible="true" version="1" lat="43.1465633613" lon="-95.1636170858" />
  <node id="1039" visible="true" version="1" lat="43.1465633684" lon="-95.1636170617" />
  <node id="1040" visible="true" version="1" lat="43.1465644107" lon="-95.1636135438" />
  <node id="1041" visible="true" version="1" lat="43.1465644178" lon="-95.1636135197" />
  <node id="1042" visible="true" version="1" lat="43.1465644251" lon="-95.1636134958" />
  <node id="1043" visible="true" version="1" lat="43.1465645561" lon="-95.1636130637" />
  <node id="1044" visible="true" version="1" lat="43.1465646419" lon="-95.1636127807" />
  <node id="1045" visible="true" version="1" lat="43.1465646491" lon="-95.1636127568" />
  <node id="1046" visible="true" version="1" lat="43.1465646564" lon="-95.1636127333" />
  <node id="1047" visible="true" version="1" lat="43.1465650899" lon="-95.1636113357" />
  <node id="1048" visible="true" version="1" lat="43.1465657215" lon="-95.1636092991" />
  <node id="1049" visible="true" version="1" lat="43.1465657288" lon="-95.1636092755" />
  <node id="1050" visible="true" version="1" lat="43.1465657362" lon="-95.1636092523" />
  <node id="1051" visible="true" version="1" lat="43.1465659572" lon="-95.1636085560" />
  <node id="1052" visible="true" version="1" lat="43.1465659645" lon="-95.1636085328" />
  <node id="1053" visible="true" version="1" lat="43.1465659720" lon="-95.1636085099" />
  <node id="1054" visible="true" version="1" lat="43.1465664813" lon="-95.1636069414" />
  <node id="1055" visible="true" version="1" lat="43.1465670600" lon="-95.1636051592" />
  <node id="1056" visible="true" version="1" lat="43.1465670674" lon="-95.1636051364" />
  <node id="1057" visible="true" version="1" lat="43.1465670749" lon="-95.1636051138" />
  <node id="1058" visible="true" version="1" lat="43.1465672397" lon="-95.1636046178" />
  <node id="1059" visible="true" version="1" lat="43.1465672997" lon="-95.1636044374" />
  <node id="1060" visible="true" version="1" lat="43.1465673072" lon="-95.1636044148" />
  <node id="1061" visible="true" version="1" lat="43.1465673148" lon="-95.1636043926" />
  <node id="1062" visible="true" version="1" lat="43.1465678803" lon="-95.1636027294" />
  <node id="1063" visible="true" version="1" lat="43.1465684261" lon="-95.1636011242" />
  <node id="1064" visible="true" version="1" lat="43.1465684332" lon="-95.1636011033" />
  <node id="1065" visible="true" version="1" lat="43.1465685474" lon="-95.1636007715" />
  <node id="1066" visible="true" version="1" lat="43.1465685545" lon="-95.1636007507" />
  <node id="1067" visible="true" version="1" lat="43.1468933115" lon="-95.1626675013" />
  <node id="1068" visible="true" version="1" lat="43.1468933401" lon="-95.1626674181" />
  <node id="1069" visible="true" version="1" lat="43.1468941648" lon="-95.1626649959" />
  <node id="1070" visible="true" version="1" lat="43.1468941889" lon="-95.1626649252" />
  <node id="1071" visible="true" version="1" lat="43.1468942455" lon="-95.1626647552" />
  <node id="1072" visible="true" version="1" lat="43.1468950069" lon="-95.1626624192" />
  <node id="1073" visible="true" version="1" lat="43.1468950627" lon="-95.1626622445" />
  <node id="1074" visible="true" version="1" lat="43.1468958084" lon="-95.1626598555" />
  <node id="1075" visible="true" version="1" lat="43.1468958631" lon="-95.1626596764" />
  <node id="1076" visible="true" version="1" lat="43.1468965935" lon="-95.1626572332" />
  <node id="1077" visible="true" version="1" lat="43.1468966472" lon="-95.1626570499" />
  <node id="1078" visible="true" version="1" lat="43.1468973627" lon="-95.1626545513" />
  <node id="1079" visible="true" version="1" lat="43.1468974151" lon="-95.1626543640" />
  <node id="1080" visible="true" version="1" lat="43.1468981160" lon="-95.1626518088" />
  <node id="1081" visible="true" version="1" lat="43.1468981673" lon="-95.1626516177" />
  <node id="1082" visible="true" version="1" lat="43.1468987002" lon="-95.1626495894" />
  <node id="1083" visible="true" version="1" lat="43.1468988539" lon="-95.1626490044" />
  <node id="1084" visible="true" version="1" lat="43.1468989039" lon="-95.1626488100" />
  <node id="1085" visible="true" version="1" lat="43.1468996381" lon="-95.1626458927" />
  <node id="1086" visible="true" version="1" lat="43.1468996626" lon="-95.1626457943" />
  <node id="1087" visible="true" version="1" lat="43.1472428665" lon="-95.1612523573" />
  <node id="1088" visible="true" version="1" lat="43.1472429674" lon="-95.1612519281" />
  <node id="1089" visible="true" version="1" lat="43.1475085646" lon="-95.1600689810" />
  <node id="1090" visible="true" version="1" lat="43.1475085968" lon="-95.1600688378" />
  <node id="1091" visible="true" version="1" lat="43.1475086313" lon="-95.1600687017" />
  <node id="1092" visible="true" version="1" lat="43.1475096654" lon="-95.1600646204" />
  <node id="1093" visible="true" version="1" lat="43.1475096999" lon="-95.1600644842" />
  <node id="1094" visible="true" version="1" lat="43.1475097366" lon="-95.1600643556" />
  <node id="1095" visible="true" version="1" lat="43.1475853644" lon="-95.1597994850" />
  <node id="1096" visible="true" version="1" lat="43.1478470511" lon="-95.1588829620" />
  <node id="1097" visible="true" version="1" lat="43.1478473355" lon="-95.1588818348" />
  <node id="1098" visible="true" version="1" lat="43.1479953380" lon="-95.1582171289" />
  <node id="1099" visible="true" version="1" lat="43.1479953755" lon="-95.1582169573" />
  <node id="1100" visible="true" version="1" lat="43.1479964874" lon="-95.1582117781" />
  <node id="1101" visible="true" version="1" lat="43.1479965603" lon="-95.1582114257" />
  <node id="1102" visible="true" version="1" lat="43.1479967302" lon="-95.1582105730" />
  <node id="1103" visible="true" version="1" lat="43.1479975239" lon="-95.1582065895" />
  <node id="1104" visible="true" version="1" lat="43.1479975937" lon="-95.1582062257" />
  <node id="1105" visible="true" version="1" lat="43.1479985030" lon="-95.1582012967" />
  <node id="1106" visible="true" version="1" lat="43.1479985693" lon="-95.1582009228" />
  <node id="1107" visible="true" version="1" lat="43.1479994259" lon="-95.1581958946" />
  <node id="1108" visible="true" version="1" lat="43.1479994885" lon="-95.1581955120" />
  <node id="1109" visible="true" version="1" lat="43.1480000687" lon="-95.1581918116" />
  <node id="1110" visible="true" version="1" lat="43.1480002936" lon="-95.1581903773" />
  <node id="1111" visible="true" version="1" lat="43.1480003522" lon="-95.1581899874" />
  <node id="1112" visible="true" version="1" lat="43.1480011070" lon="-95.1581847386" />
  <node id="1113" visible="true" version="1" lat="43.1480011614" lon="-95.1581843430" />
  <node id="1114" visible="true" version="1" lat="43.1480018667" lon="-95.1581789722" />
  <node id="1115" visible="true" version="1" lat="43.1480019168" lon="-95.1581785725" />
  <node id="1116" visible="true" version="1" lat="43.1480026327" lon="-95.1581725737" />
  <node id="1117" visible="true" version="1" lat="43.1480026561" lon="-95.1581723729" />
  <node id="1118" visible="true" version="1" lat="43.1480232115" lon="-95.1579912861" />
  <node id="1119" visible="true" version="1" lat="43.1480975783" lon="-95.1573382151" />
  <node id="1120" visible="true" version="1" lat="43.1480975916" lon="-95.1573381007" />
  <node id="1121" visible="true" version="1" lat="43.1480978398" lon="-95.1573359424" />
  <node id="1122" visible="true" version="1" lat="43.1480979844" lon="-95.1573346851" />
  <node id="1123" visible="true" version="1" lat="43.1480980101" lon="-95.1573344543" />
  <node id="1124" visible="true" version="1" lat="43.1480983497" lon="-95.1573313087" />
  <node id="1125" visible="true" version="1" lat="43.1480983741" lon="-95.1573310756" />
  <node id="1126" visible="true" version="1" lat="43.1480986936" lon="-95.1573279124" />
  <node id="1127" visible="true" version="1" lat="43.1480987165" lon="-95.1573276772" />
  <node id="1128" visible="true" version="1" lat="43.1480990161" lon="-95.1573245108" />
  <node id="1129" visible="true" version="1" lat="43.1480990376" lon="-95.1573242757" />
  <node id="1130" visible="true" version="1" lat="43.1480993175" lon="-95.1573210963" />
  <node id="1131" visible="true" version="1" lat="43.1480993375" lon="-95.1573208599" />
  <node id="1132" visible="true" version="1" lat="43.1480995977" lon="-95.1573176581" />
  <node id="1133" visible="true" version="1" lat="43.1480996162" lon="-95.1573174206" />
  <node id="1134" visible="true" version="1" lat="43.1480998570" lon="-95.1573142012" />
  <node id="1135" visible="true" version="1" lat="43.1480998740" lon="-95.1573139649" />
  <node id="1136" visible="true" version="1" lat="43.1481000092" lon="-95.1573119950" />
  <node id="1137" visible="true" version="1" lat="43.1481001155" lon="-95.1573104455" />
  <node id="1138" visible="true" version="1" lat="43.1481001234" lon="-95.1573103272" />
  <node id="1139" visible="true" version="1" lat="43.1481167381" lon="-95.1570904718" />
  <node id="1140" visible="true" version="1" lat="43.1482189962" lon="-95.1565042458" />
  <node id="1141" visible="true" version="1" lat="43.1482190059" lon="-95.1565041937" />
  <node id="1142" visible="true" version="1" lat="43.1482190102" lon="-95.1565041697" />
  <node id="1143" visible="true" version="1" lat="43.1482192843" lon="-95.1565026366" />
  <node id="1144" visible="true" version="1" lat="43.1482193018" lon="-95.1565025316" />
  <node id="1145" visible="true" version="1" lat="43.1482195224" lon="-95.1565011039" />
  <node id="1146" visible="true" version="1" lat="43.1482195375" lon="-95.1565009980" />
  <node id="1147" visible="true" version="1" lat="43.1482195736" lon="-95.1565007202" />
  <node id="1148" visible="true" version="1" lat="43.1482197236" lon="-95.1564995684" />
  <node id="1149" visible="true" version="1" lat="43.1482197362" lon="-95.1564994618" />
  <node id="1150" visible="true" version="1" lat="43.1482197652" lon="-95.1564991892" />
  <node id="1151" visible="true" version="1" lat="43.1482198883" lon="-95.1564980291" />
  <node id="1152" visible="true" version="1" lat="43.1482198983" lon="-95.1564979221" />
  <node id="1153" visible="true" version="1" lat="43.1482199854" lon="-95.1564968629" />
  <node id="1154" visible="true" version="1" lat="43.1482200164" lon="-95.1564964853" />
  <node id="1155" visible="true" version="1" lat="43.1482200239" lon="-95.1564963781" />
  <node id="1156" visible="true" version="1" lat="43.1482201080" lon="-95.1564949359" />
  <node id="1157" visible="true" version="1" lat="43.1482201130" lon="-95.1564948287" />
  <node id="1158" visible="true" version="1" lat="43.1482201633" lon="-95.1564933799" />
  <node id="1159" visible="true" version="1" lat="43.1482201657" lon="-95.1564932730" />
  <node id="1160" visible="true" version="1" lat="43.1482201834" lon="-95.1564916837" />
  <node id="1161" visible="true" version="1" lat="43.1482201836" lon="-95.1564916304" />
  <node id="1162" visible="true" version="1" lat="43.1482201307" lon="-95.1564049236" />
  <node id="1163" visible="true" version="1" lat="43.1482195572" lon="-95.1548885027" />
  <node id="1164" visible="true" version="1" lat="43.1482195569" lon="-95.1548883487" />
  <node id="1165" visible="true" version="1" lat="43.1482195398" lon="-95.1548837566" />
  <node id="1166" visible="true" version="1" lat="43.1482195375" lon="-95.1548834478" />
  <node id="1167" visible="true" version="1" lat="43.1482194923" lon="-95.1548792591" />
  <node id="1168" visible="true" version="1" lat="43.1482194879" lon="-95.1548789496" />
  <node id="1169" visible="true" version="1" lat="43.1482194135" lon="-95.1548747949" />
  <node id="1170" visible="true" version="1" lat="43.1482194132" lon="-95.1548747776" />
  <node id="1171" visible="true" version="1" lat="43.1482194066" lon="-95.1548744680" />
  <node id="1172" visible="true" version="1" lat="43.1482193024" lon="-95.1548703097" />
  <node id="1173" visible="true" version="1" lat="43.1482192936" lon="-95.1548700006" />
  <node id="1174" visible="true" version="1" lat="43.1482191989" lon="-95.1548670612" />
  <node id="1175" visible="true" version="1" lat="43.1482191600" lon="-95.1548658529" />
  <node id="1176" visible="true" version="1" lat="43.1482191490" lon="-95.1548655449" />
  <node id="1177" visible="true" version="1" lat="43.1482189857" lon="-95.1548614049" />
  <node id="1178" visible="true" version="1" lat="43.1482189725" lon="-95.1548610986" />
  <node id="1179" visible="true" version="1" lat="43.1482187951" lon="-95.1548572967" />
  <node id="1180" visible="true" version="1" lat="43.1482187795" lon="-95.1548569635" />
  <node id="1181" visible="true" version="1" lat="43.1482187642" lon="-95.1548566594" />
  <node id="1182" visible="true" version="1" lat="43.1482185588" lon="-95.1548528536" />
  <node id="1183" visible="true" version="1" lat="43.1482185208" lon="-95.1548521493" />
  <node id="1184" visible="true" version="1" lat="43.1482185124" lon="-95.1548519983" />
  <node id="1185" visible="true" version="1" lat="43.1481931921" lon="-95.1544126350" />
  <node id="1186" visible="true" version="1" lat="43.1481762009" lon="-95.1541178048" />
  <node id="1187" visible="true" version="1" lat="43.1481761882" lon="-95.1541175938" />
  <node id="1188" visible="true" version="1" lat="43.1481757916" lon="-95.1541112794" />
  <node id="1189" visible="true" version="1" lat="43.1481757629" lon="-95.1541108571" />
  <node id="1190" visible="true" version="1" lat="43.1481754526" lon="-95.1541066241" />
  <node id="1191" visible="true" version="1" lat="43.1481753454" lon="-95.1541051618" />
  <node id="1192" visible="true" version="1" lat="43.1481753123" lon="-95.1541047407" />
  <node id="1193" visible="true" version="1" lat="43.1481748406" lon="-95.1540991320" />
  <node id="1194" visible="true" version="1" lat="43.1481748032" lon="-95.1540987139" />
  <node id="1195" visible="true" version="1" lat="43.1481744863" lon="-95.1540953833" />
  <node id="1196" visible="true" version="1" lat="43.1481742771" lon="-95.1540931836" />
  <node id="1197" visible="true" version="1" lat="43.1481742354" lon="-95.1540927699" />
  <node id="1198" visible="true" version="1" lat="43.1481736540" lon="-95.1540873101" />
  <node id="1199" visible="true" version="1" lat="43.1481736082" lon="-95.1540869026" />
  <node id="1200" visible="true" version="1" lat="43.1481729707" lon="-95.1540815054" />
  <node id="1201" visible="true" version="1" lat="43.1481729211" lon="-95.1540811054" />
  <node id="1202" visible="true" version="1" lat="43.1481722264" lon="-95.1540757637" />
  <node id="1203" visible="true" version="1" lat="43.1481721732" lon="-95.1540753727" />
  <node id="1204" visible="true" version="1" lat="43.1481721007" lon="-95.1540748633" />
  <node id="1205" visible="true" version="1" lat="43.1481713516" lon="-95.1540696006" />
  <node id="1206" visible="true" version="1" lat="43.1481713238" lon="-95.1540694088" />
  <node id="1207" visible="true" version="1" lat="43.1481282324" lon="-95.1537793896" />
  <node id="1208" visible="true" version="1" lat="43.1481171914" lon="-95.1537050805" />
  <node id="1209" visible="true" version="1" lat="43.1481171460" lon="-95.1537047850" />
  <node id="1210" visible="true" version="1" lat="43.1481162355" lon="-95.1536990433" />
  <node id="1211" visible="true" version="1" lat="43.1481157307" lon="-95.1536958600" />
  <node id="1212" visible="true" version="1" lat="43.1481156316" lon="-95.1536952738" />
  <node id="1213" visible="true" version="1" lat="43.1481142333" lon="-95.1536875007" />
  <node id="1214" visible="true" version="1" lat="43.1481141234" lon="-95.1536869260" />
  <node id="1215" visible="true" version="1" lat="43.1481126246" lon="-95.1536795492" />
  <node id="1216" visible="true" version="1" lat="43.1481125045" lon="-95.1536789922" />
  <node id="1217" visible="true" version="1" lat="43.1481110464" lon="-95.1536726159" />
  <node id="1218" visible="true" version="1" lat="43.1481109013" lon="-95.1536719815" />
  <node id="1219" visible="true" version="1" lat="43.1481107720" lon="-95.1536714481" />
  <node id="1220" visible="true" version="1" lat="43.1481090585" lon="-95.1536647755" />
  <node id="1221" visible="true" version="1" lat="43.1481089213" lon="-95.1536642709" />
  <node id="1222" visible="true" version="1" lat="43.1481070908" lon="-95.1536579125" />
  <node id="1223" visible="true" version="1" lat="43.1481069472" lon="-95.1536574411" />
  <node id="1224" visible="true" version="1" lat="43.1481049917" lon="-95.1536513777" />
  <node id="1225" visible="true" version="1" lat="43.1481048432" lon="-95.1536509427" />
  <node id="1226" visible="true" version="1" lat="43.1481033498" lon="-95.1536468088" />
  <node id="1227" visible="true" version="1" lat="43.1481025700" lon="-95.1536446503" />
  <node id="1228" visible="true" version="1" lat="43.1481024945" lon="-95.1536444471" />
  <node id="1229" visible="true" version="1" lat="43.1477186856" lon="-95.1526408573" />
  <node id="1230" visible="true" version="1" lat="43.1475615767" lon="-95.1522300674" />
  <node id="1231" visible="true" version="1" lat="43.1475615433" lon="-95.1522299803" />
  <node id="1232" visible="true" version="1" lat="43.1475615111" lon="-95.1522298874" />
  <node id="1233" visible="true" version="1" lat="43.1475605466" lon="-95.1522271042" />
  <node id="1234" visible="true" version="1" lat="43.1475605144" lon="-95.1522270115" />
  <node id="1235" visible="true" version="1" lat="43.1475604835" lon="-95.1522269132" />
  <node id="1236" visible="true" version="1" lat="43.1474629112" lon="-95.1519347798" />
  <node id="1237" visible="true" version="1" lat="43.1473398014" lon="-95.1517041549" />
  <node id="1238" visible="true" version="1" lat="43.1473396331" lon="-95.1517039609" />
  <node id="1239" visible="true" version="1" lat="43.1472095022" lon="-95.1515827930" />
  <node id="1240" visible="true" version="1" lat="43.1468542408" lon="-95.1512626741" />
  <node id="1241" visible="true" version="1" lat="43.1468542227" lon="-95.1512626578" />
  <node id="1242" visible="true" version="1" lat="43.1468542050" lon="-95.1512626409" />
  <node id="1243" visible="true" version="1" lat="43.1468539846" lon="-95.1512624312" />
  <node id="1244" visible="true" version="1" lat="43.1468536736" lon="-95.1512621352" />
  <node id="1245" visible="true" version="1" lat="43.1468536559" lon="-95.1512621183" />
  <node id="1246" visible="true" version="1" lat="43.1468536386" lon="-95.1512621010" />
  <node id="1247" visible="true" version="1" lat="43.1466811352" lon="-95.1510888504" />
  <node id="1248" visible="true" version="1" lat="43.1466811021" lon="-95.1510888175" />
  <node id="1249" visible="true" version="1" lat="43.1466801097" lon="-95.1510878459" />
  <node id="1250" visible="true" version="1" lat="43.1466800422" lon="-95.1510877816" />
  <node id="1251" visible="true" version="1" lat="43.1466791170" lon="-95.1510869215" />
  <node id="1252" visible="true" version="1" lat="43.1466790479" lon="-95.1510868589" />
  <node id="1253" visible="true" version="1" lat="43.1466781065" lon="-95.1510860284" />
  <node id="1254" visible="true" version="1" lat="43.1466780359" lon="-95.1510859678" />
  <node id="1255" visible="true" version="1" lat="43.1466770776" lon="-95.1510851662" />
  <node id="1256" visible="true" version="1" lat="43.1466770056" lon="-95.1510851076" />
  <node id="1257" visible="true" version="1" lat="43.1466760298" lon="-95.1510843344" />
  <node id="1258" visible="true" version="1" lat="43.1466759566" lon="-95.1510842779" />
  <node id="1259" visible="true" version="1" lat="43.1466759375" lon="-95.1510842636" />
  <node id="1260" visible="true" version="1" lat="43.1466749625" lon="-95.1510835325" />
  <node id="1261" visible="true" version="1" lat="43.1466748882" lon="-95.1510834783" />
  <node id="1262" visible="true" version="1" lat="43.1466738751" lon="-95.1510827603" />
  <node id="1263" visible="true" version="1" lat="43.1466737998" lon="-95.1510827084" />
  <node id="1264" visible="true" version="1" lat="43.1466726727" lon="-95.1510819542" />
  <node id="1265" visible="true" version="1" lat="43.1466726348" lon="-95.1510819292" />
  <node id="1266" visible="true" version="1" lat="43.1465680577" lon="-95.1510139712" />
  <node id="1267" visible="true" version="1" lat="43.1464578790" lon="-95.1509423739" />
  <node id="1268" visible="true" version="1" lat="43.1464576428" lon="-95.1509422339" />
  <node id="1269" visible="true" version="1" lat="43.1460089235" lon="-95.1507008786" />
  <node id="1270" visible="true" version="1" lat="43.1457956391" lon="-95.1505861619" />
  <node id="1271" visible="true" version="1" lat="43.1457953282" lon="-95.1505860154" />
  <node id="1272" visible="true" version="1" lat="43.1451406515" lon="-95.1503193834" />
  <node id="1273" visible="true" version="1" lat="43.1451406391" lon="-95.1503193783" />
  <node id="1274" visible="true" version="1" lat="43.1451404419" lon="-95.1503192959" />
  <node id="1275" visible="true" version="1" lat="43.1451404296" lon="-95.1503192908" />
  <node id="1276" visible="true" version="1" lat="43.1451384866" lon="-95.1503184588" />
  <node id="1277" visible="true" version="1" lat="43.1451384736" lon="-95.1503184532" />
  <node id="1278" visible="true" version="1" lat="43.1451384605" lon="-95.1503184473" />
  <node id="1279" visible="true" version="1" lat="43.1451383380" lon="-95.1503183923" />
  <node id="1280" visible="true" version="1" lat="43.1451380692" lon="-95.1503182714" />
  <node id="1281" visible="true" version="1" lat="43.1451380562" lon="-95.1503182655" />
  <node id="1282" visible="true" version="1" lat="43.1451380432" lon="-95.1503182595" />
  <node id="1283" visible="true" version="1" lat="43.1451361441" lon="-95.1503173647" />
  <node id="1284" visible="true" version="1" lat="43.1451361310" lon="-95.1503173585" />
  <node id="1285" visible="true" version="1" lat="43.1451361181" lon="-95.1503173522" />
  <node id="1286" visible="true" version="1" lat="43.1451357299" lon="-95.1503171607" />
  <node id="1287" visible="true" version="1" lat="43.1451357169" lon="-95.1503171544" />
  <node id="1288" visible="true" version="1" lat="43.1451357041" lon="-95.1503171478" />
  <node id="1289" visible="true" version="1" lat="43.1451349597" lon="-95.1503167641" />
  <node id="1290" visible="true" version="1" lat="43.1451338356" lon="-95.1503161846" />
  <node id="1291" visible="true" version="1" lat="43.1451338227" lon="-95.1503161780" />
  <node id="1292" visible="true" version="1" lat="43.1451338099" lon="-95.1503161711" />
  <node id="1293" visible="true" version="1" lat="43.1451336170" lon="-95.1503160673" />
  <node id="1294" visible="true" version="1" lat="43.1451334261" lon="-95.1503159646" />
  <node id="1295" visible="true" version="1" lat="43.1451334133" lon="-95.1503159577" />
  <node id="1296" visible="true" version="1" lat="43.1451334006" lon="-95.1503159506" />
  <node id="1297" visible="true" version="1" lat="43.1451315626" lon="-95.1503149190" />
  <node id="1298" visible="true" version="1" lat="43.1451315499" lon="-95.1503149119" />
  <node id="1299" visible="true" version="1" lat="43.1451315373" lon="-95.1503149045" />
  <node id="1300" visible="true" version="1" lat="43.1451313148" lon="-95.1503147745" />
  <node id="1301" visible="true" version="1" lat="43.1451311592" lon="-95.1503146835" />
  <node id="1302" visible="true" version="1" lat="43.1451311466" lon="-95.1503146761" />
  <node id="1303" visible="true" version="1" lat="43.1451311341" lon="-95.1503146685" />
  <node id="1304" visible="true" version="1" lat="43.1451310061" lon="-95.1503145906" />
  <node id="1305" visible="true" version="1" lat="43.1451293266" lon="-95.1503135685" />
  <node id="1306" visible="true" version="1" lat="43.1451293141" lon="-95.1503135609" />
  <node id="1307" visible="true" version="1" lat="43.1451293017" lon="-95.1503135531" />
  <node id="1308" visible="true" version="1" lat="43.1451289306" lon="-95.1503133182" />
  <node id="1309" visible="true" version="1" lat="43.1451289182" lon="-95.1503133104" />
  <node id="1310" visible="true" version="1" lat="43.1451289059" lon="-95.1503133024" />
  <node id="1311" visible="true" version="1" lat="43.1451274830" lon="-95.1503123668" />
  <node id="1312" visible="true" version="1" lat="43.1451271287" lon="-95.1503121339" />
  <node id="1313" visible="true" version="1" lat="43.1451271165" lon="-95.1503121258" />
  <node id="1314" visible="true" version="1" lat="43.1451271044" lon="-95.1503121176" />
  <node id="1315" visible="true" version="1" lat="43.1451267413" lon="-95.1503118697" />
  <node id="1316" visible="true" version="1" lat="43.1451267292" lon="-95.1503118615" />
  <node id="1317" visible="true" version="1" lat="43.1451267172" lon="-95.1503118530" />
  <node id="1318" visible="true" version="1" lat="43.1451254773" lon="-95.1503109750" />
  <node id="1319" visible="true" version="1" lat="43.1451249703" lon="-95.1503106159" />
  <node id="1320" visible="true" version="1" lat="43.1451249584" lon="-95.1503106075" />
  <node id="1321" visible="true" version="1" lat="43.1451249466" lon="-95.1503105989" />
  <node id="1322" visible="true" version="1" lat="43.1451246463" lon="-95.1503103785" />
  <node id="1323" visible="true" version="1" lat="43.1451245926" lon="-95.1503103390" />
  <node id="1324" visible="true" version="1" lat="43.1451245808" lon="-95.1503103303" />
  <node id="1325" visible="true" version="1" lat="43.1451245691" lon="-95.1503103214" />
  <node id="1326" visible="true" version="1" lat="43.1451228518" lon="-95.1503090153" />
  <node id="1327" visible="true" version="1" lat="43.1451228409" lon="-95.1503090069" />
  <node id="1328" visible="true" version="1" lat="43.1451226670" lon="-95.1503088723" />
  <node id="1329" visible="true" version="1" lat="43.1451226561" lon="-95.1503088639" />
  <node id="1330" visible="true" version="1" lat="43.1450522773" lon="-95.1502534399" />
  <node id="1331" visible="true" version="1" lat="43.1450522690" lon="-95.1502534334" />
  <node id="1332" visible="true" version="1" lat="43.1450522609" lon="-95.1502534269" />
  <node id="1333" visible="true" version="1" lat="43.1450520164" lon="-95.1502532295" />
  <node id="1334" visible="true" version="1" lat="43.1450520083" lon="-95.1502532230" />
  <node id="1335" visible="true" version="1" lat="43.1450520002" lon="-95.1502532163" />
  <node id="1336" visible="true" version="1" lat="43.1450495831" lon="-95.1502512172" />
  <node id="1337" visible="true" version="1" lat="43.1450495668" lon="-95.1502512037" />
  <node id="1338" visible="true" version="1" lat="43.1450495507" lon="-95.1502511897" />
  <node id="1339" visible="true" version="1" lat="43.1450493207" lon="-95.1502509900" />
  <node id="1340" visible="true" version="1" lat="43.1450490688" lon="-95.1502507712" />
  <node id="1341" visible="true" version="1" lat="43.1450490527" lon="-95.1502507572" />
  <node id="1342" visible="true" version="1" lat="43.1450490369" lon="-95.1502507428" />
  <node id="1343" visible="true" version="1" lat="43.1450467277" lon="-95.1502486384" />
  <node id="1344" visible="true" version="1" lat="43.1450467117" lon="-95.1502486238" />
  <node id="1345" visible="true" version="1" lat="43.1450466961" lon="-95.1502486089" />
  <node id="1346" visible="true" version="1" lat="43.1450462266" lon="-95.1502481599" />
  <node id="1347" visible="true" version="1" lat="43.1450462109" lon="-95.1502481449" />
  <node id="1348" visible="true" version="1" lat="43.1450461956" lon="-95.1502481295" />
  <node id="1349" visible="true" version="1" lat="43.1450439858" lon="-95.1502459129" />
  <node id="1350" visible="true" version="1" lat="43.1450439704" lon="-95.1502458975" />
  <node id="1351" visible="true" version="1" lat="43.1450439553" lon="-95.1502458815" />
  <node id="1352" visible="true" version="1" lat="43.1450437333" lon="-95.1502456480" />
  <node id="1353" visible="true" version="1" lat="43.1450435018" lon="-95.1502454044" />
  <node id="1354" visible="true" version="1" lat="43.1450434866" lon="-95.1502453885" />
  <node id="1355" visible="true" version="1" lat="43.1450434719" lon="-95.1502453722" />
  <node id="1356" visible="true" version="1" lat="43.1450413614" lon="-95.1502430432" />
  <node id="1357" visible="true" version="1" lat="43.1450413466" lon="-95.1502430269" />
  <node id="1358" visible="true" version="1" lat="43.1450413321" lon="-95.1502430101" />
  <node id="1359" visible="true" version="1" lat="43.1450409966" lon="-95.1502426218" />
  <node id="1360" visible="true" version="1" lat="43.1450408979" lon="-95.1502425076" />
  <node id="1361" visible="true" version="1" lat="43.1450408835" lon="-95.1502424909" />
  <node id="1362" visible="true" version="1" lat="43.1450408693" lon="-95.1502424737" />
  <node id="1363" visible="true" version="1" lat="43.1450388579" lon="-95.1502400323" />
  <node id="1364" visible="true" version="1" lat="43.1450388438" lon="-95.1502400152" />
  <node id="1365" visible="true" version="1" lat="43.1450388301" lon="-95.1502399977" />
  <node id="1366" visible="true" version="1" lat="43.1450384742" lon="-95.1502395446" />
  <node id="1367" visible="true" version="1" lat="43.1450384182" lon="-95.1502394733" />
  <node id="1368" visible="true" version="1" lat="43.1450384045" lon="-95.1502394559" />
  <node id="1369" visible="true" version="1" lat="43.1450383911" lon="-95.1502394380" />
  <node id="1370" visible="true" version="1" lat="43.1450365790" lon="-95.1502370179" />
  <node id="1371" visible="true" version="1" lat="43.1450364786" lon="-95.1502368838" />
  <node id="1372" visible="true" version="1" lat="43.1450364653" lon="-95.1502368661" />
  <node id="1373" visible="true" version="1" lat="43.1450364524" lon="-95.1502368480" />
  <node id="1374" visible="true" version="1" lat="43.1450362390" lon="-95.1502365490" />
  <node id="1375" visible="true" version="1" lat="43.1450360653" lon="-95.1502363055" />
  <node id="1376" visible="true" version="1" lat="43.1450360523" lon="-95.1502362874" />
  <node id="1377" visible="true" version="1" lat="43.1450360398" lon="-95.1502362690" />
  <node id="1378" visible="true" version="1" lat="43.1450342261" lon="-95.1502336018" />
  <node id="1379" visible="true" version="1" lat="43.1450342137" lon="-95.1502335836" />
  <node id="1380" visible="true" version="1" lat="43.1450342017" lon="-95.1502335650" />
  <node id="1381" visible="true" version="1" lat="43.1450338411" lon="-95.1502330085" />
  <node id="1382" visible="true" version="1" lat="43.1450338291" lon="-95.1502329900" />
  <node id="1383" visible="true" version="1" lat="43.1450338175" lon="-95.1502329711" />
  <node id="1384" visible="true" version="1" lat="43.1450335652" lon="-95.1502325622" />
  <node id="1385" visible="true" version="1" lat="43.1450320967" lon="-95.1502301814" />
  <node id="1386" visible="true" version="1" lat="43.1450320909" lon="-95.1502301720" />
  <node id="1387" visible="true" version="1" lat="43.1450320852" lon="-95.1502301626" />
  <node id="1388" visible="true" version="1" lat="43.1450320809" lon="-95.1502301554" />
  <node id="1389" visible="true" version="1" lat="43.1450319154" lon="-95.1502298805" />
  <node id="1390" visible="true" version="1" lat="43.1450319098" lon="-95.1502298711" />
  <node id="1391" visible="true" version="1" lat="43.1450319042" lon="-95.1502298616" />
  <node id="1392" visible="true" version="1" lat="43.1449640065" lon="-95.1501142163" />
  <node id="1393" visible="true" version="1" lat="43.1449639745" lon="-95.1501141619" />
  <node id="1394" visible="true" version="1" lat="43.1449639458" lon="-95.1501141051" />
  <node id="1395" visible="true" version="1" lat="43.1449637339" lon="-95.1501136869" />
  <node id="1396" visible="true" version="1" lat="43.1449630838" lon="-95.1501124036" />
  <node id="1397" visible="true" version="1" lat="43.1449630550" lon="-95.1501123469" />
  <node id="1398" visible="true" version="1" lat="43.1449630296" lon="-95.1501122881" />
  <node id="1399" visible="true" version="1" lat="43.1449203312" lon="-95.1500134619" />
  <node id="1400" visible="true" version="1" lat="43.1448533254" lon="-95.1498583787" />
  <node id="1401" visible="true" version="1" lat="43.1448532437" lon="-95.1498582009" />
  <node id="1402" visible="true" version="1" lat="43.1444208541" lon="-95.1489733895" />
  <node id="1403" visible="true" version="1" lat="43.1444208501" lon="-95.1489733812" />
  <node id="1404" visible="true" version="1" lat="43.1444207865" lon="-95.1489732495" />
  <node id="1405" visible="true" version="1" lat="43.1444207825" lon="-95.1489732413" />
  <node id="1406" visible="true" version="1" lat="43.1444201625" lon="-95.1489719420" />
  <node id="1407" visible="true" version="1" lat="43.1444201584" lon="-95.1489719333" />
  <node id="1408" visible="true" version="1" lat="43.1444201542" lon="-95.1489719245" />
  <node id="1409" visible="true" version="1" lat="43.1444200308" lon="-95.1489716594" />
  <node id="1410" visible="true" version="1" lat="43.1444200267" lon="-95.1489716505" />
  <node id="1411" visible="true" version="1" lat="43.1444200226" lon="-95.1489716417" />
  <node id="1412" visible="true" version="1" lat="43.1444194304" lon="-95.1489703388" />
  <node id="1413" visible="true" version="1" lat="43.1444194264" lon="-95.1489703299" />
  <node id="1414" visible="true" version="1" lat="43.1444194224" lon="-95.1489703210" />
  <node id="1415" visible="true" version="1" lat="43.1444193034" lon="-95.1489700525" />
  <node id="1416" visible="true" version="1" lat="43.1444192994" lon="-95.1489700436" />
  <node id="1417" visible="true" version="1" lat="43.1444192956" lon="-95.1489700346" />
  <node id="1418" visible="true" version="1" lat="43.1444187271" lon="-95.1489687194" />
  <node id="1419" visible="true" version="1" lat="43.1444187231" lon="-95.1489687104" />
  <node id="1420" visible="true" version="1" lat="43.1444187193" lon="-95.1489687013" />
  <node id="1421" visible="true" version="1" lat="43.1444186401" lon="-95.1489685134" />
  <node id="1422" visible="true" version="1" lat="43.1444186049" lon="-95.1489684298" />
  <node id="1423" visible="true" version="1" lat="43.1444186011" lon="-95.1489684208" />
  <node id="1424" visible="true" version="1" lat="43.1444185974" lon="-95.1489684117" />
  <node id="1425" visible="true" version="1" lat="43.1444180525" lon="-95.1489670841" />
  <node id="1426" visible="true" version="1" lat="43.1444180488" lon="-95.1489670750" />
  <node id="1427" visible="true" version="1" lat="43.1444180451" lon="-95.1489670659" />
  <node id="1428" visible="true" version="1" lat="43.1444180248" lon="-95.1489670150" />
  <node id="1429" visible="true" version="1" lat="43.1444179355" lon="-95.1489667917" />
  <node id="1430" visible="true" version="1" lat="43.1444179319" lon="-95.1489667825" />
  <node id="1431" visible="true" version="1" lat="43.1444179283" lon="-95.1489667733" />
  <node id="1432" visible="true" version="1" lat="43.1444174222" lon="-95.1489654723" />
  <node id="1433" visible="true" version="1" lat="43.1444174071" lon="-95.1489654334" />
  <node id="1434" visible="true" version="1" lat="43.1444174035" lon="-95.1489654242" />
  <node id="1435" visible="true" version="1" lat="43.1444174000" lon="-95.1489654150" />
  <node id="1436" visible="true" version="1" lat="43.1444172953" lon="-95.1489651384" />
  <node id="1437" visible="true" version="1" lat="43.1444172918" lon="-95.1489651291" />
  <node id="1438" visible="true" version="1" lat="43.1444172884" lon="-95.1489651199" />
  <node id="1439" visible="true" version="1" lat="43.1444169107" lon="-95.1489640933" />
  <node id="1440" visible="true" version="1" lat="43.1444167908" lon="-95.1489637675" />
  <node id="1441" visible="true" version="1" lat="43.1444167874" lon="-95.1489637582" />
  <node id="1442" visible="true" version="1" lat="43.1444167841" lon="-95.1489637489" />
  <node id="1443" visible="true" version="1" lat="43.1444166844" lon="-95.1489634703" />
  <node id="1444" visible="true" version="1" lat="43.1444166811" lon="-95.1489634610" />
  <node id="1445" visible="true" version="1" lat="43.1444166779" lon="-95.1489634517" />
  <node id="1446" visible="true" version="1" lat="43.1444164554" lon="-95.1489628111" />
  <node id="1447" visible="true" version="1" lat="43.1444162038" lon="-95.1489620868" />
  <node id="1448" visible="true" version="1" lat="43.1444162006" lon="-95.1489620775" />
  <node id="1449" visible="true" version="1" lat="43.1444161974" lon="-95.1489620682" />
  <node id="1450" visible="true" version="1" lat="43.1444161615" lon="-95.1489619616" />
  <node id="1451" visible="true" version="1" lat="43.1444161030" lon="-95.1489617879" />
  <node id="1452" visible="true" version="1" lat="43.1444160998" lon="-95.1489617785" />
  <node id="1453" visible="true" version="1" lat="43.1444160967" lon="-95.1489617691" />
  <node id="1454" visible="true" version="1" lat="43.1444158359" lon="-95.1489609716" />
  <node id="1455" visible="true" version="1" lat="43.1444156461" lon="-95.1489603913" />
  <node id="1456" visible="true" version="1" lat="43.1444156432" lon="-95.1489603824" />
  <node id="1457" visible="true" version="1" lat="43.1444155978" lon="-95.1489602413" />
  <node id="1458" visible="true" version="1" lat="43.1444155949" lon="-95.1489602324" />
  <node id="1459" visible="true" version="1" lat="43.1442997253" lon="-95.1485947497" />
  <node id="1460" visible="true" version="1" lat="43.1442997234" lon="-95.1485947439" />
  <node id="1461" visible="true" version="1" lat="43.1442997011" lon="-95.1485946754" />
  <node id="1462" visible="true" version="1" lat="43.1442990135" lon="-95.1485926253" />
  <node id="1463" visible="true" version="1" lat="43.1442989651" lon="-95.1485924887" />
  <node id="1464" visible="true" version="1" lat="43.1442982800" lon="-95.1485906530" />
  <node id="1465" visible="true" version="1" lat="43.1442982268" lon="-95.1485905176" />
  <node id="1466" visible="true" version="1" lat="43.1442974866" lon="-95.1485887235" />
  <node id="1467" visible="true" version="1" lat="43.1442974288" lon="-95.1485885899" />
  <node id="1468" visible="true" version="1" lat="43.1442966326" lon="-95.1485868342" />
  <node id="1469" visible="true" version="1" lat="43.1442965704" lon="-95.1485867030" />
  <node id="1470" visible="true" version="1" lat="43.1442958679" lon="-95.1485852871" />
  <node id="1471" visible="true" version="1" lat="43.1442957171" lon="-95.1485849830" />
  <node id="1472" visible="true" version="1" lat="43.1442956506" lon="-95.1485848548" />
  <node id="1473" visible="true" version="1" lat="43.1442947388" lon="-95.1485831677" />
  <node id="1474" visible="true" version="1" lat="43.1442946685" lon="-95.1485830430" />
  <node id="1475" visible="true" version="1" lat="43.1442936963" lon="-95.1485813863" />
  <node id="1476" visible="true" version="1" lat="43.1442936225" lon="-95.1485812656" />
  <node id="1477" visible="true" version="1" lat="43.1442924947" lon="-95.1485794901" />
  <node id="1478" visible="true" version="1" lat="43.1442924566" lon="-95.1485794313" />
  <node id="1479" visible="true" version="1" lat="43.1442175060" lon="-95.1484659136" />
  <node id="1480" visible="true" version="1" lat="43.1442174852" lon="-95.1484658824" />
  <node id="1481" visible="true" version="1" lat="43.1442168607" lon="-95.1484649559" />
  <node id="1482" visible="true" version="1" lat="43.1442168181" lon="-95.1484648939" />
  <node id="1483" visible="true" version="1" lat="43.1442163264" lon="-95.1484641936" />
  <node id="1484" visible="true" version="1" lat="43.1442162329" lon="-95.1484640604" />
  <node id="1485" visible="true" version="1" lat="43.1442161892" lon="-95.1484639994" />
  <node id="1486" visible="true" version="1" lat="43.1442155906" lon="-95.1484631808" />
  <node id="1487" visible="true" version="1" lat="43.1442155457" lon="-95.1484631207" />
  <node id="1488" visible="true" version="1" lat="43.1442149335" lon="-95.1484623166" />
  <node id="1489" visible="true" version="1" lat="43.1442148876" lon="-95.1484622576" />
  <node id="1490" visible="true" version="1" lat="43.1442142615" lon="-95.1484614677" />
  <node id="1491" visible="true" version="1" lat="43.1442142146" lon="-95.1484614097" />
  <node id="1492" visible="true" version="1" lat="43.1442136574" lon="-95.1484607344" />
  <node id="1493" visible="true" version="1" lat="43.1442135743" lon="-95.1484606336" />
  <node id="1494" visible="true" version="1" lat="43.1442135265" lon="-95.1484605768" />
  <node id="1495" visible="true" version="1" lat="43.1442128717" lon="-95.1484598142" />
  <node id="1496" visible="true" version="1" lat="43.1442128230" lon="-95.1484597586" />
  <node id="1497" visible="true" version="1" lat="43.1442120922" lon="-95.1484589406" />
  <node id="1498" visible="true" version="1" lat="43.1442120675" lon="-95.1484589133" />
  <node id="1499" visible="true" version="1" lat="43.1440115164" lon="-95.1482388679" />
  <node id="1500" visible="true" version="1" lat="43.1438728339" lon="-95.1480867083" />
  <node id="1501" visible="true" version="1" lat="43.1438728263" lon="-95.1480867000" />
  <node id="1502" visible="true" version="1" lat="43.1438727057" lon="-95.1480865660" />
  <node id="1503" visible="true" version="1" lat="43.1438726982" lon="-95.1480865576" />
  <node id="1504" visible="true" version="1" lat="43.1438715176" lon="-95.1480852284" />
  <node id="1505" visible="true" version="1" lat="43.1438715096" lon="-95.1480852195" />
  <node id="1506" visible="true" version="1" lat="43.1438715018" lon="-95.1480852104" />
  <node id="1507" visible="true" version="1" lat="43.1438712654" lon="-95.1480849373" />
  <node id="1508" visible="true" version="1" lat="43.1438712575" lon="-95.1480849281" />
  <node id="1509" visible="true" version="1" lat="43.1438712497" lon="-95.1480849189" />
  <node id="1510" visible="true" version="1" lat="43.1438701097" lon="-95.1480835672" />
  <node id="1511" visible="true" version="1" lat="43.1438701019" lon="-95.1480835579" />
  <node id="1512" visible="true" version="1" lat="43.1438700942" lon="-95.1480835486" />
  <node id="1513" visible="true" version="1" lat="43.1438698633" lon="-95.1480832676" />
  <node id="1514" visible="true" version="1" lat="43.1438698556" lon="-95.1480832582" />
  <node id="1515" visible="true" version="1" lat="43.1438698480" lon="-95.1480832487" />
  <node id="1516" visible="true" version="1" lat="43.1438692903" lon="-95.1480825521" />
  <node id="1517" visible="true" version="1" lat="43.1438687407" lon="-95.1480818654" />
  <node id="1518" visible="true" version="1" lat="43.1438687330" lon="-95.1480818559" />
  <node id="1519" visible="true" version="1" lat="43.1438687255" lon="-95.1480818463" />
  <node id="1520" visible="true" version="1" lat="43.1438685511" lon="-95.1480816226" />
  <node id="1521" visible="true" version="1" lat="43.1438685006" lon="-95.1480815580" />
  <node id="1522" visible="true" version="1" lat="43.1438684931" lon="-95.1480815483" />
  <node id="1523" visible="true" version="1" lat="43.1438684858" lon="-95.1480815386" />
  <node id="1524" visible="true" version="1" lat="43.1438674109" lon="-95.1480801237" />
  <node id="1525" visible="true" version="1" lat="43.1438674035" lon="-95.1480801140" />
  <node id="1526" visible="true" version="1" lat="43.1438673962" lon="-95.1480801042" />
  <node id="1527" visible="true" version="1" lat="43.1438672808" lon="-95.1480799481" />
  <node id="1528" visible="true" version="1" lat="43.1438671778" lon="-95.1480798090" />
  <node id="1529" visible="true" version="1" lat="43.1438671705" lon="-95.1480797991" />
  <node id="1530" visible="true" version="1" lat="43.1438671634" lon="-95.1480797892" />
  <node id="1531" visible="true" version="1" lat="43.1438661242" lon="-95.1480783472" />
  <node id="1532" visible="true" version="1" lat="43.1438661210" lon="-95.1480783427" />
  <node id="1533" visible="true" version="1" lat="43.1438661139" lon="-95.1480783327" />
  <node id="1534" visible="true" version="1" lat="43.1438661068" lon="-95.1480783227" />
  <node id="1535" visible="true" version="1" lat="43.1438658953" lon="-95.1480780213" />
  <node id="1536" visible="true" version="1" lat="43.1438658883" lon="-95.1480780112" />
  <node id="1537" visible="true" version="1" lat="43.1438658813" lon="-95.1480780011" />
  <node id="1538" visible="true" version="1" lat="43.1438648715" lon="-95.1480765229" />
  <node id="1539" visible="true" version="1" lat="43.1438648646" lon="-95.1480765128" />
  <node id="1540" visible="true" version="1" lat="43.1438648577" lon="-95.1480765026" />
  <node id="1541" visible="true" version="1" lat="43.1438648057" lon="-95.1480764243" />
  <node id="1542" visible="true" version="1" lat="43.1438646536" lon="-95.1480761956" />
  <node id="1543" visible="true" version="1" lat="43.1438646468" lon="-95.1480761853" />
  <node id="1544" visible="true" version="1" lat="43.1438646401" lon="-95.1480761750" />
  <node id="1545" visible="true" version="1" lat="43.1438636627" lon="-95.1480746651" />
  <node id="1546" visible="true" version="1" lat="43.1438636560" lon="-95.1480746548" />
  <node id="1547" visible="true" version="1" lat="43.1438636495" lon="-95.1480746444" />
  <node id="1548" visible="true" version="1" lat="43.1438634530" lon="-95.1480743325" />
  <node id="1549" visible="true" version="1" lat="43.1438634465" lon="-95.1480743221" />
  <node id="1550" visible="true" version="1" lat="43.1438634400" lon="-95.1480743116" />
  <node id="1551" visible="true" version="1" lat="43.1438624948" lon="-95.1480727694" />
  <node id="1552" visible="true" version="1" lat="43.1438624887" lon="-95.1480727595" />
  <node id="1553" visible="true" version="1" lat="43.1438623931" lon="-95.1480726014" />
  <node id="1554" visible="true" version="1" lat="43.1438623871" lon="-95.1480725915" />
  <node id="1555" visible="true" version="1" lat="43.1437938523" lon="-95.1479576540" />
  <node id="1556" visible="true" version="1" lat="43.1437938467" lon="-95.1479576446" />
  <node id="1557" visible="true" version="1" lat="43.1437937581" lon="-95.1479574942" />
  <node id="1558" visible="true" version="1" lat="43.1437937526" lon="-95.1479574848" />
  <node id="1559" visible="true" version="1" lat="43.1437928886" lon="-95.1479559972" />
  <node id="1560" visible="true" version="1" lat="43.1437928828" lon="-95.1479559872" />
  <node id="1561" visible="true" version="1" lat="43.1437928770" lon="-95.1479559771" />
  <node id="1562" visible="true" version="1" lat="43.1437928022" lon="-95.1479558447" />
  <node id="1563" visible="true" version="1" lat="43.1437927050" lon="-95.1479556729" />
  <node id="1564" visible="true" version="1" lat="43.1437926992" lon="-95.1479556627" />
  <node id="1565" visible="true" version="1" lat="43.1437926936" lon="-95.1479556525" />
  <node id="1566" visible="true" version="1" lat="43.1437922887" lon="-95.1479549171" />
  <node id="1567" visible="true" version="1" lat="43.1437918687" lon="-95.1479541542" />
  <node id="1568" visible="true" version="1" lat="43.1437918630" lon="-95.1479541440" />
  <node id="1569" visible="true" version="1" lat="43.1437918575" lon="-95.1479541337" />
  <node id="1570" visible="true" version="1" lat="43.1437918395" lon="-95.1479541001" />
  <node id="1571" visible="true" version="1" lat="43.1437916915" lon="-95.1479538238" />
  <node id="1572" visible="true" version="1" lat="43.1437916860" lon="-95.1479538135" />
  <node id="1573" visible="true" version="1" lat="43.1437916805" lon="-95.1479538031" />
  <node id="1574" visible="true" version="1" lat="43.1437915549" lon="-95.1479535621" />
  <node id="1575" visible="true" version="1" lat="43.1437908888" lon="-95.1479522840" />
  <node id="1576" visible="true" version="1" lat="43.1437908834" lon="-95.1479522736" />
  <node id="1577" visible="true" version="1" lat="43.1437908781" lon="-95.1479522631" />
  <node id="1578" visible="true" version="1" lat="43.1437907226" lon="-95.1479519563" />
  <node id="1579" visible="true" version="1" lat="43.1437907184" lon="-95.1479519481" />
  <node id="1580" visible="true" version="1" lat="43.1437907131" lon="-95.1479519376" />
  <node id="1581" visible="true" version="1" lat="43.1437907079" lon="-95.1479519270" />
  <node id="1582" visible="true" version="1" lat="43.1437899494" lon="-95.1479503871" />
  <node id="1583" visible="true" version="1" lat="43.1437899442" lon="-95.1479503766" />
  <node id="1584" visible="true" version="1" lat="43.1437899391" lon="-95.1479503659" />
  <node id="1585" visible="true" version="1" lat="43.1437898756" lon="-95.1479502332" />
  <node id="1586" visible="true" version="1" lat="43.1437897861" lon="-95.1479500463" />
  <node id="1587" visible="true" version="1" lat="43.1437897810" lon="-95.1479500357" />
  <node id="1588" visible="true" version="1" lat="43.1437897761" lon="-95.1479500250" />
  <node id="1589" visible="true" version="1" lat="43.1437890507" lon="-95.1479484642" />
  <node id="1590" visible="true" version="1" lat="43.1437890457" lon="-95.1479484535" />
  <node id="1591" visible="true" version="1" lat="43.1437890409" lon="-95.1479484427" />
  <node id="1592" visible="true" version="1" lat="43.1437888949" lon="-95.1479481191" />
  <node id="1593" visible="true" version="1" lat="43.1437888901" lon="-95.1479481083" />
  <node id="1594" visible="true" version="1" lat="43.1437888853" lon="-95.1479480975" />
  <node id="1595" visible="true" version="1" lat="43.1437885464" lon="-95.1479473231" />
  <node id="1596" visible="true" version="1" lat="43.1437881931" lon="-95.1479465158" />
  <node id="1597" visible="true" version="1" lat="43.1437881884" lon="-95.1479465050" />
  <node id="1598" visible="true" version="1" lat="43.1437881838" lon="-95.1479464940" />
  <node id="1599" visible="true" version="1" lat="43.1437880450" lon="-95.1479461670" />
  <node id="1600" visible="true" version="1" lat="43.1437880404" lon="-95.1479461562" />
  <node id="1601" visible="true" version="1" lat="43.1437880359" lon="-95.1479461452" />
  <node id="1602" visible="true" version="1" lat="43.1437876876" lon="-95.1479452983" />
  <node id="1603" visible="true" version="1" lat="43.1437873769" lon="-95.1479445425" />
  <node id="1604" visible="true" version="1" lat="43.1437873724" lon="-95.1479445316" />
  <node id="1605" visible="true" version="1" lat="43.1437873680" lon="-95.1479445206" />
  <node id="1606" visible="true" version="1" lat="43.1437872855" lon="-95.1479443135" />
  <node id="1607" visible="true" version="1" lat="43.1437872366" lon="-95.1479441909" />
  <node id="1608" visible="true" version="1" lat="43.1437872323" lon="-95.1479441798" />
  <node id="1609" visible="true" version="1" lat="43.1437872280" lon="-95.1479441688" />
  <node id="1610" visible="true" version="1" lat="43.1437866019" lon="-95.1479425446" />
  <node id="1611" visible="true" version="1" lat="43.1437865979" lon="-95.1479425342" />
  <node id="1612" visible="true" version="1" lat="43.1437865348" lon="-95.1479423678" />
  <node id="1613" visible="true" version="1" lat="43.1437865309" lon="-95.1479423574" />
  <node id="1614" visible="true" version="1" lat="43.1437434215" lon="-95.1478267417" />
  <node id="1615" visible="true" version="1" lat="43.1437434186" lon="-95.1478267338" />
  <node id="1616" visible="true" version="1" lat="43.1437433723" lon="-95.1478266083" />
  <node id="1617" visible="true" version="1" lat="43.1437433695" lon="-95.1478266005" />
  <node id="1618" visible="true" version="1" lat="43.1437429229" lon="-95.1478253721" />
  <node id="1619" visible="true" version="1" lat="43.1437429172" lon="-95.1478253563" />
  <node id="1620" visible="true" version="1" lat="43.1437428277" lon="-95.1478251034" />
  <node id="1621" visible="true" version="1" lat="43.1437428221" lon="-95.1478250878" />
  <node id="1622" visible="true" version="1" lat="43.1437423957" lon="-95.1478238513" />
  <node id="1623" visible="true" version="1" lat="43.1437423902" lon="-95.1478238356" />
  <node id="1624" visible="true" version="1" lat="43.1437423046" lon="-95.1478235804" />
  <node id="1625" visible="true" version="1" lat="43.1437422993" lon="-95.1478235646" />
  <node id="1626" visible="true" version="1" lat="43.1437418929" lon="-95.1478223203" />
  <node id="1627" visible="true" version="1" lat="43.1437418877" lon="-95.1478223044" />
  <node id="1628" visible="true" version="1" lat="43.1437418061" lon="-95.1478220472" />
  <node id="1629" visible="true" version="1" lat="43.1437418011" lon="-95.1478220313" />
  <node id="1630" visible="true" version="1" lat="43.1437414148" lon="-95.1478207791" />
  <node id="1631" visible="true" version="1" lat="43.1437414099" lon="-95.1478207631" />
  <node id="1632" visible="true" version="1" lat="43.1437413324" lon="-95.1478205041" />
  <node id="1633" visible="true" version="1" lat="43.1437413276" lon="-95.1478204882" />
  <node id="1634" visible="true" version="1" lat="43.1437409614" lon="-95.1478192280" />
  <node id="1635" visible="true" version="1" lat="43.1437409568" lon="-95.1478192119" />
  <node id="1636" visible="true" version="1" lat="43.1437408834" lon="-95.1478189514" />
  <node id="1637" visible="true" version="1" lat="43.1437408788" lon="-95.1478189354" />
  <node id="1638" visible="true" version="1" lat="43.1437405328" lon="-95.1478176673" />
  <node id="1639" visible="true" version="1" lat="43.1437405284" lon="-95.1478176511" />
  <node id="1640" visible="true" version="1" lat="43.1437404593" lon="-95.1478173894" />
  <node id="1641" visible="true" version="1" lat="43.1437404550" lon="-95.1478173732" />
  <node id="1642" visible="true" version="1" lat="43.1437401291" lon="-95.1478160972" />
  <node id="1643" visible="true" version="1" lat="43.1437401249" lon="-95.1478160810" />
  <node id="1644" visible="true" version="1" lat="43.1437400601" lon="-95.1478158183" />
  <node id="1645" visible="true" version="1" lat="43.1437400561" lon="-95.1478158021" />
  <node id="1646" visible="true" version="1" lat="43.1437397483" lon="-95.1478145098" />
  <node id="1647" visible="true" version="1" lat="43.1437397464" lon="-95.1478145018" />
  <node id="1648" visible="true" version="1" lat="43.1437397156" lon="-95.1478143703" />
  <node id="1649" visible="true" version="1" lat="43.1437397137" lon="-95.1478143621" />
  <node id="1650" visible="true" version="1" lat="43.1436551763" lon="-95.1474462698" />
  <node id="1651" visible="true" version="1" lat="43.1436551733" lon="-95.1474462567" />
  <node id="1652" visible="true" version="1" lat="43.1436551267" lon="-95.1474460476" />
  <node id="1653" visible="true" version="1" lat="43.1436551237" lon="-95.1474460345" />
  <node id="1654" visible="true" version="1" lat="43.1436546768" lon="-95.1474439677" />
  <node id="1655" visible="true" version="1" lat="43.1436546739" lon="-95.1474439538" />
  <node id="1656" visible="true" version="1" lat="43.1436546710" lon="-95.1474439398" />
  <node id="1657" visible="true" version="1" lat="43.1436545857" lon="-95.1474435193" />
  <node id="1658" visible="true" version="1" lat="43.1436545829" lon="-95.1474435053" />
  <node id="1659" visible="true" version="1" lat="43.1436545802" lon="-95.1474434912" />
  <node id="1660" visible="true" version="1" lat="43.1436543807" lon="-95.1474424382" />
  <node id="1661" visible="true" version="1" lat="43.1436541896" lon="-95.1474414299" />
  <node id="1662" visible="true" version="1" lat="43.1436541869" lon="-95.1474414158" />
  <node id="1663" visible="true" version="1" lat="43.1436541844" lon="-95.1474414016" />
  <node id="1664" visible="true" version="1" lat="43.1436541395" lon="-95.1474411465" />
  <node id="1665" visible="true" version="1" lat="43.1436541095" lon="-95.1474409766" />
  <node id="1666" visible="true" version="1" lat="43.1436541070" lon="-95.1474409625" />
  <node id="1667" visible="true" version="1" lat="43.1436541047" lon="-95.1474409483" />
  <node id="1668" visible="true" version="1" lat="43.1436537673" lon="-95.1474388784" />
  <node id="1669" visible="true" version="1" lat="43.1436537650" lon="-95.1474388642" />
  <node id="1670" visible="true" version="1" lat="43.1436537629" lon="-95.1474388499" />
  <node id="1671" visible="true" version="1" lat="43.1436537173" lon="-95.1474385459" />
  <node id="1672" visible="true" version="1" lat="43.1436536987" lon="-95.1474384215" />
  <node id="1673" visible="true" version="1" lat="43.1436536965" lon="-95.1474384072" />
  <node id="1674" visible="true" version="1" lat="43.1436536946" lon="-95.1474383929" />
  <node id="1675" visible="true" version="1" lat="43.1436535783" lon="-95.1474375420" />
  <node id="1676" visible="true" version="1" lat="43.1436534104" lon="-95.1474363146" />
  <node id="1677" visible="true" version="1" lat="43.1436534085" lon="-95.1474363002" />
  <node id="1678" visible="true" version="1" lat="43.1436534067" lon="-95.1474362858" />
  <node id="1679" visible="true" version="1" lat="43.1436533764" lon="-95.1474360410" />
  <node id="1680" visible="true" version="1" lat="43.1436533535" lon="-95.1474358551" />
  <node id="1681" visible="true" version="1" lat="43.1436533516" lon="-95.1474358408" />
  <node id="1682" visible="true" version="1" lat="43.1436533501" lon="-95.1474358263" />
  <node id="1683" visible="true" version="1" lat="43.1436531191" lon="-95.1474337393" />
  <node id="1684" visible="true" version="1" lat="43.1436531175" lon="-95.1474337249" />
  <node id="1685" visible="true" version="1" lat="43.1436531161" lon="-95.1474337106" />
  <node id="1686" visible="true" version="1" lat="43.1436530756" lon="-95.1474332960" />
  <node id="1687" visible="true" version="1" lat="43.1436530739" lon="-95.1474332786" />
  <node id="1688" visible="true" version="1" lat="43.1436530725" lon="-95.1474332642" />
  <node id="1689" visible="true" version="1" lat="43.1436530713" lon="-95.1474332498" />
  <node id="1690" visible="true" version="1" lat="43.1436529996" lon="-95.1474324042" />
  <node id="1691" visible="true" version="1" lat="43.1436528935" lon="-95.1474311540" />
  <node id="1692" visible="true" version="1" lat="43.1436528923" lon="-95.1474311396" />
  <node id="1693" visible="true" version="1" lat="43.1436528913" lon="-95.1474311252" />
  <node id="1694" visible="true" version="1" lat="43.1436528602" lon="-95.1474306931" />
  <node id="1695" visible="true" version="1" lat="43.1436528592" lon="-95.1474306787" />
  <node id="1696" visible="true" version="1" lat="43.1436528583" lon="-95.1474306643" />
  <node id="1697" visible="true" version="1" lat="43.1436527887" lon="-95.1474294878" />
  <node id="1698" visible="true" version="1" lat="43.1436527337" lon="-95.1474285598" />
  <node id="1699" visible="true" version="1" lat="43.1436527329" lon="-95.1474285454" />
  <node id="1700" visible="true" version="1" lat="43.1436527322" lon="-95.1474285310" />
  <node id="1701" visible="true" version="1" lat="43.1436527264" lon="-95.1474284055" />
  <node id="1702" visible="true" version="1" lat="43.1436527122" lon="-95.1474280999" />
  <node id="1703" visible="true" version="1" lat="43.1436527115" lon="-95.1474280855" />
  <node id="1704" visible="true" version="1" lat="43.1436527110" lon="-95.1474280712" />
  <node id="1705" visible="true" version="1" lat="43.1436527053" lon="-95.1474279007" />
  <node id="1706" visible="true" version="1" lat="43.1436526397" lon="-95.1474259570" />
  <node id="1707" visible="true" version="1" lat="43.1436526392" lon="-95.1474259434" />
  <node id="1708" visible="true" version="1" lat="43.1436526333" lon="-95.1474257278" />
  <node id="1709" visible="true" version="1" lat="43.1436526330" lon="-95.1474257143" />
  <node id="1710" visible="true" version="1" lat="43.1436447768" lon="-95.1470538149" />
  <node id="1711" visible="true" version="1" lat="43.1436447767" lon="-95.1470538109" />
  <node id="1712" visible="true" version="1" lat="43.1436447443" lon="-95.1470533576" />
  <node id="1713" visible="true" version="1" lat="43.1435983911" lon="-95.1466737851" />
  <node id="1714" visible="true" version="1" lat="43.1435983306" lon="-95.1466734174" />
  <node id="1715" visible="true" version="1" lat="43.1435204325" lon="-95.1462980880" />
  <node id="1716" visible="true" version="1" lat="43.1435204308" lon="-95.1462980795" />
  <node id="1717" visible="true" version="1" lat="43.1435204032" lon="-95.1462979436" />
  <node id="1718" visible="true" version="1" lat="43.1435204014" lon="-95.1462979351" />
  <node id="1719" visible="true" version="1" lat="43.1435201369" lon="-95.1462966053" />
  <node id="1720" visible="true" version="1" lat="43.1435201335" lon="-95.1462965883" />
  <node id="1721" visible="true" version="1" lat="43.1435200815" lon="-95.1462963150" />
  <node id="1722" visible="true" version="1" lat="43.1435200782" lon="-95.1462962981" />
  <node id="1723" visible="true" version="1" lat="43.1435198357" lon="-95.1462949642" />
  <node id="1724" visible="true" version="1" lat="43.1435198326" lon="-95.1462949472" />
  <node id="1725" visible="true" version="1" lat="43.1435197850" lon="-95.1462946723" />
  <node id="1726" visible="true" version="1" lat="43.1435197821" lon="-95.1462946554" />
  <node id="1727" visible="true" version="1" lat="43.1435195616" lon="-95.1462933174" />
  <node id="1728" visible="true" version="1" lat="43.1435195588" lon="-95.1462933004" />
  <node id="1729" visible="true" version="1" lat="43.1435195156" lon="-95.1462930242" />
  <node id="1730" visible="true" version="1" lat="43.1435195130" lon="-95.1462930072" />
  <node id="1731" visible="true" version="1" lat="43.1435193145" lon="-95.1462916652" />
  <node id="1732" visible="true" version="1" lat="43.1435193120" lon="-95.1462916481" />
  <node id="1733" visible="true" version="1" lat="43.1435192733" lon="-95.1462913710" />
  <node id="1734" visible="true" version="1" lat="43.1435192709" lon="-95.1462913539" />
  <node id="1735" visible="true" version="1" lat="43.1435190946" lon="-95.1462900079" />
  <node id="1736" visible="true" version="1" lat="43.1435190923" lon="-95.1462899907" />
  <node id="1737" visible="true" version="1" lat="43.1435190582" lon="-95.1462897129" />
  <node id="1738" visible="true" version="1" lat="43.1435190561" lon="-95.1462896957" />
  <node id="1739" visible="true" version="1" lat="43.1435189018" lon="-95.1462883457" />
  <node id="1740" visible="true" version="1" lat="43.1435188998" lon="-95.1462883285" />
  <node id="1741" visible="true" version="1" lat="43.1435188704" lon="-95.1462880503" />
  <node id="1742" visible="true" version="1" lat="43.1435188685" lon="-95.1462880331" />
  <node id="1743" visible="true" version="1" lat="43.1435187362" lon="-95.1462866790" />
  <node id="1744" visible="true" version="1" lat="43.1435187345" lon="-95.1462866618" />
  <node id="1745" visible="true" version="1" lat="43.1435187097" lon="-95.1462863835" />
  <node id="1746" visible="true" version="1" lat="43.1435187081" lon="-95.1462863663" />
  <node id="1747" visible="true" version="1" lat="43.1435185972" lon="-95.1462849993" />
  <node id="1748" visible="true" version="1" lat="43.1435185965" lon="-95.1462849909" />
  <node id="1749" visible="true" version="1" lat="43.1435185858" lon="-95.1462848519" />
  <node id="1750" visible="true" version="1" lat="43.1435185851" lon="-95.1462848432" />
  <node id="1751" visible="true" version="1" lat="43.1435101937" lon="-95.1461698118" />
  <node id="1752" visible="true" version="1" lat="43.1435101934" lon="-95.1461698073" />
  <node id="1753" visible="true" version="1" lat="43.1435101900" lon="-95.1461697634" />
  <node id="1754" visible="true" version="1" lat="43.1435100819" lon="-95.1461684574" />
  <node id="1755" visible="true" version="1" lat="43.1435100738" lon="-95.1461683697" />
  <node id="1756" visible="true" version="1" lat="43.1435099519" lon="-95.1461671796" />
  <node id="1757" visible="true" version="1" lat="43.1435099421" lon="-95.1461670919" />
  <node id="1758" visible="true" version="1" lat="43.1435097974" lon="-95.1461659077" />
  <node id="1759" visible="true" version="1" lat="43.1435097858" lon="-95.1461658201" />
  <node id="1760" visible="true" version="1" lat="43.1435096182" lon="-95.1461646412" />
  <node id="1761" visible="true" version="1" lat="43.1435096049" lon="-95.1461645539" />
  <node id="1762" visible="true" version="1" lat="43.1435094144" lon="-95.1461633796" />
  <node id="1763" visible="true" version="1" lat="43.1435093994" lon="-95.1461632926" />
  <node id="1764" visible="true" version="1" lat="43.1435092171" lon="-95.1461622944" />
  <node id="1765" visible="true" version="1" lat="43.1435091857" lon="-95.1461621223" />
  <node id="1766" visible="true" version="1" lat="43.1435091691" lon="-95.1461620359" />
  <node id="1767" visible="true" version="1" lat="43.1435089322" lon="-95.1461608689" />
  <node id="1768" visible="true" version="1" lat="43.1435089139" lon="-95.1461607831" />
  <node id="1769" visible="true" version="1" lat="43.1435087764" lon="-95.1461601683" />
  <node id="1770" visible="true" version="1" lat="43.1435086297" lon="-95.1461595124" />
  <node id="1771" visible="true" version="1" lat="43.1435086200" lon="-95.1461594698" />
  <node id="1772" visible="true" version="1" lat="43.1434577753" lon="-95.1459142232" />
  <node id="1773" visible="true" version="1" lat="43.1434211224" lon="-95.1455139585" />
  <node id="1774" visible="true" version="1" lat="43.1434209837" lon="-95.1455125014" />
  <node id="1775" visible="true" version="1" lat="43.1433925419" lon="-95.1452649913" />
  <node id="1776" visible="true" version="1" lat="43.1433783690" lon="-95.1451415989" />
  <node id="1777" visible="true" version="1" lat="43.1433783536" lon="-95.1451414667" />
  <node id="1778" visible="true" version="1" lat="43.1433778871" lon="-95.1451375369" />
  <node id="1779" visible="true" version="1" lat="43.1433778549" lon="-95.1451372738" />
  <node id="1780" visible="true" version="1" lat="43.1433774055" lon="-95.1451337216" />
  <node id="1781" visible="true" version="1" lat="43.1433773714" lon="-95.1451334606" />
  <node id="1782" visible="true" version="1" lat="43.1433768998" lon="-95.1451299550" />
  <node id="1783" visible="true" version="1" lat="43.1433768640" lon="-95.1451296964" />
  <node id="1784" visible="true" version="1" lat="43.1433763700" lon="-95.1451262351" />
  <node id="1785" visible="true" version="1" lat="43.1433763325" lon="-95.1451259795" />
  <node id="1786" visible="true" version="1" lat="43.1433762119" lon="-95.1451251814" />
  <node id="1787" visible="true" version="1" lat="43.1433758158" lon="-95.1451225604" />
  <node id="1788" visible="true" version="1" lat="43.1433757767" lon="-95.1451223081" />
  <node id="1789" visible="true" version="1" lat="43.1433755044" lon="-95.1451206038" />
  <node id="1790" visible="true" version="1" lat="43.1433752370" lon="-95.1451189291" />
  <node id="1791" visible="true" version="1" lat="43.1433751962" lon="-95.1451186805" />
  <node id="1792" visible="true" version="1" lat="43.1433746331" lon="-95.1451153397" />
  <node id="1793" visible="true" version="1" lat="43.1433745908" lon="-95.1451150952" />
  <node id="1794" visible="true" version="1" lat="43.1433742213" lon="-95.1451130147" />
  <node id="1795" visible="true" version="1" lat="43.1433739504" lon="-95.1451114888" />
  <node id="1796" visible="true" version="1" lat="43.1433739287" lon="-95.1451113682" />
  <node id="1797" visible="true" version="1" lat="43.1433089263" lon="-95.1447546193" />
  <node id="1798" visible="true" version="1" lat="43.1433089206" lon="-95.1447545882" />
  <node id="1799" visible="true" version="1" lat="43.1433088311" lon="-95.1447540902" />
  <node id="1800" visible="true" version="1" lat="43.1433088256" lon="-95.1447540592" />
  <node id="1801" visible="true" version="1" lat="43.1433079529" lon="-95.1447491329" />
  <node id="1802" visible="true" version="1" lat="43.1433079470" lon="-95.1447490998" />
  <node id="1803" visible="true" version="1" lat="43.1433079412" lon="-95.1447490662" />
  <node id="1804" visible="true" version="1" lat="43.1433078730" lon="-95.1447486702" />
  <node id="1805" visible="true" version="1" lat="43.1433077678" lon="-95.1447480590" />
  <node id="1806" visible="true" version="1" lat="43.1433077620" lon="-95.1447480255" />
  <node id="1807" visible="true" version="1" lat="43.1433077564" lon="-95.1447479916" />
  <node id="1808" visible="true" version="1" lat="43.1433069268" lon="-95.1447430315" />
  <node id="1809" visible="true" version="1" lat="43.1433069211" lon="-95.1447429976" />
  <node id="1810" visible="true" version="1" lat="43.1433069156" lon="-95.1447429634" />
  <node id="1811" visible="true" version="1" lat="43.1433068443" lon="-95.1447425245" />
  <node id="1812" visible="true" version="1" lat="43.1433067490" lon="-95.1447419373" />
  <node id="1813" visible="true" version="1" lat="43.1433067434" lon="-95.1447419031" />
  <node id="1814" visible="true" version="1" lat="43.1433067379" lon="-95.1447418687" />
  <node id="1815" visible="true" version="1" lat="43.1433059456" lon="-95.1447368413" />
  <node id="1816" visible="true" version="1" lat="43.1433059402" lon="-95.1447368067" />
  <node id="1817" visible="true" version="1" lat="43.1433059348" lon="-95.1447367720" />
  <node id="1818" visible="true" version="1" lat="43.1433058676" lon="-95.1447363323" />
  <node id="1819" visible="true" version="1" lat="43.1433057754" lon="-95.1447357289" />
  <node id="1820" visible="true" version="1" lat="43.1433057701" lon="-95.1447356942" />
  <node id="1821" visible="true" version="1" lat="43.1433057649" lon="-95.1447356592" />
  <node id="1822" visible="true" version="1" lat="43.1433050097" lon="-95.1447305644" />
  <node id="1823" visible="true" version="1" lat="43.1433050045" lon="-95.1447305293" />
  <node id="1824" visible="true" version="1" lat="43.1433049994" lon="-95.1447304941" />
  <node id="1825" visible="true" version="1" lat="43.1433048475" lon="-95.1447294361" />
  <node id="1826" visible="true" version="1" lat="43.1433048424" lon="-95.1447294008" />
  <node id="1827" visible="true" version="1" lat="43.1433048375" lon="-95.1447293653" />
  <node id="1828" visible="true" version="1" lat="43.1433041195" lon="-95.1447242030" />
  <node id="1829" visible="true" version="1" lat="43.1433041145" lon="-95.1447241675" />
  <node id="1830" visible="true" version="1" lat="43.1433041097" lon="-95.1447241318" />
  <node id="1831" visible="true" version="1" lat="43.1433039656" lon="-95.1447230609" />
  <node id="1832" visible="true" version="1" lat="43.1433039608" lon="-95.1447230252" />
  <node id="1833" visible="true" version="1" lat="43.1433039561" lon="-95.1447229893" />
  <node id="1834" visible="true" version="1" lat="43.1433038892" lon="-95.1447224757" />
  <node id="1835" visible="true" version="1" lat="43.1433032752" lon="-95.1447177593" />
  <node id="1836" visible="true" version="1" lat="43.1433032705" lon="-95.1447177234" />
  <node id="1837" visible="true" version="1" lat="43.1433032660" lon="-95.1447176874" />
  <node id="1838" visible="true" version="1" lat="43.1433031963" lon="-95.1447171334" />
  <node id="1839" visible="true" version="1" lat="43.1433031299" lon="-95.1447166058" />
  <node id="1840" visible="true" version="1" lat="43.1433031254" lon="-95.1447165698" />
  <node id="1841" visible="true" version="1" lat="43.1433031210" lon="-95.1447165335" />
  <node id="1842" visible="true" version="1" lat="43.1433029449" lon="-95.1447150837" />
  <node id="1843" visible="true" version="1" lat="43.1433024773" lon="-95.1447112357" />
  <node id="1844" visible="true" version="1" lat="43.1433024729" lon="-95.1447111995" />
  <node id="1845" visible="true" version="1" lat="43.1433024686" lon="-95.1447111632" />
  <node id="1846" visible="true" version="1" lat="43.1433023408" lon="-95.1447100732" />
  <node id="1847" visible="true" version="1" lat="43.1433023365" lon="-95.1447100369" />
  <node id="1848" visible="true" version="1" lat="43.1433023324" lon="-95.1447100003" />
  <node id="1849" visible="true" version="1" lat="43.1433017256" lon="-95.1447046325" />
  <node id="1850" visible="true" version="1" lat="43.1433017217" lon="-95.1447045982" />
  <node id="1851" visible="true" version="1" lat="43.1433016607" lon="-95.1447040487" />
  <node id="1852" visible="true" version="1" lat="43.1433016569" lon="-95.1447040142" />
  <node id="1853" visible="true" version="1" lat="43.1431750882" lon="-95.1435418452" />
  <node id="1854" visible="true" version="1" lat="43.1431750749" lon="-95.1435417228" />
  <node id="1855" visible="true" version="1" lat="43.1431750630" lon="-95.1435415984" />
  <node id="1856" visible="true" version="1" lat="43.1431747076" lon="-95.1435378690" />
  <node id="1857" visible="true" version="1" lat="43.1431746957" lon="-95.1435377447" />
  <node id="1858" visible="true" version="1" lat="43.1431746854" lon="-95.1435376186" />
  <node id="1859" visible="true" version="1" lat="43.1431571249" lon="-95.1433237365" />
  <node id="1860" visible="true" version="1" lat="43.1431441809" lon="-95.1431660836" />
  <node id="1861" visible="true" version="1" lat="43.1431441779" lon="-95.1431660473" />
  <node id="1862" visible="true" version="1" lat="43.1431441314" lon="-95.1431654665" />
  <node id="1863" visible="true" version="1" lat="43.1431441285" lon="-95.1431654304" />
  <node id="1864" visible="true" version="1" lat="43.1431436805" lon="-95.1431596973" />
  <node id="1865" visible="true" version="1" lat="43.1431436775" lon="-95.1431596588" />
  <node id="1866" visible="true" version="1" lat="43.1431436747" lon="-95.1431596199" />
  <node id="1867" visible="true" version="1" lat="43.1431435881" lon="-95.1431584530" />
  <node id="1868" visible="true" version="1" lat="43.1431435852" lon="-95.1431584141" />
  <node id="1869" visible="true" version="1" lat="43.1431435825" lon="-95.1431583751" />
  <node id="1870" visible="true" version="1" lat="43.1431431804" lon="-95.1431526537" />
  <node id="1871" visible="true" version="1" lat="43.1431431777" lon="-95.1431526145" />
  <node id="1872" visible="true" version="1" lat="43.1431431751" lon="-95.1431525752" />
  <node id="1873" visible="true" version="1" lat="43.1431430969" lon="-95.1431513966" />
  <node id="1874" visible="true" version="1" lat="43.1431430943" lon="-95.1431513573" />
  <node id="1875" visible="true" version="1" lat="43.1431430918" lon="-95.1431513179" />
  <node id="1876" visible="true" version="1" lat="43.1431429376" lon="-95.1431488493" />
  <node id="1877" visible="true" version="1" lat="43.1431427327" lon="-95.1431455692" />
  <node id="1878" visible="true" version="1" lat="43.1431427302" lon="-95.1431455297" />
  <node id="1879" visible="true" version="1" lat="43.1431427279" lon="-95.1431454901" />
  <node id="1880" visible="true" version="1" lat="43.1431426583" lon="-95.1431443021" />
  <node id="1881" visible="true" version="1" lat="43.1431426560" lon="-95.1431442625" />
  <node id="1882" visible="true" version="1" lat="43.1431426538" lon="-95.1431442228" />
  <node id="1883" visible="true" version="1" lat="43.1431426274" lon="-95.1431437414" />
  <node id="1884" visible="true" version="1" lat="43.1431423376" lon="-95.1431384466" />
  <node id="1885" visible="true" version="1" lat="43.1431423354" lon="-95.1431384069" />
  <node id="1886" visible="true" version="1" lat="43.1431423334" lon="-95.1431383671" />
  <node id="1887" visible="true" version="1" lat="43.1431422783" lon="-95.1431372855" />
  <node id="1888" visible="true" version="1" lat="43.1431422725" lon="-95.1431371722" />
  <node id="1889" visible="true" version="1" lat="43.1431422705" lon="-95.1431371323" />
  <node id="1890" visible="true" version="1" lat="43.1431422687" lon="-95.1431370924" />
  <node id="1891" visible="true" version="1" lat="43.1431419953" lon="-95.1431312886" />
  <node id="1892" visible="true" version="1" lat="43.1431419934" lon="-95.1431312487" />
  <node id="1893" visible="true" version="1" lat="43.1431419917" lon="-95.1431312087" />
  <node id="1894" visible="true" version="1" lat="43.1431419685" lon="-95.1431306722" />
  <node id="1895" visible="true" version="1" lat="43.1431419398" lon="-95.1431300093" />
  <node id="1896" visible="true" version="1" lat="43.1431419380" lon="-95.1431299694" />
  <node id="1897" visible="true" version="1" lat="43.1431419364" lon="-95.1431299293" />
  <node id="1898" visible="true" version="1" lat="43.1431418774" lon="-95.1431284339" />
  <node id="1899" visible="true" version="1" lat="43.1431417060" lon="-95.1431240977" />
  <node id="1900" visible="true" version="1" lat="43.1431417044" lon="-95.1431240577" />
  <node id="1901" visible="true" version="1" lat="43.1431417030" lon="-95.1431240177" />
  <node id="1902" visible="true" version="1" lat="43.1431416808" lon="-95.1431233962" />
  <node id="1903" visible="true" version="1" lat="43.1431416600" lon="-95.1431228164" />
  <node id="1904" visible="true" version="1" lat="43.1431416586" lon="-95.1431227763" />
  <node id="1905" visible="true" version="1" lat="43.1431416573" lon="-95.1431227362" />
  <node id="1906" visible="true" version="1" lat="43.1431415161" lon="-95.1431183262" />
  <node id="1907" visible="true" version="1" lat="43.1431414697" lon="-95.1431168767" />
  <node id="1908" visible="true" version="1" lat="43.1431414684" lon="-95.1431168367" />
  <node id="1909" visible="true" version="1" lat="43.1431414673" lon="-95.1431167967" />
  <node id="1910" visible="true" version="1" lat="43.1431414454" lon="-95.1431160231" />
  <node id="1911" visible="true" version="1" lat="43.1431414333" lon="-95.1431155959" />
  <node id="1912" visible="true" version="1" lat="43.1431414322" lon="-95.1431155559" />
  <node id="1913" visible="true" version="1" lat="43.1431414312" lon="-95.1431155158" />
  <node id="1914" visible="true" version="1" lat="43.1431413614" lon="-95.1431126755" />
  <node id="1915" visible="true" version="1" lat="43.1431412865" lon="-95.1431096260" />
  <node id="1916" visible="true" version="1" lat="43.1431412855" lon="-95.1431095882" />
  <node id="1917" visible="true" version="1" lat="43.1431412718" lon="-95.1431089866" />
  <node id="1918" visible="true" version="1" lat="43.1431412710" lon="-95.1431089489" />
  <node id="1919" visible="true" version="1" lat="43.1431253540" lon="-95.1423469844" />
  <node id="1920" visible="true" version="1" lat="43.1431253539" lon="-95.1423469809" />
  <node id="1921" visible="true" version="1" lat="43.1431253019" lon="-95.1423455859" />
  <node id="1922" visible="true" version="1" lat="43.1430898286" lon="-95.1418518597" />
  <node id="1923" visible="true" version="1" lat="43.1430841712" lon="-95.1418132668" />
  <node id="1924" visible="true" version="1" lat="43.1430841694" lon="-95.1418132555" />
  <node id="1925" visible="true" version="1" lat="43.1430841419" lon="-95.1418130750" />
  <node id="1926" visible="true" version="1" lat="43.1430841402" lon="-95.1418130638" />
  <node id="1927" visible="true" version="1" lat="43.1430838778" lon="-95.1418112858" />
  <node id="1928" visible="true" version="1" lat="43.1430838760" lon="-95.1418112740" />
  <node id="1929" visible="true" version="1" lat="43.1430838743" lon="-95.1418112621" />
  <node id="1930" visible="true" version="1" lat="43.1430838246" lon="-95.1418109048" />
  <node id="1931" visible="true" version="1" lat="43.1430838229" lon="-95.1418108928" />
  <node id="1932" visible="true" version="1" lat="43.1430838214" lon="-95.1418108809" />
  <node id="1933" visible="true" version="1" lat="43.1430835951" lon="-95.1418091311" />
  <node id="1934" visible="true" version="1" lat="43.1430835935" lon="-95.1418091191" />
  <node id="1935" visible="true" version="1" lat="43.1430835921" lon="-95.1418091072" />
  <node id="1936" visible="true" version="1" lat="43.1430835491" lon="-95.1418087475" />
  <node id="1937" visible="true" version="1" lat="43.1430835477" lon="-95.1418087355" />
  <node id="1938" visible="true" version="1" lat="43.1430835464" lon="-95.1418087235" />
  <node id="1939" visible="true" version="1" lat="43.1430834717" lon="-95.1418080418" />
  <node id="1940" visible="true" version="1" lat="43.1430833544" lon="-95.1418069722" />
  <node id="1941" visible="true" version="1" lat="43.1430833531" lon="-95.1418069603" />
  <node id="1942" visible="true" version="1" lat="43.1430833519" lon="-95.1418069484" />
  <node id="1943" visible="true" version="1" lat="43.1430833159" lon="-95.1418065907" />
  <node id="1944" visible="true" version="1" lat="43.1430833147" lon="-95.1418065788" />
  <node id="1945" visible="true" version="1" lat="43.1430833136" lon="-95.1418065669" />
  <node id="1946" visible="true" version="1" lat="43.1430832460" lon="-95.1418058214" />
  <node id="1947" visible="true" version="1" lat="43.1430831559" lon="-95.1418048274" />
  <node id="1948" visible="true" version="1" lat="43.1430831548" lon="-95.1418048154" />
  <node id="1949" visible="true" version="1" lat="43.1430831538" lon="-95.1418048035" />
  <node id="1950" visible="true" version="1" lat="43.1430831248" lon="-95.1418044447" />
  <node id="1951" visible="true" version="1" lat="43.1430831239" lon="-95.1418044328" />
  <node id="1952" visible="true" version="1" lat="43.1430831230" lon="-95.1418044208" />
  <node id="1953" visible="true" version="1" lat="43.1430830377" lon="-95.1418032163" />
  <node id="1954" visible="true" version="1" lat="43.1430829996" lon="-95.1418026809" />
  <node id="1955" visible="true" version="1" lat="43.1430829988" lon="-95.1418026690" />
  <node id="1956" visible="true" version="1" lat="43.1430829980" lon="-95.1418026571" />
  <node id="1957" visible="true" version="1" lat="43.1430829881" lon="-95.1418024947" />
  <node id="1958" visible="true" version="1" lat="43.1430829762" lon="-95.1418023011" />
  <node id="1959" visible="true" version="1" lat="43.1430829754" lon="-95.1418022892" />
  <node id="1960" visible="true" version="1" lat="43.1430829748" lon="-95.1418022773" />
  <node id="1961" visible="true" version="1" lat="43.1430828856" lon="-95.1418005453" />
  <node id="1962" visible="true" version="1" lat="43.1430828850" lon="-95.1418005335" />
  <node id="1963" visible="true" version="1" lat="43.1430828846" lon="-95.1418005216" />
  <node id="1964" visible="true" version="1" lat="43.1430828697" lon="-95.1418001656" />
  <node id="1965" visible="true" version="1" lat="43.1430828693" lon="-95.1418001538" />
  <node id="1966" visible="true" version="1" lat="43.1430828689" lon="-95.1418001419" />
  <node id="1967" visible="true" version="1" lat="43.1430828140" lon="-95.1417984102" />
  <node id="1968" visible="true" version="1" lat="43.1430828136" lon="-95.1417983984" />
  <node id="1969" visible="true" version="1" lat="43.1430828134" lon="-95.1417983867" />
  <node id="1970" visible="true" version="1" lat="43.1430828057" lon="-95.1417980340" />
  <node id="1971" visible="true" version="1" lat="43.1430828054" lon="-95.1417980222" />
  <node id="1972" visible="true" version="1" lat="43.1430828053" lon="-95.1417980105" />
  <node id="1973" visible="true" version="1" lat="43.1430828043" lon="-95.1417979293" />
  <node id="1974" visible="true" version="1" lat="43.1430827847" lon="-95.1417962827" />
  <node id="1975" visible="true" version="1" lat="43.1430827846" lon="-95.1417962716" />
  <node id="1976" visible="true" version="1" lat="43.1430827833" lon="-95.1417960950" />
  <node id="1977" visible="true" version="1" lat="43.1430827832" lon="-95.1417960840" />
  <node id="1978" visible="true" version="1" lat="43.1430820360" lon="-95.1414286174" />
  <node id="1979" visible="true" version="1" lat="43.1430820360" lon="-95.1414286100" />
  <node id="1980" visible="true" version="1" lat="43.1430820360" lon="-95.1414285982" />
  <node id="1981" visible="true" version="1" lat="43.1430820366" lon="-95.1414284113" />
  <node id="1982" visible="true" version="1" lat="43.1430820367" lon="-95.1414283996" />
  <node id="1983" visible="true" version="1" lat="43.1430820530" lon="-95.1414265577" />
  <node id="1984" visible="true" version="1" lat="43.1430820532" lon="-95.1414265453" />
  <node id="1985" visible="true" version="1" lat="43.1430820534" lon="-95.1414265329" />
  <node id="1986" visible="true" version="1" lat="43.1430820608" lon="-95.1414261594" />
  <node id="1987" visible="true" version="1" lat="43.1430820611" lon="-95.1414261469" />
  <node id="1988" visible="true" version="1" lat="43.1430820614" lon="-95.1414261344" />
  <node id="1989" visible="true" version="1" lat="43.1430821177" lon="-95.1414243097" />
  <node id="1990" visible="true" version="1" lat="43.1430821181" lon="-95.1414242972" />
  <node id="1991" visible="true" version="1" lat="43.1430821186" lon="-95.1414242847" />
  <node id="1992" visible="true" version="1" lat="43.1430821301" lon="-95.1414240122" />
  <node id="1993" visible="true" version="1" lat="43.1430821343" lon="-95.1414239103" />
  <node id="1994" visible="true" version="1" lat="43.1430821349" lon="-95.1414238978" />
  <node id="1995" visible="true" version="1" lat="43.1430821355" lon="-95.1414238854" />
  <node id="1996" visible="true" version="1" lat="43.1430822318" lon="-95.1414220653" />
  <node id="1997" visible="true" version="1" lat="43.1430822325" lon="-95.1414220527" />
  <node id="1998" visible="true" version="1" lat="43.1430822333" lon="-95.1414220403" />
  <node id="1999" visible="true" version="1" lat="43.1430822572" lon="-95.1414216657" />
  <node id="2000" visible="true" version="1" lat="43.1430822580" lon="-95.1414216533" />
  <node id="2001" visible="true" version="1" lat="43.1430822590" lon="-95.1414216408" />
  <node id="2002" visible="true" version="1" lat="43.1430823953" lon="-95.1414198252" />
  <node id="2003" visible="true" version="1" lat="43.1430823962" lon="-95.1414198127" />
  <node id="2004" visible="true" version="1" lat="43.1430823973" lon="-95.1414198003" />
  <node id="2005" visible="true" version="1" lat="43.1430824295" lon="-95.1414194263" />
  <node id="2006" visible="true" version="1" lat="43.1430824306" lon="-95.1414194139" />
  <node id="2007" visible="true" version="1" lat="43.1430824318" lon="-95.1414194014" />
  <node id="2008" visible="true" version="1" lat="43.1430826082" lon="-95.1414175904" />
  <node id="2009" visible="true" version="1" lat="43.1430826093" lon="-95.1414175780" />
  <node id="2010" visible="true" version="1" lat="43.1430826107" lon="-95.1414175655" />
  <node id="2011" visible="true" version="1" lat="43.1430826511" lon="-95.1414171929" />
  <node id="2012" visible="true" version="1" lat="43.1430826525" lon="-95.1414171805" />
  <node id="2013" visible="true" version="1" lat="43.1430826540" lon="-95.1414171681" />
  <node id="2014" visible="true" version="1" lat="43.1430828162" lon="-95.1414158136" />
  <node id="2015" visible="true" version="1" lat="43.1430828704" lon="-95.1414153615" />
  <node id="2016" visible="true" version="1" lat="43.1430828718" lon="-95.1414153492" />
  <node id="2017" visible="true" version="1" lat="43.1430828734" lon="-95.1414153368" />
  <node id="2018" visible="true" version="1" lat="43.1430828844" lon="-95.1414152534" />
  <node id="2019" visible="true" version="1" lat="43.1430829220" lon="-95.1414149661" />
  <node id="2020" visible="true" version="1" lat="43.1430829236" lon="-95.1414149538" />
  <node id="2021" visible="true" version="1" lat="43.1430829254" lon="-95.1414149415" />
  <node id="2022" visible="true" version="1" lat="43.1430829983" lon="-95.1414144291" />
  <node id="2023" visible="true" version="1" lat="43.1430831817" lon="-95.1414131393" />
  <node id="2024" visible="true" version="1" lat="43.1430831835" lon="-95.1414131271" />
  <node id="2025" visible="true" version="1" lat="43.1430831854" lon="-95.1414131148" />
  <node id="2026" visible="true" version="1" lat="43.1430832299" lon="-95.1414128246" />
  <node id="2027" visible="true" version="1" lat="43.1430832419" lon="-95.1414127468" />
  <node id="2028" visible="true" version="1" lat="43.1430832438" lon="-95.1414127346" />
  <node id="2029" visible="true" version="1" lat="43.1430832458" lon="-95.1414127223" />
  <node id="2030" visible="true" version="1" lat="43.1430833391" lon="-95.1414121563" />
  <node id="2031" visible="true" version="1" lat="43.1430835423" lon="-95.1414109240" />
  <node id="2032" visible="true" version="1" lat="43.1430835442" lon="-95.1414109125" />
  <node id="2033" visible="true" version="1" lat="43.1430835755" lon="-95.1414107290" />
  <node id="2034" visible="true" version="1" lat="43.1430835774" lon="-95.1414107175" />
  <node id="2035" visible="true" version="1" lat="43.1431044771" lon="-95.1412921295" />
  <node id="2036" visible="true" version="1" lat="43.1431044774" lon="-95.1412921274" />
  <node id="2037" visible="true" version="1" lat="43.1431045393" lon="-95.1412915866" />
  <node id="2038" visible="true" version="1" lat="43.1431249724" lon="-95.1409113868" />
  <node id="2039" visible="true" version="1" lat="43.1431249758" lon="-95.1409113231" />
  <node id="2040" visible="true" version="1" lat="43.1431249828" lon="-95.1409112599" />
  <node id="2041" visible="true" version="1" lat="43.1431251921" lon="-95.1409093635" />
  <node id="2042" visible="true" version="1" lat="43.1431251991" lon="-95.1409093002" />
  <node id="2043" visible="true" version="1" lat="43.1431252096" lon="-95.1409092376" />
  <node id="2044" visible="true" version="1" lat="43.1431357429" lon="-95.1408465501" />
  <node id="2045" visible="true" version="1" lat="43.1432105112" lon="-95.1404015501" />
  <node id="2046" visible="true" version="1" lat="43.1432105629" lon="-95.1404011120" />
  <node id="2047" visible="true" version="1" lat="43.1432449031" lon="-95.1399013305" />
  <node id="2048" visible="true" version="1" lat="43.1432449064" lon="-95.1399012782" />
  <node id="2049" visible="true" version="1" lat="43.1432449385" lon="-95.1399007170" />
  <node id="2050" visible="true" version="1" lat="43.1432449956" lon="-95.1398997169" />
  <node id="2051" visible="true" version="1" lat="43.1432450003" lon="-95.1398996118" />
  <node id="2052" visible="true" version="1" lat="43.1432450205" lon="-95.1398990156" />
  <node id="2053" visible="true" version="1" lat="43.1432450486" lon="-95.1398981854" />
  <node id="2054" visible="true" version="1" lat="43.1432450510" lon="-95.1398980798" />
  <node id="2055" visible="true" version="1" lat="43.1432450609" lon="-95.1398971458" />
  <node id="2056" visible="true" version="1" lat="43.1432450661" lon="-95.1398966567" />
  <node id="2057" visible="true" version="1" lat="43.1432450660" lon="-95.1398965509" />
  <node id="2058" visible="true" version="1" lat="43.1432450508" lon="-95.1398953545" />
  <node id="2059" visible="true" version="1" lat="43.1432450479" lon="-95.1398951300" />
  <node id="2060" visible="true" version="1" lat="43.1432450453" lon="-95.1398950241" />
  <node id="2061" visible="true" version="1" lat="43.1432449941" lon="-95.1398936043" />
  <node id="2062" visible="true" version="1" lat="43.1432449891" lon="-95.1398934986" />
  <node id="2063" visible="true" version="1" lat="43.1432449271" lon="-95.1398924562" />
  <node id="2064" visible="true" version="1" lat="43.1432449047" lon="-95.1398920787" />
  <node id="2065" visible="true" version="1" lat="43.1432448972" lon="-95.1398919734" />
  <node id="2066" visible="true" version="1" lat="43.1432448400" lon="-95.1398912828" />
  <node id="2067" visible="true" version="1" lat="43.1432447795" lon="-95.1398905523" />
  <node id="2068" visible="true" version="1" lat="43.1432447696" lon="-95.1398904477" />
  <node id="2069" visible="true" version="1" lat="43.1432446045" lon="-95.1398888946" />
  <node id="2070" visible="true" version="1" lat="43.1432445987" lon="-95.1398888426" />
  <node id="2071" visible="true" version="1" lat="43.1432165892" lon="-95.1396515202" />
  <node id="2072" visible="true" version="1" lat="43.1432165875" lon="-95.1396515058" />
  <node id="2073" visible="true" version="1" lat="43.1432165619" lon="-95.1396512752" />
  <node id="2074" visible="true" version="1" lat="43.1432165603" lon="-95.1396512608" />
  <node id="2075" visible="true" version="1" lat="43.1432163228" lon="-95.1396489815" />
  <node id="2076" visible="true" version="1" lat="43.1432163212" lon="-95.1396489662" />
  <node id="2077" visible="true" version="1" lat="43.1432163198" lon="-95.1396489508" />
  <node id="2078" visible="true" version="1" lat="43.1432162780" lon="-95.1396484880" />
  <node id="2079" visible="true" version="1" lat="43.1432162766" lon="-95.1396484726" />
  <node id="2080" visible="true" version="1" lat="43.1432162754" lon="-95.1396484571" />
  <node id="2081" visible="true" version="1" lat="43.1432161020" lon="-95.1396461928" />
  <node id="2082" visible="true" version="1" lat="43.1432161008" lon="-95.1396461773" />
  <node id="2083" visible="true" version="1" lat="43.1432160998" lon="-95.1396461618" />
  <node id="2084" visible="true" version="1" lat="43.1432160822" lon="-95.1396458824" />
  <node id="2085" visible="true" version="1" lat="43.1432160705" lon="-95.1396456954" />
  <node id="2086" visible="true" version="1" lat="43.1432160695" lon="-95.1396456799" />
  <node id="2087" visible="true" version="1" lat="43.1432160688" lon="-95.1396456643" />
  <node id="2088" visible="true" version="1" lat="43.1432160225" lon="-95.1396447203" />
  <node id="2089" visible="true" version="1" lat="43.1432159578" lon="-95.1396433996" />
  <node id="2090" visible="true" version="1" lat="43.1432159570" lon="-95.1396433840" />
  <node id="2091" visible="true" version="1" lat="43.1432159565" lon="-95.1396433683" />
  <node id="2092" visible="true" version="1" lat="43.1432159433" lon="-95.1396429919" />
  <node id="2093" visible="true" version="1" lat="43.1432159400" lon="-95.1396428997" />
  <node id="2094" visible="true" version="1" lat="43.1432159395" lon="-95.1396428841" />
  <node id="2095" visible="true" version="1" lat="43.1432159391" lon="-95.1396428685" />
  <node id="2096" visible="true" version="1" lat="43.1432159340" lon="-95.1396426284" />
  <node id="2097" visible="true" version="1" lat="43.1432158906" lon="-95.1396406033" />
  <node id="2098" visible="true" version="1" lat="43.1432158903" lon="-95.1396405876" />
  <node id="2099" visible="true" version="1" lat="43.1432158902" lon="-95.1396405720" />
  <node id="2100" visible="true" version="1" lat="43.1432158866" lon="-95.1396401025" />
  <node id="2101" visible="true" version="1" lat="43.1432158865" lon="-95.1396400868" />
  <node id="2102" visible="true" version="1" lat="43.1432158866" lon="-95.1396400712" />
  <node id="2103" visible="true" version="1" lat="43.1432159006" lon="-95.1396378054" />
  <node id="2104" visible="true" version="1" lat="43.1432159006" lon="-95.1396377897" />
  <node id="2105" visible="true" version="1" lat="43.1432159010" lon="-95.1396377741" />
  <node id="2106" visible="true" version="1" lat="43.1432159055" lon="-95.1396375479" />
  <node id="2107" visible="true" version="1" lat="43.1432159103" lon="-95.1396373052" />
  <node id="2108" visible="true" version="1" lat="43.1432159106" lon="-95.1396372896" />
  <node id="2109" visible="true" version="1" lat="43.1432159112" lon="-95.1396372740" />
  <node id="2110" visible="true" version="1" lat="43.1432159876" lon="-95.1396350074" />
  <node id="2111" visible="true" version="1" lat="43.1432159881" lon="-95.1396349918" />
  <node id="2112" visible="true" version="1" lat="43.1432159889" lon="-95.1396349762" />
  <node id="2113" visible="true" version="1" lat="43.1432160093" lon="-95.1396345459" />
  <node id="2114" visible="true" version="1" lat="43.1432160110" lon="-95.1396345093" />
  <node id="2115" visible="true" version="1" lat="43.1432160118" lon="-95.1396344938" />
  <node id="2116" visible="true" version="1" lat="43.1432160127" lon="-95.1396344782" />
  <node id="2117" visible="true" version="1" lat="43.1432160517" lon="-95.1396338411" />
  <node id="2118" visible="true" version="1" lat="43.1432161516" lon="-95.1396322108" />
  <node id="2119" visible="true" version="1" lat="43.1432161526" lon="-95.1396321954" />
  <node id="2120" visible="true" version="1" lat="43.1432161537" lon="-95.1396321799" />
  <node id="2121" visible="true" version="1" lat="43.1432161885" lon="-95.1396317163" />
  <node id="2122" visible="true" version="1" lat="43.1432161897" lon="-95.1396317009" />
  <node id="2123" visible="true" version="1" lat="43.1432161911" lon="-95.1396316854" />
  <node id="2124" visible="true" version="1" lat="43.1432162732" lon="-95.1396307606" />
  <node id="2125" visible="true" version="1" lat="43.1432163925" lon="-95.1396294163" />
  <node id="2126" visible="true" version="1" lat="43.1432163938" lon="-95.1396294018" />
  <node id="2127" visible="true" version="1" lat="43.1432164159" lon="-95.1396291709" />
  <node id="2128" visible="true" version="1" lat="43.1432164173" lon="-95.1396291564" />
  <node id="2129" visible="true" version="1" lat="43.1432272693" lon="-95.1395233321" />
  <node id="2130" visible="true" version="1" lat="43.1432272704" lon="-95.1395233221" />
  <node id="2131" visible="true" version="1" lat="43.1432272715" lon="-95.1395233120" />
  <node id="2132" visible="true" version="1" lat="43.1432273052" lon="-95.1395230099" />
  <node id="2133" visible="true" version="1" lat="43.1432273063" lon="-95.1395229999" />
  <node id="2134" visible="true" version="1" lat="43.1432273075" lon="-95.1395229898" />
  <node id="2135" visible="true" version="1" lat="43.1432275024" lon="-95.1395213758" />
  <node id="2136" visible="true" version="1" lat="43.1432276692" lon="-95.1395199936" />
  <node id="2137" visible="true" version="1" lat="43.1432276717" lon="-95.1395199733" />
  <node id="2138" visible="true" version="1" lat="43.1432276745" lon="-95.1395199530" />
  <node id="2139" visible="true" version="1" lat="43.1432276798" lon="-95.1395199149" />
  <node id="2140" visible="true" version="1" lat="43.1432277589" lon="-95.1395193465" />
  <node id="2141" visible="true" version="1" lat="43.1432277617" lon="-95.1395193263" />
  <node id="2142" visible="true" version="1" lat="43.1432277649" lon="-95.1395193061" />
  <node id="2143" visible="true" version="1" lat="43.1432280256" lon="-95.1395176531" />
  <node id="2144" visible="true" version="1" lat="43.1432282303" lon="-95.1395163555" />
  <node id="2145" visible="true" version="1" lat="43.1432282335" lon="-95.1395163352" />
  <node id="2146" visible="true" version="1" lat="43.1432282370" lon="-95.1395163149" />
  <node id="2147" visible="true" version="1" lat="43.1432282704" lon="-95.1395161260" />
  <node id="2148" visible="true" version="1" lat="43.1432283443" lon="-95.1395157076" />
  <node id="2149" visible="true" version="1" lat="43.1432283479" lon="-95.1395156874" />
  <node id="2150" visible="true" version="1" lat="43.1432283518" lon="-95.1395156672" />
  <node id="2151" visible="true" version="1" lat="43.1432289220" lon="-95.1395127521" />
  <node id="2152" visible="true" version="1" lat="43.1432289259" lon="-95.1395127318" />
  <node id="2153" visible="true" version="1" lat="43.1432289303" lon="-95.1395127116" />
  <node id="2154" visible="true" version="1" lat="43.1432290603" lon="-95.1395121068" />
  <node id="2155" visible="true" version="1" lat="43.1432290646" lon="-95.1395120867" />
  <node id="2156" visible="true" version="1" lat="43.1432290693" lon="-95.1395120666" />
  <node id="2157" visible="true" version="1" lat="43.1432295432" lon="-95.1395100449" />
  <node id="2158" visible="true" version="1" lat="43.1432297444" lon="-95.1395091867" />
  <node id="2159" visible="true" version="1" lat="43.1432297491" lon="-95.1395091667" />
  <node id="2160" visible="true" version="1" lat="43.1432297542" lon="-95.1395091467" />
  <node id="2161" visible="true" version="1" lat="43.1432299064" lon="-95.1395085476" />
  <node id="2162" visible="true" version="1" lat="43.1432299115" lon="-95.1395085276" />
  <node id="2163" visible="true" version="1" lat="43.1432299169" lon="-95.1395085078" />
  <node id="2164" visible="true" version="1" lat="43.1432301957" lon="-95.1395074910" />
  <node id="2165" visible="true" version="1" lat="43.1432306969" lon="-95.1395056629" />
  <node id="2166" visible="true" version="1" lat="43.1432307023" lon="-95.1395056432" />
  <node id="2167" visible="true" version="1" lat="43.1432307081" lon="-95.1395056235" />
  <node id="2168" visible="true" version="1" lat="43.1432307390" lon="-95.1395055188" />
  <node id="2169" visible="true" version="1" lat="43.1432308819" lon="-95.1395050333" />
  <node id="2170" visible="true" version="1" lat="43.1432308877" lon="-95.1395050136" />
  <node id="2171" visible="true" version="1" lat="43.1432308938" lon="-95.1395049941" />
  <node id="2172" visible="true" version="1" lat="43.1432317787" lon="-95.1395021841" />
  <node id="2173" visible="true" version="1" lat="43.1432317849" lon="-95.1395021646" />
  <node id="2174" visible="true" version="1" lat="43.1432317913" lon="-95.1395021454" />
  <node id="2175" visible="true" version="1" lat="43.1432319854" lon="-95.1395015670" />
  <node id="2176" visible="true" version="1" lat="43.1432319919" lon="-95.1395015478" />
  <node id="2177" visible="true" version="1" lat="43.1432319987" lon="-95.1395015287" />
  <node id="2178" visible="true" version="1" lat="43.1432325741" lon="-95.1394999155" />
  <node id="2179" visible="true" version="1" lat="43.1432329887" lon="-95.1394987533" />
  <node id="2180" visible="true" version="1" lat="43.1432329955" lon="-95.1394987343" />
  <node id="2181" visible="true" version="1" lat="43.1432330026" lon="-95.1394987155" />
  <node id="2182" visible="true" version="1" lat="43.1432331713" lon="-95.1394982690" />
  <node id="2183" visible="true" version="1" lat="43.1432332156" lon="-95.1394981519" />
  <node id="2184" visible="true" version="1" lat="43.1432332227" lon="-95.1394981331" />
  <node id="2185" visible="true" version="1" lat="43.1432332301" lon="-95.1394981145" />
  <node id="2186" visible="true" version="1" lat="43.1432332786" lon="-95.1394979932" />
  <node id="2187" visible="true" version="1" lat="43.1432343289" lon="-95.1394953644" />
  <node id="2188" visible="true" version="1" lat="43.1432343326" lon="-95.1394953552" />
  <node id="2189" visible="true" version="1" lat="43.1432343364" lon="-95.1394953460" />
  <node id="2190" visible="true" version="1" lat="43.1432344073" lon="-95.1394951733" />
  <node id="2191" visible="true" version="1" lat="43.1432344495" lon="-95.1394950705" />
  <node id="2192" visible="true" version="1" lat="43.1432344532" lon="-95.1394950614" />
  <node id="2193" visible="true" version="1" lat="43.1432344571" lon="-95.1394950522" />
  <node id="2194" visible="true" version="1" lat="43.1434409673" lon="-95.1390049766" />
  <node id="2195" visible="true" version="1" lat="43.1434409883" lon="-95.1390049258" />
  <node id="2196" visible="true" version="1" lat="43.1434416069" lon="-95.1390034030" />
  <node id="2197" visible="true" version="1" lat="43.1434416472" lon="-95.1390033000" />
  <node id="2198" visible="true" version="1" lat="43.1434421764" lon="-95.1390018936" />
  <node id="2199" visible="true" version="1" lat="43.1434422143" lon="-95.1390017888" />
  <node id="2200" visible="true" version="1" lat="43.1434427065" lon="-95.1390003705" />
  <node id="2201" visible="true" version="1" lat="43.1434427419" lon="-95.1390002643" />
  <node id="2202" visible="true" version="1" lat="43.1434431976" lon="-95.1389988329" />
  <node id="2203" visible="true" version="1" lat="43.1434432303" lon="-95.1389987255" />
  <node id="2204" visible="true" version="1" lat="43.1434433397" lon="-95.1389983485" />
  <node id="2205" visible="true" version="1" lat="43.1434436500" lon="-95.1389972797" />
  <node id="2206" visible="true" version="1" lat="43.1434436799" lon="-95.1389971714" />
  <node id="2207" visible="true" version="1" lat="43.1434440639" lon="-95.1389957098" />
  <node id="2208" visible="true" version="1" lat="43.1434440911" lon="-95.1389956008" />
  <node id="2209" visible="true" version="1" lat="43.1434444396" lon="-95.1389941221" />
  <node id="2210" visible="true" version="1" lat="43.1434444640" lon="-95.1389940127" />
  <node id="2211" visible="true" version="1" lat="43.1434445446" lon="-95.1389936274" />
  <node id="2212" visible="true" version="1" lat="43.1434448058" lon="-95.1389923792" />
  <node id="2213" visible="true" version="1" lat="43.1434448169" lon="-95.1389923244" />
  <node id="2214" visible="true" version="1" lat="43.1434669237" lon="-95.1388796378" />
  <node id="2215" visible="true" version="1" lat="43.1434669315" lon="-95.1388795971" />
  <node id="2216" visible="true" version="1" lat="43.1434671577" lon="-95.1388783844" />
  <node id="2217" visible="true" version="1" lat="43.1434671722" lon="-95.1388783026" />
  <node id="2218" visible="true" version="1" lat="43.1434673585" lon="-95.1388771900" />
  <node id="2219" visible="true" version="1" lat="43.1434673715" lon="-95.1388771077" />
  <node id="2220" visible="true" version="1" lat="43.1434675369" lon="-95.1388759928" />
  <node id="2221" visible="true" version="1" lat="43.1434675485" lon="-95.1388759101" />
  <node id="2222" visible="true" version="1" lat="43.1434676195" lon="-95.1388753611" />
  <node id="2223" visible="true" version="1" lat="43.1434676932" lon="-95.1388747925" />
  <node id="2224" visible="true" version="1" lat="43.1434677031" lon="-95.1388747095" />
  <node id="2225" visible="true" version="1" lat="43.1434678272" lon="-95.1388735887" />
  <node id="2226" visible="true" version="1" lat="43.1434678356" lon="-95.1388735055" />
  <node id="2227" visible="true" version="1" lat="43.1434679391" lon="-95.1388723809" />
  <node id="2228" visible="true" version="1" lat="43.1434679460" lon="-95.1388722976" />
  <node id="2229" visible="true" version="1" lat="43.1434680289" lon="-95.1388711686" />
  <node id="2230" visible="true" version="1" lat="43.1434680342" lon="-95.1388710853" />
  <node id="2231" visible="true" version="1" lat="43.1434680604" lon="-95.1388706084" />
  <node id="2232" visible="true" version="1" lat="43.1434681022" lon="-95.1388698477" />
  <node id="2233" visible="true" version="1" lat="43.1434681043" lon="-95.1388698061" />
  <node id="2234" visible="true" version="1" lat="43.1434733289" lon="-95.1387555600" />
  <node id="2235" visible="true" version="1" lat="43.1434733307" lon="-95.1387555162" />
  <node id="2236" visible="true" version="1" lat="43.1434733777" lon="-95.1387542107" />
  <node id="2237" visible="true" version="1" lat="43.1434733800" lon="-95.1387541228" />
  <node id="2238" visible="true" version="1" lat="43.1434733999" lon="-95.1387529295" />
  <node id="2239" visible="true" version="1" lat="43.1434734005" lon="-95.1387528414" />
  <node id="2240" visible="true" version="1" lat="43.1434733973" lon="-95.1387516504" />
  <node id="2241" visible="true" version="1" lat="43.1434733962" lon="-95.1387515621" />
  <node id="2242" visible="true" version="1" lat="43.1434733918" lon="-95.1387513666" />
  <node id="2243" visible="true" version="1" lat="43.1434733698" lon="-95.1387503728" />
  <node id="2244" visible="true" version="1" lat="43.1434733670" lon="-95.1387502845" />
  <node id="2245" visible="true" version="1" lat="43.1434733175" lon="-95.1387490962" />
  <node id="2246" visible="true" version="1" lat="43.1434733129" lon="-95.1387490081" />
  <node id="2247" visible="true" version="1" lat="43.1434732403" lon="-95.1387478200" />
  <node id="2248" visible="true" version="1" lat="43.1434732340" lon="-95.1387477321" />
  <node id="2249" visible="true" version="1" lat="43.1434731807" lon="-95.1387470711" />
  <node id="2250" visible="true" version="1" lat="43.1434731381" lon="-95.1387465438" />
  <node id="2251" visible="true" version="1" lat="43.1434731302" lon="-95.1387464563" />
  <node id="2252" visible="true" version="1" lat="43.1434730001" lon="-95.1387451582" />
  <node id="2253" visible="true" version="1" lat="43.1434729954" lon="-95.1387451147" />
  <node id="2254" visible="true" version="1" lat="43.1434457237" lon="-95.1384973681" />
  <node id="2255" visible="true" version="1" lat="43.1434457167" lon="-95.1384973039" />
  <node id="2256" visible="true" version="1" lat="43.1434457133" lon="-95.1384972393" />
  <node id="2257" visible="true" version="1" lat="43.1434456760" lon="-95.1384965311" />
  <node id="2258" visible="true" version="1" lat="43.1434456115" lon="-95.1384953034" />
  <node id="2259" visible="true" version="1" lat="43.1434456081" lon="-95.1384952388" />
  <node id="2260" visible="true" version="1" lat="43.1434456084" lon="-95.1384951741" />
  <node id="2261" visible="true" version="1" lat="43.1434478752" lon="-95.1379864640" />
  <node id="2262" visible="true" version="1" lat="43.1434478755" lon="-95.1379864017" />
  <node id="2263" visible="true" version="1" lat="43.1434478792" lon="-95.1379863395" />
  <node id="2264" visible="true" version="1" lat="43.1434479899" lon="-95.1379844762" />
  <node id="2265" visible="true" version="1" lat="43.1434479936" lon="-95.1379844141" />
  <node id="2266" visible="true" version="1" lat="43.1434480007" lon="-95.1379843523" />
  <node id="2267" visible="true" version="1" lat="43.1434553933" lon="-95.1379199806" />
  <node id="2268" visible="true" version="1" lat="43.1434918123" lon="-95.1376028400" />
  <node id="2269" visible="true" version="1" lat="43.1434918185" lon="-95.1376027863" />
  <node id="2270" visible="true" version="1" lat="43.1434918272" lon="-95.1376027330" />
  <node id="2271" visible="true" version="1" lat="43.1434918760" lon="-95.1376024353" />
  <node id="2272" visible="true" version="1" lat="43.1434920886" lon="-95.1376011370" />
  <node id="2273" visible="true" version="1" lat="43.1434920973" lon="-95.1376010837" />
  <node id="2274" visible="true" version="1" lat="43.1434921086" lon="-95.1376010311" />
  <node id="2275" visible="true" version="1" lat="43.1435462704" lon="-95.1373475897" />
  <node id="2276" visible="true" version="1" lat="43.1435463338" lon="-95.1373472164" />
  <node id="2277" visible="true" version="1" lat="43.1435936594" lon="-95.1369735969" />
  <node id="2278" visible="true" version="1" lat="43.1435936651" lon="-95.1369735503" />
  <node id="2279" visible="true" version="1" lat="43.1435938263" lon="-95.1369721618" />
  <node id="2280" visible="true" version="1" lat="43.1435938362" lon="-95.1369720683" />
  <node id="2281" visible="true" version="1" lat="43.1435939439" lon="-95.1369709355" />
  <node id="2282" visible="true" version="1" lat="43.1435939570" lon="-95.1369707968" />
  <node id="2283" visible="true" version="1" lat="43.1435939650" lon="-95.1369707028" />
  <node id="2284" visible="true" version="1" lat="43.1435940591" lon="-95.1369694315" />
  <node id="2285" visible="true" version="1" lat="43.1435940651" lon="-95.1369693371" />
  <node id="2286" visible="true" version="1" lat="43.1435940913" lon="-95.1369688438" />
  <node id="2287" visible="true" version="1" lat="43.1435941327" lon="-95.1369680651" />
  <node id="2288" visible="true" version="1" lat="43.1435941367" lon="-95.1369679705" />
  <node id="2289" visible="true" version="1" lat="43.1435941649" lon="-95.1369670954" />
  <node id="2290" visible="true" version="1" lat="43.1435941777" lon="-95.1369666970" />
  <node id="2291" visible="true" version="1" lat="43.1435941797" lon="-95.1369666024" />
  <node id="2292" visible="true" version="1" lat="43.1435941851" lon="-95.1369661306" />
  <node id="2293" visible="true" version="1" lat="43.1435941942" lon="-95.1369653266" />
  <node id="2294" visible="true" version="1" lat="43.1435941943" lon="-95.1369652321" />
  <node id="2295" visible="true" version="1" lat="43.1435941821" lon="-95.1369639533" />
  <node id="2296" visible="true" version="1" lat="43.1435941803" lon="-95.1369638590" />
  <node id="2297" visible="true" version="1" lat="43.1435941704" lon="-95.1369635338" />
  <node id="2298" visible="true" version="1" lat="43.1435941379" lon="-95.1369624592" />
  <node id="2299" visible="true" version="1" lat="43.1435941362" lon="-95.1369624122" />
  <node id="2300" visible="true" version="1" lat="43.1435897293" lon="-95.1368539193" />
  <node id="2301" visible="true" version="1" lat="43.1435897256" lon="-95.1368538437" />
  <node id="2302" visible="true" version="1" lat="43.1435895955" lon="-95.1368515754" />
  <node id="2303" visible="true" version="1" lat="43.1435895843" lon="-95.1368514235" />
  <node id="2304" visible="true" version="1" lat="43.1435893970" lon="-95.1368493693" />
  <node id="2305" visible="true" version="1" lat="43.1435893804" lon="-95.1368492168" />
  <node id="2306" visible="true" version="1" lat="43.1435891254" lon="-95.1368471856" />
  <node id="2307" visible="true" version="1" lat="43.1435891037" lon="-95.1368470332" />
  <node id="2308" visible="true" version="1" lat="43.1435887808" lon="-95.1368450215" />
  <node id="2309" visible="true" version="1" lat="43.1435887539" lon="-95.1368448700" />
  <node id="2310" visible="true" version="1" lat="43.1435883628" lon="-95.1368428742" />
  <node id="2311" visible="true" version="1" lat="43.1435883308" lon="-95.1368427242" />
  <node id="2312" visible="true" version="1" lat="43.1435878707" lon="-95.1368407410" />
  <node id="2313" visible="true" version="1" lat="43.1435878337" lon="-95.1368405933" />
  <node id="2314" visible="true" version="1" lat="43.1435873035" lon="-95.1368386194" />
  <node id="2315" visible="true" version="1" lat="43.1435872619" lon="-95.1368384745" />
  <node id="2316" visible="true" version="1" lat="43.1435866059" lon="-95.1368363294" />
  <node id="2317" visible="true" version="1" lat="43.1435865834" lon="-95.1368362582" />
  <node id="2318" visible="true" version="1" lat="43.1434734008" lon="-95.1364876756" />
  <node id="2319" visible="true" version="1" lat="43.1434733524" lon="-95.1364875345" />
  <node id="2320" visible="true" version="1" lat="43.1434717610" lon="-95.1364831540" />
  <node id="2321" visible="true" version="1" lat="43.1434716460" lon="-95.1364828698" />
  <node id="2322" visible="true" version="1" lat="43.1434714127" lon="-95.1364823481" />
  <node id="2323" visible="true" version="1" lat="43.1434699759" lon="-95.1364791351" />
  <node id="2324" visible="true" version="1" lat="43.1434698367" lon="-95.1364788530" />
  <node id="2325" visible="true" version="1" lat="43.1434679626" lon="-95.1364753920" />
  <node id="2326" visible="true" version="1" lat="43.1434678003" lon="-95.1364751185" />
  <node id="2327" visible="true" version="1" lat="43.1434657136" lon="-95.1364718993" />
  <node id="2328" visible="true" version="1" lat="43.1434655305" lon="-95.1364716405" />
  <node id="2329" visible="true" version="1" lat="43.1434632152" lon="-95.1364686338" />
  <node id="2330" visible="true" version="1" lat="43.1434630153" lon="-95.1364683951" />
  <node id="2331" visible="true" version="1" lat="43.1434610497" lon="-95.1364662361" />
  <node id="2332" visible="true" version="1" lat="43.1434604496" lon="-95.1364655769" />
  <node id="2333" visible="true" version="1" lat="43.1434602376" lon="-95.1364653624" />
  <node id="2334" visible="true" version="1" lat="43.1434573961" lon="-95.1364627163" />
  <node id="2335" visible="true" version="1" lat="43.1434571773" lon="-95.1364625286" />
  <node id="2336" visible="true" version="1" lat="43.1434548611" lon="-95.1364606999" />
  <node id="2337" visible="true" version="1" lat="43.1434537682" lon="-95.1364598371" />
  <node id="2338" visible="true" version="1" lat="43.1434536579" lon="-95.1364597535" />
  <node id="2339" visible="true" version="1" lat="43.1434039841" lon="-95.1364236682" />
  <node id="2340" visible="true" version="1" lat="43.1434038350" lon="-95.1364235658" />
  <node id="2341" visible="true" version="1" lat="43.1433989730" lon="-95.1364204148" />
  <node id="2342" visible="true" version="1" lat="43.1433969454" lon="-95.1364191008" />
  <node id="2343" visible="true" version="1" lat="43.1433965592" lon="-95.1364188857" />
  <node id="2344" visible="true" version="1" lat="43.1433913105" lon="-95.1364164110" />
  <node id="2345" visible="true" version="1" lat="43.1433910423" lon="-95.1364162991" />
  <node id="2346" visible="true" version="1" lat="43.1433907671" lon="-95.1364162131" />
  <node id="2347" visible="true" version="1" lat="43.1433870554" lon="-95.1364152392" />
  <node id="2348" visible="true" version="1" lat="43.1433866886" lon="-95.1364151665" />
  <node id="2349" visible="true" version="1" lat="43.1433863171" lon="-95.1364151395" />
  <node id="2350" visible="true" version="1" lat="43.1433860086" lon="-95.1364151362" />
  <node id="2351" visible="true" version="1" lat="43.1433841844" lon="-95.1364151164" />
  <node id="2352" visible="true" version="1" lat="43.1433838814" lon="-95.1364151283" />
  <node id="2353" visible="true" version="1" lat="43.1433835804" lon="-95.1364151707" />
  <node id="2354" visible="true" version="1" lat="43.1433832838" lon="-95.1364152432" />
  <node id="2355" visible="true" version="1" lat="43.1433822397" lon="-95.1364155538" />
  <node id="2356" visible="true" version="1" lat="43.1433819272" lon="-95.1364156651" />
  <node id="2357" visible="true" version="1" lat="43.1433816252" lon="-95.1364158098" />
  <node id="2358" visible="true" version="1" lat="43.1433813365" lon="-95.1364159866" />
  <node id="2359" visible="true" version="1" lat="43.1433804104" lon="-95.1364166204" />
  <node id="2360" visible="true" version="1" lat="43.1433801570" lon="-95.1364168115" />
  <node id="2361" visible="true" version="1" lat="43.1433799193" lon="-95.1364170273" />
  <node id="2362" visible="true" version="1" lat="43.1433796990" lon="-95.1364172662" />
  <node id="2363" visible="true" version="1" lat="43.1433782153" lon="-95.1364190227" />
  <node id="2364" visible="true" version="1" lat="43.1433779711" lon="-95.1364193447" />
  <node id="2365" visible="true" version="1" lat="43.1433777586" lon="-95.1364196951" />
  <node id="2366" visible="true" version="1" lat="43.1433776567" lon="-95.1364198841" />
  <node id="2367" visible="true" version="1" lat="43.1433757561" lon="-95.1364234077" />
  <node id="2368" visible="true" version="1" lat="43.1433756162" lon="-95.1364236928" />
  <node id="2369" visible="true" version="1" lat="43.1433754973" lon="-95.1364239901" />
  <node id="2370" visible="true" version="1" lat="43.1433746868" lon="-95.1364262594" />
  <node id="2371" visible="true" version="1" lat="43.1433733469" lon="-95.1364300111" />
  <node id="2372" visible="true" version="1" lat="43.1433732092" lon="-95.1364304774" />
  <node id="2373" visible="true" version="1" lat="43.1433711419" lon="-95.1364392353" />
  <node id="2374" visible="true" version="1" lat="43.1433711008" lon="-95.1364394289" />
  <node id="2375" visible="true" version="1" lat="43.1433702204" lon="-95.1364440733" />
  <node id="2376" visible="true" version="1" lat="43.1433687141" lon="-95.1364520196" />
  <node id="2377" visible="true" version="1" lat="43.1433687007" lon="-95.1364520936" />
  <node id="2378" visible="true" version="1" lat="43.1433686289" lon="-95.1364525103" />
  <node id="2379" visible="true" version="1" lat="43.1433683172" lon="-95.1364543205" />
  <node id="2380" visible="true" version="1" lat="43.1433682940" lon="-95.1364544705" />
  <node id="2381" visible="true" version="1" lat="43.1433682150" lon="-95.1364550446" />
  <node id="2382" visible="true" version="1" lat="43.1433680137" lon="-95.1364565078" />
  <node id="2383" visible="true" version="1" lat="43.1433679954" lon="-95.1364566598" />
  <node id="2384" visible="true" version="1" lat="43.1433679114" lon="-95.1364574743" />
  <node id="2385" visible="true" version="1" lat="43.1433677855" lon="-95.1364586949" />
  <node id="2386" visible="true" version="1" lat="43.1433677723" lon="-95.1364588483" />
  <node id="2387" visible="true" version="1" lat="43.1433676320" lon="-95.1364608847" />
  <node id="2388" visible="true" version="1" lat="43.1433676240" lon="-95.1364610388" />
  <node id="2389" visible="true" version="1" lat="43.1433675531" lon="-95.1364630799" />
  <node id="2390" visible="true" version="1" lat="43.1433675504" lon="-95.1364632340" />
  <node id="2391" visible="true" version="1" lat="43.1433675502" lon="-95.1364634231" />
  <node id="2392" visible="true" version="1" lat="43.1433675487" lon="-95.1364652833" />
  <node id="2393" visible="true" version="1" lat="43.1433675512" lon="-95.1364654368" />
  <node id="2394" visible="true" version="1" lat="43.1433676193" lon="-95.1364674977" />
  <node id="2395" visible="true" version="1" lat="43.1433676269" lon="-95.1364676498" />
  <node id="2396" visible="true" version="1" lat="43.1433677778" lon="-95.1364699131" />
  <node id="2397" visible="true" version="1" lat="43.1433677835" lon="-95.1364699884" />
  <node id="2398" visible="true" version="1" lat="43.1433766388" lon="-95.1365761084" />
  <node id="2399" visible="true" version="1" lat="43.1433766401" lon="-95.1365761234" />
  <node id="2400" visible="true" version="1" lat="43.1433766584" lon="-95.1365763631" />
  <node id="2401" visible="true" version="1" lat="43.1433766595" lon="-95.1365763780" />
  <node id="2402" visible="true" version="1" lat="43.1433768236" lon="-95.1365787475" />
  <node id="2403" visible="true" version="1" lat="43.1433768248" lon="-95.1365787635" />
  <node id="2404" visible="true" version="1" lat="43.1433768256" lon="-95.1365787795" />
  <node id="2405" visible="true" version="1" lat="43.1433768456" lon="-95.1365791426" />
  <node id="2406" visible="true" version="1" lat="43.1433768521" lon="-95.1365792602" />
  <node id="2407" visible="true" version="1" lat="43.1433768530" lon="-95.1365792763" />
  <node id="2408" visible="true" version="1" lat="43.1433768536" lon="-95.1365792923" />
  <node id="2409" visible="true" version="1" lat="43.1433768749" lon="-95.1365798116" />
  <node id="2410" visible="true" version="1" lat="43.1433769497" lon="-95.1365816429" />
  <node id="2411" visible="true" version="1" lat="43.1433769504" lon="-95.1365816590" />
  <node id="2412" visible="true" version="1" lat="43.1433769508" lon="-95.1365816752" />
  <node id="2413" visible="true" version="1" lat="43.1433769637" lon="-95.1365821593" />
  <node id="2414" visible="true" version="1" lat="43.1433769641" lon="-95.1365821754" />
  <node id="2415" visible="true" version="1" lat="43.1433769643" lon="-95.1365821916" />
  <node id="2416" visible="true" version="1" lat="43.1433769793" lon="-95.1365833983" />
  <node id="2417" visible="true" version="1" lat="43.1433769934" lon="-95.1365845393" />
  <node id="2418" visible="true" version="1" lat="43.1433769936" lon="-95.1365845554" />
  <node id="2419" visible="true" version="1" lat="43.1433769936" lon="-95.1365845717" />
  <node id="2420" visible="true" version="1" lat="43.1433769931" lon="-95.1365848556" />
  <node id="2421" visible="true" version="1" lat="43.1433769927" lon="-95.1365850575" />
  <node id="2422" visible="true" version="1" lat="43.1433769926" lon="-95.1365850737" />
  <node id="2423" visible="true" version="1" lat="43.1433769924" lon="-95.1365850899" />
  <node id="2424" visible="true" version="1" lat="43.1433769755" lon="-95.1365861370" />
  <node id="2425" visible="true" version="1" lat="43.1433769546" lon="-95.1365874348" />
  <node id="2426" visible="true" version="1" lat="43.1433769543" lon="-95.1365874511" />
  <node id="2427" visible="true" version="1" lat="43.1433769538" lon="-95.1365874672" />
  <node id="2428" visible="true" version="1" lat="43.1433769390" lon="-95.1365879533" />
  <node id="2429" visible="true" version="1" lat="43.1433769385" lon="-95.1365879695" />
  <node id="2430" visible="true" version="1" lat="43.1433769378" lon="-95.1365879857" />
  <node id="2431" visible="true" version="1" lat="43.1433768330" lon="-95.1365903280" />
  <node id="2432" visible="true" version="1" lat="43.1433768323" lon="-95.1365903441" />
  <node id="2433" visible="true" version="1" lat="43.1433768313" lon="-95.1365903603" />
  <node id="2434" visible="true" version="1" lat="43.1433768027" lon="-95.1365908450" />
  <node id="2435" visible="true" version="1" lat="43.1433768017" lon="-95.1365908612" />
  <node id="2436" visible="true" version="1" lat="43.1433768005" lon="-95.1365908774" />
  <node id="2437" visible="true" version="1" lat="43.1433766288" lon="-95.1365932170" />
  <node id="2438" visible="true" version="1" lat="43.1433766276" lon="-95.1365932331" />
  <node id="2439" visible="true" version="1" lat="43.1433766262" lon="-95.1365932492" />
  <node id="2440" visible="true" version="1" lat="43.1433765839" lon="-95.1365937310" />
  <node id="2441" visible="true" version="1" lat="43.1433765826" lon="-95.1365937471" />
  <node id="2442" visible="true" version="1" lat="43.1433765809" lon="-95.1365937631" />
  <node id="2443" visible="true" version="1" lat="43.1433764546" lon="-95.1365950002" />
  <node id="2444" visible="true" version="1" lat="43.1433763422" lon="-95.1365961004" />
  <node id="2445" visible="true" version="1" lat="43.1433763406" lon="-95.1365961163" />
  <node id="2446" visible="true" version="1" lat="43.1433763387" lon="-95.1365961322" />
  <node id="2447" visible="true" version="1" lat="43.1433762831" lon="-95.1365966097" />
  <node id="2448" visible="true" version="1" lat="43.1433762812" lon="-95.1365966257" />
  <node id="2449" visible="true" version="1" lat="43.1433762792" lon="-95.1365966415" />
  <node id="2450" visible="true" version="1" lat="43.1433759734" lon="-95.1365989772" />
  <node id="2451" visible="true" version="1" lat="43.1433759714" lon="-95.1365989921" />
  <node id="2452" visible="true" version="1" lat="43.1433759386" lon="-95.1365992297" />
  <node id="2453" visible="true" version="1" lat="43.1433759365" lon="-95.1365992446" />
  <node id="2454" visible="true" version="1" lat="43.1433597895" lon="-95.1367103374" />
  <node id="2455" visible="true" version="1" lat="43.1433597880" lon="-95.1367103479" />
  <node id="2456" visible="true" version="1" lat="43.1433597628" lon="-95.1367105153" />
  <node id="2457" visible="true" version="1" lat="43.1433597613" lon="-95.1367105257" />
  <node id="2458" visible="true" version="1" lat="43.1433595053" lon="-95.1367121711" />
  <node id="2459" visible="true" version="1" lat="43.1433595036" lon="-95.1367121822" />
  <node id="2460" visible="true" version="1" lat="43.1433595017" lon="-95.1367121933" />
  <node id="2461" visible="true" version="1" lat="43.1433594780" lon="-95.1367123363" />
  <node id="2462" visible="true" version="1" lat="43.1433594465" lon="-95.1367125264" />
  <node id="2463" visible="true" version="1" lat="43.1433594446" lon="-95.1367125375" />
  <node id="2464" visible="true" version="1" lat="43.1433594427" lon="-95.1367125486" />
  <node id="2465" visible="true" version="1" lat="43.1433592534" lon="-95.1367136230" />
  <node id="2466" visible="true" version="1" lat="43.1433591564" lon="-95.1367141732" />
  <node id="2467" visible="true" version="1" lat="43.1433591545" lon="-95.1367141843" />
  <node id="2468" visible="true" version="1" lat="43.1433591524" lon="-95.1367141953" />
  <node id="2469" visible="true" version="1" lat="43.1433591273" lon="-95.1367143299" />
  <node id="2470" visible="true" version="1" lat="43.1433590904" lon="-95.1367145278" />
  <node id="2471" visible="true" version="1" lat="43.1433590883" lon="-95.1367145389" />
  <node id="2472" visible="true" version="1" lat="43.1433590861" lon="-95.1367145499" />
  <node id="2473" visible="true" version="1" lat="43.1433589669" lon="-95.1367151550" />
  <node id="2474" visible="true" version="1" lat="43.1433587678" lon="-95.1367161648" />
  <node id="2475" visible="true" version="1" lat="43.1433587657" lon="-95.1367161759" />
  <node id="2476" visible="true" version="1" lat="43.1433587634" lon="-95.1367161869" />
  <node id="2477" visible="true" version="1" lat="43.1433587045" lon="-95.1367164704" />
  <node id="2478" visible="true" version="1" lat="43.1433586946" lon="-95.1367165182" />
  <node id="2479" visible="true" version="1" lat="43.1433586923" lon="-95.1367165292" />
  <node id="2480" visible="true" version="1" lat="43.1433586899" lon="-95.1367165402" />
  <node id="2481" visible="true" version="1" lat="43.1433585601" lon="-95.1367171351" />
  <node id="2482" visible="true" version="1" lat="43.1433583396" lon="-95.1367181454" />
  <node id="2483" visible="true" version="1" lat="43.1433583372" lon="-95.1367181564" />
  <node id="2484" visible="true" version="1" lat="43.1433583347" lon="-95.1367181674" />
  <node id="2485" visible="true" version="1" lat="43.1433582983" lon="-95.1367183262" />
  <node id="2486" visible="true" version="1" lat="43.1433582593" lon="-95.1367184969" />
  <node id="2487" visible="true" version="1" lat="43.1433582568" lon="-95.1367185079" />
  <node id="2488" visible="true" version="1" lat="43.1433582541" lon="-95.1367185189" />
  <node id="2489" visible="true" version="1" lat="43.1433579806" lon="-95.1367196606" />
  <node id="2490" visible="true" version="1" lat="43.1433578718" lon="-95.1367201144" />
  <node id="2491" visible="true" version="1" lat="43.1433578692" lon="-95.1367201254" />
  <node id="2492" visible="true" version="1" lat="43.1433578665" lon="-95.1367201363" />
  <node id="2493" visible="true" version="1" lat="43.1433578315" lon="-95.1367202762" />
  <node id="2494" visible="true" version="1" lat="43.1433577845" lon="-95.1367204636" />
  <node id="2495" visible="true" version="1" lat="43.1433577818" lon="-95.1367204745" />
  <node id="2496" visible="true" version="1" lat="43.1433577790" lon="-95.1367204854" />
  <node id="2497" visible="true" version="1" lat="43.1433573646" lon="-95.1367220713" />
  <node id="2498" visible="true" version="1" lat="43.1433573618" lon="-95.1367220822" />
  <node id="2499" visible="true" version="1" lat="43.1433573589" lon="-95.1367220930" />
  <node id="2500" visible="true" version="1" lat="43.1433573183" lon="-95.1367222418" />
  <node id="2501" visible="true" version="1" lat="43.1433572706" lon="-95.1367224175" />
  <node id="2502" visible="true" version="1" lat="43.1433572676" lon="-95.1367224284" />
  <node id="2503" visible="true" version="1" lat="43.1433572646" lon="-95.1367224392" />
  <node id="2504" visible="true" version="1" lat="43.1433568182" lon="-95.1367240155" />
  <node id="2505" visible="true" version="1" lat="43.1433568151" lon="-95.1367240263" />
  <node id="2506" visible="true" version="1" lat="43.1433568120" lon="-95.1367240370" />
  <node id="2507" visible="true" version="1" lat="43.1433567175" lon="-95.1367243583" />
  <node id="2508" visible="true" version="1" lat="43.1433567143" lon="-95.1367243690" />
  <node id="2509" visible="true" version="1" lat="43.1433567111" lon="-95.1367243797" />
  <node id="2510" visible="true" version="1" lat="43.1433562325" lon="-95.1367259471" />
  <node id="2511" visible="true" version="1" lat="43.1433562294" lon="-95.1367259572" />
  <node id="2512" visible="true" version="1" lat="43.1433561797" lon="-95.1367261170" />
  <node id="2513" visible="true" version="1" lat="43.1433561766" lon="-95.1367261271" />
  <node id="2514" visible="true" version="1" lat="43.1433211917" lon="-95.1368366563" />
  <node id="2515" visible="true" version="1" lat="43.1433211865" lon="-95.1368366724" />
  <node id="2516" visible="true" version="1" lat="43.1433211026" lon="-95.1368369300" />
  <node id="2517" visible="true" version="1" lat="43.1433210974" lon="-95.1368369460" />
  <node id="2518" visible="true" version="1" lat="43.1433202465" lon="-95.1368394873" />
  <node id="2519" visible="true" version="1" lat="43.1433202408" lon="-95.1368395044" />
  <node id="2520" visible="true" version="1" lat="43.1433202348" lon="-95.1368395214" />
  <node id="2521" visible="true" version="1" lat="43.1433200541" lon="-95.1368400323" />
  <node id="2522" visible="true" version="1" lat="43.1433200481" lon="-95.1368400494" />
  <node id="2523" visible="true" version="1" lat="43.1433200418" lon="-95.1368400663" />
  <node id="2524" visible="true" version="1" lat="43.1433197743" lon="-95.1368407843" />
  <node id="2525" visible="true" version="1" lat="43.1433191195" lon="-95.1368425420" />
  <node id="2526" visible="true" version="1" lat="43.1433191132" lon="-95.1368425590" />
  <node id="2527" visible="true" version="1" lat="43.1433191066" lon="-95.1368425759" />
  <node id="2528" visible="true" version="1" lat="43.1433189081" lon="-95.1368430823" />
  <node id="2529" visible="true" version="1" lat="43.1433189014" lon="-95.1368430992" />
  <node id="2530" visible="true" version="1" lat="43.1433188946" lon="-95.1368431159" />
  <node id="2531" visible="true" version="1" lat="43.1433178955" lon="-95.1368455425" />
  <node id="2532" visible="true" version="1" lat="43.1433178951" lon="-95.1368455433" />
  <node id="2533" visible="true" version="1" lat="43.1433178882" lon="-95.1368455601" />
  <node id="2534" visible="true" version="1" lat="43.1433178810" lon="-95.1368455768" />
  <node id="2535" visible="true" version="1" lat="43.1433178402" lon="-95.1368456711" />
  <node id="2536" visible="true" version="1" lat="43.1433176652" lon="-95.1368460764" />
  <node id="2537" visible="true" version="1" lat="43.1433176580" lon="-95.1368460931" />
  <node id="2538" visible="true" version="1" lat="43.1433176506" lon="-95.1368461096" />
  <node id="2539" visible="true" version="1" lat="43.1433165740" lon="-95.1368484887" />
  <node id="2540" visible="true" version="1" lat="43.1433165665" lon="-95.1368485053" />
  <node id="2541" visible="true" version="1" lat="43.1433165587" lon="-95.1368485216" />
  <node id="2542" visible="true" version="1" lat="43.1433163841" lon="-95.1368488905" />
  <node id="2543" visible="true" version="1" lat="43.1433163264" lon="-95.1368490123" />
  <node id="2544" visible="true" version="1" lat="43.1433163186" lon="-95.1368490286" />
  <node id="2545" visible="true" version="1" lat="43.1433163107" lon="-95.1368490448" />
  <node id="2546" visible="true" version="1" lat="43.1433151568" lon="-95.1368513760" />
  <node id="2547" visible="true" version="1" lat="43.1433151488" lon="-95.1368513921" />
  <node id="2548" visible="true" version="1" lat="43.1433151406" lon="-95.1368514081" />
  <node id="2549" visible="true" version="1" lat="43.1433148927" lon="-95.1368518878" />
  <node id="2550" visible="true" version="1" lat="43.1433148844" lon="-95.1368519038" />
  <node id="2551" visible="true" version="1" lat="43.1433148759" lon="-95.1368519196" />
  <node id="2552" visible="true" version="1" lat="43.1433136448" lon="-95.1368542028" />
  <node id="2553" visible="true" version="1" lat="43.1433136363" lon="-95.1368542185" />
  <node id="2554" visible="true" version="1" lat="43.1433136276" lon="-95.1368542341" />
  <node id="2555" visible="true" version="1" lat="43.1433135117" lon="-95.1368544402" />
  <node id="2556" visible="true" version="1" lat="43.1433133653" lon="-95.1368547008" />
  <node id="2557" visible="true" version="1" lat="43.1433133565" lon="-95.1368547163" />
  <node id="2558" visible="true" version="1" lat="43.1433133475" lon="-95.1368547317" />
  <node id="2559" visible="true" version="1" lat="43.1433120390" lon="-95.1368569671" />
  <node id="2560" visible="true" version="1" lat="43.1433120301" lon="-95.1368569824" />
  <node id="2561" visible="true" version="1" lat="43.1433120209" lon="-95.1368569974" />
  <node id="2562" visible="true" version="1" lat="43.1433118891" lon="-95.1368572139" />
  <node id="2563" visible="true" version="1" lat="43.1433117456" lon="-95.1368574494" />
  <node id="2564" visible="true" version="1" lat="43.1433117364" lon="-95.1368574645" />
  <node id="2565" visible="true" version="1" lat="43.1433117270" lon="-95.1368574794" />
  <node id="2566" visible="true" version="1" lat="43.1433103406" lon="-95.1368596679" />
  <node id="2567" visible="true" version="1" lat="43.1433103317" lon="-95.1368596818" />
  <node id="2568" visible="true" version="1" lat="43.1433101891" lon="-95.1368599026" />
  <node id="2569" visible="true" version="1" lat="43.1433101802" lon="-95.1368599165" />
  <node id="2570" visible="true" version="1" lat="43.1430650659" lon="-95.1372321927" />
  <node id="2571" visible="true" version="1" lat="43.1430650642" lon="-95.1372321951" />
  <node id="2572" visible="true" version="1" lat="43.1430649197" lon="-95.1372324322" />
  <node id="2573" visible="true" version="1" lat="43.1429255484" lon="-95.1374797762" />
  <node id="2574" visible="true" version="1" lat="43.1429255247" lon="-95.1374798189" />
  <node id="2575" visible="true" version="1" lat="43.1429251984" lon="-95.1374804144" />
  <node id="2576" visible="true" version="1" lat="43.1429248241" lon="-95.1374810977" />
  <node id="2577" visible="true" version="1" lat="43.1429247779" lon="-95.1374811845" />
  <node id="2578" visible="true" version="1" lat="43.1429241649" lon="-95.1374823700" />
  <node id="2579" visible="true" version="1" lat="43.1429241205" lon="-95.1374824583" />
  <node id="2580" visible="true" version="1" lat="43.1429235359" lon="-95.1374836581" />
  <node id="2581" visible="true" version="1" lat="43.1429234935" lon="-95.1374837479" />
  <node id="2582" visible="true" version="1" lat="43.1429229369" lon="-95.1374849629" />
  <node id="2583" visible="true" version="1" lat="43.1429228965" lon="-95.1374850540" />
  <node id="2584" visible="true" version="1" lat="43.1429227221" lon="-95.1374854595" />
  <node id="2585" visible="true" version="1" lat="43.1429223673" lon="-95.1374862850" />
  <node id="2586" visible="true" version="1" lat="43.1429223290" lon="-95.1374863772" />
  <node id="2587" visible="true" version="1" lat="43.1429218270" lon="-95.1374876252" />
  <node id="2588" visible="true" version="1" lat="43.1429217908" lon="-95.1374877183" />
  <node id="2589" visible="true" version="1" lat="43.1429213157" lon="-95.1374889843" />
  <node id="2590" visible="true" version="1" lat="43.1429212818" lon="-95.1374890781" />
  <node id="2591" visible="true" version="1" lat="43.1429207923" lon="-95.1374904801" />
  <node id="2592" visible="true" version="1" lat="43.1429207762" lon="-95.1374905273" />
  <node id="2593" visible="true" version="1" lat="43.1428605381" lon="-95.1376696924" />
  <node id="2594" visible="true" version="1" lat="43.1427967874" lon="-95.1378593008" />
  <node id="2595" visible="true" version="1" lat="43.1427967844" lon="-95.1378593098" />
  <node id="2596" visible="true" version="1" lat="43.1427967357" lon="-95.1378594523" />
  <node id="2597" visible="true" version="1" lat="43.1427967327" lon="-95.1378594612" />
  <node id="2598" visible="true" version="1" lat="43.1427962477" lon="-95.1378608605" />
  <node id="2599" visible="true" version="1" lat="43.1427962445" lon="-95.1378608699" />
  <node id="2600" visible="true" version="1" lat="43.1427962411" lon="-95.1378608794" />
  <node id="2601" visible="true" version="1" lat="43.1427962045" lon="-95.1378609819" />
  <node id="2602" visible="true" version="1" lat="43.1427961402" lon="-95.1378611622" />
  <node id="2603" visible="true" version="1" lat="43.1427961368" lon="-95.1378611716" />
  <node id="2604" visible="true" version="1" lat="43.1427961333" lon="-95.1378611810" />
  <node id="2605" visible="true" version="1" lat="43.1427958572" lon="-95.1378619325" />
  <node id="2606" visible="true" version="1" lat="43.1427956275" lon="-95.1378625574" />
  <node id="2607" visible="true" version="1" lat="43.1427956241" lon="-95.1378625668" />
  <node id="2608" visible="true" version="1" lat="43.1427956205" lon="-95.1378625761" />
  <node id="2609" visible="true" version="1" lat="43.1427955143" lon="-95.1378628570" />
  <node id="2610" visible="true" version="1" lat="43.1427955108" lon="-95.1378628664" />
  <node id="2611" visible="true" version="1" lat="43.1427955071" lon="-95.1378628757" />
  <node id="2612" visible="true" version="1" lat="43.1427949772" lon="-95.1378642387" />
  <node id="2613" visible="true" version="1" lat="43.1427949735" lon="-95.1378642480" />
  <node id="2614" visible="true" version="1" lat="43.1427949698" lon="-95.1378642573" />
  <node id="2615" visible="true" version="1" lat="43.1427948584" lon="-95.1378645360" />
  <node id="2616" visible="true" version="1" lat="43.1427948547" lon="-95.1378645453" />
  <node id="2617" visible="true" version="1" lat="43.1427948509" lon="-95.1378645545" />
  <node id="2618" visible="true" version="1" lat="43.1427942967" lon="-95.1378659040" />
  <node id="2619" visible="true" version="1" lat="43.1427942929" lon="-95.1378659133" />
  <node id="2620" visible="true" version="1" lat="43.1427942890" lon="-95.1378659225" />
  <node id="2621" visible="true" version="1" lat="43.1427941726" lon="-95.1378661986" />
  <node id="2622" visible="true" version="1" lat="43.1427941687" lon="-95.1378662079" />
  <node id="2623" visible="true" version="1" lat="43.1427941648" lon="-95.1378662170" />
  <node id="2624" visible="true" version="1" lat="43.1427935864" lon="-95.1378675531" />
  <node id="2625" visible="true" version="1" lat="43.1427935824" lon="-95.1378675623" />
  <node id="2626" visible="true" version="1" lat="43.1427935784" lon="-95.1378675714" />
  <node id="2627" visible="true" version="1" lat="43.1427935731" lon="-95.1378675832" />
  <node id="2628" visible="true" version="1" lat="43.1427934571" lon="-95.1378678446" />
  <node id="2629" visible="true" version="1" lat="43.1427934530" lon="-95.1378678537" />
  <node id="2630" visible="true" version="1" lat="43.1427934489" lon="-95.1378678627" />
  <node id="2631" visible="true" version="1" lat="43.1427931431" lon="-95.1378685338" />
  <node id="2632" visible="true" version="1" lat="43.1427928463" lon="-95.1378691855" />
  <node id="2633" visible="true" version="1" lat="43.1427928422" lon="-95.1378691945" />
  <node id="2634" visible="true" version="1" lat="43.1427928380" lon="-95.1378692035" />
  <node id="2635" visible="true" version="1" lat="43.1427927277" lon="-95.1378694396" />
  <node id="2636" visible="true" version="1" lat="43.1427927119" lon="-95.1378694735" />
  <node id="2637" visible="true" version="1" lat="43.1427927077" lon="-95.1378694824" />
  <node id="2638" visible="true" version="1" lat="43.1427927034" lon="-95.1378694914" />
  <node id="2639" visible="true" version="1" lat="43.1427920767" lon="-95.1378708008" />
  <node id="2640" visible="true" version="1" lat="43.1427920724" lon="-95.1378708097" />
  <node id="2641" visible="true" version="1" lat="43.1427920681" lon="-95.1378708186" />
  <node id="2642" visible="true" version="1" lat="43.1427919375" lon="-95.1378710849" />
  <node id="2643" visible="true" version="1" lat="43.1427919331" lon="-95.1378710938" />
  <node id="2644" visible="true" version="1" lat="43.1427919287" lon="-95.1378711026" />
  <node id="2645" visible="true" version="1" lat="43.1427912774" lon="-95.1378723991" />
  <node id="2646" visible="true" version="1" lat="43.1427912733" lon="-95.1378724074" />
  <node id="2647" visible="true" version="1" lat="43.1427912061" lon="-95.1378725396" />
  <node id="2648" visible="true" version="1" lat="43.1427912018" lon="-95.1378725480" />
  <node id="2649" visible="true" version="1" lat="43.1427200567" lon="-95.1380108866" />
  <node id="2650" visible="true" version="1" lat="43.1427200364" lon="-95.1380109267" />
  <node id="2651" visible="true" version="1" lat="43.1427194368" lon="-95.1380121242" />
  <node id="2652" visible="true" version="1" lat="43.1427193973" lon="-95.1380122053" />
  <node id="2653" visible="true" version="1" lat="43.1427192230" lon="-95.1380125732" />
  <node id="2654" visible="true" version="1" lat="43.1427188725" lon="-95.1380133131" />
  <node id="2655" visible="true" version="1" lat="43.1427188345" lon="-95.1380133955" />
  <node id="2656" visible="true" version="1" lat="43.1427183337" lon="-95.1380145145" />
  <node id="2657" visible="true" version="1" lat="43.1427182974" lon="-95.1380145980" />
  <node id="2658" visible="true" version="1" lat="43.1427178202" lon="-95.1380157290" />
  <node id="2659" visible="true" version="1" lat="43.1427177856" lon="-95.1380158135" />
  <node id="2660" visible="true" version="1" lat="43.1427173318" lon="-95.1380169571" />
  <node id="2661" visible="true" version="1" lat="43.1427172990" lon="-95.1380170424" />
  <node id="2662" visible="true" version="1" lat="43.1427171224" lon="-95.1380175168" />
  <node id="2663" visible="true" version="1" lat="43.1427168684" lon="-95.1380181993" />
  <node id="2664" visible="true" version="1" lat="43.1427168373" lon="-95.1380182853" />
  <node id="2665" visible="true" version="1" lat="43.1427164296" lon="-95.1380194562" />
  <node id="2666" visible="true" version="1" lat="43.1427164004" lon="-95.1380195429" />
  <node id="2667" visible="true" version="1" lat="43.1427159802" lon="-95.1380208368" />
  <node id="2668" visible="true" version="1" lat="43.1427159663" lon="-95.1380208803" />
  <node id="2669" visible="true" version="1" lat="43.1426822037" lon="-95.1381286774" />
  <node id="2670" visible="true" version="1" lat="43.1426078841" lon="-95.1383659597" />
  <node id="2671" visible="true" version="1" lat="43.1426078689" lon="-95.1383660092" />
  <node id="2672" visible="true" version="1" lat="43.1426074248" lon="-95.1383674883" />
  <node id="2673" visible="true" version="1" lat="43.1426073961" lon="-95.1383675882" />
  <node id="2674" visible="true" version="1" lat="43.1426070224" lon="-95.1383689495" />
  <node id="2675" visible="true" version="1" lat="43.1426069959" lon="-95.1383690506" />
  <node id="2676" visible="true" version="1" lat="43.1426066549" lon="-95.1383704187" />
  <node id="2677" visible="true" version="1" lat="43.1426066308" lon="-95.1383705209" />
  <node id="2678" visible="true" version="1" lat="43.1426063223" lon="-95.1383718969" />
  <node id="2679" visible="true" version="1" lat="43.1426063005" lon="-95.1383719997" />
  <node id="2680" visible="true" version="1" lat="43.1426062892" lon="-95.1383720558" />
  <node id="2681" visible="true" version="1" lat="43.1426060241" lon="-95.1383733847" />
  <node id="2682" visible="true" version="1" lat="43.1426060048" lon="-95.1383734881" />
  <node id="2683" visible="true" version="1" lat="43.1426057604" lon="-95.1383748832" />
  <node id="2684" visible="true" version="1" lat="43.1426057435" lon="-95.1383749870" />
  <node id="2685" visible="true" version="1" lat="43.1426055311" lon="-95.1383763932" />
  <node id="2686" visible="true" version="1" lat="43.1426055166" lon="-95.1383764971" />
  <node id="2687" visible="true" version="1" lat="43.1426053196" lon="-95.1383780449" />
  <node id="2688" visible="true" version="1" lat="43.1426053132" lon="-95.1383780968" />
  <node id="2689" visible="true" version="1" lat="43.1425629612" lon="-95.1387446069" />
  <node id="2690" visible="true" version="1" lat="43.1425629599" lon="-95.1387446182" />
  <node id="2691" visible="true" version="1" lat="43.1425629379" lon="-95.1387447995" />
  <node id="2692" visible="true" version="1" lat="43.1425629366" lon="-95.1387448108" />
  <node id="2693" visible="true" version="1" lat="43.1425627111" lon="-95.1387465940" />
  <node id="2694" visible="true" version="1" lat="43.1425627096" lon="-95.1387466059" />
  <node id="2695" visible="true" version="1" lat="43.1425627079" lon="-95.1387466180" />
  <node id="2696" visible="true" version="1" lat="43.1425626583" lon="-95.1387469790" />
  <node id="2697" visible="true" version="1" lat="43.1425626566" lon="-95.1387469911" />
  <node id="2698" visible="true" version="1" lat="43.1425626548" lon="-95.1387470031" />
  <node id="2699" visible="true" version="1" lat="43.1425625900" lon="-95.1387474397" />
  <node id="2700" visible="true" version="1" lat="43.1425623934" lon="-95.1387487640" />
  <node id="2701" visible="true" version="1" lat="43.1425623916" lon="-95.1387487760" />
  <node id="2702" visible="true" version="1" lat="43.1425623897" lon="-95.1387487881" />
  <node id="2703" visible="true" version="1" lat="43.1425623322" lon="-95.1387491487" />
  <node id="2704" visible="true" version="1" lat="43.1425623302" lon="-95.1387491607" />
  <node id="2705" visible="true" version="1" lat="43.1425623282" lon="-95.1387491727" />
  <node id="2706" visible="true" version="1" lat="43.1425620293" lon="-95.1387509235" />
  <node id="2707" visible="true" version="1" lat="43.1425620272" lon="-95.1387509355" />
  <node id="2708" visible="true" version="1" lat="43.1425620251" lon="-95.1387509475" />
  <node id="2709" visible="true" version="1" lat="43.1425619693" lon="-95.1387512540" />
  <node id="2710" visible="true" version="1" lat="43.1425619597" lon="-95.1387513070" />
  <node id="2711" visible="true" version="1" lat="43.1425619575" lon="-95.1387513190" />
  <node id="2712" visible="true" version="1" lat="43.1425619552" lon="-95.1387513310" />
  <node id="2713" visible="true" version="1" lat="43.1425616464" lon="-95.1387529290" />
  <node id="2714" visible="true" version="1" lat="43.1425616188" lon="-95.1387530717" />
  <node id="2715" visible="true" version="1" lat="43.1425616165" lon="-95.1387530836" />
  <node id="2716" visible="true" version="1" lat="43.1425616141" lon="-95.1387530955" />
  <node id="2717" visible="true" version="1" lat="43.1425615409" lon="-95.1387534533" />
  <node id="2718" visible="true" version="1" lat="43.1425615384" lon="-95.1387534653" />
  <node id="2719" visible="true" version="1" lat="43.1425615358" lon="-95.1387534771" />
  <node id="2720" visible="true" version="1" lat="43.1425613599" lon="-95.1387542917" />
  <node id="2721" visible="true" version="1" lat="43.1425611620" lon="-95.1387552077" />
  <node id="2722" visible="true" version="1" lat="43.1425611595" lon="-95.1387552196" />
  <node id="2723" visible="true" version="1" lat="43.1425611568" lon="-95.1387552315" />
  <node id="2724" visible="true" version="1" lat="43.1425610759" lon="-95.1387555869" />
  <node id="2725" visible="true" version="1" lat="43.1425610733" lon="-95.1387555987" />
  <node id="2726" visible="true" version="1" lat="43.1425610705" lon="-95.1387556105" />
  <node id="2727" visible="true" version="1" lat="43.1425609542" lon="-95.1387560969" />
  <node id="2728" visible="true" version="1" lat="43.1425606592" lon="-95.1387573311" />
  <node id="2729" visible="true" version="1" lat="43.1425606563" lon="-95.1387573429" />
  <node id="2730" visible="true" version="1" lat="43.1425606534" lon="-95.1387573546" />
  <node id="2731" visible="true" version="1" lat="43.1425605651" lon="-95.1387577070" />
  <node id="2732" visible="true" version="1" lat="43.1425605621" lon="-95.1387577187" />
  <node id="2733" visible="true" version="1" lat="43.1425605591" lon="-95.1387577304" />
  <node id="2734" visible="true" version="1" lat="43.1425601103" lon="-95.1387594410" />
  <node id="2735" visible="true" version="1" lat="43.1425601073" lon="-95.1387594527" />
  <node id="2736" visible="true" version="1" lat="43.1425601041" lon="-95.1387594643" />
  <node id="2737" visible="true" version="1" lat="43.1425600085" lon="-95.1387598130" />
  <node id="2738" visible="true" version="1" lat="43.1425600053" lon="-95.1387598246" />
  <node id="2739" visible="true" version="1" lat="43.1425600020" lon="-95.1387598362" />
  <node id="2740" visible="true" version="1" lat="43.1425595156" lon="-95.1387615375" />
  <node id="2741" visible="true" version="1" lat="43.1425595125" lon="-95.1387615484" />
  <node id="2742" visible="true" version="1" lat="43.1425594619" lon="-95.1387617218" />
  <node id="2743" visible="true" version="1" lat="43.1425594587" lon="-95.1387617327" />
  <node id="2744" visible="true" version="1" lat="43.1425239908" lon="-95.1388808237" />
  <node id="2745" visible="true" version="1" lat="43.1425238719" lon="-95.1388813303" />
  <node id="2746" visible="true" version="1" lat="43.1424366789" lon="-95.1393834689" />
  <node id="2747" visible="true" version="1" lat="43.1424366729" lon="-95.1393835046" />
  <node id="2748" visible="true" version="1" lat="43.1424364971" lon="-95.1393845680" />
  <node id="2749" visible="true" version="1" lat="43.1424364858" lon="-95.1393846397" />
  <node id="2750" visible="true" version="1" lat="43.1424363407" lon="-95.1393856150" />
  <node id="2751" visible="true" version="1" lat="43.1424363306" lon="-95.1393856870" />
  <node id="2752" visible="true" version="1" lat="43.1424362014" lon="-95.1393866639" />
  <node id="2753" visible="true" version="1" lat="43.1424361924" lon="-95.1393867362" />
  <node id="2754" visible="true" version="1" lat="43.1424360790" lon="-95.1393877149" />
  <node id="2755" visible="true" version="1" lat="43.1424360712" lon="-95.1393877874" />
  <node id="2756" visible="true" version="1" lat="43.1424359736" lon="-95.1393887683" />
  <node id="2757" visible="true" version="1" lat="43.1424359669" lon="-95.1393888410" />
  <node id="2758" visible="true" version="1" lat="43.1424358851" lon="-95.1393898245" />
  <node id="2759" visible="true" version="1" lat="43.1424358796" lon="-95.1393898972" />
  <node id="2760" visible="true" version="1" lat="43.1424358134" lon="-95.1393908837" />
  <node id="2761" visible="true" version="1" lat="43.1424358091" lon="-95.1393909564" />
  <node id="2762" visible="true" version="1" lat="43.1424357879" lon="-95.1393913722" />
  <node id="2763" visible="true" version="1" lat="43.1424357541" lon="-95.1393920369" />
  <node id="2764" visible="true" version="1" lat="43.1424357524" lon="-95.1393920732" />
  <node id="2765" visible="true" version="1" lat="43.1424196330" lon="-95.1397676724" />
  <node id="2766" visible="true" version="1" lat="43.1424143951" lon="-95.1398896961" />
  <node id="2767" visible="true" version="1" lat="43.1424143948" lon="-95.1398897051" />
  <node id="2768" visible="true" version="1" lat="43.1424143880" lon="-95.1398898489" />
  <node id="2769" visible="true" version="1" lat="43.1424143876" lon="-95.1398898578" />
  <node id="2770" visible="true" version="1" lat="43.1424143154" lon="-95.1398912622" />
  <node id="2771" visible="true" version="1" lat="43.1424143145" lon="-95.1398912801" />
  <node id="2772" visible="true" version="1" lat="43.1424142973" lon="-95.1398915680" />
  <node id="2773" visible="true" version="1" lat="43.1424142962" lon="-95.1398915858" />
  <node id="2774" visible="true" version="1" lat="43.1424142005" lon="-95.1398929868" />
  <node id="2775" visible="true" version="1" lat="43.1424141993" lon="-95.1398930047" />
  <node id="2776" visible="true" version="1" lat="43.1424141772" lon="-95.1398932926" />
  <node id="2777" visible="true" version="1" lat="43.1424141758" lon="-95.1398933104" />
  <node id="2778" visible="true" version="1" lat="43.1424140565" lon="-95.1398947080" />
  <node id="2779" visible="true" version="1" lat="43.1424140550" lon="-95.1398947258" />
  <node id="2780" visible="true" version="1" lat="43.1424140280" lon="-95.1398950135" />
  <node id="2781" visible="true" version="1" lat="43.1424140263" lon="-95.1398950313" />
  <node id="2782" visible="true" version="1" lat="43.1424138835" lon="-95.1398964254" />
  <node id="2783" visible="true" version="1" lat="43.1424138816" lon="-95.1398964432" />
  <node id="2784" visible="true" version="1" lat="43.1424138497" lon="-95.1398967304" />
  <node id="2785" visible="true" version="1" lat="43.1424138478" lon="-95.1398967481" />
  <node id="2786" visible="true" version="1" lat="43.1424136814" lon="-95.1398981388" />
  <node id="2787" visible="true" version="1" lat="43.1424136793" lon="-95.1398981565" />
  <node id="2788" visible="true" version="1" lat="43.1424136425" lon="-95.1398984428" />
  <node id="2789" visible="true" version="1" lat="43.1424136403" lon="-95.1398984605" />
  <node id="2790" visible="true" version="1" lat="43.1424134503" lon="-95.1398998478" />
  <node id="2791" visible="true" version="1" lat="43.1424134479" lon="-95.1398998654" />
  <node id="2792" visible="true" version="1" lat="43.1424134063" lon="-95.1399001506" />
  <node id="2793" visible="true" version="1" lat="43.1424134038" lon="-95.1399001682" />
  <node id="2794" visible="true" version="1" lat="43.1424131903" lon="-95.1399015521" />
  <node id="2795" visible="true" version="1" lat="43.1424131875" lon="-95.1399015696" />
  <node id="2796" visible="true" version="1" lat="43.1424131413" lon="-95.1399018532" />
  <node id="2797" visible="true" version="1" lat="43.1424131384" lon="-95.1399018708" />
  <node id="2798" visible="true" version="1" lat="43.1424128998" lon="-95.1399032601" />
  <node id="2799" visible="true" version="1" lat="43.1424128983" lon="-95.1399032687" />
  <node id="2800" visible="true" version="1" lat="43.1424128735" lon="-95.1399034097" />
  <node id="2801" visible="true" version="1" lat="43.1424128719" lon="-95.1399034186" />
  <node id="2802" visible="true" version="1" lat="43.1423690507" lon="-95.1401461526" />
  <node id="2803" visible="true" version="1" lat="43.1423690490" lon="-95.1401461620" />
  <node id="2804" visible="true" version="1" lat="43.1423690419" lon="-95.1401462022" />
  <node id="2805" visible="true" version="1" lat="43.1423689415" lon="-95.1401467892" />
  <node id="2806" visible="true" version="1" lat="43.1423688370" lon="-95.1401473996" />
  <node id="2807" visible="true" version="1" lat="43.1423688239" lon="-95.1401474804" />
  <node id="2808" visible="true" version="1" lat="43.1423686565" lon="-95.1401485787" />
  <node id="2809" visible="true" version="1" lat="43.1423686449" lon="-95.1401486599" />
  <node id="2810" visible="true" version="1" lat="43.1423685833" lon="-95.1401491197" />
  <node id="2811" visible="true" version="1" lat="43.1423684977" lon="-95.1401497600" />
  <node id="2812" visible="true" version="1" lat="43.1423684875" lon="-95.1401498416" />
  <node id="2813" visible="true" version="1" lat="43.1423683604" lon="-95.1401509439" />
  <node id="2814" visible="true" version="1" lat="43.1423683517" lon="-95.1401510257" />
  <node id="2815" visible="true" version="1" lat="43.1423682891" lon="-95.1401516726" />
  <node id="2816" visible="true" version="1" lat="43.1423682447" lon="-95.1401521309" />
  <node id="2817" visible="true" version="1" lat="43.1423682375" lon="-95.1401522129" />
  <node id="2818" visible="true" version="1" lat="43.1423681504" lon="-95.1401533213" />
  <node id="2819" visible="true" version="1" lat="43.1423681447" lon="-95.1401534034" />
  <node id="2820" visible="true" version="1" lat="43.1423681068" lon="-95.1401540321" />
  <node id="2821" visible="true" version="1" lat="43.1423680777" lon="-95.1401545157" />
  <node id="2822" visible="true" version="1" lat="43.1423680735" lon="-95.1401545977" />
  <node id="2823" visible="true" version="1" lat="43.1423680590" lon="-95.1401549399" />
  <node id="2824" visible="true" version="1" lat="43.1423680221" lon="-95.1401558165" />
  <node id="2825" visible="true" version="1" lat="43.1423680206" lon="-95.1401558575" />
  <node id="2826" visible="true" version="1" lat="43.1423547279" lon="-95.1405572886" />
  <node id="2827" visible="true" version="1" lat="43.1423513780" lon="-95.1406584293" />
  <node id="2828" visible="true" version="1" lat="43.1423513763" lon="-95.1406584800" />
  <node id="2829" visible="true" version="1" lat="43.1423513724" lon="-95.1406585304" />
  <node id="2830" visible="true" version="1" lat="43.1423512545" lon="-95.1406600432" />
  <node id="2831" visible="true" version="1" lat="43.1423512506" lon="-95.1406600936" />
  <node id="2832" visible="true" version="1" lat="43.1423512444" lon="-95.1406601438" />
  <node id="2833" visible="true" version="1" lat="43.1423200913" lon="-95.1409131109" />
  <node id="2834" visible="true" version="1" lat="43.1423200574" lon="-95.1409136743" />
  <node id="2835" visible="true" version="1" lat="43.1423205353" lon="-95.1411387277" />
  <node id="2836" visible="true" version="1" lat="43.1423211197" lon="-95.1414149924" />
  <node id="2837" visible="true" version="1" lat="43.1423211197" lon="-95.1414150020" />
  <node id="2838" visible="true" version="1" lat="43.1423211194" lon="-95.1414151558" />
  <node id="2839" visible="true" version="1" lat="43.1423211193" lon="-95.1414151653" />
  <node id="2840" visible="true" version="1" lat="43.1423211089" lon="-95.1414166775" />
  <node id="2841" visible="true" version="1" lat="43.1423211088" lon="-95.1414166877" />
  <node id="2842" visible="true" version="1" lat="43.1423211087" lon="-95.1414166979" />
  <node id="2843" visible="true" version="1" lat="43.1423211038" lon="-95.1414170047" />
  <node id="2844" visible="true" version="1" lat="43.1423211036" lon="-95.1414170149" />
  <node id="2845" visible="true" version="1" lat="43.1423211034" lon="-95.1414170252" />
  <node id="2846" visible="true" version="1" lat="43.1423210939" lon="-95.1414174059" />
  <node id="2847" visible="true" version="1" lat="43.1423210660" lon="-95.1414185245" />
  <node id="2848" visible="true" version="1" lat="43.1423210658" lon="-95.1414185348" />
  <node id="2849" visible="true" version="1" lat="43.1423210655" lon="-95.1414185450" />
  <node id="2850" visible="true" version="1" lat="43.1423210557" lon="-95.1414188313" />
  <node id="2851" visible="true" version="1" lat="43.1423210550" lon="-95.1414188523" />
  <node id="2852" visible="true" version="1" lat="43.1423210547" lon="-95.1414188626" />
  <node id="2853" visible="true" version="1" lat="43.1423210542" lon="-95.1414188728" />
  <node id="2854" visible="true" version="1" lat="43.1423209899" lon="-95.1414203696" />
  <node id="2855" visible="true" version="1" lat="43.1423209894" lon="-95.1414203798" />
  <node id="2856" visible="true" version="1" lat="43.1423209889" lon="-95.1414203901" />
  <node id="2857" visible="true" version="1" lat="43.1423209822" lon="-95.1414205185" />
  <node id="2858" visible="true" version="1" lat="43.1423209729" lon="-95.1414206974" />
  <node id="2859" visible="true" version="1" lat="43.1423209724" lon="-95.1414207077" />
  <node id="2860" visible="true" version="1" lat="43.1423209717" lon="-95.1414207179" />
  <node id="2861" visible="true" version="1" lat="43.1423208804" lon="-95.1414222122" />
  <node id="2862" visible="true" version="1" lat="43.1423208797" lon="-95.1414222225" />
  <node id="2863" visible="true" version="1" lat="43.1423208790" lon="-95.1414222327" />
  <node id="2864" visible="true" version="1" lat="43.1423208644" lon="-95.1414224404" />
  <node id="2865" visible="true" version="1" lat="43.1423208575" lon="-95.1414225398" />
  <node id="2866" visible="true" version="1" lat="43.1423208567" lon="-95.1414225500" />
  <node id="2867" visible="true" version="1" lat="43.1423208559" lon="-95.1414225602" />
  <node id="2868" visible="true" version="1" lat="43.1423208382" lon="-95.1414227837" />
  <node id="2869" visible="true" version="1" lat="43.1423207375" lon="-95.1414240520" />
  <node id="2870" visible="true" version="1" lat="43.1423207367" lon="-95.1414240622" />
  <node id="2871" visible="true" version="1" lat="43.1423207358" lon="-95.1414240725" />
  <node id="2872" visible="true" version="1" lat="43.1423207087" lon="-95.1414243788" />
  <node id="2873" visible="true" version="1" lat="43.1423207078" lon="-95.1414243890" />
  <node id="2874" visible="true" version="1" lat="43.1423207068" lon="-95.1414243992" />
  <node id="2875" visible="true" version="1" lat="43.1423205614" lon="-95.1414258885" />
  <node id="2876" visible="true" version="1" lat="43.1423205604" lon="-95.1414258987" />
  <node id="2877" visible="true" version="1" lat="43.1423205594" lon="-95.1414259089" />
  <node id="2878" visible="true" version="1" lat="43.1423205268" lon="-95.1414262141" />
  <node id="2879" visible="true" version="1" lat="43.1423205257" lon="-95.1414262243" />
  <node id="2880" visible="true" version="1" lat="43.1423205245" lon="-95.1414262345" />
  <node id="2881" visible="true" version="1" lat="43.1423204372" lon="-95.1414269878" />
  <node id="2882" visible="true" version="1" lat="43.1423203521" lon="-95.1414277213" />
  <node id="2883" visible="true" version="1" lat="43.1423203509" lon="-95.1414277315" />
  <node id="2884" visible="true" version="1" lat="43.1423203496" lon="-95.1414277416" />
  <node id="2885" visible="true" version="1" lat="43.1423203116" lon="-95.1414280453" />
  <node id="2886" visible="true" version="1" lat="43.1423203104" lon="-95.1414280555" />
  <node id="2887" visible="true" version="1" lat="43.1423203090" lon="-95.1414280656" />
  <node id="2888" visible="true" version="1" lat="43.1423201445" lon="-95.1414292904" />
  <node id="2889" visible="true" version="1" lat="43.1423201095" lon="-95.1414295506" />
  <node id="2890" visible="true" version="1" lat="43.1423201083" lon="-95.1414295601" />
  <node id="2891" visible="true" version="1" lat="43.1423200872" lon="-95.1414297119" />
  <node id="2892" visible="true" version="1" lat="43.1423200858" lon="-95.1414297214" />
  <node id="2893" visible="true" version="1" lat="43.1422675786" lon="-95.1417956057" />
  <node id="2894" visible="true" version="1" lat="43.1422675763" lon="-95.1417956215" />
  <node id="2895" visible="true" version="1" lat="43.1422675390" lon="-95.1417958733" />
  <node id="2896" visible="true" version="1" lat="43.1422675367" lon="-95.1417958890" />
  <node id="2897" visible="true" version="1" lat="43.1422671501" lon="-95.1417983746" />
  <node id="2898" visible="true" version="1" lat="43.1422671475" lon="-95.1417983913" />
  <node id="2899" visible="true" version="1" lat="43.1422671446" lon="-95.1417984080" />
  <node id="2900" visible="true" version="1" lat="43.1422670929" lon="-95.1417987115" />
  <node id="2901" visible="true" version="1" lat="43.1422670590" lon="-95.1417989101" />
  <node id="2902" visible="true" version="1" lat="43.1422670562" lon="-95.1417989268" />
  <node id="2903" visible="true" version="1" lat="43.1422670531" lon="-95.1417989435" />
  <node id="2904" visible="true" version="1" lat="43.1422665996" lon="-95.1418014047" />
  <node id="2905" visible="true" version="1" lat="43.1422665965" lon="-95.1418014216" />
  <node id="2906" visible="true" version="1" lat="43.1422665931" lon="-95.1418014385" />
  <node id="2907" visible="true" version="1" lat="43.1422665744" lon="-95.1418015322" />
  <node id="2908" visible="true" version="1" lat="43.1422664924" lon="-95.1418019434" />
  <node id="2909" visible="true" version="1" lat="43.1422664891" lon="-95.1418019602" />
  <node id="2910" visible="true" version="1" lat="43.1422664855" lon="-95.1418019770" />
  <node id="2911" visible="true" version="1" lat="43.1422663855" lon="-95.1418024428" />
  <node id="2912" visible="true" version="1" lat="43.1422659626" lon="-95.1418044250" />
  <node id="2913" visible="true" version="1" lat="43.1422659590" lon="-95.1418044420" />
  <node id="2914" visible="true" version="1" lat="43.1422659551" lon="-95.1418044589" />
  <node id="2915" visible="true" version="1" lat="43.1422659045" lon="-95.1418046808" />
  <node id="2916" visible="true" version="1" lat="43.1422658395" lon="-95.1418049657" />
  <node id="2917" visible="true" version="1" lat="43.1422658356" lon="-95.1418049826" />
  <node id="2918" visible="true" version="1" lat="43.1422658315" lon="-95.1418049995" />
  <node id="2919" visible="true" version="1" lat="43.1422654169" lon="-95.1418067018" />
  <node id="2920" visible="true" version="1" lat="43.1422652391" lon="-95.1418074341" />
  <node id="2921" visible="true" version="1" lat="43.1422652350" lon="-95.1418074511" />
  <node id="2922" visible="true" version="1" lat="43.1422652307" lon="-95.1418074680" />
  <node id="2923" visible="true" version="1" lat="43.1422651879" lon="-95.1418076345" />
  <node id="2924" visible="true" version="1" lat="43.1422651004" lon="-95.1418079757" />
  <node id="2925" visible="true" version="1" lat="43.1422650961" lon="-95.1418079926" />
  <node id="2926" visible="true" version="1" lat="43.1422650915" lon="-95.1418080094" />
  <node id="2927" visible="true" version="1" lat="43.1422645425" lon="-95.1418100263" />
  <node id="2928" visible="true" version="1" lat="43.1422644296" lon="-95.1418104411" />
  <node id="2929" visible="true" version="1" lat="43.1422644250" lon="-95.1418104579" />
  <node id="2930" visible="true" version="1" lat="43.1422644202" lon="-95.1418104746" />
  <node id="2931" visible="true" version="1" lat="43.1422642757" lon="-95.1418109761" />
  <node id="2932" visible="true" version="1" lat="43.1422642709" lon="-95.1418109928" />
  <node id="2933" visible="true" version="1" lat="43.1422642659" lon="-95.1418110094" />
  <node id="2934" visible="true" version="1" lat="43.1422638647" lon="-95.1418123405" />
  <node id="2935" visible="true" version="1" lat="43.1422635344" lon="-95.1418134400" />
  <node id="2936" visible="true" version="1" lat="43.1422635294" lon="-95.1418134568" />
  <node id="2937" visible="true" version="1" lat="43.1422635241" lon="-95.1418134734" />
  <node id="2938" visible="true" version="1" lat="43.1422634662" lon="-95.1418136563" />
  <node id="2939" visible="true" version="1" lat="43.1422633661" lon="-95.1418139728" />
  <node id="2940" visible="true" version="1" lat="43.1422633608" lon="-95.1418139895" />
  <node id="2941" visible="true" version="1" lat="43.1422633553" lon="-95.1418140060" />
  <node id="2942" visible="true" version="1" lat="43.1422625542" lon="-95.1418164263" />
  <node id="2943" visible="true" version="1" lat="43.1422625488" lon="-95.1418164430" />
  <node id="2944" visible="true" version="1" lat="43.1422625431" lon="-95.1418164595" />
  <node id="2945" visible="true" version="1" lat="43.1422624864" lon="-95.1418166241" />
  <node id="2946" visible="true" version="1" lat="43.1422623723" lon="-95.1418169559" />
  <node id="2947" visible="true" version="1" lat="43.1422623666" lon="-95.1418169724" />
  <node id="2948" visible="true" version="1" lat="43.1422623606" lon="-95.1418169889" />
  <node id="2949" visible="true" version="1" lat="43.1422614896" lon="-95.1418194050" />
  <node id="2950" visible="true" version="1" lat="43.1422614841" lon="-95.1418194205" />
  <node id="2951" visible="true" version="1" lat="43.1422613937" lon="-95.1418196654" />
  <node id="2952" visible="true" version="1" lat="43.1422613881" lon="-95.1418196808" />
  <node id="2953" visible="true" version="1" lat="43.1420564902" lon="-95.1431692701" />
  <node id="2954" visible="true" version="1" lat="43.1420564866" lon="-95.1431692978" />
  <node id="2955" visible="true" version="1" lat="43.1420564283" lon="-95.1431697384" />
  <node id="2956" visible="true" version="1" lat="43.1420564247" lon="-95.1431697659" />
  <node id="2957" visible="true" version="1" lat="43.1420558448" lon="-95.1431740895" />
  <node id="2958" visible="true" version="1" lat="43.1420558409" lon="-95.1431741186" />
  <node id="2959" visible="true" version="1" lat="43.1420558369" lon="-95.1431741477" />
  <node id="2960" visible="true" version="1" lat="43.1420557895" lon="-95.1431744916" />
  <node id="2961" visible="true" version="1" lat="43.1420557166" lon="-95.1431750205" />
  <node id="2962" visible="true" version="1" lat="43.1420557126" lon="-95.1431750496" />
  <node id="2963" visible="true" version="1" lat="43.1420557085" lon="-95.1431750786" />
  <node id="2964" visible="true" version="1" lat="43.1420551081" lon="-95.1431793228" />
  <node id="2965" visible="true" version="1" lat="43.1420551040" lon="-95.1431793518" />
  <node id="2966" visible="true" version="1" lat="43.1420550998" lon="-95.1431793807" />
  <node id="2967" visible="true" version="1" lat="43.1420549741" lon="-95.1431802462" />
  <node id="2968" visible="true" version="1" lat="43.1420549699" lon="-95.1431802751" />
  <node id="2969" visible="true" version="1" lat="43.1420549657" lon="-95.1431803038" />
  <node id="2970" visible="true" version="1" lat="43.1420543407" lon="-95.1431844981" />
  <node id="2971" visible="true" version="1" lat="43.1420543364" lon="-95.1431845268" />
  <node id="2972" visible="true" version="1" lat="43.1420543321" lon="-95.1431845554" />
  <node id="2973" visible="true" version="1" lat="43.1420542011" lon="-95.1431854124" />
  <node id="2974" visible="true" version="1" lat="43.1420541967" lon="-95.1431854410" />
  <node id="2975" visible="true" version="1" lat="43.1420541923" lon="-95.1431854694" />
  <node id="2976" visible="true" version="1" lat="43.1420535428" lon="-95.1431896137" />
  <node id="2977" visible="true" version="1" lat="43.1420535384" lon="-95.1431896421" />
  <node id="2978" visible="true" version="1" lat="43.1420535339" lon="-95.1431896704" />
  <node id="2979" visible="true" version="1" lat="43.1420534307" lon="-95.1431903126" />
  <node id="2980" visible="true" version="1" lat="43.1420533977" lon="-95.1431905178" />
  <node id="2981" visible="true" version="1" lat="43.1420533932" lon="-95.1431905460" />
  <node id="2982" visible="true" version="1" lat="43.1420533886" lon="-95.1431905741" />
  <node id="2983" visible="true" version="1" lat="43.1420531515" lon="-95.1431920147" />
  <node id="2984" visible="true" version="1" lat="43.1420527146" lon="-95.1431946686" />
  <node id="2985" visible="true" version="1" lat="43.1420527100" lon="-95.1431946967" />
  <node id="2986" visible="true" version="1" lat="43.1420527053" lon="-95.1431947246" />
  <node id="2987" visible="true" version="1" lat="43.1420526662" lon="-95.1431949566" />
  <node id="2988" visible="true" version="1" lat="43.1420525642" lon="-95.1431955611" />
  <node id="2989" visible="true" version="1" lat="43.1420525595" lon="-95.1431955890" />
  <node id="2990" visible="true" version="1" lat="43.1420525547" lon="-95.1431956167" />
  <node id="2991" visible="true" version="1" lat="43.1420525142" lon="-95.1431958513" />
  <node id="2992" visible="true" version="1" lat="43.1420518563" lon="-95.1431996615" />
  <node id="2993" visible="true" version="1" lat="43.1420518515" lon="-95.1431996891" />
  <node id="2994" visible="true" version="1" lat="43.1420518466" lon="-95.1431997166" />
  <node id="2995" visible="true" version="1" lat="43.1420517008" lon="-95.1432005413" />
  <node id="2996" visible="true" version="1" lat="43.1420516959" lon="-95.1432005688" />
  <node id="2997" visible="true" version="1" lat="43.1420516910" lon="-95.1432005961" />
  <node id="2998" visible="true" version="1" lat="43.1420510875" lon="-95.1432039304" />
  <node id="2999" visible="true" version="1" lat="43.1420509680" lon="-95.1432045911" />
  <node id="3000" visible="true" version="1" lat="43.1420509630" lon="-95.1432046184" />
  <node id="3001" visible="true" version="1" lat="43.1420509580" lon="-95.1432046454" />
  <node id="3002" visible="true" version="1" lat="43.1420508423" lon="-95.1432052702" />
  <node id="3003" visible="true" version="1" lat="43.1420508077" lon="-95.1432054572" />
  <node id="3004" visible="true" version="1" lat="43.1420508027" lon="-95.1432054842" />
  <node id="3005" visible="true" version="1" lat="43.1420507976" lon="-95.1432055111" />
  <node id="3006" visible="true" version="1" lat="43.1420500497" lon="-95.1432094580" />
  <node id="3007" visible="true" version="1" lat="43.1420500449" lon="-95.1432094833" />
  <node id="3008" visible="true" version="1" lat="43.1420499678" lon="-95.1432098855" />
  <node id="3009" visible="true" version="1" lat="43.1420499630" lon="-95.1432099107" />
  <node id="3010" visible="true" version="1" lat="43.1419455750" lon="-95.1437484893" />
  <node id="3011" visible="true" version="1" lat="43.1419455701" lon="-95.1437485145" />
  <node id="3012" visible="true" version="1" lat="43.1419454916" lon="-95.1437489148" />
  <node id="3013" visible="true" version="1" lat="43.1419454867" lon="-95.1437489397" />
  <node id="3014" visible="true" version="1" lat="43.1419447089" lon="-95.1437528634" />
  <node id="3015" visible="true" version="1" lat="43.1419447037" lon="-95.1437528898" />
  <node id="3016" visible="true" version="1" lat="43.1419446984" lon="-95.1437529161" />
  <node id="3017" visible="true" version="1" lat="43.1419446403" lon="-95.1437532028" />
  <node id="3018" visible="true" version="1" lat="43.1419445382" lon="-95.1437537063" />
  <node id="3019" visible="true" version="1" lat="43.1419445329" lon="-95.1437537326" />
  <node id="3020" visible="true" version="1" lat="43.1419445274" lon="-95.1437537587" />
  <node id="3021" visible="true" version="1" lat="43.1419437331" lon="-95.1437575915" />
  <node id="3022" visible="true" version="1" lat="43.1419437276" lon="-95.1437576177" />
  <node id="3023" visible="true" version="1" lat="43.1419437221" lon="-95.1437576437" />
  <node id="3024" visible="true" version="1" lat="43.1419435569" lon="-95.1437584234" />
  <node id="3025" visible="true" version="1" lat="43.1419435514" lon="-95.1437584494" />
  <node id="3026" visible="true" version="1" lat="43.1419435458" lon="-95.1437584752" />
  <node id="3027" visible="true" version="1" lat="43.1419427296" lon="-95.1437622437" />
  <node id="3028" visible="true" version="1" lat="43.1419427240" lon="-95.1437622695" />
  <node id="3029" visible="true" version="1" lat="43.1419427183" lon="-95.1437622951" />
  <node id="3030" visible="true" version="1" lat="43.1419426234" lon="-95.1437627239" />
  <node id="3031" visible="true" version="1" lat="43.1419425482" lon="-95.1437630632" />
  <node id="3032" visible="true" version="1" lat="43.1419425426" lon="-95.1437630888" />
  <node id="3033" visible="true" version="1" lat="43.1419425368" lon="-95.1437631142" />
  <node id="3034" visible="true" version="1" lat="43.1419416987" lon="-95.1437668185" />
  <node id="3035" visible="true" version="1" lat="43.1419416929" lon="-95.1437668439" />
  <node id="3036" visible="true" version="1" lat="43.1419416871" lon="-95.1437668691" />
  <node id="3037" visible="true" version="1" lat="43.1419415125" lon="-95.1437676246" />
  <node id="3038" visible="true" version="1" lat="43.1419415066" lon="-95.1437676497" />
  <node id="3039" visible="true" version="1" lat="43.1419415008" lon="-95.1437676747" />
  <node id="3040" visible="true" version="1" lat="43.1419406407" lon="-95.1437713150" />
  <node id="3041" visible="true" version="1" lat="43.1419406348" lon="-95.1437713399" />
  <node id="3042" visible="true" version="1" lat="43.1419406288" lon="-95.1437713646" />
  <node id="3043" visible="true" version="1" lat="43.1419404498" lon="-95.1437721064" />
  <node id="3044" visible="true" version="1" lat="43.1419404438" lon="-95.1437721311" />
  <node id="3045" visible="true" version="1" lat="43.1419404378" lon="-95.1437721556" />
  <node id="3046" visible="true" version="1" lat="43.1419398201" lon="-95.1437746600" />
  <node id="3047" visible="true" version="1" lat="43.1419395558" lon="-95.1437757318" />
  <node id="3048" visible="true" version="1" lat="43.1419395497" lon="-95.1437757563" />
  <node id="3049" visible="true" version="1" lat="43.1419395436" lon="-95.1437757805" />
  <node id="3050" visible="true" version="1" lat="43.1419393604" lon="-95.1437765076" />
  <node id="3051" visible="true" version="1" lat="43.1419393543" lon="-95.1437765319" />
  <node id="3052" visible="true" version="1" lat="43.1419393482" lon="-95.1437765559" />
  <node id="3053" visible="true" version="1" lat="43.1419384442" lon="-95.1437800682" />
  <node id="3054" visible="true" version="1" lat="43.1419384381" lon="-95.1437800921" />
  <node id="3055" visible="true" version="1" lat="43.1419384318" lon="-95.1437801158" />
  <node id="3056" visible="true" version="1" lat="43.1419382448" lon="-95.1437808274" />
  <node id="3057" visible="true" version="1" lat="43.1419382385" lon="-95.1437808511" />
  <node id="3058" visible="true" version="1" lat="43.1419382322" lon="-95.1437808746" />
  <node id="3059" visible="true" version="1" lat="43.1419373060" lon="-95.1437843242" />
  <node id="3060" visible="true" version="1" lat="43.1419373000" lon="-95.1437843463" />
  <node id="3061" visible="true" version="1" lat="43.1419372048" lon="-95.1437846973" />
  <node id="3062" visible="true" version="1" lat="43.1419371989" lon="-95.1437847193" />
  <node id="3063" visible="true" version="1" lat="43.1417867355" lon="-95.1443333941" />
  <node id="3064" visible="true" version="1" lat="43.1417867097" lon="-95.1443334891" />
  <node id="3065" visible="true" version="1" lat="43.1417863563" lon="-95.1443348058" />
  <node id="3066" visible="true" version="1" lat="43.1417859460" lon="-95.1443363344" />
  <node id="3067" visible="true" version="1" lat="43.1417858952" lon="-95.1443365279" />
  <node id="3068" visible="true" version="1" lat="43.1417852135" lon="-95.1443391800" />
  <node id="3069" visible="true" version="1" lat="43.1417851637" lon="-95.1443393777" />
  <node id="3070" visible="true" version="1" lat="43.1417844995" lon="-95.1443420763" />
  <node id="3071" visible="true" version="1" lat="43.1417844509" lon="-95.1443422781" />
  <node id="3072" visible="true" version="1" lat="43.1417838040" lon="-95.1443450243" />
  <node id="3073" visible="true" version="1" lat="43.1417837566" lon="-95.1443452299" />
  <node id="3074" visible="true" version="1" lat="43.1417831264" lon="-95.1443480253" />
  <node id="3075" visible="true" version="1" lat="43.1417830803" lon="-95.1443482344" />
  <node id="3076" visible="true" version="1" lat="43.1417824667" lon="-95.1443510804" />
  <node id="3077" visible="true" version="1" lat="43.1417824220" lon="-95.1443512927" />
  <node id="3078" visible="true" version="1" lat="43.1417820889" lon="-95.1443529085" />
  <node id="3079" visible="true" version="1" lat="43.1417818246" lon="-95.1443541908" />
  <node id="3080" visible="true" version="1" lat="43.1417817813" lon="-95.1443544060" />
  <node id="3081" visible="true" version="1" lat="43.1417811467" lon="-95.1443576278" />
  <node id="3082" visible="true" version="1" lat="43.1417811256" lon="-95.1443577364" />
  <node id="3083" visible="true" version="1" lat="43.1417108796" lon="-95.1447226825" />
  <node id="3084" visible="true" version="1" lat="43.1416326850" lon="-95.1451289181" />
  <node id="3085" visible="true" version="1" lat="43.1416325586" lon="-95.1451296254" />
  <node id="3086" visible="true" version="1" lat="43.1412823049" lon="-95.1463434435" />
  <node id="3087" visible="true" version="1" lat="43.1412823007" lon="-95.1463434517" />
  <node id="3088" visible="true" version="1" lat="43.1412822331" lon="-95.1463435817" />
  <node id="3089" visible="true" version="1" lat="43.1412822289" lon="-95.1463435898" />
  <node id="3090" visible="true" version="1" lat="43.1412815587" lon="-95.1463448647" />
  <node id="3091" visible="true" version="1" lat="43.1412815542" lon="-95.1463448732" />
  <node id="3092" visible="true" version="1" lat="43.1412815496" lon="-95.1463448818" />
  <node id="3093" visible="true" version="1" lat="43.1412815037" lon="-95.1463449671" />
  <node id="3094" visible="true" version="1" lat="43.1412814113" lon="-95.1463451389" />
  <node id="3095" visible="true" version="1" lat="43.1412814067" lon="-95.1463451474" />
  <node id="3096" visible="true" version="1" lat="43.1412814020" lon="-95.1463451560" />
  <node id="3097" visible="true" version="1" lat="43.1412807150" lon="-95.1463464048" />
  <node id="3098" visible="true" version="1" lat="43.1412807102" lon="-95.1463464133" />
  <node id="3099" visible="true" version="1" lat="43.1412807055" lon="-95.1463464218" />
  <node id="3100" visible="true" version="1" lat="43.1412805624" lon="-95.1463466761" />
  <node id="3101" visible="true" version="1" lat="43.1412805576" lon="-95.1463466846" />
  <node id="3102" visible="true" version="1" lat="43.1412805527" lon="-95.1463466930" />
  <node id="3103" visible="true" version="1" lat="43.1412799382" lon="-95.1463477611" />
  <node id="3104" visible="true" version="1" lat="43.1412798442" lon="-95.1463479245" />
  <node id="3105" visible="true" version="1" lat="43.1412798394" lon="-95.1463479329" />
  <node id="3106" visible="true" version="1" lat="43.1412798344" lon="-95.1463479413" />
  <node id="3107" visible="true" version="1" lat="43.1412796866" lon="-95.1463481925" />
  <node id="3108" visible="true" version="1" lat="43.1412796817" lon="-95.1463482009" />
  <node id="3109" visible="true" version="1" lat="43.1412796767" lon="-95.1463482092" />
  <node id="3110" visible="true" version="1" lat="43.1412789468" lon="-95.1463494233" />
  <node id="3111" visible="true" version="1" lat="43.1412789417" lon="-95.1463494316" />
  <node id="3112" visible="true" version="1" lat="43.1412789367" lon="-95.1463494399" />
  <node id="3113" visible="true" version="1" lat="43.1412788985" lon="-95.1463495020" />
  <node id="3114" visible="true" version="1" lat="43.1412787844" lon="-95.1463496878" />
  <node id="3115" visible="true" version="1" lat="43.1412787793" lon="-95.1463496960" />
  <node id="3116" visible="true" version="1" lat="43.1412787741" lon="-95.1463497042" />
  <node id="3117" visible="true" version="1" lat="43.1412780227" lon="-95.1463509010" />
  <node id="3118" visible="true" version="1" lat="43.1412780175" lon="-95.1463509092" />
  <node id="3119" visible="true" version="1" lat="43.1412780123" lon="-95.1463509173" />
  <node id="3120" visible="true" version="1" lat="43.1412778557" lon="-95.1463511615" />
  <node id="3121" visible="true" version="1" lat="43.1412778505" lon="-95.1463511696" />
  <node id="3122" visible="true" version="1" lat="43.1412778452" lon="-95.1463511777" />
  <node id="3123" visible="true" version="1" lat="43.1412776480" lon="-95.1463514786" />
  <node id="3124" visible="true" version="1" lat="43.1412770723" lon="-95.1463523572" />
  <node id="3125" visible="true" version="1" lat="43.1412770670" lon="-95.1463523652" />
  <node id="3126" visible="true" version="1" lat="43.1412770616" lon="-95.1463523732" />
  <node id="3127" visible="true" version="1" lat="43.1412769277" lon="-95.1463525733" />
  <node id="3128" visible="true" version="1" lat="43.1412769009" lon="-95.1463526133" />
  <node id="3129" visible="true" version="1" lat="43.1412768955" lon="-95.1463526214" />
  <node id="3130" visible="true" version="1" lat="43.1412768901" lon="-95.1463526293" />
  <node id="3131" visible="true" version="1" lat="43.1412760957" lon="-95.1463537915" />
  <node id="3132" visible="true" version="1" lat="43.1412760903" lon="-95.1463537994" />
  <node id="3133" visible="true" version="1" lat="43.1412760848" lon="-95.1463538072" />
  <node id="3134" visible="true" version="1" lat="43.1412759202" lon="-95.1463540431" />
  <node id="3135" visible="true" version="1" lat="43.1412759147" lon="-95.1463540510" />
  <node id="3136" visible="true" version="1" lat="43.1412759092" lon="-95.1463540587" />
  <node id="3137" visible="true" version="1" lat="43.1412751915" lon="-95.1463550658" />
  <node id="3138" visible="true" version="1" lat="43.1412750929" lon="-95.1463552041" />
  <node id="3139" visible="true" version="1" lat="43.1412750877" lon="-95.1463552114" />
  <node id="3140" visible="true" version="1" lat="43.1412750037" lon="-95.1463553280" />
  <node id="3141" visible="true" version="1" lat="43.1412749984" lon="-95.1463553354" />
  <node id="3142" visible="true" version="1" lat="43.1412264717" lon="-95.1464220349" />
  <node id="3143" visible="true" version="1" lat="43.1412264667" lon="-95.1464220418" />
  <node id="3144" visible="true" version="1" lat="43.1412263863" lon="-95.1464221511" />
  <node id="3145" visible="true" version="1" lat="43.1412263814" lon="-95.1464221579" />
  <node id="3146" visible="true" version="1" lat="43.1412255921" lon="-95.1464232218" />
  <node id="3147" visible="true" version="1" lat="43.1412255820" lon="-95.1464232354" />
  <node id="3148" visible="true" version="1" lat="43.1412254183" lon="-95.1464234518" />
  <node id="3149" visible="true" version="1" lat="43.1412254082" lon="-95.1464234652" />
  <node id="3150" visible="true" version="1" lat="43.1412246021" lon="-95.1464245105" />
  <node id="3151" visible="true" version="1" lat="43.1412245918" lon="-95.1464245238" />
  <node id="3152" visible="true" version="1" lat="43.1412244242" lon="-95.1464247370" />
  <node id="3153" visible="true" version="1" lat="43.1412244139" lon="-95.1464247502" />
  <node id="3154" visible="true" version="1" lat="43.1412235910" lon="-95.1464257767" />
  <node id="3155" visible="true" version="1" lat="43.1412235805" lon="-95.1464257898" />
  <node id="3156" visible="true" version="1" lat="43.1412234092" lon="-95.1464259995" />
  <node id="3157" visible="true" version="1" lat="43.1412233986" lon="-95.1464260124" />
  <node id="3158" visible="true" version="1" lat="43.1412225590" lon="-95.1464270202" />
  <node id="3159" visible="true" version="1" lat="43.1412225483" lon="-95.1464270331" />
  <node id="3160" visible="true" version="1" lat="43.1412223734" lon="-95.1464272390" />
  <node id="3161" visible="true" version="1" lat="43.1412223626" lon="-95.1464272517" />
  <node id="3162" visible="true" version="1" lat="43.1412215062" lon="-95.1464282408" />
  <node id="3163" visible="true" version="1" lat="43.1412214953" lon="-95.1464282534" />
  <node id="3164" visible="true" version="1" lat="43.1412213170" lon="-95.1464284553" />
  <node id="3165" visible="true" version="1" lat="43.1412213060" lon="-95.1464284678" />
  <node id="3166" visible="true" version="1" lat="43.1412204328" lon="-95.1464294382" />
  <node id="3167" visible="true" version="1" lat="43.1412204217" lon="-95.1464294506" />
  <node id="3168" visible="true" version="1" lat="43.1412202403" lon="-95.1464296483" />
  <node id="3169" visible="true" version="1" lat="43.1412202291" lon="-95.1464296605" />
  <node id="3170" visible="true" version="1" lat="43.1412193391" lon="-95.1464306122" />
  <node id="3171" visible="true" version="1" lat="43.1412193278" lon="-95.1464306243" />
  <node id="3172" visible="true" version="1" lat="43.1412191434" lon="-95.1464308177" />
  <node id="3173" visible="true" version="1" lat="43.1412191320" lon="-95.1464308296" />
  <node id="3174" visible="true" version="1" lat="43.1412182194" lon="-95.1464317686" />
  <node id="3175" visible="true" version="1" lat="43.1412182138" lon="-95.1464317744" />
  <node id="3176" visible="true" version="1" lat="43.1412181206" lon="-95.1464318694" />
  <node id="3177" visible="true" version="1" lat="43.1412181148" lon="-95.1464318753" />
  <node id="3178" visible="true" version="1" lat="43.1408479937" lon="-95.1468054041" />
  <node id="3179" visible="true" version="1" lat="43.1408479654" lon="-95.1468054330" />
  <node id="3180" visible="true" version="1" lat="43.1408471265" lon="-95.1468062985" />
  <node id="3181" visible="true" version="1" lat="43.1408470706" lon="-95.1468063575" />
  <node id="3182" visible="true" version="1" lat="43.1408465795" lon="-95.1468068870" />
  <node id="3183" visible="true" version="1" lat="43.1408463196" lon="-95.1468071672" />
  <node id="3184" visible="true" version="1" lat="43.1408462647" lon="-95.1468072277" />
  <node id="3185" visible="true" version="1" lat="43.1408458860" lon="-95.1468076545" />
  <node id="3186" visible="true" version="1" lat="43.1408455310" lon="-95.1468080545" />
  <node id="3187" visible="true" version="1" lat="43.1408454772" lon="-95.1468081165" />
  <node id="3188" visible="true" version="1" lat="43.1408447603" lon="-95.1468089608" />
  <node id="3189" visible="true" version="1" lat="43.1408447077" lon="-95.1468090242" />
  <node id="3190" visible="true" version="1" lat="43.1408440073" lon="-95.1468098864" />
  <node id="3191" visible="true" version="1" lat="43.1408439559" lon="-95.1468099510" />
  <node id="3192" visible="true" version="1" lat="43.1408432715" lon="-95.1468108317" />
  <node id="3193" visible="true" version="1" lat="43.1408432215" lon="-95.1468108975" />
  <node id="3194" visible="true" version="1" lat="43.1408425528" lon="-95.1468117970" />
  <node id="3195" visible="true" version="1" lat="43.1408425042" lon="-95.1468118639" />
  <node id="3196" visible="true" version="1" lat="43.1408417912" lon="-95.1468128669" />
  <node id="3197" visible="true" version="1" lat="43.1408417674" lon="-95.1468129007" />
  <node id="3198" visible="true" version="1" lat="43.1407767022" lon="-95.1469065124" />
  <node id="3199" visible="true" version="1" lat="43.1407257661" lon="-95.1469797954" />
  <node id="3200" visible="true" version="1" lat="43.1407257389" lon="-95.1469798345" />
  <node id="3201" visible="true" version="1" lat="43.1407257100" lon="-95.1469798721" />
  <node id="3202" visible="true" version="1" lat="43.1407248440" lon="-95.1469809964" />
  <node id="3203" visible="true" version="1" lat="43.1407248152" lon="-95.1469810339" />
  <node id="3204" visible="true" version="1" lat="43.1407247846" lon="-95.1469810697" />
  <node id="3205" visible="true" version="1" lat="43.1407036701" lon="-95.1470058424" />
  <node id="3206" visible="true" version="1" lat="43.1405040484" lon="-95.1472400454" />
  <node id="3207" visible="true" version="1" lat="43.1405039104" lon="-95.1472402171" />
  <node id="3208" visible="true" version="1" lat="43.1402582803" lon="-95.1475645963" />
  <node id="3209" visible="true" version="1" lat="43.1397719253" lon="-95.1482068441" />
  <node id="3210" visible="true" version="1" lat="43.1397717213" lon="-95.1482071410" />
  <node id="3211" visible="true" version="1" lat="43.1396182038" lon="-95.1484539169" />
  <node id="3212" visible="true" version="1" lat="43.1396181760" lon="-95.1484539623" />
  <node id="3213" visible="true" version="1" lat="43.1396173539" lon="-95.1484553236" />
  <node id="3214" visible="true" version="1" lat="43.1396172998" lon="-95.1484554160" />
  <node id="3215" visible="true" version="1" lat="43.1396165808" lon="-95.1484566811" />
  <node id="3216" visible="true" version="1" lat="43.1396165288" lon="-95.1484567756" />
  <node id="3217" visible="true" version="1" lat="43.1396158436" lon="-95.1484580592" />
  <node id="3218" visible="true" version="1" lat="43.1396157937" lon="-95.1484581556" />
  <node id="3219" visible="true" version="1" lat="43.1396151416" lon="-95.1484594586" />
  <node id="3220" visible="true" version="1" lat="43.1396150941" lon="-95.1484595566" />
  <node id="3221" visible="true" version="1" lat="43.1396144744" lon="-95.1484608803" />
  <node id="3222" visible="true" version="1" lat="43.1396144294" lon="-95.1484609797" />
  <node id="3223" visible="true" version="1" lat="43.1396138416" lon="-95.1484623252" />
  <node id="3224" visible="true" version="1" lat="43.1396137992" lon="-95.1484624258" />
  <node id="3225" visible="true" version="1" lat="43.1396132429" lon="-95.1484637944" />
  <node id="3226" visible="true" version="1" lat="43.1396132031" lon="-95.1484638960" />
  <node id="3227" visible="true" version="1" lat="43.1396126301" lon="-95.1484654157" />
  <node id="3228" visible="true" version="1" lat="43.1396126113" lon="-95.1484654668" />
  <node id="3229" visible="true" version="1" lat="43.1395175598" lon="-95.1487275863" />
  <node id="3230" visible="true" version="1" lat="43.1394810804" lon="-95.1488281821" />
  <node id="3231" visible="true" version="1" lat="43.1394810547" lon="-95.1488282549" />
  <node id="3232" visible="true" version="1" lat="43.1394803023" lon="-95.1488304517" />
  <node id="3233" visible="true" version="1" lat="43.1394802544" lon="-95.1488306002" />
  <node id="3234" visible="true" version="1" lat="43.1394798138" lon="-95.1488320548" />
  <node id="3235" visible="true" version="1" lat="43.1394796412" lon="-95.1488326245" />
  <node id="3236" visible="true" version="1" lat="43.1394795982" lon="-95.1488327763" />
  <node id="3237" visible="true" version="1" lat="43.1394790605" lon="-95.1488348132" />
  <node id="3238" visible="true" version="1" lat="43.1394790227" lon="-95.1488349677" />
  <node id="3239" visible="true" version="1" lat="43.1394785590" lon="-95.1488370207" />
  <node id="3240" visible="true" version="1" lat="43.1394785266" lon="-95.1488371770" />
  <node id="3241" visible="true" version="1" lat="43.1394784887" lon="-95.1488373781" />
  <node id="3242" visible="true" version="1" lat="43.1394781359" lon="-95.1488392499" />
  <node id="3243" visible="true" version="1" lat="43.1394781091" lon="-95.1488394072" />
  <node id="3244" visible="true" version="1" lat="43.1394780093" lon="-95.1488400645" />
  <node id="3245" visible="true" version="1" lat="43.1394777908" lon="-95.1488415039" />
  <node id="3246" visible="true" version="1" lat="43.1394777697" lon="-95.1488416616" />
  <node id="3247" visible="true" version="1" lat="43.1394776537" lon="-95.1488426624" />
  <node id="3248" visible="true" version="1" lat="43.1394775236" lon="-95.1488437859" />
  <node id="3249" visible="true" version="1" lat="43.1394775082" lon="-95.1488439432" />
  <node id="3250" visible="true" version="1" lat="43.1394774222" lon="-95.1488450106" />
  <node id="3251" visible="true" version="1" lat="43.1394773189" lon="-95.1488462932" />
  <node id="3252" visible="true" version="1" lat="43.1394773133" lon="-95.1488463715" />
  <node id="3253" visible="true" version="1" lat="43.1394620200" lon="-95.1490887172" />
  <node id="3254" visible="true" version="1" lat="43.1394620159" lon="-95.1490887812" />
  <node id="3255" visible="true" version="1" lat="43.1394620083" lon="-95.1490888448" />
  <node id="3256" visible="true" version="1" lat="43.1394617791" lon="-95.1490907503" />
  <node id="3257" visible="true" version="1" lat="43.1394617714" lon="-95.1490908138" />
  <node id="3258" visible="true" version="1" lat="43.1394617602" lon="-95.1490908767" />
  <node id="3259" visible="true" version="1" lat="43.1394075445" lon="-95.1493945963" />
  <node id="3260" visible="true" version="1" lat="43.1393937722" lon="-95.1494717462" />
  <node id="3261" visible="true" version="1" lat="43.1393937313" lon="-95.1494720262" />
  <node id="3262" visible="true" version="1" lat="43.1393647698" lon="-95.1497256955" />
  <node id="3263" visible="true" version="1" lat="43.1393647646" lon="-95.1497257407" />
  <node id="3264" visible="true" version="1" lat="43.1393647576" lon="-95.1497257856" />
  <node id="3265" visible="true" version="1" lat="43.1393646195" lon="-95.1497266752" />
  <node id="3266" visible="true" version="1" lat="43.1393645486" lon="-95.1497271313" />
  <node id="3267" visible="true" version="1" lat="43.1393645417" lon="-95.1497271762" />
  <node id="3268" visible="true" version="1" lat="43.1393645329" lon="-95.1497272207" />
  <node id="3269" visible="true" version="1" lat="43.1393207736" lon="-95.1499492252" />
  <node id="3270" visible="true" version="1" lat="43.1392908466" lon="-95.1501010488" />
  <node id="3271" visible="true" version="1" lat="43.1392908368" lon="-95.1501010998" />
  <node id="3272" visible="true" version="1" lat="43.1392905545" lon="-95.1501026255" />
  <node id="3273" visible="true" version="1" lat="43.1392905367" lon="-95.1501027284" />
  <node id="3274" visible="true" version="1" lat="43.1392903114" lon="-95.1501041277" />
  <node id="3275" visible="true" version="1" lat="43.1392902959" lon="-95.1501042315" />
  <node id="3276" visible="true" version="1" lat="43.1392902763" lon="-95.1501043744" />
  <node id="3277" visible="true" version="1" lat="43.1392901037" lon="-95.1501056330" />
  <node id="3278" visible="true" version="1" lat="43.1392900906" lon="-95.1501057374" />
  <node id="3279" visible="true" version="1" lat="43.1392899312" lon="-95.1501071422" />
  <node id="3280" visible="true" version="1" lat="43.1392899205" lon="-95.1501072471" />
  <node id="3281" visible="true" version="1" lat="43.1392897939" lon="-95.1501086562" />
  <node id="3282" visible="true" version="1" lat="43.1392897857" lon="-95.1501087613" />
  <node id="3283" visible="true" version="1" lat="43.1392896917" lon="-95.1501101759" />
  <node id="3284" visible="true" version="1" lat="43.1392896859" lon="-95.1501102810" />
  <node id="3285" visible="true" version="1" lat="43.1392896245" lon="-95.1501117022" />
  <node id="3286" visible="true" version="1" lat="43.1392896212" lon="-95.1501118071" />
  <node id="3287" visible="true" version="1" lat="43.1392895979" lon="-95.1501129703" />
  <node id="3288" visible="true" version="1" lat="43.1392895900" lon="-95.1501133663" />
  <node id="3289" visible="true" version="1" lat="43.1392895892" lon="-95.1501134185" />
  <node id="3290" visible="true" version="1" lat="43.1392874958" lon="-95.1503588183" />
  <node id="3291" visible="true" version="1" lat="43.1392875122" lon="-95.1503592446" />
  <node id="3292" visible="true" version="1" lat="43.1392951785" lon="-95.1504486137" />
  <node id="3293" visible="true" version="1" lat="43.1393091611" lon="-95.1506116215" />
  <node id="3294" visible="true" version="1" lat="43.1393092115" lon="-95.1506120101" />
  <node id="3295" visible="true" version="1" lat="43.1393439856" lon="-95.1508114687" />
  <node id="3296" visible="true" version="1" lat="43.1393531676" lon="-95.1508641370" />
  <node id="3297" visible="true" version="1" lat="43.1393532913" lon="-95.1508646583" />
  <node id="3298" visible="true" version="1" lat="43.1394012352" lon="-95.1510231640" />
  <node id="3299" visible="true" version="1" lat="43.1394296237" lon="-95.1511170198" />
  <node id="3300" visible="true" version="1" lat="43.1394297290" lon="-95.1511173261" />
  <node id="3301" visible="true" version="1" lat="43.1395232112" lon="-95.1513593033" />
  <node id="3302" visible="true" version="1" lat="43.1395232413" lon="-95.1513593791" />
  <node id="3303" visible="true" version="1" lat="43.1395241680" lon="-95.1513616478" />
  <node id="3304" visible="true" version="1" lat="43.1395242329" lon="-95.1513617984" />
  <node id="3305" visible="true" version="1" lat="43.1395251488" lon="-95.1513638136" />
  <node id="3306" visible="true" version="1" lat="43.1395252199" lon="-95.1513639622" />
  <node id="3307" visible="true" version="1" lat="43.1395262025" lon="-95.1513659153" />
  <node id="3308" visible="true" version="1" lat="43.1395262795" lon="-95.1513660610" />
  <node id="3309" visible="true" version="1" lat="43.1395273303" lon="-95.1513679563" />
  <node id="3310" visible="true" version="1" lat="43.1395274128" lon="-95.1513680985" />
  <node id="3311" visible="true" version="1" lat="43.1395285339" lon="-95.1513699401" />
  <node id="3312" visible="true" version="1" lat="43.1395286216" lon="-95.1513700777" />
  <node id="3313" visible="true" version="1" lat="43.1395298155" lon="-95.1513718695" />
  <node id="3314" visible="true" version="1" lat="43.1395299077" lon="-95.1513720019" />
  <node id="3315" visible="true" version="1" lat="43.1395311772" lon="-95.1513737471" />
  <node id="3316" visible="true" version="1" lat="43.1395312734" lon="-95.1513738738" />
  <node id="3317" visible="true" version="1" lat="43.1395327430" lon="-95.1513757281" />
  <node id="3318" visible="true" version="1" lat="43.1395327923" lon="-95.1513757891" />
  <node id="3319" visible="true" version="1" lat="43.1398342928" lon="-95.1517587102" />
  <node id="3320" visible="true" version="1" lat="43.1398343336" lon="-95.1517587854" />
  <node id="3321" visible="true" version="1" lat="43.1398355667" lon="-95.1517610186" />
  <node id="3322" visible="true" version="1" lat="43.1398356510" lon="-95.1517611660" />
  <node id="3323" visible="true" version="1" lat="43.1398368118" lon="-95.1517631407" />
  <node id="3324" visible="true" version="1" lat="43.1398368993" lon="-95.1517632877" />
  <node id="3325" visible="true" version="1" lat="43.1398380915" lon="-95.1517652214" />
  <node id="3326" visible="true" version="1" lat="43.1398381821" lon="-95.1517653634" />
  <node id="3327" visible="true" version="1" lat="43.1398386066" lon="-95.1517660054" />
  <node id="3328" visible="true" version="1" lat="43.1398394071" lon="-95.1517672160" />
  <node id="3329" visible="true" version="1" lat="43.1398395005" lon="-95.1517673524" />
  <node id="3330" visible="true" version="1" lat="43.1398407598" lon="-95.1517691290" />
  <node id="3331" visible="true" version="1" lat="43.1398408556" lon="-95.1517692628" />
  <node id="3332" visible="true" version="1" lat="43.1398421511" lon="-95.1517710080" />
  <node id="3333" visible="true" version="1" lat="43.1398422490" lon="-95.1517711351" />
  <node id="3334" visible="true" version="1" lat="43.1398435824" lon="-95.1517728040" />
  <node id="3335" visible="true" version="1" lat="43.1398436819" lon="-95.1517729240" />
  <node id="3336" visible="true" version="1" lat="43.1398451797" lon="-95.1517746626" />
  <node id="3337" visible="true" version="1" lat="43.1398452300" lon="-95.1517747198" />
  <node id="3338" visible="true" version="1" lat="43.1399104092" lon="-95.1518601251" />
  <node id="3339" visible="true" version="1" lat="43.1399471532" lon="-95.1519189157" />
  <node id="3340" visible="true" version="1" lat="43.1399475332" lon="-95.1519194749" />
  <node id="3341" visible="true" version="1" lat="43.1403016447" lon="-95.1524502250" />
  <node id="3342" visible="true" version="1" lat="43.1403020226" lon="-95.1524507234" />
  <node id="3343" visible="true" version="1" lat="43.1404520069" lon="-95.1526138750" />
  <node id="3344" visible="true" version="1" lat="43.1407185438" lon="-95.1529038170" />
  <node id="3345" visible="true" version="1" lat="43.1407187158" lon="-95.1529039870" />
  <node id="3346" visible="true" version="1" lat="43.1408981246" lon="-95.1530636273" />
  <node id="3347" visible="true" version="1" lat="43.1410499358" lon="-95.1531987130" />
  <node id="3348" visible="true" version="1" lat="43.1410499667" lon="-95.1531987404" />
  <node id="3349" visible="true" version="1" lat="43.1410499972" lon="-95.1531987719" />
  <node id="3350" visible="true" version="1" lat="43.1410509136" lon="-95.1531997161" />
  <node id="3351" visible="true" version="1" lat="43.1410509441" lon="-95.1531997476" />
  <node id="3352" visible="true" version="1" lat="43.1410509743" lon="-95.1531997830" />
  <node id="3353" visible="true" version="1" lat="43.1414931606" lon="-95.1537188784" />
  <node id="3354" visible="true" version="1" lat="43.1414931894" lon="-95.1537189122" />
  <node id="3355" visible="true" version="1" lat="43.1414932179" lon="-95.1537189496" />
  <node id="3356" visible="true" version="1" lat="43.1414936155" lon="-95.1537194722" />
  <node id="3357" visible="true" version="1" lat="43.1414940713" lon="-95.1537200712" />
  <node id="3358" visible="true" version="1" lat="43.1414940998" lon="-95.1537201086" />
  <node id="3359" visible="true" version="1" lat="43.1414941278" lon="-95.1537201495" />
  <node id="3360" visible="true" version="1" lat="43.1417151830" lon="-95.1540424557" />
  <node id="3361" visible="true" version="1" lat="43.1417152224" lon="-95.1540425132" />
  <node id="3362" visible="true" version="1" lat="43.1417152610" lon="-95.1540425775" />
  <node id="3363" visible="true" version="1" lat="43.1417164175" lon="-95.1540445057" />
  <node id="3364" visible="true" version="1" lat="43.1417164561" lon="-95.1540445700" />
  <node id="3365" visible="true" version="1" lat="43.1417164937" lon="-95.1540446410" />
  <node id="3366" visible="true" version="1" lat="43.1420481117" lon="-95.1546702290" />
  <node id="3367" visible="true" version="1" lat="43.1420481401" lon="-95.1546702826" />
  <node id="3368" visible="true" version="1" lat="43.1420481679" lon="-95.1546703399" />
  <node id="3369" visible="true" version="1" lat="43.1420486821" lon="-95.1546713989" />
  <node id="3370" visible="true" version="1" lat="43.1420490029" lon="-95.1546720598" />
  <node id="3371" visible="true" version="1" lat="43.1420490308" lon="-95.1546721171" />
  <node id="3372" visible="true" version="1" lat="43.1420490580" lon="-95.1546721781" />
  <node id="3373" visible="true" version="1" lat="43.1423806785" lon="-95.1554147399" />
  <node id="3374" visible="true" version="1" lat="43.1423807147" lon="-95.1554148201" />
  <node id="3375" visible="true" version="1" lat="43.1423807498" lon="-95.1554149064" />
  <node id="3376" visible="true" version="1" lat="43.1423812427" lon="-95.1554161202" />
  <node id="3377" visible="true" version="1" lat="43.1423818018" lon="-95.1554174970" />
  <node id="3378" visible="true" version="1" lat="43.1423818369" lon="-95.1554175833" />
  <node id="3379" visible="true" version="1" lat="43.1423818707" lon="-95.1554176757" />
  <node id="3380" visible="true" version="1" lat="43.1424202789" lon="-95.1555200539" />
  <node id="3381" visible="true" version="1" lat="43.1424881292" lon="-95.1556789035" />
  <node id="3382" visible="true" version="1" lat="43.1424881360" lon="-95.1556789174" />
  <node id="3383" visible="true" version="1" lat="43.1424882430" lon="-95.1556791404" />
  <node id="3384" visible="true" version="1" lat="43.1424882497" lon="-95.1556791543" />
  <node id="3385" visible="true" version="1" lat="43.1424892986" lon="-95.1556813630" />
  <node id="3386" visible="true" version="1" lat="43.1424893056" lon="-95.1556813778" />
  <node id="3387" visible="true" version="1" lat="43.1424893127" lon="-95.1556813930" />
  <node id="3388" visible="true" version="1" lat="43.1424893606" lon="-95.1556814961" />
  <node id="3389" visible="true" version="1" lat="43.1424895237" lon="-95.1556818447" />
  <node id="3390" visible="true" version="1" lat="43.1424895308" lon="-95.1556818595" />
  <node id="3391" visible="true" version="1" lat="43.1424895377" lon="-95.1556818745" />
  <node id="3392" visible="true" version="1" lat="43.1424905605" lon="-95.1556840759" />
  <node id="3393" visible="true" version="1" lat="43.1424905675" lon="-95.1556840910" />
  <node id="3394" visible="true" version="1" lat="43.1424905744" lon="-95.1556841062" />
  <node id="3395" visible="true" version="1" lat="43.1424907823" lon="-95.1556845632" />
  <node id="3396" visible="true" version="1" lat="43.1424907892" lon="-95.1556845785" />
  <node id="3397" visible="true" version="1" lat="43.1424907961" lon="-95.1556845939" />
  <node id="3398" visible="true" version="1" lat="43.1424917998" lon="-95.1556868485" />
  <node id="3399" visible="true" version="1" lat="43.1424918067" lon="-95.1556868640" />
  <node id="3400" visible="true" version="1" lat="43.1424918135" lon="-95.1556868796" />
  <node id="3401" visible="true" version="1" lat="43.1424919876" lon="-95.1556872791" />
  <node id="3402" visible="true" version="1" lat="43.1424920179" lon="-95.1556873485" />
  <node id="3403" visible="true" version="1" lat="43.1424920247" lon="-95.1556873642" />
  <node id="3404" visible="true" version="1" lat="43.1424920314" lon="-95.1556873800" />
  <node id="3405" visible="true" version="1" lat="43.1424927648" lon="-95.1556890987" />
  <node id="3406" visible="true" version="1" lat="43.1424930162" lon="-95.1556896878" />
  <node id="3407" visible="true" version="1" lat="43.1424930230" lon="-95.1556897036" />
  <node id="3408" visible="true" version="1" lat="43.1424930296" lon="-95.1556897197" />
  <node id="3409" visible="true" version="1" lat="43.1424932189" lon="-95.1556901726" />
  <node id="3410" visible="true" version="1" lat="43.1424932303" lon="-95.1556901998" />
  <node id="3411" visible="true" version="1" lat="43.1424932369" lon="-95.1556902158" />
  <node id="3412" visible="true" version="1" lat="43.1424932435" lon="-95.1556902320" />
  <node id="3413" visible="true" version="1" lat="43.1424936702" lon="-95.1556912634" />
  <node id="3414" visible="true" version="1" lat="43.1424942093" lon="-95.1556925532" />
  <node id="3415" visible="true" version="1" lat="43.1424942160" lon="-95.1556925691" />
  <node id="3416" visible="true" version="1" lat="43.1424942225" lon="-95.1556925851" />
  <node id="3417" visible="true" version="1" lat="43.1424944191" lon="-95.1556930654" />
  <node id="3418" visible="true" version="1" lat="43.1424944257" lon="-95.1556930814" />
  <node id="3419" visible="true" version="1" lat="43.1424944322" lon="-95.1556930976" />
  <node id="3420" visible="true" version="1" lat="43.1424948605" lon="-95.1556941667" />
  <node id="3421" visible="true" version="1" lat="43.1424953790" lon="-95.1556954605" />
  <node id="3422" visible="true" version="1" lat="43.1424953855" lon="-95.1556954766" />
  <node id="3423" visible="true" version="1" lat="43.1424953919" lon="-95.1556954929" />
  <node id="3424" visible="true" version="1" lat="43.1424955842" lon="-95.1556959830" />
  <node id="3425" visible="true" version="1" lat="43.1424955906" lon="-95.1556959993" />
  <node id="3426" visible="true" version="1" lat="43.1424955969" lon="-95.1556960158" />
  <node id="3427" visible="true" version="1" lat="43.1424959976" lon="-95.1556970587" />
  <node id="3428" visible="true" version="1" lat="43.1424965248" lon="-95.1556984309" />
  <node id="3429" visible="true" version="1" lat="43.1424965312" lon="-95.1556984474" />
  <node id="3430" visible="true" version="1" lat="43.1424965374" lon="-95.1556984640" />
  <node id="3431" visible="true" version="1" lat="43.1424965968" lon="-95.1556986217" />
  <node id="3432" visible="true" version="1" lat="43.1424967252" lon="-95.1556989631" />
  <node id="3433" visible="true" version="1" lat="43.1424967314" lon="-95.1556989797" />
  <node id="3434" visible="true" version="1" lat="43.1424967377" lon="-95.1556989965" />
  <node id="3435" visible="true" version="1" lat="43.1424976470" lon="-95.1557014221" />
  <node id="3436" visible="true" version="1" lat="43.1424976528" lon="-95.1557014376" />
  <node id="3437" visible="true" version="1" lat="43.1424977453" lon="-95.1557016857" />
  <node id="3438" visible="true" version="1" lat="43.1424977511" lon="-95.1557017012" />
  <node id="3439" visible="true" version="1" lat="43.1426646185" lon="-95.1559742352" />
  <node id="3440" visible="true" version="1" lat="43.1426646260" lon="-95.1559742446" />
  <node id="3441" visible="true" version="1" lat="43.1426647444" lon="-95.1559743950" />
  <node id="3442" visible="true" version="1" lat="43.1426647518" lon="-95.1559744044" />
  <node id="3443" visible="true" version="1" lat="43.1426659108" lon="-95.1559758959" />
  <node id="3444" visible="true" version="1" lat="43.1426659186" lon="-95.1559759059" />
  <node id="3445" visible="true" version="1" lat="43.1426659263" lon="-95.1559759161" />
  <node id="3446" visible="true" version="1" lat="43.1426661577" lon="-95.1559762222" />
  <node id="3447" visible="true" version="1" lat="43.1426661655" lon="-95.1559762324" />
  <node id="3448" visible="true" version="1" lat="43.1426661731" lon="-95.1559762428" />
  <node id="3449" visible="true" version="1" lat="43.1426672860" lon="-95.1559777561" />
  <node id="3450" visible="true" version="1" lat="43.1426672936" lon="-95.1559777664" />
  <node id="3451" visible="true" version="1" lat="43.1426673011" lon="-95.1559777769" />
  <node id="3452" visible="true" version="1" lat="43.1426673724" lon="-95.1559778766" />
  <node id="3453" visible="true" version="1" lat="43.1426675260" lon="-95.1559780913" />
  <node id="3454" visible="true" version="1" lat="43.1426675335" lon="-95.1559781018" />
  <node id="3455" visible="true" version="1" lat="43.1426675408" lon="-95.1559781124" />
  <node id="3456" visible="true" version="1" lat="43.1426678122" lon="-95.1559785027" />
  <node id="3457" visible="true" version="1" lat="43.1426686155" lon="-95.1559796577" />
  <node id="3458" visible="true" version="1" lat="43.1426686229" lon="-95.1559796683" />
  <node id="3459" visible="true" version="1" lat="43.1426686302" lon="-95.1559796790" />
  <node id="3460" visible="true" version="1" lat="43.1426687907" lon="-95.1559799165" />
  <node id="3461" visible="true" version="1" lat="43.1426688480" lon="-95.1559800011" />
  <node id="3462" visible="true" version="1" lat="43.1426688552" lon="-95.1559800118" />
  <node id="3463" visible="true" version="1" lat="43.1426688623" lon="-95.1559800227" />
  <node id="3464" visible="true" version="1" lat="43.1426698988" lon="-95.1559815999" />
  <node id="3465" visible="true" version="1" lat="43.1426699060" lon="-95.1559816108" />
  <node id="3466" visible="true" version="1" lat="43.1426699130" lon="-95.1559816218" />
  <node id="3467" visible="true" version="1" lat="43.1426700207" lon="-95.1559817906" />
  <node id="3468" visible="true" version="1" lat="43.1426701231" lon="-95.1559819508" />
  <node id="3469" visible="true" version="1" lat="43.1426701301" lon="-95.1559819618" />
  <node id="3470" visible="true" version="1" lat="43.1426701370" lon="-95.1559819729" />
  <node id="3471" visible="true" version="1" lat="43.1426711353" lon="-95.1559835821" />
  <node id="3472" visible="true" version="1" lat="43.1426711422" lon="-95.1559835932" />
  <node id="3473" visible="true" version="1" lat="43.1426711489" lon="-95.1559836044" />
  <node id="3474" visible="true" version="1" lat="43.1426713509" lon="-95.1559839397" />
  <node id="3475" visible="true" version="1" lat="43.1426713577" lon="-95.1559839509" />
  <node id="3476" visible="true" version="1" lat="43.1426713643" lon="-95.1559839621" />
  <node id="3477" visible="true" version="1" lat="43.1426723245" lon="-95.1559856035" />
  <node id="3478" visible="true" version="1" lat="43.1426723311" lon="-95.1559856147" />
  <node id="3479" visible="true" version="1" lat="43.1426723375" lon="-95.1559856261" />
  <node id="3480" visible="true" version="1" lat="43.1426724470" lon="-95.1559858189" />
  <node id="3481" visible="true" version="1" lat="43.1426725310" lon="-95.1559859668" />
  <node id="3482" visible="true" version="1" lat="43.1426725375" lon="-95.1559859782" />
  <node id="3483" visible="true" version="1" lat="43.1426725438" lon="-95.1559859896" />
  <node id="3484" visible="true" version="1" lat="43.1426734659" lon="-95.1559876631" />
  <node id="3485" visible="true" version="1" lat="43.1426734722" lon="-95.1559876745" />
  <node id="3486" visible="true" version="1" lat="43.1426734784" lon="-95.1559876861" />
  <node id="3487" visible="true" version="1" lat="43.1426735126" lon="-95.1559877501" />
  <node id="3488" visible="true" version="1" lat="43.1426736630" lon="-95.1559880314" />
  <node id="3489" visible="true" version="1" lat="43.1426736691" lon="-95.1559880429" />
  <node id="3490" visible="true" version="1" lat="43.1426736751" lon="-95.1559880545" />
  <node id="3491" visible="true" version="1" lat="43.1426745595" lon="-95.1559897608" />
  <node id="3492" visible="true" version="1" lat="43.1426745651" lon="-95.1559897717" />
  <node id="3493" visible="true" version="1" lat="43.1426746543" lon="-95.1559899466" />
  <node id="3494" visible="true" version="1" lat="43.1426746599" lon="-95.1559899575" />
  <node id="3495" visible="true" version="1" lat="43.1427320746" lon="-95.1561042414" />
  <node id="3496" visible="true" version="1" lat="43.1427320794" lon="-95.1561042507" />
  <node id="3497" visible="true" version="1" lat="43.1427321538" lon="-95.1561044008" />
  <node id="3498" visible="true" version="1" lat="43.1427321584" lon="-95.1561044102" />
  <node id="3499" visible="true" version="1" lat="43.1427328833" lon="-95.1561058925" />
  <node id="3500" visible="true" version="1" lat="43.1427328882" lon="-95.1561059025" />
  <node id="3501" visible="true" version="1" lat="43.1427328930" lon="-95.1561059126" />
  <node id="3502" visible="true" version="1" lat="43.1427330370" lon="-95.1561062152" />
  <node id="3503" visible="true" version="1" lat="43.1427330418" lon="-95.1561062253" />
  <node id="3504" visible="true" version="1" lat="43.1427330465" lon="-95.1561062354" />
  <node id="3505" visible="true" version="1" lat="43.1427337353" lon="-95.1561077240" />
  <node id="3506" visible="true" version="1" lat="43.1427337400" lon="-95.1561077342" />
  <node id="3507" visible="true" version="1" lat="43.1427337446" lon="-95.1561077444" />
  <node id="3508" visible="true" version="1" lat="43.1427338828" lon="-95.1561080517" />
  <node id="3509" visible="true" version="1" lat="43.1427338875" lon="-95.1561080619" />
  <node id="3510" visible="true" version="1" lat="43.1427338919" lon="-95.1561080722" />
  <node id="3511" visible="true" version="1" lat="43.1427345496" lon="-95.1561095770" />
  <node id="3512" visible="true" version="1" lat="43.1427345541" lon="-95.1561095873" />
  <node id="3513" visible="true" version="1" lat="43.1427345585" lon="-95.1561095977" />
  <node id="3514" visible="true" version="1" lat="43.1427346907" lon="-95.1561099091" />
  <node id="3515" visible="true" version="1" lat="43.1427346951" lon="-95.1561099195" />
  <node id="3516" visible="true" version="1" lat="43.1427346994" lon="-95.1561099299" />
  <node id="3517" visible="true" version="1" lat="43.1427351521" lon="-95.1561110289" />
  <node id="3518" visible="true" version="1" lat="43.1427353259" lon="-95.1561114510" />
  <node id="3519" visible="true" version="1" lat="43.1427353302" lon="-95.1561114614" />
  <node id="3520" visible="true" version="1" lat="43.1427353345" lon="-95.1561114719" />
  <node id="3521" visible="true" version="1" lat="43.1427354145" lon="-95.1561116722" />
  <node id="3522" visible="true" version="1" lat="43.1427354603" lon="-95.1561117869" />
  <node id="3523" visible="true" version="1" lat="43.1427354645" lon="-95.1561117974" />
  <node id="3524" visible="true" version="1" lat="43.1427354686" lon="-95.1561118080" />
  <node id="3525" visible="true" version="1" lat="43.1427356029" lon="-95.1561121548" />
  <node id="3526" visible="true" version="1" lat="43.1427360640" lon="-95.1561133454" />
  <node id="3527" visible="true" version="1" lat="43.1427360681" lon="-95.1561133560" />
  <node id="3528" visible="true" version="1" lat="43.1427360721" lon="-95.1561133666" />
  <node id="3529" visible="true" version="1" lat="43.1427361914" lon="-95.1561136846" />
  <node id="3530" visible="true" version="1" lat="43.1427361954" lon="-95.1561136952" />
  <node id="3531" visible="true" version="1" lat="43.1427361993" lon="-95.1561137059" />
  <node id="3532" visible="true" version="1" lat="43.1427367636" lon="-95.1561152597" />
  <node id="3533" visible="true" version="1" lat="43.1427367675" lon="-95.1561152703" />
  <node id="3534" visible="true" version="1" lat="43.1427367712" lon="-95.1561152810" />
  <node id="3535" visible="true" version="1" lat="43.1427368780" lon="-95.1561155848" />
  <node id="3536" visible="true" version="1" lat="43.1427368839" lon="-95.1561156017" />
  <node id="3537" visible="true" version="1" lat="43.1427368877" lon="-95.1561156124" />
  <node id="3538" visible="true" version="1" lat="43.1427368913" lon="-95.1561156231" />
  <node id="3539" visible="true" version="1" lat="43.1427372314" lon="-95.1561166245" />
  <node id="3540" visible="true" version="1" lat="43.1427374245" lon="-95.1561171933" />
  <node id="3541" visible="true" version="1" lat="43.1427374282" lon="-95.1561172041" />
  <node id="3542" visible="true" version="1" lat="43.1427374317" lon="-95.1561172148" />
  <node id="3543" visible="true" version="1" lat="43.1427375375" lon="-95.1561175375" />
  <node id="3544" visible="true" version="1" lat="43.1427375411" lon="-95.1561175483" />
  <node id="3545" visible="true" version="1" lat="43.1427375445" lon="-95.1561175591" />
  <node id="3546" visible="true" version="1" lat="43.1427379535" lon="-95.1561188513" />
  <node id="3547" visible="true" version="1" lat="43.1427380469" lon="-95.1561191463" />
  <node id="3548" visible="true" version="1" lat="43.1427380501" lon="-95.1561191565" />
  <node id="3549" visible="true" version="1" lat="43.1427381006" lon="-95.1561193190" />
  <node id="3550" visible="true" version="1" lat="43.1427381038" lon="-95.1561193292" />
  <node id="3551" visible="true" version="1" lat="43.1427749269" lon="-95.1562400163" />
  <node id="3552" visible="true" version="1" lat="43.1427749441" lon="-95.1562400726" />
  <node id="3553" visible="true" version="1" lat="43.1427749583" lon="-95.1562401301" />
  <node id="3554" visible="true" version="1" lat="43.1427753839" lon="-95.1562418512" />
  <node id="3555" visible="true" version="1" lat="43.1427753981" lon="-95.1562419086" />
  <node id="3556" visible="true" version="1" lat="43.1427754092" lon="-95.1562419669" />
  <node id="3557" visible="true" version="1" lat="43.1427984134" lon="-95.1563621752" />
  <node id="3558" visible="true" version="1" lat="43.1427984155" lon="-95.1563621862" />
  <node id="3559" visible="true" version="1" lat="43.1427984480" lon="-95.1563623611" />
  <node id="3560" visible="true" version="1" lat="43.1427984500" lon="-95.1563623720" />
  <node id="3561" visible="true" version="1" lat="43.1427987611" lon="-95.1563640959" />
  <node id="3562" visible="true" version="1" lat="43.1427987632" lon="-95.1563641075" />
  <node id="3563" visible="true" version="1" lat="43.1427987652" lon="-95.1563641191" />
  <node id="3564" visible="true" version="1" lat="43.1427988002" lon="-95.1563643257" />
  <node id="3565" visible="true" version="1" lat="43.1427988246" lon="-95.1563644697" />
  <node id="3566" visible="true" version="1" lat="43.1427988266" lon="-95.1563644814" />
  <node id="3567" visible="true" version="1" lat="43.1427988284" lon="-95.1563644931" />
  <node id="3568" visible="true" version="1" lat="43.1427990366" lon="-95.1563658052" />
  <node id="3569" visible="true" version="1" lat="43.1427991009" lon="-95.1563662102" />
  <node id="3570" visible="true" version="1" lat="43.1427991028" lon="-95.1563662219" />
  <node id="3571" visible="true" version="1" lat="43.1427991045" lon="-95.1563662337" />
  <node id="3572" visible="true" version="1" lat="43.1427991567" lon="-95.1563665868" />
  <node id="3573" visible="true" version="1" lat="43.1427991584" lon="-95.1563665986" />
  <node id="3574" visible="true" version="1" lat="43.1427991601" lon="-95.1563666104" />
  <node id="3575" visible="true" version="1" lat="43.1427991723" lon="-95.1563666996" />
  <node id="3576" visible="true" version="1" lat="43.1427993961" lon="-95.1563683325" />
  <node id="3577" visible="true" version="1" lat="43.1427993977" lon="-95.1563683443" />
  <node id="3578" visible="true" version="1" lat="43.1427993992" lon="-95.1563683561" />
  <node id="3579" visible="true" version="1" lat="43.1427994073" lon="-95.1563684203" />
  <node id="3580" visible="true" version="1" lat="43.1427994440" lon="-95.1563687112" />
  <node id="3581" visible="true" version="1" lat="43.1427994455" lon="-95.1563687231" />
  <node id="3582" visible="true" version="1" lat="43.1427994469" lon="-95.1563687349" />
  <node id="3583" visible="true" version="1" lat="43.1427995272" lon="-95.1563694306" />
  <node id="3584" visible="true" version="1" lat="43.1427996464" lon="-95.1563704620" />
  <node id="3585" visible="true" version="1" lat="43.1427996478" lon="-95.1563704738" />
  <node id="3586" visible="true" version="1" lat="43.1427996490" lon="-95.1563704857" />
  <node id="3587" visible="true" version="1" lat="43.1427996864" lon="-95.1563708421" />
  <node id="3588" visible="true" version="1" lat="43.1427996876" lon="-95.1563708540" />
  <node id="3589" visible="true" version="1" lat="43.1427996887" lon="-95.1563708659" />
  <node id="3590" visible="true" version="1" lat="43.1427998518" lon="-95.1563725980" />
  <node id="3591" visible="true" version="1" lat="43.1427998529" lon="-95.1563726099" />
  <node id="3592" visible="true" version="1" lat="43.1427998539" lon="-95.1563726218" />
  <node id="3593" visible="true" version="1" lat="43.1427998837" lon="-95.1563729789" />
  <node id="3594" visible="true" version="1" lat="43.1427998847" lon="-95.1563729908" />
  <node id="3595" visible="true" version="1" lat="43.1427998856" lon="-95.1563730027" />
  <node id="3596" visible="true" version="1" lat="43.1428000122" lon="-95.1563747399" />
  <node id="3597" visible="true" version="1" lat="43.1428000130" lon="-95.1563747518" />
  <node id="3598" visible="true" version="1" lat="43.1428000138" lon="-95.1563747637" />
  <node id="3599" visible="true" version="1" lat="43.1428000360" lon="-95.1563751209" />
  <node id="3600" visible="true" version="1" lat="43.1428000368" lon="-95.1563751328" />
  <node id="3601" visible="true" version="1" lat="43.1428000374" lon="-95.1563751448" />
  <node id="3602" visible="true" version="1" lat="43.1428001275" lon="-95.1563768870" />
  <node id="3603" visible="true" version="1" lat="43.1428001282" lon="-95.1563768989" />
  <node id="3604" visible="true" version="1" lat="43.1428001286" lon="-95.1563769108" />
  <node id="3605" visible="true" version="1" lat="43.1428001368" lon="-95.1563771087" />
  <node id="3606" visible="true" version="1" lat="43.1428001433" lon="-95.1563772675" />
  <node id="3607" visible="true" version="1" lat="43.1428001438" lon="-95.1563772793" />
  <node id="3608" visible="true" version="1" lat="43.1428001442" lon="-95.1563772913" />
  <node id="3609" visible="true" version="1" lat="43.1428001899" lon="-95.1563787790" />
  <node id="3610" visible="true" version="1" lat="43.1428001979" lon="-95.1563790393" />
  <node id="3611" visible="true" version="1" lat="43.1428001982" lon="-95.1563790505" />
  <node id="3612" visible="true" version="1" lat="43.1428002028" lon="-95.1563792291" />
  <node id="3613" visible="true" version="1" lat="43.1428002031" lon="-95.1563792403" />
  <node id="3614" visible="true" version="1" lat="43.1428052097" lon="-95.1566264966" />
  <node id="3615" visible="true" version="1" lat="43.1428052110" lon="-95.1566265644" />
  <node id="3616" visible="true" version="1" lat="43.1428052084" lon="-95.1566266322" />
  <node id="3617" visible="true" version="1" lat="43.1428051282" lon="-95.1566286623" />
  <node id="3618" visible="true" version="1" lat="43.1428051255" lon="-95.1566287300" />
  <node id="3619" visible="true" version="1" lat="43.1428051188" lon="-95.1566287974" />
  <node id="3620" visible="true" version="1" lat="43.1427931306" lon="-95.1567491259" />
  <node id="3621" visible="true" version="1" lat="43.1427931296" lon="-95.1567491367" />
  <node id="3622" visible="true" version="1" lat="43.1427931116" lon="-95.1567493080" />
  <node id="3623" visible="true" version="1" lat="43.1427931105" lon="-95.1567493186" />
  <node id="3624" visible="true" version="1" lat="43.1427929253" lon="-95.1567510040" />
  <node id="3625" visible="true" version="1" lat="43.1427929241" lon="-95.1567510153" />
  <node id="3626" visible="true" version="1" lat="43.1427929227" lon="-95.1567510266" />
  <node id="3627" visible="true" version="1" lat="43.1427928998" lon="-95.1567512169" />
  <node id="3628" visible="true" version="1" lat="43.1427928817" lon="-95.1567513680" />
  <node id="3629" visible="true" version="1" lat="43.1427928803" lon="-95.1567513794" />
  <node id="3630" visible="true" version="1" lat="43.1427928788" lon="-95.1567513908" />
  <node id="3631" visible="true" version="1" lat="43.1427926615" lon="-95.1567530565" />
  <node id="3632" visible="true" version="1" lat="43.1427926600" lon="-95.1567530679" />
  <node id="3633" visible="true" version="1" lat="43.1427926584" lon="-95.1567530792" />
  <node id="3634" visible="true" version="1" lat="43.1427926341" lon="-95.1567532517" />
  <node id="3635" visible="true" version="1" lat="43.1427926103" lon="-95.1567534204" />
  <node id="3636" visible="true" version="1" lat="43.1427926087" lon="-95.1567534317" />
  <node id="3637" visible="true" version="1" lat="43.1427926070" lon="-95.1567534431" />
  <node id="3638" visible="true" version="1" lat="43.1427924025" lon="-95.1567547948" />
  <node id="3639" visible="true" version="1" lat="43.1427923562" lon="-95.1567551007" />
  <node id="3640" visible="true" version="1" lat="43.1427923545" lon="-95.1567551121" />
  <node id="3641" visible="true" version="1" lat="43.1427923527" lon="-95.1567551234" />
  <node id="3642" visible="true" version="1" lat="43.1427922976" lon="-95.1567554637" />
  <node id="3643" visible="true" version="1" lat="43.1427922958" lon="-95.1567554750" />
  <node id="3644" visible="true" version="1" lat="43.1427922938" lon="-95.1567554864" />
  <node id="3645" visible="true" version="1" lat="43.1427921319" lon="-95.1567564257" />
  <node id="3646" visible="true" version="1" lat="43.1427920095" lon="-95.1567571359" />
  <node id="3647" visible="true" version="1" lat="43.1427920076" lon="-95.1567571472" />
  <node id="3648" visible="true" version="1" lat="43.1427920055" lon="-95.1567571585" />
  <node id="3649" visible="true" version="1" lat="43.1427919435" lon="-95.1567574974" />
  <node id="3650" visible="true" version="1" lat="43.1427919414" lon="-95.1567575087" />
  <node id="3651" visible="true" version="1" lat="43.1427919393" lon="-95.1567575200" />
  <node id="3652" visible="true" version="1" lat="43.1427918587" lon="-95.1567579363" />
  <node id="3653" visible="true" version="1" lat="43.1427916215" lon="-95.1567591615" />
  <node id="3654" visible="true" version="1" lat="43.1427916194" lon="-95.1567591727" />
  <node id="3655" visible="true" version="1" lat="43.1427916171" lon="-95.1567591840" />
  <node id="3656" visible="true" version="1" lat="43.1427915483" lon="-95.1567595209" />
  <node id="3657" visible="true" version="1" lat="43.1427915460" lon="-95.1567595322" />
  <node id="3658" visible="true" version="1" lat="43.1427915435" lon="-95.1567595434" />
  <node id="3659" visible="true" version="1" lat="43.1427914312" lon="-95.1567600660" />
  <node id="3660" visible="true" version="1" lat="43.1427911924" lon="-95.1567611769" />
  <node id="3661" visible="true" version="1" lat="43.1427911899" lon="-95.1567611880" />
  <node id="3662" visible="true" version="1" lat="43.1427911874" lon="-95.1567611992" />
  <node id="3663" visible="true" version="1" lat="43.1427911551" lon="-95.1567613421" />
  <node id="3664" visible="true" version="1" lat="43.1427911119" lon="-95.1567615337" />
  <node id="3665" visible="true" version="1" lat="43.1427911094" lon="-95.1567615449" />
  <node id="3666" visible="true" version="1" lat="43.1427911067" lon="-95.1567615560" />
  <node id="3667" visible="true" version="1" lat="43.1427907220" lon="-95.1567631814" />
  <node id="3668" visible="true" version="1" lat="43.1427907194" lon="-95.1567631925" />
  <node id="3669" visible="true" version="1" lat="43.1427907167" lon="-95.1567632036" />
  <node id="3670" visible="true" version="1" lat="43.1427906346" lon="-95.1567635351" />
  <node id="3671" visible="true" version="1" lat="43.1427906319" lon="-95.1567635462" />
  <node id="3672" visible="true" version="1" lat="43.1427906290" lon="-95.1567635572" />
  <node id="3673" visible="true" version="1" lat="43.1427902107" lon="-95.1567651753" />
  <node id="3674" visible="true" version="1" lat="43.1427902080" lon="-95.1567651857" />
  <node id="3675" visible="true" version="1" lat="43.1427901644" lon="-95.1567653508" />
  <node id="3676" visible="true" version="1" lat="43.1427901617" lon="-95.1567653611" />
  <node id="3677" visible="true" version="1" lat="43.1427236199" lon="-95.1570397693" />
  <node id="3678" visible="true" version="1" lat="43.1427235301" lon="-95.1570404660" />
  <node id="3679" visible="true" version="1" lat="43.1426151730" lon="-95.1589246271" />
  <node id="3680" visible="true" version="1" lat="43.1426151642" lon="-95.1589247871" />
  <node id="3681" visible="true" version="1" lat="43.1426151530" lon="-95.1589249452" />
  <node id="3682" visible="true" version="1" lat="43.1426149668" lon="-95.1589275802" />
  <node id="3683" visible="true" version="1" lat="43.1426148180" lon="-95.1589296865" />
  <node id="3684" visible="true" version="1" lat="43.1426148068" lon="-95.1589298446" />
  <node id="3685" visible="true" version="1" lat="43.1426147933" lon="-95.1589300004" />
  <node id="3686" visible="true" version="1" lat="43.1425137969" lon="-95.1600941750" />
  <node id="3687" visible="true" version="1" lat="43.1425137943" lon="-95.1600942063" />
  <node id="3688" visible="true" version="1" lat="43.1425137501" lon="-95.1600947051" />
  <node id="3689" visible="true" version="1" lat="43.1425137473" lon="-95.1600947361" />
  <node id="3690" visible="true" version="1" lat="43.1425133051" lon="-95.1600996366" />
  <node id="3691" visible="true" version="1" lat="43.1425133021" lon="-95.1600996695" />
  <node id="3692" visible="true" version="1" lat="43.1425132990" lon="-95.1600997025" />
  <node id="3693" visible="true" version="1" lat="43.1425132424" lon="-95.1601003069" />
  <node id="3694" visible="true" version="1" lat="43.1425132061" lon="-95.1601006930" />
  <node id="3695" visible="true" version="1" lat="43.1425132031" lon="-95.1601007261" />
  <node id="3696" visible="true" version="1" lat="43.1425131998" lon="-95.1601007589" />
  <node id="3697" visible="true" version="1" lat="43.1425127305" lon="-95.1601055817" />
  <node id="3698" visible="true" version="1" lat="43.1425127273" lon="-95.1601056147" />
  <node id="3699" visible="true" version="1" lat="43.1425127240" lon="-95.1601056475" />
  <node id="3700" visible="true" version="1" lat="43.1425126245" lon="-95.1601066329" />
  <node id="3701" visible="true" version="1" lat="43.1425126212" lon="-95.1601066657" />
  <node id="3702" visible="true" version="1" lat="43.1425126178" lon="-95.1601066984" />
  <node id="3703" visible="true" version="1" lat="43.1425124849" lon="-95.1601079697" />
  <node id="3704" visible="true" version="1" lat="43.1425121183" lon="-95.1601114769" />
  <node id="3705" visible="true" version="1" lat="43.1425121148" lon="-95.1601115097" />
  <node id="3706" visible="true" version="1" lat="43.1425121113" lon="-95.1601115423" />
  <node id="3707" visible="true" version="1" lat="43.1425120055" lon="-95.1601125208" />
  <node id="3708" visible="true" version="1" lat="43.1425120019" lon="-95.1601125534" />
  <node id="3709" visible="true" version="1" lat="43.1425119983" lon="-95.1601125859" />
  <node id="3710" visible="true" version="1" lat="43.1425119293" lon="-95.1601132024" />
  <node id="3711" visible="true" version="1" lat="43.1425114687" lon="-95.1601173202" />
  <node id="3712" visible="true" version="1" lat="43.1425114650" lon="-95.1601173527" />
  <node id="3713" visible="true" version="1" lat="43.1425114613" lon="-95.1601173850" />
  <node id="3714" visible="true" version="1" lat="43.1425113745" lon="-95.1601181355" />
  <node id="3715" visible="true" version="1" lat="43.1425113491" lon="-95.1601183552" />
  <node id="3716" visible="true" version="1" lat="43.1425113454" lon="-95.1601183876" />
  <node id="3717" visible="true" version="1" lat="43.1425113415" lon="-95.1601184198" />
  <node id="3718" visible="true" version="1" lat="43.1425109839" lon="-95.1601214161" />
  <node id="3719" visible="true" version="1" lat="43.1425107817" lon="-95.1601231099" />
  <node id="3720" visible="true" version="1" lat="43.1425107779" lon="-95.1601231421" />
  <node id="3721" visible="true" version="1" lat="43.1425107740" lon="-95.1601231741" />
  <node id="3722" visible="true" version="1" lat="43.1425106557" lon="-95.1601241345" />
  <node id="3723" visible="true" version="1" lat="43.1425106517" lon="-95.1601241665" />
  <node id="3724" visible="true" version="1" lat="43.1425106477" lon="-95.1601241984" />
  <node id="3725" visible="true" version="1" lat="43.1425100577" lon="-95.1601288446" />
  <node id="3726" visible="true" version="1" lat="43.1425100537" lon="-95.1601288764" />
  <node id="3727" visible="true" version="1" lat="43.1425100496" lon="-95.1601289080" />
  <node id="3728" visible="true" version="1" lat="43.1425099254" lon="-95.1601298571" />
  <node id="3729" visible="true" version="1" lat="43.1425099212" lon="-95.1601298887" />
  <node id="3730" visible="true" version="1" lat="43.1425099170" lon="-95.1601299202" />
  <node id="3731" visible="true" version="1" lat="43.1425092969" lon="-95.1601345225" />
  <node id="3732" visible="true" version="1" lat="43.1425092927" lon="-95.1601345539" />
  <node id="3733" visible="true" version="1" lat="43.1425092883" lon="-95.1601345851" />
  <node id="3734" visible="true" version="1" lat="43.1425092118" lon="-95.1601351370" />
  <node id="3735" visible="true" version="1" lat="43.1425091584" lon="-95.1601355215" />
  <node id="3736" visible="true" version="1" lat="43.1425091541" lon="-95.1601355527" />
  <node id="3737" visible="true" version="1" lat="43.1425091497" lon="-95.1601355838" />
  <node id="3738" visible="true" version="1" lat="43.1425084991" lon="-95.1601401439" />
  <node id="3739" visible="true" version="1" lat="43.1425084949" lon="-95.1601401731" />
  <node id="3740" visible="true" version="1" lat="43.1425084277" lon="-95.1601406379" />
  <node id="3741" visible="true" version="1" lat="43.1425084235" lon="-95.1601406670" />
  <node id="3742" visible="true" version="1" lat="43.1423378259" lon="-95.1613036784" />
  <node id="3743" visible="true" version="1" lat="43.1423378182" lon="-95.1613037307" />
  <node id="3744" visible="true" version="1" lat="43.1423376738" lon="-95.1613048478" />
  <node id="3745" visible="true" version="1" lat="43.1422491453" lon="-95.1620912930" />
  <node id="3746" visible="true" version="1" lat="43.1422491279" lon="-95.1620914471" />
  <node id="3747" visible="true" version="1" lat="43.1422491083" lon="-95.1620915976" />
  <node id="3748" visible="true" version="1" lat="43.1422490442" lon="-95.1620920884" />
  <node id="3749" visible="true" version="1" lat="43.1422485190" lon="-95.1620961101" />
  <node id="3750" visible="true" version="1" lat="43.1422484993" lon="-95.1620962606" />
  <node id="3751" visible="true" version="1" lat="43.1422484774" lon="-95.1620964071" />
  <node id="3752" visible="true" version="1" lat="43.1420740393" lon="-95.1632628511" />
  <node id="3753" visible="true" version="1" lat="43.1420740352" lon="-95.1632628789" />
  <node id="3754" visible="true" version="1" lat="43.1420739683" lon="-95.1632633205" />
  <node id="3755" visible="true" version="1" lat="43.1420739641" lon="-95.1632633480" />
  <node id="3756" visible="true" version="1" lat="43.1420732991" lon="-95.1632676810" />
  <node id="3757" visible="true" version="1" lat="43.1420732946" lon="-95.1632677101" />
  <node id="3758" visible="true" version="1" lat="43.1420732900" lon="-95.1632677392" />
  <node id="3759" visible="true" version="1" lat="43.1420732225" lon="-95.1632681674" />
  <node id="3760" visible="true" version="1" lat="43.1420731524" lon="-95.1632686131" />
  <node id="3761" visible="true" version="1" lat="43.1420731478" lon="-95.1632686422" />
  <node id="3762" visible="true" version="1" lat="43.1420731431" lon="-95.1632686712" />
  <node id="3763" visible="true" version="1" lat="43.1420730662" lon="-95.1632691471" />
  <node id="3764" visible="true" version="1" lat="43.1420724575" lon="-95.1632729164" />
  <node id="3765" visible="true" version="1" lat="43.1420724528" lon="-95.1632729454" />
  <node id="3766" visible="true" version="1" lat="43.1420724480" lon="-95.1632729742" />
  <node id="3767" visible="true" version="1" lat="43.1420723047" lon="-95.1632738393" />
  <node id="3768" visible="true" version="1" lat="43.1420723000" lon="-95.1632738681" />
  <node id="3769" visible="true" version="1" lat="43.1420722951" lon="-95.1632738968" />
  <node id="3770" visible="true" version="1" lat="43.1420717256" lon="-95.1632772520" />
  <node id="3771" visible="true" version="1" lat="43.1420715844" lon="-95.1632780837" />
  <node id="3772" visible="true" version="1" lat="43.1420715795" lon="-95.1632781124" />
  <node id="3773" visible="true" version="1" lat="43.1420715745" lon="-95.1632781409" />
  <node id="3774" visible="true" version="1" lat="43.1420714258" lon="-95.1632789959" />
  <node id="3775" visible="true" version="1" lat="43.1420714208" lon="-95.1632790244" />
  <node id="3776" visible="true" version="1" lat="43.1420714158" lon="-95.1632790527" />
  <node id="3777" visible="true" version="1" lat="43.1420706799" lon="-95.1632831814" />
  <node id="3778" visible="true" version="1" lat="43.1420706748" lon="-95.1632832098" />
  <node id="3779" visible="true" version="1" lat="43.1420706697" lon="-95.1632832379" />
  <node id="3780" visible="true" version="1" lat="43.1420705971" lon="-95.1632836355" />
  <node id="3781" visible="true" version="1" lat="43.1420705156" lon="-95.1632840815" />
  <node id="3782" visible="true" version="1" lat="43.1420705105" lon="-95.1632841096" />
  <node id="3783" visible="true" version="1" lat="43.1420705053" lon="-95.1632841376" />
  <node id="3784" visible="true" version="1" lat="43.1420705037" lon="-95.1632841458" />
  <node id="3785" visible="true" version="1" lat="43.1420697442" lon="-95.1632882082" />
  <node id="3786" visible="true" version="1" lat="43.1420697390" lon="-95.1632882361" />
  <node id="3787" visible="true" version="1" lat="43.1420697337" lon="-95.1632882638" />
  <node id="3788" visible="true" version="1" lat="43.1420695746" lon="-95.1632890949" />
  <node id="3789" visible="true" version="1" lat="43.1420695693" lon="-95.1632891226" />
  <node id="3790" visible="true" version="1" lat="43.1420695639" lon="-95.1632891501" />
  <node id="3791" visible="true" version="1" lat="43.1420692472" lon="-95.1632907668" />
  <node id="3792" visible="true" version="1" lat="43.1420687777" lon="-95.1632931627" />
  <node id="3793" visible="true" version="1" lat="43.1420687723" lon="-95.1632931901" />
  <node id="3794" visible="true" version="1" lat="43.1420687669" lon="-95.1632932174" />
  <node id="3795" visible="true" version="1" lat="43.1420686030" lon="-95.1632940348" />
  <node id="3796" visible="true" version="1" lat="43.1420685975" lon="-95.1632940620" />
  <node id="3797" visible="true" version="1" lat="43.1420685920" lon="-95.1632940891" />
  <node id="3798" visible="true" version="1" lat="43.1420682993" lon="-95.1632955152" />
  <node id="3799" visible="true" version="1" lat="43.1420677805" lon="-95.1632980437" />
  <node id="3800" visible="true" version="1" lat="43.1420677750" lon="-95.1632980707" />
  <node id="3801" visible="true" version="1" lat="43.1420677694" lon="-95.1632980974" />
  <node id="3802" visible="true" version="1" lat="43.1420676851" lon="-95.1632984990" />
  <node id="3803" visible="true" version="1" lat="43.1420676009" lon="-95.1632989000" />
  <node id="3804" visible="true" version="1" lat="43.1420675953" lon="-95.1632989268" />
  <node id="3805" visible="true" version="1" lat="43.1420675896" lon="-95.1632989533" />
  <node id="3806" visible="true" version="1" lat="43.1420667526" lon="-95.1633028515" />
  <node id="3807" visible="true" version="1" lat="43.1420667473" lon="-95.1633028765" />
  <node id="3808" visible="true" version="1" lat="43.1420666611" lon="-95.1633032734" />
  <node id="3809" visible="true" version="1" lat="43.1420666557" lon="-95.1633032983" />
  <node id="3810" visible="true" version="1" lat="43.1419471451" lon="-95.1638476062" />
  <node id="3811" visible="true" version="1" lat="43.1419471370" lon="-95.1638476430" />
  <node id="3812" visible="true" version="1" lat="43.1419470067" lon="-95.1638482267" />
  <node id="3813" visible="true" version="1" lat="43.1419469986" lon="-95.1638482630" />
  <node id="3814" visible="true" version="1" lat="43.1419456984" lon="-95.1638539923" />
  <node id="3815" visible="true" version="1" lat="43.1419456896" lon="-95.1638540308" />
  <node id="3816" visible="true" version="1" lat="43.1419456807" lon="-95.1638540690" />
  <node id="3817" visible="true" version="1" lat="43.1419454119" lon="-95.1638552148" />
  <node id="3818" visible="true" version="1" lat="43.1419454030" lon="-95.1638552530" />
  <node id="3819" visible="true" version="1" lat="43.1419453938" lon="-95.1638552906" />
  <node id="3820" visible="true" version="1" lat="43.1419444191" lon="-95.1638593117" />
  <node id="3821" visible="true" version="1" lat="43.1419440556" lon="-95.1638608113" />
  <node id="3822" visible="true" version="1" lat="43.1419440465" lon="-95.1638608492" />
  <node id="3823" visible="true" version="1" lat="43.1419440371" lon="-95.1638608865" />
  <node id="3824" visible="true" version="1" lat="43.1419437565" lon="-95.1638620066" />
  <node id="3825" visible="true" version="1" lat="43.1419437472" lon="-95.1638620440" />
  <node id="3826" visible="true" version="1" lat="43.1419437377" lon="-95.1638620808" />
  <node id="3827" visible="true" version="1" lat="43.1419436081" lon="-95.1638625813" />
  <node id="3828" visible="true" version="1" lat="43.1419423528" lon="-95.1638674318" />
  <node id="3829" visible="true" version="1" lat="43.1419423432" lon="-95.1638674687" />
  <node id="3830" visible="true" version="1" lat="43.1419423335" lon="-95.1638675050" />
  <node id="3831" visible="true" version="1" lat="43.1419421846" lon="-95.1638680618" />
  <node id="3832" visible="true" version="1" lat="43.1419420419" lon="-95.1638685955" />
  <node id="3833" visible="true" version="1" lat="43.1419420322" lon="-95.1638686318" />
  <node id="3834" visible="true" version="1" lat="43.1419420223" lon="-95.1638686676" />
  <node id="3835" visible="true" version="1" lat="43.1419405906" lon="-95.1638738491" />
  <node id="3836" visible="true" version="1" lat="43.1419405807" lon="-95.1638738850" />
  <node id="3837" visible="true" version="1" lat="43.1419405707" lon="-95.1638739202" />
  <node id="3838" visible="true" version="1" lat="43.1419404951" lon="-95.1638741850" />
  <node id="3839" visible="true" version="1" lat="43.1419402689" lon="-95.1638749773" />
  <node id="3840" visible="true" version="1" lat="43.1419402588" lon="-95.1638750125" />
  <node id="3841" visible="true" version="1" lat="43.1419402486" lon="-95.1638750472" />
  <node id="3842" visible="true" version="1" lat="43.1419399903" lon="-95.1638759229" />
  <node id="3843" visible="true" version="1" lat="43.1419387701" lon="-95.1638800596" />
  <node id="3844" visible="true" version="1" lat="43.1419387599" lon="-95.1638800942" />
  <node id="3845" visible="true" version="1" lat="43.1419387495" lon="-95.1638801282" />
  <node id="3846" visible="true" version="1" lat="43.1419384574" lon="-95.1638810865" />
  <node id="3847" visible="true" version="1" lat="43.1419384385" lon="-95.1638811486" />
  <node id="3848" visible="true" version="1" lat="43.1419384282" lon="-95.1638811826" />
  <node id="3849" visible="true" version="1" lat="43.1419384176" lon="-95.1638812160" />
  <node id="3850" visible="true" version="1" lat="43.1419368922" lon="-95.1638860594" />
  <node id="3851" visible="true" version="1" lat="43.1419368817" lon="-95.1638860927" />
  <node id="3852" visible="true" version="1" lat="43.1419368711" lon="-95.1638861254" />
  <node id="3853" visible="true" version="1" lat="43.1419368588" lon="-95.1638861629" />
  <node id="3854" visible="true" version="1" lat="43.1419365519" lon="-95.1638871060" />
  <node id="3855" visible="true" version="1" lat="43.1419365413" lon="-95.1638871387" />
  <node id="3856" visible="true" version="1" lat="43.1419365305" lon="-95.1638871708" />
  <node id="3857" visible="true" version="1" lat="43.1419354373" lon="-95.1638904206" />
  <node id="3858" visible="true" version="1" lat="43.1419349581" lon="-95.1638918454" />
  <node id="3859" visible="true" version="1" lat="43.1419349474" lon="-95.1638918773" />
  <node id="3860" visible="true" version="1" lat="43.1419349365" lon="-95.1638919085" />
  <node id="3861" visible="true" version="1" lat="43.1419347674" lon="-95.1638923947" />
  <node id="3862" visible="true" version="1" lat="43.1419346103" lon="-95.1638928468" />
  <node id="3863" visible="true" version="1" lat="43.1419345994" lon="-95.1638928781" />
  <node id="3864" visible="true" version="1" lat="43.1419345884" lon="-95.1638929088" />
  <node id="3865" visible="true" version="1" lat="43.1419339312" lon="-95.1638947372" />
  <node id="3866" visible="true" version="1" lat="43.1419329683" lon="-95.1638974163" />
  <node id="3867" visible="true" version="1" lat="43.1419329580" lon="-95.1638974451" />
  <node id="3868" visible="true" version="1" lat="43.1419327920" lon="-95.1638978994" />
  <node id="3869" visible="true" version="1" lat="43.1419327815" lon="-95.1638979279" />
  <node id="3870" visible="true" version="1" lat="43.1414978025" lon="-95.1650685090" />
  <node id="3871" visible="true" version="1" lat="43.1414978025" lon="-95.1650685092" />
  <node id="3872" visible="true" version="1" lat="43.1414975687" lon="-95.1650691976" />
  <node id="3873" visible="true" version="1" lat="43.1411473820" lon="-95.1661963649" />
  <node id="3874" visible="true" version="1" lat="43.1409454737" lon="-95.1668462380" />
  <node id="3875" visible="true" version="1" lat="43.1409454358" lon="-95.1668463603" />
  <node id="3876" visible="true" version="1" lat="43.1409453958" lon="-95.1668464743" />
  <node id="3877" visible="true" version="1" lat="43.1409447727" lon="-95.1668482527" />
  <node id="3878" visible="true" version="1" lat="43.1409441983" lon="-95.1668498923" />
  <node id="3879" visible="true" version="1" lat="43.1409441583" lon="-95.1668500063" />
  <node id="3880" visible="true" version="1" lat="43.1409441166" lon="-95.1668501117" />
  <node id="3881" visible="true" version="1" lat="43.1409287768" lon="-95.1668888131" />
  <node id="3882" visible="true" version="1" lat="43.1405068034" lon="-95.1679534058" />
  <node id="3883" visible="true" version="1" lat="43.1405067956" lon="-95.1679534257" />
  <node id="3884" visible="true" version="1" lat="43.1405066692" lon="-95.1679537404" />
  <node id="3885" visible="true" version="1" lat="43.1405066613" lon="-95.1679537600" />
  <node id="3886" visible="true" version="1" lat="43.1405054123" lon="-95.1679568325" />
  <node id="3887" visible="true" version="1" lat="43.1405054040" lon="-95.1679568532" />
  <node id="3888" visible="true" version="1" lat="43.1405053955" lon="-95.1679568736" />
  <node id="3889" visible="true" version="1" lat="43.1405052216" lon="-95.1679572905" />
  <node id="3890" visible="true" version="1" lat="43.1405051400" lon="-95.1679574861" />
  <node id="3891" visible="true" version="1" lat="43.1405051315" lon="-95.1679575066" />
  <node id="3892" visible="true" version="1" lat="43.1405051229" lon="-95.1679575266" />
  <node id="3893" visible="true" version="1" lat="43.1405038646" lon="-95.1679604673" />
  <node id="3894" visible="true" version="1" lat="43.1405038560" lon="-95.1679604874" />
  <node id="3895" visible="true" version="1" lat="43.1405038473" lon="-95.1679605072" />
  <node id="3896" visible="true" version="1" lat="43.1405035871" lon="-95.1679610996" />
  <node id="3897" visible="true" version="1" lat="43.1405035784" lon="-95.1679611193" />
  <node id="3898" visible="true" version="1" lat="43.1405035697" lon="-95.1679611387" />
  <node id="3899" visible="true" version="1" lat="43.1405022935" lon="-95.1679639685" />
  <node id="3900" visible="true" version="1" lat="43.1405022848" lon="-95.1679639879" />
  <node id="3901" visible="true" version="1" lat="43.1405022759" lon="-95.1679640070" />
  <node id="3902" visible="true" version="1" lat="43.1405020114" lon="-95.1679645781" />
  <node id="3903" visible="true" version="1" lat="43.1405020026" lon="-95.1679645971" />
  <node id="3904" visible="true" version="1" lat="43.1405019937" lon="-95.1679646158" />
  <node id="3905" visible="true" version="1" lat="43.1405006997" lon="-95.1679673348" />
  <node id="3906" visible="true" version="1" lat="43.1405006908" lon="-95.1679673534" />
  <node id="3907" visible="true" version="1" lat="43.1405006818" lon="-95.1679673717" />
  <node id="3908" visible="true" version="1" lat="43.1405004444" lon="-95.1679678570" />
  <node id="3909" visible="true" version="1" lat="43.1405004134" lon="-95.1679679205" />
  <node id="3910" visible="true" version="1" lat="43.1405004044" lon="-95.1679679388" />
  <node id="3911" visible="true" version="1" lat="43.1405003954" lon="-95.1679679568" />
  <node id="3912" visible="true" version="1" lat="43.1404996237" lon="-95.1679694910" />
  <node id="3913" visible="true" version="1" lat="43.1404990834" lon="-95.1679705650" />
  <node id="3914" visible="true" version="1" lat="43.1404990745" lon="-95.1679705829" />
  <node id="3915" visible="true" version="1" lat="43.1404990654" lon="-95.1679706004" />
  <node id="3916" visible="true" version="1" lat="43.1404987935" lon="-95.1679711260" />
  <node id="3917" visible="true" version="1" lat="43.1404987844" lon="-95.1679711435" />
  <node id="3918" visible="true" version="1" lat="43.1404987753" lon="-95.1679711606" />
  <node id="3919" visible="true" version="1" lat="43.1404983412" lon="-95.1679719759" />
  <node id="3920" visible="true" version="1" lat="43.1404974454" lon="-95.1679736581" />
  <node id="3921" visible="true" version="1" lat="43.1404974363" lon="-95.1679736752" />
  <node id="3922" visible="true" version="1" lat="43.1404974271" lon="-95.1679736920" />
  <node id="3923" visible="true" version="1" lat="43.1404974045" lon="-95.1679737334" />
  <node id="3924" visible="true" version="1" lat="43.1404971523" lon="-95.1679741934" />
  <node id="3925" visible="true" version="1" lat="43.1404971431" lon="-95.1679742101" />
  <node id="3926" visible="true" version="1" lat="43.1404971339" lon="-95.1679742265" />
  <node id="3927" visible="true" version="1" lat="43.1404966740" lon="-95.1679750409" />
  <node id="3928" visible="true" version="1" lat="43.1404957861" lon="-95.1679766134" />
  <node id="3929" visible="true" version="1" lat="43.1404957769" lon="-95.1679766296" />
  <node id="3930" visible="true" version="1" lat="43.1404957676" lon="-95.1679766455" />
  <node id="3931" visible="true" version="1" lat="43.1404954902" lon="-95.1679771222" />
  <node id="3932" visible="true" version="1" lat="43.1404954810" lon="-95.1679771381" />
  <node id="3933" visible="true" version="1" lat="43.1404954717" lon="-95.1679771536" />
  <node id="3934" visible="true" version="1" lat="43.1404949596" lon="-95.1679780071" />
  <node id="3935" visible="true" version="1" lat="43.1404941054" lon="-95.1679794307" />
  <node id="3936" visible="true" version="1" lat="43.1404940966" lon="-95.1679794453" />
  <node id="3937" visible="true" version="1" lat="43.1404939566" lon="-95.1679796750" />
  <node id="3938" visible="true" version="1" lat="43.1404939478" lon="-95.1679796894" />
  <node id="3939" visible="true" version="1" lat="43.1399467488" lon="-95.1688636601" />
  <node id="3940" visible="true" version="1" lat="43.1399467150" lon="-95.1688637146" />
  <node id="3941" visible="true" version="1" lat="43.1399466806" lon="-95.1688637639" />
  <node id="3942" visible="true" version="1" lat="43.1399456497" lon="-95.1688652431" />
  <node id="3943" visible="true" version="1" lat="43.1399456153" lon="-95.1688652924" />
  <node id="3944" visible="true" version="1" lat="43.1399455803" lon="-95.1688653365" />
  <node id="3945" visible="true" version="1" lat="43.1393481826" lon="-95.1695969680" />
  <node id="3946" visible="true" version="1" lat="43.1393478129" lon="-95.1695975216" />
  <node id="3947" visible="true" version="1" lat="43.1392567070" lon="-95.1697567052" />
  <node id="3948" visible="true" version="1" lat="43.1391683451" lon="-95.1699110931" />
  <node id="3949" visible="true" version="1" lat="43.1391682400" lon="-95.1699112850" />
  <node id="3950" visible="true" version="1" lat="43.1391624283" lon="-95.1699223326" />
  <node id="3951" visible="true" version="1" lat="43.1391617742" lon="-95.1699235760" />
  <node id="3952" visible="true" version="1" lat="43.1498753110" lon="-95.1531752625" />
  <node id="3953" visible="true" version="1" lat="43.1498790280" lon="-95.1531744845" />
  <node id="3954" visible="true" version="1" lat="43.1498841950" lon="-95.1531734030" />
  <node id="3955" visible="true" version="1" lat="43.1498846698" lon="-95.1531731855" />
  <node id="3956" visible="true" version="1" lat="43.1498856341" lon="-95.1531724992" />
  <node id="3957" visible="true" version="1" lat="43.1498913946" lon="-95.1531683998" />
  <node id="3958" visible="true" version="1" lat="43.1498916794" lon="-95.1531681520" />
  <node id="3959" visible="true" version="1" lat="43.1498919574" lon="-95.1531678191" />
  <node id="3960" visible="true" version="1" lat="43.1498947014" lon="-95.1531640638" />
  <node id="3961" visible="true" version="1" lat="43.1498970678" lon="-95.1531608252" />
  <node id="3962" visible="true" version="1" lat="43.1498973829" lon="-95.1531603284" />
  <node id="3963" visible="true" version="1" lat="43.1498976826" lon="-95.1531597225" />
  <node id="3964" visible="true" version="1" lat="43.1499010859" lon="-95.1531520163" />
  <node id="3965" visible="true" version="1" lat="43.1499014746" lon="-95.1531511361" />
  <node id="3966" visible="true" version="1" lat="43.1499017816" lon="-95.1531503539" />
  <node id="3967" visible="true" version="1" lat="43.1499020628" lon="-95.1531494571" />
  <node id="3968" visible="true" version="1" lat="43.1499049864" lon="-95.1531390547" />
  <node id="3969" visible="true" version="1" lat="43.1499052384" lon="-95.1531380541" />
  <node id="3970" visible="true" version="1" lat="43.1499054583" lon="-95.1531369617" />
  <node id="3971" visible="true" version="1" lat="43.1499069849" lon="-95.1531284259" />
  <node id="3972" visible="true" version="1" lat="43.1499078715" lon="-95.1531234688" />
  <node id="3973" visible="true" version="1" lat="43.1499080418" lon="-95.1531224026" />
  <node id="3974" visible="true" version="1" lat="43.1499081814" lon="-95.1531212815" />
  <node id="3975" visible="true" version="1" lat="43.1499101470" lon="-95.1531030973" />
  <node id="3976" visible="true" version="1" lat="43.1499102406" lon="-95.1531021084" />
  <node id="3977" visible="true" version="1" lat="43.1499103103" lon="-95.1531010949" />
  <node id="3978" visible="true" version="1" lat="43.1499116553" lon="-95.1530771667" />
  <node id="3979" visible="true" version="1" lat="43.1499117165" lon="-95.1530754774" />
  <node id="3980" visible="true" version="1" lat="43.1499122393" lon="-95.1530438661" />
  <node id="3981" visible="true" version="1" lat="43.1499122453" lon="-95.1530431440" />
  <node id="3982" visible="true" version="1" lat="43.1499122501" lon="-95.1514580551" />
  <node id="3983" visible="true" version="1" lat="43.1499122452" lon="-95.1510493357" />
  <node id="3984" visible="true" version="1" lat="43.1499122393" lon="-95.1510491030" />
  <node id="3985" visible="true" version="1" lat="43.1499117165" lon="-95.1510389156" />
  <node id="3986" visible="true" version="1" lat="43.1499116553" lon="-95.1510383711" />
  <node id="3987" visible="true" version="1" lat="43.1499103103" lon="-95.1510306598" />
  <node id="3988" visible="true" version="1" lat="43.1499102406" lon="-95.1510303332" />
  <node id="3989" visible="true" version="1" lat="43.1499101470" lon="-95.1510300145" />
  <node id="3990" visible="true" version="1" lat="43.1499081813" lon="-95.1510241543" />
  <node id="3991" visible="true" version="1" lat="43.1499080418" lon="-95.1510237929" />
  <node id="3992" visible="true" version="1" lat="43.1499078714" lon="-95.1510234494" />
  <node id="3993" visible="true" version="1" lat="43.1499054582" lon="-95.1510191009" />
  <node id="3994" visible="true" version="1" lat="43.1499052384" lon="-95.1510187489" />
  <node id="3995" visible="true" version="1" lat="43.1499049864" lon="-95.1510184264" />
  <node id="3996" visible="true" version="1" lat="43.1499020628" lon="-95.1510150740" />
  <node id="3997" visible="true" version="1" lat="43.1499017816" lon="-95.1510147850" />
  <node id="3998" visible="true" version="1" lat="43.1499014746" lon="-95.1510145330" />
  <node id="3999" visible="true" version="1" lat="43.1498976825" lon="-95.1510117658" />
  <node id="4000" visible="true" version="1" lat="43.1498973829" lon="-95.1510115705" />
  <node id="4001" visible="true" version="1" lat="43.1498970678" lon="-95.1510114104" />
  <node id="4002" visible="true" version="1" lat="43.1498944530" lon="-95.1510102572" />
  <node id="4003" visible="true" version="1" lat="43.1498919573" lon="-95.1510091565" />
  <node id="4004" visible="true" version="1" lat="43.1498916794" lon="-95.1510090492" />
  <node id="4005" visible="true" version="1" lat="43.1498913945" lon="-95.1510089693" />
  <node id="4006" visible="true" version="1" lat="43.1498846698" lon="-95.1510074270" />
  <node id="4007" visible="true" version="1" lat="43.1498841950" lon="-95.1510073569" />
  <node id="4008" visible="true" version="1" lat="43.1498792668" lon="-95.1510070245" />
  <node id="4009" visible="true" version="1" lat="43.1498753110" lon="-95.1510067577" />
  <node id="4010" visible="true" version="1" lat="43.1498751081" lon="-95.1510067508" />
  <node id="4011" visible="true" version="1" lat="43.1488843949" lon="-95.1510067501" />
  <node id="4012" visible="true" version="1" lat="43.1488842133" lon="-95.1510067556" />
  <node id="4013" visible="true" version="1" lat="43.1488761359" lon="-95.1510072431" />
  <node id="4014" visible="true" version="1" lat="43.1488757170" lon="-95.1510072979" />
  <node id="4015" visible="true" version="1" lat="43.1488694338" lon="-95.1510085694" />
  <node id="4016" visible="true" version="1" lat="43.1488689416" lon="-95.1510087124" />
  <node id="4017" visible="true" version="1" lat="43.1488639963" lon="-95.1510106026" />
  <node id="4018" visible="true" version="1" lat="43.1488637184" lon="-95.1510107243" />
  <node id="4019" visible="true" version="1" lat="43.1488634507" lon="-95.1510108729" />
  <node id="4020" visible="true" version="1" lat="43.1488596684" lon="-95.1510132083" />
  <node id="4021" visible="true" version="1" lat="43.1488593846" lon="-95.1510134041" />
  <node id="4022" visible="true" version="1" lat="43.1488591185" lon="-95.1510136303" />
  <node id="4023" visible="true" version="1" lat="43.1488561925" lon="-95.1510163755" />
  <node id="4024" visible="true" version="1" lat="43.1488559372" lon="-95.1510166404" />
  <node id="4025" visible="true" version="1" lat="43.1488557062" lon="-95.1510169331" />
  <node id="4026" visible="true" version="1" lat="43.1488550313" lon="-95.1510178790" />
  <node id="4027" visible="true" version="1" lat="43.1488533122" lon="-95.1510202883" />
  <node id="4028" visible="true" version="1" lat="43.1488531150" lon="-95.1510205935" />
  <node id="4029" visible="true" version="1" lat="43.1488529442" lon="-95.1510209188" />
  <node id="4030" visible="true" version="1" lat="43.1488509076" lon="-95.1510252559" />
  <node id="4031" visible="true" version="1" lat="43.1488507780" lon="-95.1510255629" />
  <node id="4032" visible="true" version="1" lat="43.1488506719" lon="-95.1510258815" />
  <node id="4033" visible="true" version="1" lat="43.1488497802" lon="-95.1510289493" />
  <node id="4034" visible="true" version="1" lat="43.1488490236" lon="-95.1510315521" />
  <node id="4035" visible="true" version="1" lat="43.1488488989" lon="-95.1510321166" />
  <node id="4036" visible="true" version="1" lat="43.1488477902" lon="-95.1510393213" />
  <node id="4037" visible="true" version="1" lat="43.1488477424" lon="-95.1510398016" />
  <node id="4038" visible="true" version="1" lat="43.1488473213" lon="-95.1510489794" />
  <node id="4039" visible="true" version="1" lat="43.1488473174" lon="-95.1510490637" />
  <node id="4040" visible="true" version="1" lat="43.1488473126" lon="-95.1510492720" />
  <node id="4041" visible="true" version="1" lat="43.1488473126" lon="-95.1530433418" />
  <node id="4042" visible="true" version="1" lat="43.1488473174" lon="-95.1530439881" />
  <node id="4043" visible="true" version="1" lat="43.1488477424" lon="-95.1530727281" />
  <node id="4044" visible="true" version="1" lat="43.1488477902" lon="-95.1530742186" />
  <node id="4045" visible="true" version="1" lat="43.1488481566" lon="-95.1530816072" />
  <node id="4046" visible="true" version="1" lat="43.1488488988" lon="-95.1530965747" />
  <node id="4047" visible="true" version="1" lat="43.1488490235" lon="-95.1530983261" />
  <node id="4048" visible="true" version="1" lat="43.1488502606" lon="-95.1531115317" />
  <node id="4049" visible="true" version="1" lat="43.1488506719" lon="-95.1531159220" />
  <node id="4050" visible="true" version="1" lat="43.1488507780" lon="-95.1531169106" />
  <node id="4051" visible="true" version="1" lat="43.1488509076" lon="-95.1531178631" />
  <node id="4052" visible="true" version="1" lat="43.1488524249" lon="-95.1531278894" />
  <node id="4053" visible="true" version="1" lat="43.1488529442" lon="-95.1531313208" />
  <node id="4054" visible="true" version="1" lat="43.1488531150" lon="-95.1531323306" />
  <node id="4055" visible="true" version="1" lat="43.1488533122" lon="-95.1531332775" />
  <node id="4056" visible="true" version="1" lat="43.1488557062" lon="-95.1531436886" />
  <node id="4057" visible="true" version="1" lat="43.1488559372" lon="-95.1531445969" />
  <node id="4058" visible="true" version="1" lat="43.1488561925" lon="-95.1531454188" />
  <node id="4059" visible="true" version="1" lat="43.1488591185" lon="-95.1531539370" />
  <node id="4060" visible="true" version="1" lat="43.1488593846" lon="-95.1531546387" />
  <node id="4061" visible="true" version="1" lat="43.1488596684" lon="-95.1531552466" />
  <node id="4062" visible="true" version="1" lat="43.1488634506" lon="-95.1531624931" />
  <node id="4063" visible="true" version="1" lat="43.1488637184" lon="-95.1531629542" />
  <node id="4064" visible="true" version="1" lat="43.1488639962" lon="-95.1531633318" />
  <node id="4065" visible="true" version="1" lat="43.1488655101" lon="-95.1531651273" />
  <node id="4066" visible="true" version="1" lat="43.1488689415" lon="-95.1531691971" />
  <node id="4067" visible="true" version="1" lat="43.1488694337" lon="-95.1531696409" />
  <node id="4068" visible="true" version="1" lat="43.1488731493" lon="-95.1531719739" />
  <node id="4069" visible="true" version="1" lat="43.1488757169" lon="-95.1531735861" />
  <node id="4070" visible="true" version="1" lat="43.1488761358" lon="-95.1531737562" />
  <node id="4071" visible="true" version="1" lat="43.1488842132" lon="-95.1531752688" />
  <node id="4072" visible="true" version="1" lat="43.1488843948" lon="-95.1531752858" />
  <node id="4073" visible="true" version="1" lat="43.1498751081" lon="-95.1531752837" />
  <node id="4074" visible="true" version="1" lat="43.1516482461" lon="-95.1420143351" />
  <node id="4075" visible="true" version="1" lat="43.1516401686" lon="-95.1420154378" />
  <node id="4076" visible="true" version="1" lat="43.1516397497" lon="-95.1420155618" />
  <node id="4077" visible="true" version="1" lat="43.1516354677" lon="-95.1420175446" />
  <node id="4078" visible="true" version="1" lat="43.1516334665" lon="-95.1420184800" />
  <node id="4079" visible="true" version="1" lat="43.1516329743" lon="-95.1420188104" />
  <node id="4080" visible="true" version="1" lat="43.1516280289" lon="-95.1420231767" />
  <node id="4081" visible="true" version="1" lat="43.1516277510" lon="-95.1420234578" />
  <node id="4082" visible="true" version="1" lat="43.1516274833" lon="-95.1420238011" />
  <node id="4083" visible="true" version="1" lat="43.1516237011" lon="-95.1420292685" />
  <node id="4084" visible="true" version="1" lat="43.1516234172" lon="-95.1420297302" />
  <node id="4085" visible="true" version="1" lat="43.1516231511" lon="-95.1420302634" />
  <node id="4086" visible="true" version="1" lat="43.1516202251" lon="-95.1420367684" />
  <node id="4087" visible="true" version="1" lat="43.1516199698" lon="-95.1420374051" />
  <node id="4088" visible="true" version="1" lat="43.1516197388" lon="-95.1420381087" />
  <node id="4089" visible="true" version="1" lat="43.1516176277" lon="-95.1420452331" />
  <node id="4090" visible="true" version="1" lat="43.1516173448" lon="-95.1420462042" />
  <node id="4091" visible="true" version="1" lat="43.1516171476" lon="-95.1420469516" />
  <node id="4092" visible="true" version="1" lat="43.1516169767" lon="-95.1420477486" />
  <node id="4093" visible="true" version="1" lat="43.1516149402" lon="-95.1420584457" />
  <node id="4094" visible="true" version="1" lat="43.1516148106" lon="-95.1420592112" />
  <node id="4095" visible="true" version="1" lat="43.1516147045" lon="-95.1420600057" />
  <node id="4096" visible="true" version="1" lat="43.1516130561" lon="-95.1420743221" />
  <node id="4097" visible="true" version="1" lat="43.1516129314" lon="-95.1420757781" />
  <node id="4098" visible="true" version="1" lat="43.1516118227" lon="-95.1420945213" />
  <node id="4099" visible="true" version="1" lat="43.1516117749" lon="-95.1420957927" />
  <node id="4100" visible="true" version="1" lat="43.1516113499" lon="-95.1421207092" />
  <node id="4101" visible="true" version="1" lat="43.1516113452" lon="-95.1421212789" />
  <node id="4102" visible="true" version="1" lat="43.1516113504" lon="-95.1437178903" />
  <node id="4103" visible="true" version="1" lat="43.1516113452" lon="-95.1456459283" />
  <node id="4104" visible="true" version="1" lat="43.1516113499" lon="-95.1456465365" />
  <node id="4105" visible="true" version="1" lat="43.1516114953" lon="-95.1456557667" />
  <node id="4106" visible="true" version="1" lat="43.1516117749" lon="-95.1456733281" />
  <node id="4107" visible="true" version="1" lat="43.1516118227" lon="-95.1456747048" />
  <node id="4108" visible="true" version="1" lat="43.1516123580" lon="-95.1456845909" />
  <node id="4109" visible="true" version="1" lat="43.1516129314" lon="-95.1456950787" />
  <node id="4110" visible="true" version="1" lat="43.1516130561" lon="-95.1456966615" />
  <node id="4111" visible="true" version="1" lat="43.1516147045" lon="-95.1457123757" />
  <node id="4112" visible="true" version="1" lat="43.1516148106" lon="-95.1457132472" />
  <node id="4113" visible="true" version="1" lat="43.1516149402" lon="-95.1457140870" />
  <node id="4114" visible="true" version="1" lat="43.1516169745" lon="-95.1457258734" />
  <node id="4115" visible="true" version="1" lat="43.1516169767" lon="-95.1457258864" />
  <node id="4116" visible="true" version="1" lat="43.1516171476" lon="-95.1457267647" />
  <node id="4117" visible="true" version="1" lat="43.1516173448" lon="-95.1457275884" />
  <node id="4118" visible="true" version="1" lat="43.1516197388" lon="-95.1457365753" />
  <node id="4119" visible="true" version="1" lat="43.1516199698" lon="-95.1457373542" />
  <node id="4120" visible="true" version="1" lat="43.1516202251" lon="-95.1457380590" />
  <node id="4121" visible="true" version="1" lat="43.1516217044" lon="-95.1457417521" />
  <node id="4122" visible="true" version="1" lat="43.1516231511" lon="-95.1457453185" />
  <node id="4123" visible="true" version="1" lat="43.1516234172" lon="-95.1457459113" />
  <node id="4124" visible="true" version="1" lat="43.1516237010" lon="-95.1457464248" />
  <node id="4125" visible="true" version="1" lat="43.1516273465" lon="-95.1457523245" />
  <node id="4126" visible="true" version="1" lat="43.1516274833" lon="-95.1457525460" />
  <node id="4127" visible="true" version="1" lat="43.1516277510" lon="-95.1457529329" />
  <node id="4128" visible="true" version="1" lat="43.1516280288" lon="-95.1457532469" />
  <node id="4129" visible="true" version="1" lat="43.1516329742" lon="-95.1457581237" />
  <node id="4130" visible="true" version="1" lat="43.1516334664" lon="-95.1457584928" />
  <node id="4131" visible="true" version="1" lat="43.1516370304" lon="-95.1457603535" />
  <node id="4132" visible="true" version="1" lat="43.1516397496" lon="-95.1457617731" />
  <node id="4133" visible="true" version="1" lat="43.1516401685" lon="-95.1457619145" />
  <node id="4134" visible="true" version="1" lat="43.1516482460" lon="-95.1457631698" />
  <node id="4135" visible="true" version="1" lat="43.1516484276" lon="-95.1457631837" />
  <node id="4136" visible="true" version="1" lat="43.1526391403" lon="-95.1457631820" />
  <node id="4137" visible="true" version="1" lat="43.1526393432" lon="-95.1457631647" />
  <node id="4138" visible="true" version="1" lat="43.1526403316" lon="-95.1457629950" />
  <node id="4139" visible="true" version="1" lat="43.1526482273" lon="-95.1457616209" />
  <node id="4140" visible="true" version="1" lat="43.1526487020" lon="-95.1457614400" />
  <node id="4141" visible="true" version="1" lat="43.1526554269" lon="-95.1457574609" />
  <node id="4142" visible="true" version="1" lat="43.1526557117" lon="-95.1457572548" />
  <node id="4143" visible="true" version="1" lat="43.1526559896" lon="-95.1457569779" />
  <node id="4144" visible="true" version="1" lat="43.1526590634" lon="-95.1457534803" />
  <node id="4145" visible="true" version="1" lat="43.1526611001" lon="-95.1457511371" />
  <node id="4146" visible="true" version="1" lat="43.1526614152" lon="-95.1457507174" />
  <node id="4147" visible="true" version="1" lat="43.1526617149" lon="-95.1457502056" />
  <node id="4148" visible="true" version="1" lat="43.1526631151" lon="-95.1457475274" />
  <node id="4149" visible="true" version="1" lat="43.1526655070" lon="-95.1457429526" />
  <node id="4150" visible="true" version="1" lat="43.1526658140" lon="-95.1457422908" />
  <node id="4151" visible="true" version="1" lat="43.1526660952" lon="-95.1457415219" />
  <node id="4152" visible="true" version="1" lat="43.1526690187" lon="-95.1457326017" />
  <node id="4153" visible="true" version="1" lat="43.1526692708" lon="-95.1457317433" />
  <node id="4154" visible="true" version="1" lat="43.1526694906" lon="-95.1457307930" />
  <node id="4155" visible="true" version="1" lat="43.1526719038" lon="-95.1457190294" />
  <node id="4156" visible="true" version="1" lat="43.1526720741" lon="-95.1457180894" />
  <node id="4157" visible="true" version="1" lat="43.1526722137" lon="-95.1457171009" />
  <node id="4158" visible="true" version="1" lat="43.1526741794" lon="-95.1457009518" />
  <node id="4159" visible="true" version="1" lat="43.1526742730" lon="-95.1457000688" />
  <node id="4160" visible="true" version="1" lat="43.1526743426" lon="-95.1456991637" />
  <node id="4161" visible="true" version="1" lat="43.1526745854" lon="-95.1456952609" />
  <node id="4162" visible="true" version="1" lat="43.1526756877" lon="-95.1456774205" />
  <node id="4163" visible="true" version="1" lat="43.1526757489" lon="-95.1456758673" />
  <node id="4164" visible="true" version="1" lat="43.1526762717" lon="-95.1456464217" />
  <node id="4165" visible="true" version="1" lat="43.1526762776" lon="-95.1456457422" />
  <node id="4166" visible="true" version="1" lat="43.1526762829" lon="-95.1439973532" />
  <node id="4167" visible="true" version="1" lat="43.1526762776" lon="-95.1421214532" />
  <node id="4168" visible="true" version="1" lat="43.1526762717" lon="-95.1421208167" />
  <node id="4169" visible="true" version="1" lat="43.1526757489" lon="-95.1420934580" />
  <node id="4170" visible="true" version="1" lat="43.1526756877" lon="-95.1420920311" />
  <node id="4171" visible="true" version="1" lat="43.1526754183" lon="-95.1420879826" />
  <node id="4172" visible="true" version="1" lat="43.1526743426" lon="-95.1420720573" />
  <node id="4173" visible="true" version="1" lat="43.1526742730" lon="-95.1420712284" />
  <node id="4174" visible="true" version="1" lat="43.1526741794" lon="-95.1420704197" />
  <node id="4175" visible="true" version="1" lat="43.1526722137" lon="-95.1420556982" />
  <node id="4176" visible="true" version="1" lat="43.1526720741" lon="-95.1420547971" />
  <node id="4177" visible="true" version="1" lat="43.1526719038" lon="-95.1420539465" />
  <node id="4178" visible="true" version="1" lat="43.1526711008" lon="-95.1420504024" />
  <node id="4179" visible="true" version="1" lat="43.1526694906" lon="-95.1420433195" />
  <node id="4180" visible="true" version="1" lat="43.1526692708" lon="-95.1420424733" />
  <node id="4181" visible="true" version="1" lat="43.1526690187" lon="-95.1420416982" />
  <node id="4182" visible="true" version="1" lat="43.1526660952" lon="-95.1420336665" />
  <node id="4183" visible="true" version="1" lat="43.1526658140" lon="-95.1420329852" />
  <node id="4184" visible="true" version="1" lat="43.1526655069" lon="-95.1420323910" />
  <node id="4185" visible="true" version="1" lat="43.1526617148" lon="-95.1420258683" />
  <node id="4186" visible="true" version="1" lat="43.1526614152" lon="-95.1420254125" />
  <node id="4187" visible="true" version="1" lat="43.1526611001" lon="-95.1420250427" />
  <node id="4188" visible="true" version="1" lat="43.1526578692" lon="-95.1420217512" />
  <node id="4189" visible="true" version="1" lat="43.1526559896" lon="-95.1420198362" />
  <node id="4190" visible="true" version="1" lat="43.1526557117" lon="-95.1420195884" />
  <node id="4191" visible="true" version="1" lat="43.1526554268" lon="-95.1420194038" />
  <node id="4192" visible="true" version="1" lat="43.1526499677" lon="-95.1420165118" />
  <node id="4193" visible="true" version="1" lat="43.1526487020" lon="-95.1420158539" />
  <node id="4194" visible="true" version="1" lat="43.1526482272" lon="-95.1420156952" />
  <node id="4195" visible="true" version="1" lat="43.1526461832" lon="-95.1420153833" />
  <node id="4196" visible="true" version="1" lat="43.1526393432" lon="-95.1420143397" />
  <node id="4197" visible="true" version="1" lat="43.1526391403" lon="-95.1420143242" />
  <node id="4198" visible="true" version="1" lat="43.1522026762" lon="-95.1420143231" />
  <node id="4199" visible="true" version="1" lat="43.1516484277" lon="-95.1420143227" />
  <node id="4200" visible="true" version="1" lat="43.1388191804" lon="-95.1399861058" />
  <node id="4201" visible="true" version="1" lat="43.1388213278" lon="-95.1399859610" />
  <node id="4202" visible="true" version="1" lat="43.1388280646" lon="-95.1399855068" />
  <node id="4203" visible="true" version="1" lat="43.1388285393" lon="-95.1399854367" />
  <node id="4204" visible="true" version="1" lat="43.1388294070" lon="-95.1399852379" />
  <node id="4205" visible="true" version="1" lat="43.1388352642" lon="-95.1399838952" />
  <node id="4206" visible="true" version="1" lat="43.1388355490" lon="-95.1399838153" />
  <node id="4207" visible="true" version="1" lat="43.1388358270" lon="-95.1399837081" />
  <node id="4208" visible="true" version="1" lat="43.1388409375" lon="-95.1399814552" />
  <node id="4209" visible="true" version="1" lat="43.1388412526" lon="-95.1399812952" />
  <node id="4210" visible="true" version="1" lat="43.1388415523" lon="-95.1399811000" />
  <node id="4211" visible="true" version="1" lat="43.1388453444" lon="-95.1399783341" />
  <node id="4212" visible="true" version="1" lat="43.1388456514" lon="-95.1399780821" />
  <node id="4213" visible="true" version="1" lat="43.1388459326" lon="-95.1399777933" />
  <node id="4214" visible="true" version="1" lat="43.1388483745" lon="-95.1399749945" />
  <node id="4215" visible="true" version="1" lat="43.1388488562" lon="-95.1399744424" />
  <node id="4216" visible="true" version="1" lat="43.1388491082" lon="-95.1399741201" />
  <node id="4217" visible="true" version="1" lat="43.1388493281" lon="-95.1399737682" />
  <node id="4218" visible="true" version="1" lat="43.1388517413" lon="-95.1399694219" />
  <node id="4219" visible="true" version="1" lat="43.1388519116" lon="-95.1399690784" />
  <node id="4220" visible="true" version="1" lat="43.1388520512" lon="-95.1399687173" />
  <node id="4221" visible="true" version="1" lat="43.1388523201" lon="-95.1399679160" />
  <node id="4222" visible="true" version="1" lat="43.1388540169" lon="-95.1399628597" />
  <node id="4223" visible="true" version="1" lat="43.1388541105" lon="-95.1399625412" />
  <node id="4224" visible="true" version="1" lat="43.1388541802" lon="-95.1399622147" />
  <node id="4225" visible="true" version="1" lat="43.1388555253" lon="-95.1399545069" />
  <node id="4226" visible="true" version="1" lat="43.1388555864" lon="-95.1399539627" />
  <node id="4227" visible="true" version="1" lat="43.1388558923" lon="-95.1399480047" />
  <node id="4228" visible="true" version="1" lat="43.1388561092" lon="-95.1399437800" />
  <node id="4229" visible="true" version="1" lat="43.1388561152" lon="-95.1399435474" />
  <node id="4230" visible="true" version="1" lat="43.1388561204" lon="-95.1394362976" />
  <node id="4231" visible="true" version="1" lat="43.1388561152" lon="-95.1388032690" />
  <node id="4232" visible="true" version="1" lat="43.1388561092" lon="-95.1388030365" />
  <node id="4233" visible="true" version="1" lat="43.1388555864" lon="-95.1387928537" />
  <node id="4234" visible="true" version="1" lat="43.1388555252" lon="-95.1387923095" />
  <node id="4235" visible="true" version="1" lat="43.1388541802" lon="-95.1387846017" />
  <node id="4236" visible="true" version="1" lat="43.1388541105" lon="-95.1387842752" />
  <node id="4237" visible="true" version="1" lat="43.1388540169" lon="-95.1387839567" />
  <node id="4238" visible="true" version="1" lat="43.1388520512" lon="-95.1387780992" />
  <node id="4239" visible="true" version="1" lat="43.1388519116" lon="-95.1387777380" />
  <node id="4240" visible="true" version="1" lat="43.1388517413" lon="-95.1387773946" />
  <node id="4241" visible="true" version="1" lat="43.1388493281" lon="-95.1387730482" />
  <node id="4242" visible="true" version="1" lat="43.1388491082" lon="-95.1387726963" />
  <node id="4243" visible="true" version="1" lat="43.1388488562" lon="-95.1387723740" />
  <node id="4244" visible="true" version="1" lat="43.1388459326" lon="-95.1387690231" />
  <node id="4245" visible="true" version="1" lat="43.1388456514" lon="-95.1387687343" />
  <node id="4246" visible="true" version="1" lat="43.1388453444" lon="-95.1387684823" />
  <node id="4247" visible="true" version="1" lat="43.1388415522" lon="-95.1387657164" />
  <node id="4248" visible="true" version="1" lat="43.1388412526" lon="-95.1387655212" />
  <node id="4249" visible="true" version="1" lat="43.1388409375" lon="-95.1387653612" />
  <node id="4250" visible="true" version="1" lat="43.1388358269" lon="-95.1387631083" />
  <node id="4251" visible="true" version="1" lat="43.1388355490" lon="-95.1387630011" />
  <node id="4252" visible="true" version="1" lat="43.1388352641" lon="-95.1387629212" />
  <node id="4253" visible="true" version="1" lat="43.1388303030" lon="-95.1387617839" />
  <node id="4254" visible="true" version="1" lat="43.1388285393" lon="-95.1387613796" />
  <node id="4255" visible="true" version="1" lat="43.1388280645" lon="-95.1387613096" />
  <node id="4256" visible="true" version="1" lat="43.1388191804" lon="-95.1387607105" />
  <node id="4257" visible="true" version="1" lat="43.1388189775" lon="-95.1387607037" />
  <node id="4258" visible="true" version="1" lat="43.1378282658" lon="-95.1387607031" />
  <node id="4259" visible="true" version="1" lat="43.1378280842" lon="-95.1387607085" />
  <node id="4260" visible="true" version="1" lat="43.1378240734" lon="-95.1387609505" />
  <node id="4261" visible="true" version="1" lat="43.1378200067" lon="-95.1387611958" />
  <node id="4262" visible="true" version="1" lat="43.1378195878" lon="-95.1387612506" />
  <node id="4263" visible="true" version="1" lat="43.1378149213" lon="-95.1387621944" />
  <node id="4264" visible="true" version="1" lat="43.1378133045" lon="-95.1387625214" />
  <node id="4265" visible="true" version="1" lat="43.1378128122" lon="-95.1387626644" />
  <node id="4266" visible="true" version="1" lat="43.1378078668" lon="-95.1387645538" />
  <node id="4267" visible="true" version="1" lat="43.1378075890" lon="-95.1387646754" />
  <node id="4268" visible="true" version="1" lat="43.1378073213" lon="-95.1387648239" />
  <node id="4269" visible="true" version="1" lat="43.1378035390" lon="-95.1387671582" />
  <node id="4270" visible="true" version="1" lat="43.1378032551" lon="-95.1387673540" />
  <node id="4271" visible="true" version="1" lat="43.1378029890" lon="-95.1387675800" />
  <node id="4272" visible="true" version="1" lat="43.1378028809" lon="-95.1387676815" />
  <node id="4273" visible="true" version="1" lat="43.1378000630" lon="-95.1387703240" />
  <node id="4274" visible="true" version="1" lat="43.1377998077" lon="-95.1387705887" />
  <node id="4275" visible="true" version="1" lat="43.1377995767" lon="-95.1387708813" />
  <node id="4276" visible="true" version="1" lat="43.1377971827" lon="-95.1387742350" />
  <node id="4277" visible="true" version="1" lat="43.1377969854" lon="-95.1387745400" />
  <node id="4278" visible="true" version="1" lat="43.1377968146" lon="-95.1387748653" />
  <node id="4279" visible="true" version="1" lat="43.1377966799" lon="-95.1387751520" />
  <node id="4280" visible="true" version="1" lat="43.1377947780" lon="-95.1387792003" />
  <node id="4281" visible="true" version="1" lat="43.1377946484" lon="-95.1387795071" />
  <node id="4282" visible="true" version="1" lat="43.1377945423" lon="-95.1387798256" />
  <node id="4283" visible="true" version="1" lat="43.1377942992" lon="-95.1387806615" />
  <node id="4284" visible="true" version="1" lat="43.1377928939" lon="-95.1387854936" />
  <node id="4285" visible="true" version="1" lat="43.1377927692" lon="-95.1387860578" />
  <node id="4286" visible="true" version="1" lat="43.1377916605" lon="-95.1387932592" />
  <node id="4287" visible="true" version="1" lat="43.1377916127" lon="-95.1387937394" />
  <node id="4288" visible="true" version="1" lat="43.1377911878" lon="-95.1388029972" />
  <node id="4289" visible="true" version="1" lat="43.1377911830" lon="-95.1388032054" />
  <node id="4290" visible="true" version="1" lat="43.1377911830" lon="-95.1399436111" />
  <node id="4291" visible="true" version="1" lat="43.1377911877" lon="-95.1399438193" />
  <node id="4292" visible="true" version="1" lat="43.1377912707" lon="-95.1399456261" />
  <node id="4293" visible="true" version="1" lat="43.1377916127" lon="-95.1399530771" />
  <node id="4294" visible="true" version="1" lat="43.1377916605" lon="-95.1399535572" />
  <node id="4295" visible="true" version="1" lat="43.1377926419" lon="-95.1399599319" />
  <node id="4296" visible="true" version="1" lat="43.1377927692" lon="-95.1399607586" />
  <node id="4297" visible="true" version="1" lat="43.1377928939" lon="-95.1399613228" />
  <node id="4298" visible="true" version="1" lat="43.1377935597" lon="-95.1399636123" />
  <node id="4299" visible="true" version="1" lat="43.1377945423" lon="-95.1399669909" />
  <node id="4300" visible="true" version="1" lat="43.1377946484" lon="-95.1399673093" />
  <node id="4301" visible="true" version="1" lat="43.1377947780" lon="-95.1399676161" />
  <node id="4302" visible="true" version="1" lat="43.1377968146" lon="-95.1399719512" />
  <node id="4303" visible="true" version="1" lat="43.1377969854" lon="-95.1399722764" />
  <node id="4304" visible="true" version="1" lat="43.1377971826" lon="-95.1399725815" />
  <node id="4305" visible="true" version="1" lat="43.1377995767" lon="-95.1399759351" />
  <node id="4306" visible="true" version="1" lat="43.1377998077" lon="-95.1399762277" />
  <node id="4307" visible="true" version="1" lat="43.1378000630" lon="-95.1399764924" />
  <node id="4308" visible="true" version="1" lat="43.1378029890" lon="-95.1399792364" />
  <node id="4309" visible="true" version="1" lat="43.1378032551" lon="-95.1399794624" />
  <node id="4310" visible="true" version="1" lat="43.1378035389" lon="-95.1399796582" />
  <node id="4311" visible="true" version="1" lat="43.1378073212" lon="-95.1399819925" />
  <node id="4312" visible="true" version="1" lat="43.1378075889" lon="-95.1399821410" />
  <node id="4313" visible="true" version="1" lat="43.1378078668" lon="-95.1399822626" />
  <node id="4314" visible="true" version="1" lat="43.1378107246" lon="-95.1399833544" />
  <node id="4315" visible="true" version="1" lat="43.1378128122" lon="-95.1399841520" />
  <node id="4316" visible="true" version="1" lat="43.1378133044" lon="-95.1399842950" />
  <node id="4317" visible="true" version="1" lat="43.1378195877" lon="-95.1399855658" />
  <node id="4318" visible="true" version="1" lat="43.1378200066" lon="-95.1399856206" />
  <node id="4319" visible="true" version="1" lat="43.1378280841" lon="-95.1399861078" />
  <node id="4320" visible="true" version="1" lat="43.1378282658" lon="-95.1399861133" />
  <node id="4321" visible="true" version="1" lat="43.1388189775" lon="-95.1399861126" />
  <node id="5937" visible="true" version="1" lat="43.1471112780" lon="-95.1399861002" />
  <node id="5938" visible="true" version="1" lat="43.1471137054" lon="-95.1399859365" />
  <node id="5939" visible="true" version="1" lat="43.1471201621" lon="-95.1399855010" />
  <node id="5940" visible="true" version="1" lat="43.1471206369" lon="-95.1399854309" />
  <node id="5941" visible="true" version="1" lat="43.1471243991" lon="-95.1399845682" />
  <node id="5942" visible="true" version="1" lat="43.1471273617" lon="-95.1399838888" />
  <node id="5943" visible="true" version="1" lat="43.1471276466" lon="-95.1399838089" />
  <node id="5944" visible="true" version="1" lat="43.1471279245" lon="-95.1399837016" />
  <node id="5945" visible="true" version="1" lat="43.1471330350" lon="-95.1399814480" />
  <node id="5946" visible="true" version="1" lat="43.1471333501" lon="-95.1399812879" />
  <node id="5947" visible="true" version="1" lat="43.1471336497" lon="-95.1399810926" />
  <node id="5948" visible="true" version="1" lat="43.1471374419" lon="-95.1399783258" />
  <node id="5949" visible="true" version="1" lat="43.1471377489" lon="-95.1399780737" />
  <node id="5950" visible="true" version="1" lat="43.1471380301" lon="-95.1399777848" />
  <node id="5951" visible="true" version="1" lat="43.1471409537" lon="-95.1399744328" />
  <node id="5952" visible="true" version="1" lat="43.1471412057" lon="-95.1399741103" />
  <node id="5953" visible="true" version="1" lat="43.1471414256" lon="-95.1399737583" />
  <node id="5954" visible="true" version="1" lat="43.1471422200" lon="-95.1399723269" />
  <node id="5955" visible="true" version="1" lat="43.1471438388" lon="-95.1399694104" />
  <node id="5956" visible="true" version="1" lat="43.1471440091" lon="-95.1399690668" />
  <node id="5957" visible="true" version="1" lat="43.1471441487" lon="-95.1399687055" />
  <node id="5958" visible="true" version="1" lat="43.1471461144" lon="-95.1399628460" />
  <node id="5959" visible="true" version="1" lat="43.1471462080" lon="-95.1399625273" />
  <node id="5960" visible="true" version="1" lat="43.1471462776" lon="-95.1399622007" />
  <node id="5961" visible="true" version="1" lat="43.1471476227" lon="-95.1399544902" />
  <node id="5962" visible="true" version="1" lat="43.1471476839" lon="-95.1399539458" />
  <node id="5963" visible="true" version="1" lat="43.1471482067" lon="-95.1399437595" />
  <node id="5964" visible="true" version="1" lat="43.1471482126" lon="-95.1399435268" />
  <node id="5965" visible="true" version="1" lat="43.1471482175" lon="-95.1395278079" />
  <node id="5966" visible="true" version="1" lat="43.1471482126" lon="-95.1388032896" />
  <node id="5967" visible="true" version="1" lat="43.1471482066" lon="-95.1388030569" />
  <node id="5968" visible="true" version="1" lat="43.1471476839" lon="-95.1387928706" />
  <node id="5969" visible="true" version="1" lat="43.1471476227" lon="-95.1387923263" />
  <node id="5970" visible="true" version="1" lat="43.1471470717" lon="-95.1387891676" />
  <node id="5971" visible="true" version="1" lat="43.1471462776" lon="-95.1387846157" />
  <node id="5972" visible="true" version="1" lat="43.1471462079" lon="-95.1387842891" />
  <node id="5973" visible="true" version="1" lat="43.1471461144" lon="-95.1387839705" />
  <node id="5974" visible="true" version="1" lat="43.1471447003" lon="-95.1387797553" />
  <node id="5975" visible="true" version="1" lat="43.1471441487" lon="-95.1387781109" />
  <node id="5976" visible="true" version="1" lat="43.1471440091" lon="-95.1387777496" />
  <node id="5977" visible="true" version="1" lat="43.1471438388" lon="-95.1387774060" />
  <node id="5978" visible="true" version="1" lat="43.1471414255" lon="-95.1387730581" />
  <node id="5979" visible="true" version="1" lat="43.1471412057" lon="-95.1387727061" />
  <node id="5980" visible="true" version="1" lat="43.1471409537" lon="-95.1387723837" />
  <node id="5981" visible="true" version="1" lat="43.1471383598" lon="-95.1387694096" />
  <node id="5982" visible="true" version="1" lat="43.1471380301" lon="-95.1387690316" />
  <node id="5983" visible="true" version="1" lat="43.1471377489" lon="-95.1387687427" />
  <node id="5984" visible="true" version="1" lat="43.1471374418" lon="-95.1387684906" />
  <node id="5985" visible="true" version="1" lat="43.1471336497" lon="-95.1387657237" />
  <node id="5986" visible="true" version="1" lat="43.1471333501" lon="-95.1387655285" />
  <node id="5987" visible="true" version="1" lat="43.1471330350" lon="-95.1387653684" />
  <node id="5988" visible="true" version="1" lat="43.1471287707" lon="-95.1387634879" />
  <node id="5989" visible="true" version="1" lat="43.1471279244" lon="-95.1387631147" />
  <node id="5990" visible="true" version="1" lat="43.1471276465" lon="-95.1387630074" />
  <node id="5991" visible="true" version="1" lat="43.1471273616" lon="-95.1387629276" />
  <node id="5992" visible="true" version="1" lat="43.1471206368" lon="-95.1387613854" />
  <node id="5993" visible="true" version="1" lat="43.1471201620" lon="-95.1387613154" />
  <node id="5994" visible="true" version="1" lat="43.1471112780" lon="-95.1387607162" />
  <node id="5995" visible="true" version="1" lat="43.1471110750" lon="-95.1387607093" />
  <node id="5996" visible="true" version="1" lat="43.1467355273" lon="-95.1387607089" />
  <node id="5997" visible="true" version="1" lat="43.1461203631" lon="-95.1387607086" />
  <node id="5998" visible="true" version="1" lat="43.1461201814" lon="-95.1387607141" />
  <node id="5999" visible="true" version="1" lat="43.1461121039" lon="-95.1387612015" />
  <node id="6000" visible="true" version="1" lat="43.1461116850" lon="-95.1387612563" />
  <node id="6001" visible="true" version="1" lat="43.1461054017" lon="-95.1387625276" />
  <node id="6002" visible="true" version="1" lat="43.1461049095" lon="-95.1387626707" />
  <node id="6003" visible="true" version="1" lat="43.1460999641" lon="-95.1387645607" />
  <node id="6004" visible="true" version="1" lat="43.1460996863" lon="-95.1387646823" />
  <node id="6005" visible="true" version="1" lat="43.1460994186" lon="-95.1387648309" />
  <node id="6006" visible="true" version="1" lat="43.1460956363" lon="-95.1387671660" />
  <node id="6007" visible="true" version="1" lat="43.1460953525" lon="-95.1387673619" />
  <node id="6008" visible="true" version="1" lat="43.1460950863" lon="-95.1387675881" />
  <node id="6009" visible="true" version="1" lat="43.1460921603" lon="-95.1387703329" />
  <node id="6010" visible="true" version="1" lat="43.1460919050" lon="-95.1387705978" />
  <node id="6011" visible="true" version="1" lat="43.1460916740" lon="-95.1387708905" />
  <node id="6012" visible="true" version="1" lat="43.1460892800" lon="-95.1387742453" />
  <node id="6013" visible="true" version="1" lat="43.1460890828" lon="-95.1387745504" />
  <node id="6014" visible="true" version="1" lat="43.1460889119" lon="-95.1387748758" />
  <node id="6015" visible="true" version="1" lat="43.1460884595" lon="-95.1387758393" />
  <node id="6016" visible="true" version="1" lat="43.1460868754" lon="-95.1387792124" />
  <node id="6017" visible="true" version="1" lat="43.1460867458" lon="-95.1387795193" />
  <node id="6018" visible="true" version="1" lat="43.1460866397" lon="-95.1387798379" />
  <node id="6019" visible="true" version="1" lat="43.1460849913" lon="-95.1387855080" />
  <node id="6020" visible="true" version="1" lat="43.1460848665" lon="-95.1387860723" />
  <node id="6021" visible="true" version="1" lat="43.1460837579" lon="-95.1387932763" />
  <node id="6022" visible="true" version="1" lat="43.1460837101" lon="-95.1387937566" />
  <node id="6023" visible="true" version="1" lat="43.1460834012" lon="-95.1388004885" />
  <node id="6024" visible="true" version="1" lat="43.1460832851" lon="-95.1388030177" />
  <node id="6025" visible="true" version="1" lat="43.1460832803" lon="-95.1388032259" />
  <node id="6026" visible="true" version="1" lat="43.1460832855" lon="-95.1392970846" />
  <node id="6027" visible="true" version="1" lat="43.1460832803" lon="-95.1399435906" />
  <node id="6028" visible="true" version="1" lat="43.1460832851" lon="-95.1399437988" />
  <node id="6029" visible="true" version="1" lat="43.1460837101" lon="-95.1399530599" />
  <node id="6030" visible="true" version="1" lat="43.1460837579" lon="-95.1399535402" />
  <node id="6031" visible="true" version="1" lat="43.1460844731" lon="-95.1399581874" />
  <node id="6032" visible="true" version="1" lat="43.1460848665" lon="-95.1399607441" />
  <node id="6033" visible="true" version="1" lat="43.1460849913" lon="-95.1399613085" />
  <node id="6034" visible="true" version="1" lat="43.1460866396" lon="-95.1399669785" />
  <node id="6035" visible="true" version="1" lat="43.1460867457" lon="-95.1399672971" />
  <node id="6036" visible="true" version="1" lat="43.1460868753" lon="-95.1399676040" />
  <node id="6037" visible="true" version="1" lat="43.1460889119" lon="-95.1399719406" />
  <node id="6038" visible="true" version="1" lat="43.1460890828" lon="-95.1399722660" />
  <node id="6039" visible="true" version="1" lat="43.1460892800" lon="-95.1399725711" />
  <node id="6040" visible="true" version="1" lat="43.1460909282" lon="-95.1399748809" />
  <node id="6041" visible="true" version="1" lat="43.1460916740" lon="-95.1399759259" />
  <node id="6042" visible="true" version="1" lat="43.1460919050" lon="-95.1399762186" />
  <node id="6043" visible="true" version="1" lat="43.1460921602" lon="-95.1399764835" />
  <node id="6044" visible="true" version="1" lat="43.1460950863" lon="-95.1399792283" />
  <node id="6045" visible="true" version="1" lat="43.1460953524" lon="-95.1399794545" />
  <node id="6046" visible="true" version="1" lat="43.1460956362" lon="-95.1399796503" />
  <node id="6047" visible="true" version="1" lat="43.1460994185" lon="-95.1399819854" />
  <node id="6048" visible="true" version="1" lat="43.1460996862" lon="-95.1399821340" />
  <node id="6049" visible="true" version="1" lat="43.1460999641" lon="-95.1399822557" />
  <node id="6050" visible="true" version="1" lat="43.1461049094" lon="-95.1399841457" />
  <node id="6051" visible="true" version="1" lat="43.1461054017" lon="-95.1399842887" />
  <node id="6052" visible="true" version="1" lat="43.1461116849" lon="-95.1399855600" />
  <node id="6053" visible="true" version="1" lat="43.1461121038" lon="-95.1399856148" />
  <node id="6054" visible="true" version="1" lat="43.1461155864" lon="-95.1399858250" />
  <node id="6055" visible="true" version="1" lat="43.1461201814" lon="-95.1399861022" />
  <node id="6056" visible="true" version="1" lat="43.1461203630" lon="-95.1399861077" />
  <node id="6057" visible="true" version="1" lat="43.1467479838" lon="-95.1399861071" />
  <node id="6058" visible="true" version="1" lat="43.1471110751" lon="-95.1399861070" />
  <node id="6059" visible="true" version="1" lat="43.1498753105" lon="-95.1399860983" />
  <node id="6060" visible="true" version="1" lat="43.1498841946" lon="-95.1399854991" />
  <node id="6061" visible="true" version="1" lat="43.1498846694" lon="-95.1399854290" />
  <node id="6062" visible="true" version="1" lat="43.1498913942" lon="-95.1399838867" />
  <node id="6063" visible="true" version="1" lat="43.1498916791" lon="-95.1399838068" />
  <node id="6064" visible="true" version="1" lat="43.1498919570" lon="-95.1399836995" />
  <node id="6065" visible="true" version="1" lat="43.1498970675" lon="-95.1399814456" />
  <node id="6066" visible="true" version="1" lat="43.1498973826" lon="-95.1399812855" />
  <node id="6067" visible="true" version="1" lat="43.1498976822" lon="-95.1399810902" />
  <node id="6068" visible="true" version="1" lat="43.1498992659" lon="-95.1399799346" />
  <node id="6069" visible="true" version="1" lat="43.1499014744" lon="-95.1399783230" />
  <node id="6070" visible="true" version="1" lat="43.1499017814" lon="-95.1399780709" />
  <node id="6071" visible="true" version="1" lat="43.1499020626" lon="-95.1399777819" />
  <node id="6072" visible="true" version="1" lat="43.1499049862" lon="-95.1399744295" />
  <node id="6073" visible="true" version="1" lat="43.1499052382" lon="-95.1399741070" />
  <node id="6074" visible="true" version="1" lat="43.1499054580" lon="-95.1399737550" />
  <node id="6075" visible="true" version="1" lat="43.1499078713" lon="-95.1399694065" />
  <node id="6076" visible="true" version="1" lat="43.1499080416" lon="-95.1399690630" />
  <node id="6077" visible="true" version="1" lat="43.1499081812" lon="-95.1399687016" />
  <node id="6078" visible="true" version="1" lat="43.1499101469" lon="-95.1399628414" />
  <node id="6079" visible="true" version="1" lat="43.1499102404" lon="-95.1399625227" />
  <node id="6080" visible="true" version="1" lat="43.1499103101" lon="-95.1399621960" />
  <node id="6081" visible="true" version="1" lat="43.1499111590" lon="-95.1399573291" />
  <node id="6082" visible="true" version="1" lat="43.1499116552" lon="-95.1399544846" />
  <node id="6083" visible="true" version="1" lat="43.1499117163" lon="-95.1399539402" />
  <node id="6084" visible="true" version="1" lat="43.1499122391" lon="-95.1399437527" />
  <node id="6085" visible="true" version="1" lat="43.1499122451" lon="-95.1399435200" />
  <node id="6086" visible="true" version="1" lat="43.1499122502" lon="-95.1394727437" />
  <node id="6087" visible="true" version="1" lat="43.1499122451" lon="-95.1388032965" />
  <node id="6088" visible="true" version="1" lat="43.1499122391" lon="-95.1388030638" />
  <node id="6089" visible="true" version="1" lat="43.1499118883" lon="-95.1387962280" />
  <node id="6090" visible="true" version="1" lat="43.1499117163" lon="-95.1387928762" />
  <node id="6091" visible="true" version="1" lat="43.1499116552" lon="-95.1387923318" />
  <node id="6092" visible="true" version="1" lat="43.1499103101" lon="-95.1387846204" />
  <node id="6093" visible="true" version="1" lat="43.1499102404" lon="-95.1387842938" />
  <node id="6094" visible="true" version="1" lat="43.1499101468" lon="-95.1387839751" />
  <node id="6095" visible="true" version="1" lat="43.1499086529" lon="-95.1387795213" />
  <node id="6096" visible="true" version="1" lat="43.1499081811" lon="-95.1387781148" />
  <node id="6097" visible="true" version="1" lat="43.1499080416" lon="-95.1387777534" />
  <node id="6098" visible="true" version="1" lat="43.1499078712" lon="-95.1387774099" />
  <node id="6099" visible="true" version="1" lat="43.1499058137" lon="-95.1387737023" />
  <node id="6100" visible="true" version="1" lat="43.1499054580" lon="-95.1387730614" />
  <node id="6101" visible="true" version="1" lat="43.1499052382" lon="-95.1387727094" />
  <node id="6102" visible="true" version="1" lat="43.1499049862" lon="-95.1387723869" />
  <node id="6103" visible="true" version="1" lat="43.1499021356" lon="-95.1387691182" />
  <node id="6104" visible="true" version="1" lat="43.1499020626" lon="-95.1387690345" />
  <node id="6105" visible="true" version="1" lat="43.1499017814" lon="-95.1387687455" />
  <node id="6106" visible="true" version="1" lat="43.1499014743" lon="-95.1387684934" />
  <node id="6107" visible="true" version="1" lat="43.1498976822" lon="-95.1387657262" />
  <node id="6108" visible="true" version="1" lat="43.1498973826" lon="-95.1387655309" />
  <node id="6109" visible="true" version="1" lat="43.1498970675" lon="-95.1387653708" />
  <node id="6110" visible="true" version="1" lat="43.1498948037" lon="-95.1387643724" />
  <node id="6111" visible="true" version="1" lat="43.1498919569" lon="-95.1387631168" />
  <node id="6112" visible="true" version="1" lat="43.1498916790" lon="-95.1387630096" />
  <node id="6113" visible="true" version="1" lat="43.1498913942" lon="-95.1387629297" />
  <node id="6114" visible="true" version="1" lat="43.1498846693" lon="-95.1387613874" />
  <node id="6115" visible="true" version="1" lat="43.1498841946" lon="-95.1387613173" />
  <node id="6116" visible="true" version="1" lat="43.1498753105" lon="-95.1387607180" />
  <node id="6117" visible="true" version="1" lat="43.1498751076" lon="-95.1387607112" />
  <node id="6118" visible="true" version="1" lat="43.1488843955" lon="-95.1387607105" />
  <node id="6119" visible="true" version="1" lat="43.1488842138" lon="-95.1387607160" />
  <node id="6120" visible="true" version="1" lat="43.1488761363" lon="-95.1387612035" />
  <node id="6121" visible="true" version="1" lat="43.1488757174" lon="-95.1387612583" />
  <node id="6122" visible="true" version="1" lat="43.1488711066" lon="-95.1387621913" />
  <node id="6123" visible="true" version="1" lat="43.1488694342" lon="-95.1387625297" />
  <node id="6124" visible="true" version="1" lat="43.1488689419" lon="-95.1387626728" />
  <node id="6125" visible="true" version="1" lat="43.1488639966" lon="-95.1387645630" />
  <node id="6126" visible="true" version="1" lat="43.1488637187" lon="-95.1387646847" />
  <node id="6127" visible="true" version="1" lat="43.1488634510" lon="-95.1387648333" />
  <node id="6128" visible="true" version="1" lat="43.1488600340" lon="-95.1387669431" />
  <node id="6129" visible="true" version="1" lat="43.1488596687" lon="-95.1387671687" />
  <node id="6130" visible="true" version="1" lat="43.1488593849" lon="-95.1387673646" />
  <node id="6131" visible="true" version="1" lat="43.1488591188" lon="-95.1387675907" />
  <node id="6132" visible="true" version="1" lat="43.1488561927" lon="-95.1387703359" />
  <node id="6133" visible="true" version="1" lat="43.1488559375" lon="-95.1387706008" />
  <node id="6134" visible="true" version="1" lat="43.1488557065" lon="-95.1387708935" />
  <node id="6135" visible="true" version="1" lat="43.1488533124" lon="-95.1387742488" />
  <node id="6136" visible="true" version="1" lat="43.1488531152" lon="-95.1387745539" />
  <node id="6137" visible="true" version="1" lat="43.1488529444" lon="-95.1387748794" />
  <node id="6138" visible="true" version="1" lat="43.1488509078" lon="-95.1387792164" />
  <node id="6139" visible="true" version="1" lat="43.1488507782" lon="-95.1387795234" />
  <node id="6140" visible="true" version="1" lat="43.1488506721" lon="-95.1387798420" />
  <node id="6141" visible="true" version="1" lat="43.1488490237" lon="-95.1387855127" />
  <node id="6142" visible="true" version="1" lat="43.1488488990" lon="-95.1387860772" />
  <node id="6143" visible="true" version="1" lat="43.1488477903" lon="-95.1387932820" />
  <node id="6144" visible="true" version="1" lat="43.1488477425" lon="-95.1387937623" />
  <node id="6145" visible="true" version="1" lat="43.1488473176" lon="-95.1388030245" />
  <node id="6146" visible="true" version="1" lat="43.1488473128" lon="-95.1388032328" />
  <node id="6147" visible="true" version="1" lat="43.1488473180" lon="-95.1394137359" />
  <node id="6148" visible="true" version="1" lat="43.1488473128" lon="-95.1399435837" />
  <node id="6149" visible="true" version="1" lat="43.1488473176" lon="-95.1399437920" />
  <node id="6150" visible="true" version="1" lat="43.1488477425" lon="-95.1399530541" />
  <node id="6151" visible="true" version="1" lat="43.1488477903" lon="-95.1399535345" />
  <node id="6152" visible="true" version="1" lat="43.1488488990" lon="-95.1399607393" />
  <node id="6153" visible="true" version="1" lat="43.1488490237" lon="-95.1399613037" />
  <node id="6154" visible="true" version="1" lat="43.1488506721" lon="-95.1399669744" />
  <node id="6155" visible="true" version="1" lat="43.1488507782" lon="-95.1399672930" />
  <node id="6156" visible="true" version="1" lat="43.1488509078" lon="-95.1399676000" />
  <node id="6157" visible="true" version="1" lat="43.1488509617" lon="-95.1399677148" />
  <node id="6158" visible="true" version="1" lat="43.1488529444" lon="-95.1399719371" />
  <node id="6159" visible="true" version="1" lat="43.1488531152" lon="-95.1399722625" />
  <node id="6160" visible="true" version="1" lat="43.1488533124" lon="-95.1399725677" />
  <node id="6161" visible="true" version="1" lat="43.1488557064" lon="-95.1399759229" />
  <node id="6162" visible="true" version="1" lat="43.1488559374" lon="-95.1399762156" />
  <node id="6163" visible="true" version="1" lat="43.1488561927" lon="-95.1399764805" />
  <node id="6164" visible="true" version="1" lat="43.1488591187" lon="-95.1399792257" />
  <node id="6165" visible="true" version="1" lat="43.1488593849" lon="-95.1399794518" />
  <node id="6166" visible="true" version="1" lat="43.1488596687" lon="-95.1399796477" />
  <node id="6167" visible="true" version="1" lat="43.1488624934" lon="-95.1399813919" />
  <node id="6168" visible="true" version="1" lat="43.1488634509" lon="-95.1399819831" />
  <node id="6169" visible="true" version="1" lat="43.1488637187" lon="-95.1399821317" />
  <node id="6170" visible="true" version="1" lat="43.1488639965" lon="-95.1399822534" />
  <node id="6171" visible="true" version="1" lat="43.1488668408" lon="-95.1399833405" />
  <node id="6172" visible="true" version="1" lat="43.1488689419" lon="-95.1399841436" />
  <node id="6173" visible="true" version="1" lat="43.1488694341" lon="-95.1399842867" />
  <node id="6174" visible="true" version="1" lat="43.1488757174" lon="-95.1399855581" />
  <node id="6175" visible="true" version="1" lat="43.1488761363" lon="-95.1399856129" />
  <node id="6176" visible="true" version="1" lat="43.1488814564" lon="-95.1399859340" />
  <node id="6177" visible="true" version="1" lat="43.1488842137" lon="-95.1399861004" />
  <node id="6178" visible="true" version="1" lat="43.1488843954" lon="-95.1399861059" />
  <node id="6179" visible="true" version="1" lat="43.1498751076" lon="-95.1399861052" />
  <node id="6180" visible="true" version="1" lat="43.1526393429" lon="-95.1368058627" />
  <node id="6181" visible="true" version="1" lat="43.1526408673" lon="-95.1368057599" />
  <node id="6182" visible="true" version="1" lat="43.1526482270" lon="-95.1368052634" />
  <node id="6183" visible="true" version="1" lat="43.1526487018" lon="-95.1368051933" />
  <node id="6184" visible="true" version="1" lat="43.1526554266" lon="-95.1368036508" />
  <node id="6185" visible="true" version="1" lat="43.1526557115" lon="-95.1368035709" />
  <node id="6186" visible="true" version="1" lat="43.1526559894" lon="-95.1368034636" />
  <node id="6187" visible="true" version="1" lat="43.1526591215" lon="-95.1368020821" />
  <node id="6188" visible="true" version="1" lat="43.1526610999" lon="-95.1368012094" />
  <node id="6189" visible="true" version="1" lat="43.1526614150" lon="-95.1368010493" />
  <node id="6190" visible="true" version="1" lat="43.1526617147" lon="-95.1368008540" />
  <node id="6191" visible="true" version="1" lat="43.1526655068" lon="-95.1367980865" />
  <node id="6192" visible="true" version="1" lat="43.1526658138" lon="-95.1367978343" />
  <node id="6193" visible="true" version="1" lat="43.1526660950" lon="-95.1367975453" />
  <node id="6194" visible="true" version="1" lat="43.1526690186" lon="-95.1367941925" />
  <node id="6195" visible="true" version="1" lat="43.1526692706" lon="-95.1367938700" />
  <node id="6196" visible="true" version="1" lat="43.1526694905" lon="-95.1367935179" />
  <node id="6197" visible="true" version="1" lat="43.1526719037" lon="-95.1367891689" />
  <node id="6198" visible="true" version="1" lat="43.1526720740" lon="-95.1367888253" />
  <node id="6199" visible="true" version="1" lat="43.1526722136" lon="-95.1367884639" />
  <node id="6200" visible="true" version="1" lat="43.1526729451" lon="-95.1367862829" />
  <node id="6201" visible="true" version="1" lat="43.1526741793" lon="-95.1367826030" />
  <node id="6202" visible="true" version="1" lat="43.1526742728" lon="-95.1367822842" />
  <node id="6203" visible="true" version="1" lat="43.1526743425" lon="-95.1367819575" />
  <node id="6204" visible="true" version="1" lat="43.1526748121" lon="-95.1367792649" />
  <node id="6205" visible="true" version="1" lat="43.1526756876" lon="-95.1367742452" />
  <node id="6206" visible="true" version="1" lat="43.1526757488" lon="-95.1367737007" />
  <node id="6207" visible="true" version="1" lat="43.1526760094" lon="-95.1367686213" />
  <node id="6208" visible="true" version="1" lat="43.1526762716" lon="-95.1367635119" />
  <node id="6209" visible="true" version="1" lat="43.1526762775" lon="-95.1367632792" />
  <node id="6210" visible="true" version="1" lat="43.1526762775" lon="-95.1356230699" />
  <node id="6211" visible="true" version="1" lat="43.1526762716" lon="-95.1356228372" />
  <node id="6212" visible="true" version="1" lat="43.1526757488" lon="-95.1356126484" />
  <node id="6213" visible="true" version="1" lat="43.1526756876" lon="-95.1356121039" />
  <node id="6214" visible="true" version="1" lat="43.1526743425" lon="-95.1356043916" />
  <node id="6215" visible="true" version="1" lat="43.1526742728" lon="-95.1356040649" />
  <node id="6216" visible="true" version="1" lat="43.1526741793" lon="-95.1356037461" />
  <node id="6217" visible="true" version="1" lat="43.1526735976" lon="-95.1356020118" />
  <node id="6218" visible="true" version="1" lat="43.1526722136" lon="-95.1355978851" />
  <node id="6219" visible="true" version="1" lat="43.1526720740" lon="-95.1355975238" />
  <node id="6220" visible="true" version="1" lat="43.1526719037" lon="-95.1355971801" />
  <node id="6221" visible="true" version="1" lat="43.1526694905" lon="-95.1355928312" />
  <node id="6222" visible="true" version="1" lat="43.1526692706" lon="-95.1355924791" />
  <node id="6223" visible="true" version="1" lat="43.1526690186" lon="-95.1355921566" />
  <node id="6224" visible="true" version="1" lat="43.1526660950" lon="-95.1355888037" />
  <node id="6225" visible="true" version="1" lat="43.1526658138" lon="-95.1355885147" />
  <node id="6226" visible="true" version="1" lat="43.1526655068" lon="-95.1355882626" />
  <node id="6227" visible="true" version="1" lat="43.1526617146" lon="-95.1355854951" />
  <node id="6228" visible="true" version="1" lat="43.1526614150" lon="-95.1355852997" />
  <node id="6229" visible="true" version="1" lat="43.1526610999" lon="-95.1355851396" />
  <node id="6230" visible="true" version="1" lat="43.1526559893" lon="-95.1355828854" />
  <node id="6231" visible="true" version="1" lat="43.1526557114" lon="-95.1355827781" />
  <node id="6232" visible="true" version="1" lat="43.1526554265" lon="-95.1355826982" />
  <node id="6233" visible="true" version="1" lat="43.1526503988" lon="-95.1355815450" />
  <node id="6234" visible="true" version="1" lat="43.1526487017" lon="-95.1355811557" />
  <node id="6235" visible="true" version="1" lat="43.1526482269" lon="-95.1355810856" />
  <node id="6236" visible="true" version="1" lat="43.1526393428" lon="-95.1355804863" />
  <node id="6237" visible="true" version="1" lat="43.1526391399" lon="-95.1355804794" />
  <node id="6238" visible="true" version="1" lat="43.1516484281" lon="-95.1355804788" />
  <node id="6239" visible="true" version="1" lat="43.1516482464" lon="-95.1355804842" />
  <node id="6240" visible="true" version="1" lat="43.1516401689" lon="-95.1355809718" />
  <node id="6241" visible="true" version="1" lat="43.1516397500" lon="-95.1355810266" />
  <node id="6242" visible="true" version="1" lat="43.1516354321" lon="-95.1355819005" />
  <node id="6243" visible="true" version="1" lat="43.1516334667" lon="-95.1355822982" />
  <node id="6244" visible="true" version="1" lat="43.1516329745" lon="-95.1355824413" />
  <node id="6245" visible="true" version="1" lat="43.1516280291" lon="-95.1355843317" />
  <node id="6246" visible="true" version="1" lat="43.1516277512" lon="-95.1355844534" />
  <node id="6247" visible="true" version="1" lat="43.1516274836" lon="-95.1355846021" />
  <node id="6248" visible="true" version="1" lat="43.1516237012" lon="-95.1355869377" />
  <node id="6249" visible="true" version="1" lat="43.1516234174" lon="-95.1355871336" />
  <node id="6250" visible="true" version="1" lat="43.1516231513" lon="-95.1355873598" />
  <node id="6251" visible="true" version="1" lat="43.1516202252" lon="-95.1355901054" />
  <node id="6252" visible="true" version="1" lat="43.1516199700" lon="-95.1355903703" />
  <node id="6253" visible="true" version="1" lat="43.1516197390" lon="-95.1355906630" />
  <node id="6254" visible="true" version="1" lat="43.1516173450" lon="-95.1355940187" />
  <node id="6255" visible="true" version="1" lat="43.1516171477" lon="-95.1355943239" />
  <node id="6256" visible="true" version="1" lat="43.1516169769" lon="-95.1355946493" />
  <node id="6257" visible="true" version="1" lat="43.1516160479" lon="-95.1355966280" />
  <node id="6258" visible="true" version="1" lat="43.1516149403" lon="-95.1355989869" />
  <node id="6259" visible="true" version="1" lat="43.1516148107" lon="-95.1355992939" />
  <node id="6260" visible="true" version="1" lat="43.1516147046" lon="-95.1355996126" />
  <node id="6261" visible="true" version="1" lat="43.1516142509" lon="-95.1356011735" />
  <node id="6262" visible="true" version="1" lat="43.1516130562" lon="-95.1356052840" />
  <node id="6263" visible="true" version="1" lat="43.1516129315" lon="-95.1356058485" />
  <node id="6264" visible="true" version="1" lat="43.1516118228" lon="-95.1356130542" />
  <node id="6265" visible="true" version="1" lat="43.1516117750" lon="-95.1356135346" />
  <node id="6266" visible="true" version="1" lat="43.1516113501" lon="-95.1356227979" />
  <node id="6267" visible="true" version="1" lat="43.1516113453" lon="-95.1356230062" />
  <node id="6268" visible="true" version="1" lat="43.1516113504" lon="-95.1361245325" />
  <node id="6269" visible="true" version="1" lat="43.1516113453" lon="-95.1367633429" />
  <node id="6270" visible="true" version="1" lat="43.1516113500" lon="-95.1367635513" />
  <node id="6271" visible="true" version="1" lat="43.1516117179" lon="-95.1367715705" />
  <node id="6272" visible="true" version="1" lat="43.1516117750" lon="-95.1367728146" />
  <node id="6273" visible="true" version="1" lat="43.1516118228" lon="-95.1367732950" />
  <node id="6274" visible="true" version="1" lat="43.1516120902" lon="-95.1367750328" />
  <node id="6275" visible="true" version="1" lat="43.1516129315" lon="-95.1367805006" />
  <node id="6276" visible="true" version="1" lat="43.1516130562" lon="-95.1367810651" />
  <node id="6277" visible="true" version="1" lat="43.1516147046" lon="-95.1367867365" />
  <node id="6278" visible="true" version="1" lat="43.1516148107" lon="-95.1367870552" />
  <node id="6279" visible="true" version="1" lat="43.1516149403" lon="-95.1367873622" />
  <node id="6280" visible="true" version="1" lat="43.1516169769" lon="-95.1367916998" />
  <node id="6281" visible="true" version="1" lat="43.1516171477" lon="-95.1367920252" />
  <node id="6282" visible="true" version="1" lat="43.1516173449" lon="-95.1367923304" />
  <node id="6283" visible="true" version="1" lat="43.1516197389" lon="-95.1367956861" />
  <node id="6284" visible="true" version="1" lat="43.1516199700" lon="-95.1367959788" />
  <node id="6285" visible="true" version="1" lat="43.1516202252" lon="-95.1367962437" />
  <node id="6286" visible="true" version="1" lat="43.1516231512" lon="-95.1367989892" />
  <node id="6287" visible="true" version="1" lat="43.1516234174" lon="-95.1367992154" />
  <node id="6288" visible="true" version="1" lat="43.1516237012" lon="-95.1367994113" />
  <node id="6289" visible="true" version="1" lat="43.1516274835" lon="-95.1368017470" />
  <node id="6290" visible="true" version="1" lat="43.1516277512" lon="-95.1368018956" />
  <node id="6291" visible="true" version="1" lat="43.1516280290" lon="-95.1368020173" />
  <node id="6292" visible="true" version="1" lat="43.1516311584" lon="-95.1368032136" />
  <node id="6293" visible="true" version="1" lat="43.1516329744" lon="-95.1368039078" />
  <node id="6294" visible="true" version="1" lat="43.1516334666" lon="-95.1368040508" />
  <node id="6295" visible="true" version="1" lat="43.1516397499" lon="-95.1368053224" />
  <node id="6296" visible="true" version="1" lat="43.1516401688" lon="-95.1368053772" />
  <node id="6297" visible="true" version="1" lat="43.1516482463" lon="-95.1368058648" />
  <node id="6298" visible="true" version="1" lat="43.1516484279" lon="-95.1368058702" />
  <node id="6299" visible="true" version="1" lat="43.1526391400" lon="-95.1368058696" />
  <node id="6300" visible="true" version="1" lat="43.1596012893" lon="-95.1368058608" />
  <node id="6301" visible="true" version="1" lat="43.1596150925" lon="-95.1368055033" />
  <node id="6302" visible="true" version="1" lat="43.1596244315" lon="-95.1368052614" />
  <node id="6303" visible="true" version="1" lat="43.1596256682" lon="-95.1368051913" />
  <node id="6304" visible="true" version="1" lat="43.1596344383" lon="-95.1368044190" />
  <node id="6305" visible="true" version="1" lat="43.1596431856" lon="-95.1368036486" />
  <node id="6306" visible="true" version="1" lat="43.1596439277" lon="-95.1368035687" />
  <node id="6307" visible="true" version="1" lat="43.1596446516" lon="-95.1368034614" />
  <node id="6308" visible="true" version="1" lat="43.1596568564" lon="-95.1368013945" />
  <node id="6309" visible="true" version="1" lat="43.1596579640" lon="-95.1368012069" />
  <node id="6310" visible="true" version="1" lat="43.1596587848" lon="-95.1368010468" />
  <node id="6311" visible="true" version="1" lat="43.1596595653" lon="-95.1368008514" />
  <node id="6312" visible="true" version="1" lat="43.1596694434" lon="-95.1367980836" />
  <node id="6313" visible="true" version="1" lat="43.1596702432" lon="-95.1367978315" />
  <node id="6314" visible="true" version="1" lat="43.1596709757" lon="-95.1367975424" />
  <node id="6315" visible="true" version="1" lat="43.1596785913" lon="-95.1367941892" />
  <node id="6316" visible="true" version="1" lat="43.1596792478" lon="-95.1367938666" />
  <node id="6317" visible="true" version="1" lat="43.1596798205" lon="-95.1367935145" />
  <node id="6318" visible="true" version="1" lat="43.1596826435" lon="-95.1367915612" />
  <node id="6319" visible="true" version="1" lat="43.1596861066" lon="-95.1367891650" />
  <node id="6320" visible="true" version="1" lat="43.1596865503" lon="-95.1367888213" />
  <node id="6321" visible="true" version="1" lat="43.1596869139" lon="-95.1367884599" />
  <node id="6322" visible="true" version="1" lat="43.1596920343" lon="-95.1367825982" />
  <node id="6323" visible="true" version="1" lat="43.1596922781" lon="-95.1367822794" />
  <node id="6324" visible="true" version="1" lat="43.1596924596" lon="-95.1367819527" />
  <node id="6325" visible="true" version="1" lat="43.1596934156" lon="-95.1367798481" />
  <node id="6326" visible="true" version="1" lat="43.1596959634" lon="-95.1367742394" />
  <node id="6327" visible="true" version="1" lat="43.1596961227" lon="-95.1367736949" />
  <node id="6328" visible="true" version="1" lat="43.1596974845" lon="-95.1367635049" />
  <node id="6329" visible="true" version="1" lat="43.1596975000" lon="-95.1367632721" />
  <node id="6330" visible="true" version="1" lat="43.1596975000" lon="-95.1356230770" />
  <node id="6331" visible="true" version="1" lat="43.1596974845" lon="-95.1356228442" />
  <node id="6332" visible="true" version="1" lat="43.1596966146" lon="-95.1356163355" />
  <node id="6333" visible="true" version="1" lat="43.1596961227" lon="-95.1356126542" />
  <node id="6334" visible="true" version="1" lat="43.1596959634" lon="-95.1356121097" />
  <node id="6335" visible="true" version="1" lat="43.1596924595" lon="-95.1356043964" />
  <node id="6336" visible="true" version="1" lat="43.1596922780" lon="-95.1356040696" />
  <node id="6337" visible="true" version="1" lat="43.1596920343" lon="-95.1356037509" />
  <node id="6338" visible="true" version="1" lat="43.1596869139" lon="-95.1355978892" />
  <node id="6339" visible="true" version="1" lat="43.1596865502" lon="-95.1355975277" />
  <node id="6340" visible="true" version="1" lat="43.1596861066" lon="-95.1355971841" />
  <node id="6341" visible="true" version="1" lat="43.1596798204" lon="-95.1355928346" />
  <node id="6342" visible="true" version="1" lat="43.1596792477" lon="-95.1355924825" />
  <node id="6343" visible="true" version="1" lat="43.1596785912" lon="-95.1355921599" />
  <node id="6344" visible="true" version="1" lat="43.1596738880" lon="-95.1355900890" />
  <node id="6345" visible="true" version="1" lat="43.1596709756" lon="-95.1355888067" />
  <node id="6346" visible="true" version="1" lat="43.1596702431" lon="-95.1355885176" />
  <node id="6347" visible="true" version="1" lat="43.1596694433" lon="-95.1355882654" />
  <node id="6348" visible="true" version="1" lat="43.1596688225" lon="-95.1355880915" />
  <node id="6349" visible="true" version="1" lat="43.1596595653" lon="-95.1355854976" />
  <node id="6350" visible="true" version="1" lat="43.1596587848" lon="-95.1355853023" />
  <node id="6351" visible="true" version="1" lat="43.1596579640" lon="-95.1355851421" />
  <node id="6352" visible="true" version="1" lat="43.1596533508" lon="-95.1355843609" />
  <node id="6353" visible="true" version="1" lat="43.1596446515" lon="-95.1355828876" />
  <node id="6354" visible="true" version="1" lat="43.1596439276" lon="-95.1355827803" />
  <node id="6355" visible="true" version="1" lat="43.1596431856" lon="-95.1355827004" />
  <node id="6356" visible="true" version="1" lat="43.1596337193" lon="-95.1355818668" />
  <node id="6357" visible="true" version="1" lat="43.1596256681" lon="-95.1355811578" />
  <node id="6358" visible="true" version="1" lat="43.1596244314" lon="-95.1355810876" />
  <node id="6359" visible="true" version="1" lat="43.1596012892" lon="-95.1355804882" />
  <node id="6360" visible="true" version="1" lat="43.1596007606" lon="-95.1355804813" />
  <node id="6361" visible="true" version="1" lat="43.1570200626" lon="-95.1355804807" />
  <node id="6362" visible="true" version="1" lat="43.1570195895" lon="-95.1355804862" />
  <node id="6363" visible="true" version="1" lat="43.1570061407" lon="-95.1355807978" />
  <node id="6364" visible="true" version="1" lat="43.1569985484" lon="-95.1355809738" />
  <node id="6365" visible="true" version="1" lat="43.1569974572" lon="-95.1355810286" />
  <node id="6366" visible="true" version="1" lat="43.1569929986" lon="-95.1355813750" />
  <node id="6367" visible="true" version="1" lat="43.1569810900" lon="-95.1355823003" />
  <node id="6368" visible="true" version="1" lat="43.1569798078" lon="-95.1355824434" />
  <node id="6369" visible="true" version="1" lat="43.1569778054" lon="-95.1355827373" />
  <node id="6370" visible="true" version="1" lat="43.1569669256" lon="-95.1355843341" />
  <node id="6371" visible="true" version="1" lat="43.1569662018" lon="-95.1355844558" />
  <node id="6372" visible="true" version="1" lat="43.1569655045" lon="-95.1355846045" />
  <node id="6373" visible="true" version="1" lat="43.1569556519" lon="-95.1355869404" />
  <node id="6374" visible="true" version="1" lat="43.1569549127" lon="-95.1355871364" />
  <node id="6375" visible="true" version="1" lat="43.1569542194" lon="-95.1355873626" />
  <node id="6376" visible="true" version="1" lat="43.1569520812" lon="-95.1355881329" />
  <node id="6377" visible="true" version="1" lat="43.1569465974" lon="-95.1355901084" />
  <node id="6378" visible="true" version="1" lat="43.1569459325" lon="-95.1355903734" />
  <node id="6379" visible="true" version="1" lat="43.1569453307" lon="-95.1355906662" />
  <node id="6380" visible="true" version="1" lat="43.1569408301" lon="-95.1355930882" />
  <node id="6381" visible="true" version="1" lat="43.1569390946" lon="-95.1355940222" />
  <node id="6382" visible="true" version="1" lat="43.1569385808" lon="-95.1355943275" />
  <node id="6383" visible="true" version="1" lat="43.1569381358" lon="-95.1355946529" />
  <node id="6384" visible="true" version="1" lat="43.1569328308" lon="-95.1355989911" />
  <node id="6385" visible="true" version="1" lat="43.1569324932" lon="-95.1355992981" />
  <node id="6386" visible="true" version="1" lat="43.1569322168" lon="-95.1355996168" />
  <node id="6387" visible="true" version="1" lat="43.1569279230" lon="-95.1356052889" />
  <node id="6388" visible="true" version="1" lat="43.1569275980" lon="-95.1356058535" />
  <node id="6389" visible="true" version="1" lat="43.1569266604" lon="-95.1356081933" />
  <node id="6390" visible="true" version="1" lat="43.1569247100" lon="-95.1356130600" />
  <node id="6391" visible="true" version="1" lat="43.1569245855" lon="-95.1356135405" />
  <node id="6392" visible="true" version="1" lat="43.1569234785" lon="-95.1356228049" />
  <node id="6393" visible="true" version="1" lat="43.1569234661" lon="-95.1356230132" />
  <node id="6394" visible="true" version="1" lat="43.1569234661" lon="-95.1367633359" />
  <node id="6395" visible="true" version="1" lat="43.1569234785" lon="-95.1367635442" />
  <node id="6396" visible="true" version="1" lat="43.1569242993" lon="-95.1367704137" />
  <node id="6397" visible="true" version="1" lat="43.1569245855" lon="-95.1367728086" />
  <node id="6398" visible="true" version="1" lat="43.1569247100" lon="-95.1367732891" />
  <node id="6399" visible="true" version="1" lat="43.1569260991" lon="-95.1367767554" />
  <node id="6400" visible="true" version="1" lat="43.1569275980" lon="-95.1367804956" />
  <node id="6401" visible="true" version="1" lat="43.1569279229" lon="-95.1367810602" />
  <node id="6402" visible="true" version="1" lat="43.1569322167" lon="-95.1367867323" />
  <node id="6403" visible="true" version="1" lat="43.1569324931" lon="-95.1367870510" />
  <node id="6404" visible="true" version="1" lat="43.1569328307" lon="-95.1367873580" />
  <node id="6405" visible="true" version="1" lat="43.1569365087" lon="-95.1367903656" />
  <node id="6406" visible="true" version="1" lat="43.1569381357" lon="-95.1367916961" />
  <node id="6407" visible="true" version="1" lat="43.1569385808" lon="-95.1367920216" />
  <node id="6408" visible="true" version="1" lat="43.1569390945" lon="-95.1367923269" />
  <node id="6409" visible="true" version="1" lat="43.1569453306" lon="-95.1367956829" />
  <node id="6410" visible="true" version="1" lat="43.1569459324" lon="-95.1367959757" />
  <node id="6411" visible="true" version="1" lat="43.1569465973" lon="-95.1367962407" />
  <node id="6412" visible="true" version="1" lat="43.1569527997" lon="-95.1367984751" />
  <node id="6413" visible="true" version="1" lat="43.1569542193" lon="-95.1367989865" />
  <node id="6414" visible="true" version="1" lat="43.1569549126" lon="-95.1367992127" />
  <node id="6415" visible="true" version="1" lat="43.1569556518" lon="-95.1367994087" />
  <node id="6416" visible="true" version="1" lat="43.1569640583" lon="-95.1368014017" />
  <node id="6417" visible="true" version="1" lat="43.1569655043" lon="-95.1368017446" />
  <node id="6418" visible="true" version="1" lat="43.1569662017" lon="-95.1368018932" />
  <node id="6419" visible="true" version="1" lat="43.1569669254" lon="-95.1368020149" />
  <node id="6420" visible="true" version="1" lat="43.1569759176" lon="-95.1368033347" />
  <node id="6421" visible="true" version="1" lat="43.1569798076" lon="-95.1368039056" />
  <node id="6422" visible="true" version="1" lat="43.1569810898" lon="-95.1368040487" />
  <node id="6423" visible="true" version="1" lat="43.1569974570" lon="-95.1368053204" />
  <node id="6424" visible="true" version="1" lat="43.1569985482" lon="-95.1368053753" />
  <node id="6425" visible="true" version="1" lat="43.1570195893" lon="-95.1368058629" />
  <node id="6426" visible="true" version="1" lat="43.1570200624" lon="-95.1368058683" />
  <node id="6427" visible="true" version="1" lat="43.1596007607" lon="-95.1368058677" />
  <node id="6772" visible="true" version="1" lat="43.1320483364" lon="-95.1295389741" />
  <node id="6773" visible="true" version="1" lat="43.1320483364" lon="-95.1201367770" />
  <node id="6774" visible="true" version="1" lat="43.1318143361" lon="-95.1198160605" />
  <node id="6775" visible="true" version="1" lat="43.1274943318" lon="-95.1198160605" />
  <node id="6776" visible="true" version="1" lat="43.1272603316" lon="-95.1201367770" />
  <node id="6777" visible="true" version="1" lat="43.1272603316" lon="-95.1295389741" />
  <node id="6778" visible="true" version="1" lat="43.1320123309" lon="-95.1551586756" />
  <node id="6779" visible="true" version="1" lat="43.1320123309" lon="-95.1524004302" />
  <node id="6780" visible="true" version="1" lat="43.1299998677" lon="-95.1524004302" />
  <node id="6781" visible="true" version="1" lat="43.1299998677" lon="-95.1551586756" />
  <node id="6782" visible="true" version="1" lat="43.1320123309" lon="-95.1452978111" />
  <node id="6783" visible="true" version="1" lat="43.1320123309" lon="-95.1425395656" />
  <node id="6784" visible="true" version="1" lat="43.1299998677" lon="-95.1425395656" />
  <node id="6785" visible="true" version="1" lat="43.1299998677" lon="-95.1452978111" />
  <node id="6786" visible="true" version="1" lat="43.1553847296" lon="-95.1275348475" />
  <node id="6787" visible="true" version="1" lat="43.1553847296" lon="-95.1247766021" />
  <node id="6788" visible="true" version="1" lat="43.1533722664" lon="-95.1247766021" />
  <node id="6789" visible="true" version="1" lat="43.1533722664" lon="-95.1275348475" />
  <node id="7046" visible="true" version="1" lat="43.1321383364" lon="-95.1686354836" />
  <node id="7047" visible="true" version="1" lat="43.1310583354" lon="-95.1686354836" />
  <node id="7048" visible="true" version="1" lat="43.1299783343" lon="-95.1686354836" />
  <node id="7049" visible="true" version="1" lat="43.1288983332" lon="-95.1686354836" />
  <node id="7051" visible="true" version="1" lat="43.1321383364" lon="-95.1671550447" />
  <node id="7052" visible="true" version="1" lat="43.1310583354" lon="-95.1671550447" />
  <node id="7053" visible="true" version="1" lat="43.1299783343" lon="-95.1671550447" />
  <node id="7054" visible="true" version="1" lat="43.1288983332" lon="-95.1671550447" />
  <node id="7056" visible="true" version="1" lat="43.1321383364" lon="-95.1656748149" />
  <node id="7057" visible="true" version="1" lat="43.1310583354" lon="-95.1656748149" />
  <node id="7058" visible="true" version="1" lat="43.1299783343" lon="-95.1656748149" />
  <node id="7059" visible="true" version="1" lat="43.1288983332" lon="-95.1656748149" />
  <node id="7061" visible="true" version="1" lat="43.1321383364" lon="-95.1641945850" />
  <node id="7062" visible="true" version="1" lat="43.1310583354" lon="-95.1641945850" />
  <node id="7063" visible="true" version="1" lat="43.1299783343" lon="-95.1641945850" />
  <node id="7064" visible="true" version="1" lat="43.1288983332" lon="-95.1641945850" />
  <node id="7066" visible="true" version="1" lat="43.1310583354" lon="-95.1627143552" />
  <node id="7067" visible="true" version="1" lat="43.1299783343" lon="-95.1627143552" />
  <node id="7068" visible="true" version="1" lat="43.1288983332" lon="-95.1627143552" />
  <node id="7070" visible="true" version="1" lat="43.1638903682" lon="-95.1700205230" />
  <node id="7071" visible="true" version="1" lat="43.1638903682" lon="-95.1570006679" />
  <node id="7072" visible="true" version="1" lat="43.1610148653" lon="-95.1569945003" />
  <node id="7073" visible="true" version="1" lat="43.1610193653" lon="-95.1700205230" />
  <node id="7074" visible="true" version="1" lat="43.1638903682" lon="-95.1567724658" />
  <node id="7075" visible="true" version="1" lat="43.1638903682" lon="-95.1441966797" />
  <node id="7076" visible="true" version="1" lat="43.1610148653" lon="-95.1441905121" />
  <node id="7077" visible="true" version="1" lat="43.1610103653" lon="-95.1567662982" />
  <node id="7078" visible="true" version="1" lat="43.1638903682" lon="-95.1439684776" />
  <node id="7079" visible="true" version="1" lat="43.1638903682" lon="-95.1328482508" />
  <node id="7080" visible="true" version="1" lat="43.1610148653" lon="-95.1328420832" />
  <node id="7081" visible="true" version="1" lat="43.1610103653" lon="-95.1439623100" />
  <node id="7082" visible="true" version="1" lat="43.1638903682" lon="-95.1326200487" />
  <node id="7083" visible="true" version="1" lat="43.1638903682" lon="-95.1303626982" />
  <node id="7084" visible="true" version="1" lat="43.1610103653" lon="-95.1303688658" />
  <node id="7085" visible="true" version="1" lat="43.1610148653" lon="-95.1326200487" />
  <node id="7086" visible="true" version="1" lat="43.1638903682" lon="-95.1300789875" />
  <node id="7087" visible="true" version="1" lat="43.1638903682" lon="-95.1271185278" />
  <node id="7088" visible="true" version="1" lat="43.1610103653" lon="-95.1271246954" />
  <node id="7089" visible="true" version="1" lat="43.1610148653" lon="-95.1300789875" />
  <node id="7090" visible="true" version="1" lat="43.1638903682" lon="-95.1268964933" />
  <node id="7091" visible="true" version="1" lat="43.1638903682" lon="-95.1201367770" />
  <node id="7092" visible="true" version="1" lat="43.1610148653" lon="-95.1201367770" />
  <node id="7114" visible="true" version="1" lat="43.1610103653" lon="-95.1268903257" />
  <node id="7115" visible="true" version="1" lat="43.1596198639" lon="-95.1601276535" />
  <node id="7116" visible="true" version="1" lat="43.1596243639" lon="-95.1537811680" />
  <node id="7117" visible="true" version="1" lat="43.1556238599" lon="-95.1537750004" />
  <node id="7118" visible="true" version="1" lat="43.1556193599" lon="-95.1601214859" />
  <node id="7119" visible="true" version="1" lat="43.1596198639" lon="-95.1530472207" />
  <node id="7120" visible="true" version="1" lat="43.1596198639" lon="-95.1492356288" />
  <node id="7121" visible="true" version="1" lat="43.1529193572" lon="-95.1492417965" />
  <node id="7122" visible="true" version="1" lat="43.1529238572" lon="-95.1531459027" />
  <node id="7123" visible="true" version="1" lat="43.1595928639" lon="-95.1531459027" />
  <node id="7124" visible="true" version="1" lat="43.1596198639" lon="-95.1489519181" />
  <node id="7125" visible="true" version="1" lat="43.1596243639" lon="-95.1459976260" />
  <node id="7126" visible="true" version="1" lat="43.1595883639" lon="-95.1458372678" />
  <node id="7127" visible="true" version="1" lat="43.1596243639" lon="-95.1456522391" />
  <node id="7128" visible="true" version="1" lat="43.1596198639" lon="-95.1440178186" />
  <node id="7129" visible="true" version="1" lat="43.1529193572" lon="-95.1440239862" />
  <node id="7130" visible="true" version="1" lat="43.1529238572" lon="-95.1489519181" />
  <node id="7131" visible="true" version="1" lat="43.1596198639" lon="-95.1392564126" />
  <node id="7132" visible="true" version="1" lat="43.1596198639" lon="-95.1369867268" />
  <node id="7133" visible="true" version="1" lat="43.1521903565" lon="-95.1369928944" />
  <node id="7134" visible="true" version="1" lat="43.1521948565" lon="-95.1392564126" />
  <node id="7135" visible="true" version="1" lat="43.1596288639" lon="-95.1304367097" />
  <node id="7136" visible="true" version="1" lat="43.1596243639" lon="-95.1280251686" />
  <node id="7137" visible="true" version="1" lat="43.1594938638" lon="-95.1278586427" />
  <node id="7138" visible="true" version="1" lat="43.1556238599" lon="-95.1278586427" />
  <node id="7139" visible="true" version="1" lat="43.1555203598" lon="-95.1280004981" />
  <node id="7140" visible="true" version="1" lat="43.1555248598" lon="-95.1319416101" />
  <node id="7141" visible="true" version="1" lat="43.1596198639" lon="-95.1319416101" />
  <node id="7142" visible="true" version="1" lat="43.1595658639" lon="-95.1273899033" />
  <node id="7143" visible="true" version="1" lat="43.1595703639" lon="-95.1205500078" />
  <node id="7144" visible="true" version="1" lat="43.1555248598" lon="-95.1205438402" />
  <node id="7145" visible="true" version="1" lat="43.1555203598" lon="-95.1247069867" />
  <node id="7146" visible="true" version="1" lat="43.1555653599" lon="-95.1248920154" />
  <node id="7147" visible="true" version="1" lat="43.1555653599" lon="-95.1273837356" />
  <node id="7148" visible="true" version="1" lat="43.1556283599" lon="-95.1275194234" />
  <node id="7149" visible="true" version="1" lat="43.1594938638" lon="-95.1275379263" />
  <node id="7170" visible="true" version="1" lat="43.1596198639" lon="-95.1437834489" />
  <node id="7171" visible="true" version="1" lat="43.1596198639" lon="-95.1394907823" />
  <node id="7172" visible="true" version="1" lat="43.1516053559" lon="-95.1394969499" />
  <node id="7181" visible="true" version="1" lat="43.1596198639" lon="-95.1338042326" />
  <node id="7182" visible="true" version="1" lat="43.1521903565" lon="-95.1338104003" />
  <node id="7194" visible="true" version="1" lat="43.1596198639" lon="-95.1335205219" />
  <node id="7195" visible="true" version="1" lat="43.1596198639" lon="-95.1321759798" />
  <node id="7196" visible="true" version="1" lat="43.1508088551" lon="-95.1321759798" />
  <node id="7197" visible="true" version="1" lat="43.1505703549" lon="-95.1329099271" />
  <node id="7198" visible="true" version="1" lat="43.1504443548" lon="-95.1331936378" />
  <node id="7199" visible="true" version="1" lat="43.1502688546" lon="-95.1333971694" />
  <node id="7200" visible="true" version="1" lat="43.1500573544" lon="-95.1335143543" />
  <node id="7211" visible="true" version="1" lat="43.1553538597" lon="-95.1245404608" />
  <node id="7212" visible="true" version="1" lat="43.1553538597" lon="-95.1205438402" />
  <node id="7213" visible="true" version="1" lat="43.1511373554" lon="-95.1205500078" />
  <node id="7214" visible="true" version="1" lat="43.1511373554" lon="-95.1228813698" />
  <node id="7215" visible="true" version="1" lat="43.1510833554" lon="-95.1230910691" />
  <node id="7216" visible="true" version="1" lat="43.1510878554" lon="-95.1270815220" />
  <node id="7217" visible="true" version="1" lat="43.1531848575" lon="-95.1270815220" />
  <node id="7218" visible="true" version="1" lat="43.1531893575" lon="-95.1248920154" />
  <node id="7219" visible="true" version="1" lat="43.1532343575" lon="-95.1246946514" />
  <node id="7220" visible="true" version="1" lat="43.1533108576" lon="-95.1245898018" />
  <node id="7221" visible="true" version="1" lat="43.1534548578" lon="-95.1245281256" />
  <node id="7222" visible="true" version="1" lat="43.1513758557" lon="-95.1633841592" />
  <node id="7223" visible="true" version="1" lat="43.1513803557" lon="-95.1606395663" />
  <node id="7239" visible="true" version="1" lat="43.1476723520" lon="-95.1614166870" />
  <node id="7240" visible="true" version="1" lat="43.1473123516" lon="-95.1628845816" />
  <node id="7241" visible="true" version="1" lat="43.1471323514" lon="-95.1633779915" />
  <node id="7242" visible="true" version="1" lat="43.1527528571" lon="-95.1531459027" />
  <node id="7243" visible="true" version="1" lat="43.1527528571" lon="-95.1492356288" />
  <node id="7244" visible="true" version="1" lat="43.1489863533" lon="-95.1492417965" />
  <node id="7251" visible="true" version="1" lat="43.1527528571" lon="-95.1489519181" />
  <node id="7260" visible="true" version="1" lat="43.1489863533" lon="-95.1440239862" />
  <node id="7261" visible="true" version="1" lat="43.1489908533" lon="-95.1489519181" />
  <node id="7263" visible="true" version="1" lat="43.1520238563" lon="-95.1338042326" />
  <node id="7264" visible="true" version="1" lat="43.1492608536" lon="-95.1338042326" />
  <node id="7265" visible="true" version="1" lat="43.1482978526" lon="-95.1341496196" />
  <node id="7266" visible="true" version="1" lat="43.1481988525" lon="-95.1342236311" />
  <node id="7267" visible="true" version="1" lat="43.1475868519" lon="-95.1344456656" />
  <node id="7268" visible="true" version="1" lat="43.1471998515" lon="-95.1345443476" />
  <node id="7269" visible="true" version="1" lat="43.1445358488" lon="-95.1355064970" />
  <node id="7270" visible="true" version="1" lat="43.1445133488" lon="-95.1355249998" />
  <node id="7271" visible="true" version="1" lat="43.1445043488" lon="-95.1366968485" />
  <node id="7277" visible="true" version="1" lat="43.1531848575" lon="-95.1273899033" />
  <node id="7278" visible="true" version="1" lat="43.1531848575" lon="-95.1273035565" />
  <node id="7279" visible="true" version="1" lat="43.1510878554" lon="-95.1273035565" />
  <node id="7280" visible="true" version="1" lat="43.1510743554" lon="-95.1276057701" />
  <node id="7282" visible="true" version="1" lat="43.1508853552" lon="-95.1278278046" />
  <node id="7283" visible="true" version="1" lat="43.1506873550" lon="-95.1285309138" />
  <node id="7284" visible="true" version="1" lat="43.1501563545" lon="-95.1293697107" />
  <node id="7285" visible="true" version="1" lat="43.1500123543" lon="-95.1301591666" />
  <node id="7286" visible="true" version="1" lat="43.1498593542" lon="-95.1305292241" />
  <node id="7287" visible="true" version="1" lat="43.1490268533" lon="-95.1317072403" />
  <node id="7288" visible="true" version="1" lat="43.1487973531" lon="-95.1319354424" />
  <node id="7289" visible="true" version="1" lat="43.1506288549" lon="-95.1319416101" />
  <node id="7291" visible="true" version="1" lat="43.1518933562" lon="-95.1281978621" />
  <node id="7293" visible="true" version="1" lat="43.1523208566" lon="-95.1275996025" />
  <node id="7295" visible="true" version="1" lat="43.1531128574" lon="-95.1275379263" />
  <node id="7296" visible="true" version="1" lat="43.1513758557" lon="-95.1696134598" />
  <node id="7297" visible="true" version="1" lat="43.1513803557" lon="-95.1636123613" />
  <node id="7298" visible="true" version="1" lat="43.1470558514" lon="-95.1636061936" />
  <node id="7299" visible="true" version="1" lat="43.1469613513" lon="-95.1638837367" />
  <node id="7300" visible="true" version="1" lat="43.1465923509" lon="-95.1654256428" />
  <node id="7301" visible="true" version="1" lat="43.1462413505" lon="-95.1665974915" />
  <node id="7302" visible="true" version="1" lat="43.1454313497" lon="-95.1696072922" />
  <node id="7303" visible="true" version="1" lat="43.1488198531" lon="-95.1535529659" />
  <node id="7310" visible="true" version="1" lat="43.1488243531" lon="-95.1492417965" />
  <node id="7329" visible="true" version="1" lat="43.1453278496" lon="-95.1497660445" />
  <node id="7330" visible="true" version="1" lat="43.1459758503" lon="-95.1500250848" />
  <node id="7331" visible="true" version="1" lat="43.1465968509" lon="-95.1503581365" />
  <node id="7332" visible="true" version="1" lat="43.1469028512" lon="-95.1505555005" />
  <node id="7333" visible="true" version="1" lat="43.1475868519" lon="-95.1511969334" />
  <node id="7334" visible="true" version="1" lat="43.1477173520" lon="-95.1513757945" />
  <node id="7335" visible="true" version="1" lat="43.1478433522" lon="-95.1516224995" />
  <node id="7336" visible="true" version="1" lat="43.1480413523" lon="-95.1521899209" />
  <node id="7337" visible="true" version="1" lat="43.1481583525" lon="-95.1524119554" />
  <node id="7338" visible="true" version="1" lat="43.1482843526" lon="-95.1528313538" />
  <node id="7339" visible="true" version="1" lat="43.1485183528" lon="-95.1534111105" />
  <node id="7340" visible="true" version="1" lat="43.1485453529" lon="-95.1535467983" />
  <node id="7341" visible="true" version="1" lat="43.1514388557" lon="-95.1437834489" />
  <node id="7342" visible="true" version="1" lat="43.1514388557" lon="-95.1394907823" />
  <node id="7363" visible="true" version="1" lat="43.1437438481" lon="-95.1394907823" />
  <node id="7364" visible="true" version="1" lat="43.1436673480" lon="-95.1396696434" />
  <node id="7365" visible="true" version="1" lat="43.1436943480" lon="-95.1399040131" />
  <node id="7366" visible="true" version="1" lat="43.1436583480" lon="-95.1403974231" />
  <node id="7367" visible="true" version="1" lat="43.1435593479" lon="-95.1409525093" />
  <node id="7368" visible="true" version="1" lat="43.1435503479" lon="-95.1412978963" />
  <node id="7369" visible="true" version="1" lat="43.1435233478" lon="-95.1414582545" />
  <node id="7370" visible="true" version="1" lat="43.1435323478" lon="-95.1419639997" />
  <node id="7371" visible="true" version="1" lat="43.1435683479" lon="-95.1423463924" />
  <node id="7372" visible="true" version="1" lat="43.1435773479" lon="-95.1430988426" />
  <node id="7373" visible="true" version="1" lat="43.1436538480" lon="-95.1437834489" />
  <node id="7374" visible="true" version="1" lat="43.1520238563" lon="-95.1392564126" />
  <node id="7375" visible="true" version="1" lat="43.1520238563" lon="-95.1369867268" />
  <node id="7376" visible="true" version="1" lat="43.1444188487" lon="-95.1369867268" />
  <node id="7377" visible="true" version="1" lat="43.1443648487" lon="-95.1369497211" />
  <node id="7378" visible="true" version="1" lat="43.1442478486" lon="-95.1369867268" />
  <node id="7379" visible="true" version="1" lat="43.1440318483" lon="-95.1369743916" />
  <node id="7380" visible="true" version="1" lat="43.1439823483" lon="-95.1374492986" />
  <node id="7381" visible="true" version="1" lat="43.1438923482" lon="-95.1379427086" />
  <node id="7382" visible="true" version="1" lat="43.1438923482" lon="-95.1385471358" />
  <node id="7383" visible="true" version="1" lat="43.1439193482" lon="-95.1387568350" />
  <node id="7384" visible="true" version="1" lat="43.1438518482" lon="-95.1392564126" />
  <node id="7418" visible="true" version="1" lat="43.1420698464" lon="-95.1600906477" />
  <node id="7419" visible="true" version="1" lat="43.1389873433" lon="-95.1600844801" />
  <node id="7420" visible="true" version="1" lat="43.1389918433" lon="-95.1691077146" />
  <node id="7421" visible="true" version="1" lat="43.1401303444" lon="-95.1674979646" />
  <node id="7422" visible="true" version="1" lat="43.1405803449" lon="-95.1664864742" />
  <node id="7423" visible="true" version="1" lat="43.1410753454" lon="-95.1648582214" />
  <node id="7424" visible="true" version="1" lat="43.1415613459" lon="-95.1635260145" />
  <node id="7425" visible="true" version="1" lat="43.1416423459" lon="-95.1631559571" />
  <node id="7426" visible="true" version="1" lat="43.1418043461" lon="-95.1621074609" />
  <node id="7427" visible="true" version="1" lat="43.1419033462" lon="-95.1612069878" />
  <node id="7428" visible="true" version="1" lat="43.1423578467" lon="-95.1566367781" />
  <node id="7429" visible="true" version="1" lat="43.1423623467" lon="-95.1564579170" />
  <node id="7430" visible="true" version="1" lat="43.1423443467" lon="-95.1563962407" />
  <node id="7431" visible="true" version="1" lat="43.1421193464" lon="-95.1560261833" />
  <node id="7432" visible="true" version="1" lat="43.1419843463" lon="-95.1556807963" />
  <node id="7433" visible="true" version="1" lat="43.1415073458" lon="-95.1547803232" />
  <node id="7434" visible="true" version="1" lat="43.1402518446" lon="-95.1534172782" />
  <node id="7435" visible="true" version="1" lat="43.1402248445" lon="-95.1533926077" />
  <node id="7436" visible="true" version="1" lat="43.1400898444" lon="-95.1533926077" />
  <node id="7437" visible="true" version="1" lat="43.1389918433" lon="-95.1534296134" />
  <node id="7438" visible="true" version="1" lat="43.1389873433" lon="-95.1598501104" />
  <node id="7439" visible="true" version="1" lat="43.1420878464" lon="-95.1598562780" />
  <node id="7440" visible="true" version="1" lat="43.1421823465" lon="-95.1589126315" />
  <node id="7441" visible="true" version="1" lat="43.1422813466" lon="-95.1570376737" />
  <node id="7442" visible="true" version="1" lat="43.1449498493" lon="-95.1291908496" />
  <node id="7443" visible="true" version="1" lat="43.1449498493" lon="-95.1291661791" />
  <node id="7451" visible="true" version="1" lat="43.1389918433" lon="-95.1291661791" />
  <node id="7452" visible="true" version="1" lat="43.1389873433" lon="-95.1366845132" />
  <node id="7453" visible="true" version="1" lat="43.1409088452" lon="-95.1366536751" />
  <node id="7454" visible="true" version="1" lat="43.1410393453" lon="-95.1363267910" />
  <node id="7455" visible="true" version="1" lat="43.1411743455" lon="-95.1355373351" />
  <node id="7456" visible="true" version="1" lat="43.1414443458" lon="-95.1347232087" />
  <node id="7457" visible="true" version="1" lat="43.1416243459" lon="-95.1343408159" />
  <node id="7458" visible="true" version="1" lat="43.1420653464" lon="-95.1336500420" />
  <node id="7459" visible="true" version="1" lat="43.1420833464" lon="-95.1335883658" />
  <node id="7460" visible="true" version="1" lat="43.1424613468" lon="-95.1329716033" />
  <node id="7461" visible="true" version="1" lat="43.1430463474" lon="-95.1317380785" />
  <node id="7462" visible="true" version="1" lat="43.1431723475" lon="-95.1313310152" />
  <node id="7463" visible="true" version="1" lat="43.1432083475" lon="-95.1309116168" />
  <node id="7464" visible="true" version="1" lat="43.1434153477" lon="-95.1304305421" />
  <node id="7465" visible="true" version="1" lat="43.1437258480" lon="-95.1300666523" />
  <node id="7466" visible="true" version="1" lat="43.1438248481" lon="-95.1299926408" />
  <node id="7467" visible="true" version="1" lat="43.1443558487" lon="-95.1297212653" />
  <node id="7468" visible="true" version="1" lat="43.1448868492" lon="-95.1295732423" />
  <node id="7469" visible="true" version="1" lat="43.1449093492" lon="-95.1293450402" />
  <node id="7478" visible="true" version="1" lat="43.1387758431" lon="-95.1696134598" />
  <node id="7479" visible="true" version="1" lat="43.1387803431" lon="-95.1585549093" />
  <node id="7480" visible="true" version="1" lat="43.1362378405" lon="-95.1585487417" />
  <node id="7481" visible="true" version="1" lat="43.1362333405" lon="-95.1696072922" />
  <node id="7482" visible="true" version="1" lat="43.1387758431" lon="-95.1583267072" />
  <node id="7493" visible="true" version="1" lat="43.1387803431" lon="-95.1460222965" />
  <node id="7494" visible="true" version="1" lat="43.1382448426" lon="-95.1460161289" />
  <node id="7495" visible="true" version="1" lat="43.1381278424" lon="-95.1459667879" />
  <node id="7496" visible="true" version="1" lat="43.1362243405" lon="-95.1479465953" />
  <node id="7497" visible="true" version="1" lat="43.1362333405" lon="-95.1583205396" />
  <node id="7498" visible="true" version="1" lat="43.1419168462" lon="-95.1405516137" />
  <node id="7499" visible="true" version="1" lat="43.1419168462" lon="-95.1401445505" />
  <node id="7500" visible="true" version="1" lat="43.1412778456" lon="-95.1401568857" />
  <node id="7501" visible="true" version="1" lat="43.1389873433" lon="-95.1434072238" />
  <node id="7502" visible="true" version="1" lat="43.1389963433" lon="-95.1455165513" />
  <node id="7503" visible="true" version="1" lat="43.1390233433" lon="-95.1456522391" />
  <node id="7504" visible="true" version="1" lat="43.1389873433" lon="-95.1458249326" />
  <node id="7505" visible="true" version="1" lat="43.1389918433" lon="-95.1489149124" />
  <node id="7506" visible="true" version="1" lat="43.1390323433" lon="-95.1489087447" />
  <node id="7507" visible="true" version="1" lat="43.1390683434" lon="-95.1485880283" />
  <node id="7508" visible="true" version="1" lat="43.1392303435" lon="-95.1481439593" />
  <node id="7509" visible="true" version="1" lat="43.1393923437" lon="-95.1478849191" />
  <node id="7510" visible="true" version="1" lat="43.1406028449" lon="-95.1462875044" />
  <node id="7511" visible="true" version="1" lat="43.1409133452" lon="-95.1459729555" />
  <node id="7512" visible="true" version="1" lat="43.1412193455" lon="-95.1449244594" />
  <node id="7513" visible="true" version="1" lat="43.1413633457" lon="-95.1441350035" />
  <node id="7514" visible="true" version="1" lat="43.1415163458" lon="-95.1436169230" />
  <node id="7515" visible="true" version="1" lat="43.1416063459" lon="-95.1431851893" />
  <node id="7516" visible="true" version="1" lat="43.1418763462" lon="-95.1414459192" />
  <node id="7517" visible="true" version="1" lat="43.1418763462" lon="-95.1409155035" />
  <node id="7518" visible="true" version="1" lat="43.1387758431" lon="-95.1432777037" />
  <node id="7530" visible="true" version="1" lat="43.1387803431" lon="-95.1370792412" />
  <node id="7531" visible="true" version="1" lat="43.1362288405" lon="-95.1370730736" />
  <node id="7532" visible="true" version="1" lat="43.1362243405" lon="-95.1457015801" />
  <node id="7533" visible="true" version="1" lat="43.1379838423" lon="-95.1457077477" />
  <node id="7534" visible="true" version="1" lat="43.1379973423" lon="-95.1455288866" />
  <node id="7535" visible="true" version="1" lat="43.1384563428" lon="-95.1440733272" />
  <node id="7536" visible="true" version="1" lat="43.1385103428" lon="-95.1439253042" />
  <node id="7537" visible="true" version="1" lat="43.1386093429" lon="-95.1438019518" />
  <node id="7538" visible="true" version="1" lat="43.1387758431" lon="-95.1368510391" />
  <node id="7539" visible="true" version="1" lat="43.1387803431" lon="-95.1291723467" />
  <node id="7540" visible="true" version="1" lat="43.1362288405" lon="-95.1291661791" />
  <node id="7541" visible="true" version="1" lat="43.1362243405" lon="-95.1368448714" />
  <node id="7586" visible="true" version="1" lat="43.1360173403" lon="-95.1492047907" />
  <node id="7587" visible="true" version="1" lat="43.1353648397" lon="-95.1492232936" />
  <node id="7588" visible="true" version="1" lat="43.1352658396" lon="-95.1491862878" />
  <node id="7596" visible="true" version="1" lat="43.1360128403" lon="-95.1477800695" />
  <node id="7597" visible="true" version="1" lat="43.1360128403" lon="-95.1459914584" />
  <node id="7598" visible="true" version="1" lat="43.1334613378" lon="-95.1459976260" />
  <node id="7599" visible="true" version="1" lat="43.1334658378" lon="-95.1487175484" />
  <node id="7600" visible="true" version="1" lat="43.1350138393" lon="-95.1487052131" />
  <node id="7601" visible="true" version="1" lat="43.1351758395" lon="-95.1486188664" />
  <node id="7602" visible="true" version="1" lat="43.1357788401" lon="-95.1479897687" />
  <node id="7603" visible="true" version="1" lat="43.1358868402" lon="-95.1479157572" />
  <node id="7604" visible="true" version="1" lat="43.1360128403" lon="-95.1457077477" />
  <node id="7605" visible="true" version="1" lat="43.1360173403" lon="-95.1375603159" />
  <node id="7606" visible="true" version="1" lat="43.1334748378" lon="-95.1375541483" />
  <node id="7607" visible="true" version="1" lat="43.1334613378" lon="-95.1457015801" />
  <node id="7608" visible="true" version="1" lat="43.1360128403" lon="-95.1373321138" />
  <node id="7609" visible="true" version="1" lat="43.1360173403" lon="-95.1291723467" />
  <node id="7610" visible="true" version="1" lat="43.1334658378" lon="-95.1291661791" />
  <node id="7611" visible="true" version="1" lat="43.1334703378" lon="-95.1373259462" />
  <node id="7652" visible="true" version="1" lat="43.1320078363" lon="-95.1574015635" />
  <node id="7653" visible="true" version="1" lat="43.1320078363" lon="-95.1556006172" />
  <node id="7654" visible="true" version="1" lat="43.1318728362" lon="-95.1555512762" />
  <node id="7655" visible="true" version="1" lat="43.1297983341" lon="-95.1555697791" />
  <node id="7656" visible="true" version="1" lat="43.1298028341" lon="-95.1574138988" />
  <node id="7657" visible="true" version="1" lat="43.1298568342" lon="-95.1574509045" />
  <node id="7658" visible="true" version="1" lat="43.1318908362" lon="-95.1574509045" />
  <node id="7674" visible="true" version="1" lat="43.1320168363" lon="-95.1480267745" />
  <node id="7675" visible="true" version="1" lat="43.1320078363" lon="-95.1456090657" />
  <node id="7676" visible="true" version="1" lat="43.1318638362" lon="-95.1455473895" />
  <node id="7677" visible="true" version="1" lat="43.1298658342" lon="-95.1455473895" />
  <node id="7678" visible="true" version="1" lat="43.1298028341" lon="-95.1455720600" />
  <node id="7679" visible="true" version="1" lat="43.1296588340" lon="-95.1455103837" />
  <node id="7680" visible="true" version="1" lat="43.1295823339" lon="-95.1454055341" />
  <node id="7681" visible="true" version="1" lat="43.1295373338" lon="-95.1452081701" />
  <node id="7682" visible="true" version="1" lat="43.1295283338" lon="-95.1424944154" />
  <node id="7683" visible="true" version="1" lat="43.1277913321" lon="-95.1424944154" />
  <node id="7684" visible="true" version="1" lat="43.1277958321" lon="-95.1486928779" />
  <node id="7685" visible="true" version="1" lat="43.1320078363" lon="-95.1486928779" />
  <node id="7686" visible="true" version="1" lat="43.1332498376" lon="-95.1457077477" />
  <node id="7687" visible="true" version="1" lat="43.1332543376" lon="-95.1401507181" />
  <node id="7688" visible="true" version="1" lat="43.1322958366" lon="-95.1401568857" />
  <node id="7689" visible="true" version="1" lat="43.1322463366" lon="-95.1401877239" />
  <node id="7690" visible="true" version="1" lat="43.1322463366" lon="-95.1422230399" />
  <node id="7691" visible="true" version="1" lat="43.1323003366" lon="-95.1424327391" />
  <node id="7692" visible="true" version="1" lat="43.1323003366" lon="-95.1452575111" />
  <node id="7693" visible="true" version="1" lat="43.1322463366" lon="-95.1454672103" />
  <node id="7694" visible="true" version="1" lat="43.1322463366" lon="-95.1457015801" />
  <node id="7707" visible="true" version="1" lat="43.1320168363" lon="-95.1358642192" />
  <node id="7708" visible="true" version="1" lat="43.1320078363" lon="-95.1342853073" />
  <node id="7709" visible="true" version="1" lat="43.1277958321" lon="-95.1342853073" />
  <node id="7710" visible="true" version="1" lat="43.1277913321" lon="-95.1386704883" />
  <node id="7711" visible="true" version="1" lat="43.1318818362" lon="-95.1386766559" />
  <node id="7712" visible="true" version="1" lat="43.1318863362" lon="-95.1370175649" />
  <node id="7713" visible="true" version="1" lat="43.1319313362" lon="-95.1368202010" />
  <node id="7714" visible="true" version="1" lat="43.1320123363" lon="-95.1367091837" />
  <node id="7715" visible="true" version="1" lat="43.1332498376" lon="-95.1367153513" />
  <node id="7716" visible="true" version="1" lat="43.1332543376" lon="-95.1291723467" />
  <node id="7717" visible="true" version="1" lat="43.1323048366" lon="-95.1291661791" />
  <node id="7718" visible="true" version="1" lat="43.1322913366" lon="-95.1294313869" />
  <node id="7719" visible="true" version="1" lat="43.1322463366" lon="-95.1295670747" />
  <node id="7720" visible="true" version="1" lat="43.1322463366" lon="-95.1366845132" />
  <node id="7736" visible="true" version="1" lat="43.1295868339" lon="-95.1574138988" />
  <node id="7737" visible="true" version="1" lat="43.1295868339" lon="-95.1554772647" />
  <node id="7738" visible="true" version="1" lat="43.1277913321" lon="-95.1554834323" />
  <node id="7739" visible="true" version="1" lat="43.1277958321" lon="-95.1574509045" />
  <node id="7740" visible="true" version="1" lat="43.1295418338" lon="-95.1574509045" />
  <node id="7741" visible="true" version="1" lat="43.1320078363" lon="-95.1340632729" />
  <node id="7742" visible="true" version="1" lat="43.1320078363" lon="-95.1297212653" />
  <node id="7743" visible="true" version="1" lat="43.1277913321" lon="-95.1297274329" />
  <node id="7744" visible="true" version="1" lat="43.1277958321" lon="-95.1340632729" />
  <node id="7745" visible="true" version="1" lat="43.1608123651" lon="-95.1700205230" />
  <node id="7746" visible="true" version="1" lat="43.1608123651" lon="-95.1569698298" />
  <node id="7747" visible="true" version="1" lat="43.1599033642" lon="-95.1569698298" />
  <node id="7748" visible="true" version="1" lat="43.1599033642" lon="-95.1700205230" />
  <node id="7749" visible="true" version="1" lat="43.1608123651" lon="-95.1566984544" />
  <node id="7750" visible="true" version="1" lat="43.1608123651" lon="-95.1242814206" />
  <node id="7751" visible="true" version="1" lat="43.1599033642" lon="-95.1242814206" />
  <node id="7752" visible="true" version="1" lat="43.1599033642" lon="-95.1566984544" />
  <node id="7753" visible="true" version="1" lat="43.1360173403" lon="-95.1607534882" />
  <node id="7754" visible="true" version="1" lat="43.1360173403" lon="-95.1587954466" />
  <node id="7755" visible="true" version="1" lat="43.1347571500" lon="-95.1696134598" />
  <node id="7756" visible="true" version="1" lat="43.1360173403" lon="-95.1696134598" />
  <node id="7757" visible="true" version="1" lat="43.1360173403" lon="-95.1660791367" />
  <node id="7758" visible="true" version="1" lat="43.1360128869" lon="-95.1660791367" />
  <node id="7759" visible="true" version="1" lat="43.1347571500" lon="-95.1585734122" />
  <node id="7760" visible="true" version="1" lat="43.1360173403" lon="-95.1585734122" />
  <node id="7761" visible="true" version="1" lat="43.1360173403" lon="-95.1565222583" />
  <node id="7762" visible="true" version="1" lat="43.1360129605" lon="-95.1565222583" />
  <node id="7763" visible="true" version="1" lat="43.1387803431" lon="-95.1494219770" />
  <node id="7764" visible="true" version="1" lat="43.1489863533" lon="-95.1531459027" />
  <node id="7765" visible="true" version="1" lat="43.1488201803" lon="-95.1535453433" />
  <node id="7766" visible="true" version="1" lat="43.1488243531" lon="-95.1535453433" />
  <node id="7767" visible="true" version="1" lat="43.1516053559" lon="-95.1437834489" />
  <node id="7768" visible="true" version="1" lat="43.1527573571" lon="-95.1461332412" />
  <node id="7769" visible="true" version="1" lat="43.1527573571" lon="-95.1440178186" />
  <node id="7770" visible="true" version="1" lat="43.1513413449" lon="-95.1440178186" />
  <node id="7771" visible="true" version="1" lat="43.1387803431" lon="-95.1403561708" />
  <node id="7772" visible="true" version="1" lat="43.1521903565" lon="-95.1367030161" />
  <node id="7773" visible="true" version="1" lat="43.1596198639" lon="-95.1367030161" />
  <node id="7774" visible="true" version="1" lat="43.1520238563" lon="-95.1367030161" />
  <node id="7810" visible="true" version="1" lat="43.1405961081" lon="-95.1287159425" />
  <node id="7811" visible="true" version="1" lat="43.1478737850" lon="-95.1287159425" />
  <node id="7812" visible="true" version="1" lat="43.1480489847" lon="-95.1285310540" />
  <node id="7813" visible="true" version="1" lat="43.1482672388" lon="-95.1281612769" />
  <node id="7814" visible="true" version="1" lat="43.1482889548" lon="-95.1280996473" />
  <node id="7815" visible="true" version="1" lat="43.1484727167" lon="-95.1270519455" />
  <node id="7816" visible="true" version="1" lat="43.1485617352" lon="-95.1263123913" />
  <node id="7817" visible="true" version="1" lat="43.1485932110" lon="-95.1260042437" />
  <node id="7818" visible="true" version="1" lat="43.1405961081" lon="-95.1260042437" />
  <node id="7819" visible="true" version="1" lat="43.1404341079" lon="-95.1287159425" />
  <node id="7820" visible="true" version="1" lat="43.1404341079" lon="-95.1260042437" />
  <node id="7821" visible="true" version="1" lat="43.1322733365" lon="-95.1260042437" />
  <node id="7822" visible="true" version="1" lat="43.1322733365" lon="-95.1287159425" />
  <node id="7823" visible="true" version="1" lat="43.1405961081" lon="-95.1257822092" />
  <node id="7824" visible="true" version="1" lat="43.1486116528" lon="-95.1257822092" />
  <node id="7825" visible="true" version="1" lat="43.1486549057" lon="-95.1250426550" />
  <node id="7826" visible="true" version="1" lat="43.1486756499" lon="-95.1241798417" />
  <node id="7827" visible="true" version="1" lat="43.1486796969" lon="-95.1241182122" />
  <node id="7828" visible="true" version="1" lat="43.1488058929" lon="-95.1232553989" />
  <node id="7829" visible="true" version="1" lat="43.1488130857" lon="-95.1231937694" />
  <node id="7830" visible="true" version="1" lat="43.1488168387" lon="-95.1230705104" />
  <node id="7831" visible="true" version="1" lat="43.1405961081" lon="-95.1230705104" />
  <node id="7832" visible="true" version="1" lat="43.1404341079" lon="-95.1257822092" />
  <node id="7833" visible="true" version="1" lat="43.1404341079" lon="-95.1230705104" />
  <node id="7834" visible="true" version="1" lat="43.1322733365" lon="-95.1230705104" />
  <node id="7835" visible="true" version="1" lat="43.1322733365" lon="-95.1257822092" />
  <node id="7836" visible="true" version="1" lat="43.1405961081" lon="-95.1228484759" />
  <node id="7837" visible="true" version="1" lat="43.1488235972" lon="-95.1228484759" />
  <node id="7838" visible="true" version="1" lat="43.1488310940" lon="-95.1226019578" />
  <node id="7839" visible="true" version="1" lat="43.1488356210" lon="-95.1225403283" />
  <node id="7840" visible="true" version="1" lat="43.1488595128" lon="-95.1222938102" />
  <node id="7841" visible="true" version="1" lat="43.1488605886" lon="-95.1222321807" />
  <node id="7842" visible="true" version="1" lat="43.1488525612" lon="-95.1216158855" />
  <node id="7843" visible="true" version="1" lat="43.1488478726" lon="-95.1215542560" />
  <node id="7844" visible="true" version="1" lat="43.1487748229" lon="-95.1209995903" />
  <node id="7845" visible="true" version="1" lat="43.1487699927" lon="-95.1209379608" />
  <node id="7846" visible="true" version="1" lat="43.1487354274" lon="-95.1204449246" />
  <node id="7847" visible="true" version="1" lat="43.1487351324" lon="-95.1203216656" />
  <node id="7848" visible="true" version="1" lat="43.1487418372" lon="-95.1201984065" />
  <node id="7849" visible="true" version="1" lat="43.1487485866" lon="-95.1201367770" />
  <node id="7850" visible="true" version="1" lat="43.1405961081" lon="-95.1201367770" />
  <node id="7851" visible="true" version="1" lat="43.1404341079" lon="-95.1228484759" />
  <node id="7852" visible="true" version="1" lat="43.1404341079" lon="-95.1201367770" />
  <node id="7853" visible="true" version="1" lat="43.1322733365" lon="-95.1201367770" />
  <node id="7854" visible="true" version="1" lat="43.1322733365" lon="-95.1228484759" />
  <node id="7863" visible="true" version="1" lat="43.1554573597" lon="-95.1603373528" />
  <node id="7864" visible="true" version="1" lat="43.1554573597" lon="-95.1537750004" />
  <node id="7865" visible="true" version="1" lat="43.1515423558" lon="-95.1537750004" />
  <node id="7866" visible="true" version="1" lat="43.1515423558" lon="-95.1603373528" />
  <node id="7867" visible="true" version="1" lat="43.1499448592" lon="-95.1606333987" />
  <node id="7868" visible="true" version="1" lat="43.1478407942" lon="-95.1606333987" />
  <node id="7869" visible="true" version="1" lat="43.1513803557" lon="-95.1603373528" />
  <node id="7870" visible="true" version="1" lat="43.1513803557" lon="-95.1537811680" />
  <node id="7871" visible="true" version="1" lat="43.1485768529" lon="-95.1537750004" />
  <node id="7872" visible="true" version="1" lat="43.1486173529" lon="-95.1540648787" />
  <node id="7873" visible="true" version="1" lat="43.1486623530" lon="-95.1548543346" />
  <node id="7874" visible="true" version="1" lat="43.1486623530" lon="-95.1565072580" />
  <node id="7875" visible="true" version="1" lat="43.1485453529" lon="-95.1572103672" />
  <node id="7876" visible="true" version="1" lat="43.1484373527" lon="-95.1583082043" />
  <node id="7877" visible="true" version="1" lat="43.1482483526" lon="-95.1591593365" />
  <node id="7878" visible="true" version="1" lat="43.1479243522" lon="-95.1602448384" />
  <node id="7879" visible="true" version="1" lat="43.1479044575" lon="-95.1603373528" />
  <node id="7880" visible="true" version="1" lat="43.1471818677" lon="-95.1492356289" />
  <node id="7881" visible="true" version="1" lat="43.1450721125" lon="-95.1492356289" />
  <node id="7882" visible="true" version="1" lat="43.1471818515" lon="-95.1489519181" />
  <node id="7883" visible="true" version="1" lat="43.1488243531" lon="-95.1489457505" />
  <node id="7884" visible="true" version="1" lat="43.1488243531" lon="-95.1440239862" />
  <node id="7885" visible="true" version="1" lat="43.1436808480" lon="-95.1440178186" />
  <node id="7886" visible="true" version="1" lat="43.1437303480" lon="-95.1445914077" />
  <node id="7887" visible="true" version="1" lat="43.1438113481" lon="-95.1450108061" />
  <node id="7888" visible="true" version="1" lat="43.1438833482" lon="-95.1457879268" />
  <node id="7889" visible="true" version="1" lat="43.1440363483" lon="-95.1465773827" />
  <node id="7890" visible="true" version="1" lat="43.1440903484" lon="-95.1470584574" />
  <node id="7891" visible="true" version="1" lat="43.1440903484" lon="-95.1473421681" />
  <node id="7892" visible="true" version="1" lat="43.1441713485" lon="-95.1476382141" />
  <node id="7893" visible="true" version="1" lat="43.1444728488" lon="-95.1479650982" />
  <node id="7894" visible="true" version="1" lat="43.1446663490" lon="-95.1482426413" />
  <node id="7895" visible="true" version="1" lat="43.1448193491" lon="-95.1487113808" />
  <node id="7896" visible="true" version="1" lat="43.1449353229" lon="-95.1489519181" />
  <node id="7897" visible="true" version="1" lat="43.1322643365" lon="-95.1587954466" />
  <node id="7898" visible="true" version="1" lat="43.1322643365" lon="-95.1696134598" />
  <node id="7899" visible="true" version="1" lat="43.1336143379" lon="-95.1696134598" />
  <node id="7900" visible="true" version="1" lat="43.1336143379" lon="-95.1696080204" />
  <node id="7901" visible="true" version="1" lat="43.1322643365" lon="-95.1491862878" />
  <node id="7902" visible="true" version="1" lat="43.1322643365" lon="-95.1585734122" />
  <node id="7903" visible="true" version="1" lat="43.1336143379" lon="-95.1585734122" />
  <node id="7904" visible="true" version="1" lat="43.1336143379" lon="-95.1585679727" />
  <node id="7905" visible="true" version="1" lat="43.1316523359" lon="-95.1521467476" />
  <node id="7906" visible="true" version="1" lat="43.1316523359" lon="-95.1489149124" />
  <node id="7907" visible="true" version="1" lat="43.1298343341" lon="-95.1489149124" />
  <node id="7908" visible="true" version="1" lat="43.1298343341" lon="-95.1521467476" />
  <node id="7909" visible="true" version="1" lat="43.1295643338" lon="-95.1551935540" />
  <node id="7910" visible="true" version="1" lat="43.1295643338" lon="-95.1489149124" />
  <node id="7911" visible="true" version="1" lat="43.1277913321" lon="-95.1489149124" />
  <node id="7912" visible="true" version="1" lat="43.1277913321" lon="-95.1551935540" />
  <node id="7913" visible="true" version="1" lat="43.1320123363" lon="-95.1421922018" />
  <node id="7914" visible="true" version="1" lat="43.1320123363" lon="-95.1389603666" />
  <node id="7915" visible="true" version="1" lat="43.1277913321" lon="-95.1389603666" />
  <node id="7916" visible="true" version="1" lat="43.1277913321" lon="-95.1421922018" />
  <node id="7917" visible="true" version="1" lat="43.1596342639" lon="-95.1648606885" />
  <node id="7918" visible="true" version="1" lat="43.1596342639" lon="-95.1636271636" />
  <node id="7919" visible="true" version="1" lat="43.1587342630" lon="-95.1636271636" />
  <node id="7920" visible="true" version="1" lat="43.1587342630" lon="-95.1648606885" />
  <node id="7921" visible="true" version="1" lat="43.1596342639" lon="-95.1633804586" />
  <node id="7922" visible="true" version="1" lat="43.1596342639" lon="-95.1621469337" />
  <node id="7923" visible="true" version="1" lat="43.1587342630" lon="-95.1621469337" />
  <node id="7924" visible="true" version="1" lat="43.1587342630" lon="-95.1633804586" />
  <node id="7925" visible="true" version="1" lat="43.1596342639" lon="-95.1619002288" />
  <node id="7926" visible="true" version="1" lat="43.1596342639" lon="-95.1606667039" />
  <node id="7927" visible="true" version="1" lat="43.1587342630" lon="-95.1606667039" />
  <node id="7928" visible="true" version="1" lat="43.1587342630" lon="-95.1619002288" />
  <node id="7929" visible="true" version="1" lat="43.1585542628" lon="-95.1648606885" />
  <node id="7930" visible="true" version="1" lat="43.1585542628" lon="-95.1636271636" />
  <node id="7931" visible="true" version="1" lat="43.1576542619" lon="-95.1636271636" />
  <node id="7932" visible="true" version="1" lat="43.1576542619" lon="-95.1648606885" />
  <node id="7933" visible="true" version="1" lat="43.1585542628" lon="-95.1633804586" />
  <node id="7934" visible="true" version="1" lat="43.1585542628" lon="-95.1621469337" />
  <node id="7935" visible="true" version="1" lat="43.1576542619" lon="-95.1621469337" />
  <node id="7936" visible="true" version="1" lat="43.1576542619" lon="-95.1633804586" />
  <node id="7937" visible="true" version="1" lat="43.1585542628" lon="-95.1619002288" />
  <node id="7938" visible="true" version="1" lat="43.1585542628" lon="-95.1606667039" />
  <node id="7939" visible="true" version="1" lat="43.1576542619" lon="-95.1606667039" />
  <node id="7940" visible="true" version="1" lat="43.1576542619" lon="-95.1619002288" />
  <node id="7941" visible="true" version="1" lat="43.1574742617" lon="-95.1648606885" />
  <node id="7942" visible="true" version="1" lat="43.1574742617" lon="-95.1636271636" />
  <node id="7943" visible="true" version="1" lat="43.1565742608" lon="-95.1636271636" />
  <node id="7944" visible="true" version="1" lat="43.1565742608" lon="-95.1648606885" />
  <node id="7945" visible="true" version="1" lat="43.1574742617" lon="-95.1633804586" />
  <node id="7946" visible="true" version="1" lat="43.1574742617" lon="-95.1621469337" />
  <node id="7947" visible="true" version="1" lat="43.1565742608" lon="-95.1621469337" />
  <node id="7948" visible="true" version="1" lat="43.1565742608" lon="-95.1633804586" />
  <node id="7949" visible="true" version="1" lat="43.1574742617" lon="-95.1619002288" />
  <node id="7950" visible="true" version="1" lat="43.1574742617" lon="-95.1606667039" />
  <node id="7951" visible="true" version="1" lat="43.1565742608" lon="-95.1606667039" />
  <node id="7952" visible="true" version="1" lat="43.1565742608" lon="-95.1619002288" />
  <node id="7953" visible="true" version="1" lat="43.1596342639" lon="-95.1663409183" />
  <node id="7954" visible="true" version="1" lat="43.1596342639" lon="-95.1651073934" />
  <node id="7955" visible="true" version="1" lat="43.1587342630" lon="-95.1651073934" />
  <node id="7956" visible="true" version="1" lat="43.1587342630" lon="-95.1663409183" />
  <node id="7957" visible="true" version="1" lat="43.1585542628" lon="-95.1663409183" />
  <node id="7958" visible="true" version="1" lat="43.1585542628" lon="-95.1651073934" />
  <node id="7959" visible="true" version="1" lat="43.1576542619" lon="-95.1651073934" />
  <node id="7960" visible="true" version="1" lat="43.1576542619" lon="-95.1663409183" />
  <node id="7961" visible="true" version="1" lat="43.1574742617" lon="-95.1663409183" />
  <node id="7962" visible="true" version="1" lat="43.1574742617" lon="-95.1651073934" />
  <node id="7963" visible="true" version="1" lat="43.1565742608" lon="-95.1651073934" />
  <node id="7964" visible="true" version="1" lat="43.1565742608" lon="-95.1663409183" />
  <node id="7965" visible="true" version="1" lat="43.1597782641" lon="-95.1649840410" />
  <node id="7966" visible="true" version="1" lat="43.1564842608" lon="-95.1649840410" />
  <node id="7967" visible="true" version="1" lat="43.1597782641" lon="-95.1635038111" />
  <node id="7968" visible="true" version="1" lat="43.1564842608" lon="-95.1635038111" />
  <node id="7969" visible="true" version="1" lat="43.1597782641" lon="-95.1620235813" />
  <node id="7970" visible="true" version="1" lat="43.1564842608" lon="-95.1620235813" />
  <node id="7971" visible="true" version="1" lat="43.1597782641" lon="-95.1664642708" />
  <node id="7972" visible="true" version="1" lat="43.1564842608" lon="-95.1664642708" />
  <node id="7973" visible="true" version="1" lat="43.1586442629" lon="-95.1664642708" />
  <node id="7974" visible="true" version="1" lat="43.1586442629" lon="-95.1604940104" />
  <node id="7975" visible="true" version="1" lat="43.1575642618" lon="-95.1664642708" />
  <node id="7976" visible="true" version="1" lat="43.1575642618" lon="-95.1604940104" />
  <node id="7977" visible="true" version="1" lat="43.1564842608" lon="-95.1664642708" />
  <node id="7978" visible="true" version="1" lat="43.1564842608" lon="-95.1604940104" />
  <node id="7979" visible="true" version="1" lat="43.1599582642" lon="-95.1667109758" />
  <node id="7980" visible="true" version="1" lat="43.1599582642" lon="-95.1602473054" />
  <node id="7981" visible="true" version="1" lat="43.1563042606" lon="-95.1602473054" />
  <node id="7982" visible="true" version="1" lat="43.1563042606" lon="-95.1667109758" />
  <node id="7983" visible="true" version="1" lat="43.1596243639" lon="-95.1696134598" />
  <node id="7984" visible="true" version="1" lat="43.1596243639" lon="-95.1668256936" />
  <node id="7985" visible="true" version="1" lat="43.1515423558" lon="-95.1668256936" />
  <node id="7986" visible="true" version="1" lat="43.1515423558" lon="-95.1696134598" />
  <node id="7987" visible="true" version="1" lat="43.1563492606" lon="-95.1666036591" />
  <node id="7988" visible="true" version="1" lat="43.1563492606" lon="-95.1606333987" />
  <node id="7989" visible="true" version="1" lat="43.1515423558" lon="-95.1606333987" />
  <node id="7990" visible="true" version="1" lat="43.1515423558" lon="-95.1666036591" />
  <node id="7991" visible="true" version="1" lat="43.1320483363" lon="-95.1685119221" />
  <node id="7992" visible="true" version="1" lat="43.1320483363" lon="-95.1672783972" />
  <node id="7993" visible="true" version="1" lat="43.1311483354" lon="-95.1672783972" />
  <node id="7994" visible="true" version="1" lat="43.1311483354" lon="-95.1685119221" />
  <node id="7995" visible="true" version="1" lat="43.1309683352" lon="-95.1685119221" />
  <node id="7996" visible="true" version="1" lat="43.1309683352" lon="-95.1672783972" />
  <node id="7997" visible="true" version="1" lat="43.1300683343" lon="-95.1672783972" />
  <node id="7998" visible="true" version="1" lat="43.1300683343" lon="-95.1685119221" />
  <node id="7999" visible="true" version="1" lat="43.1298883342" lon="-95.1685119221" />
  <node id="8000" visible="true" version="1" lat="43.1298883342" lon="-95.1672783972" />
  <node id="8001" visible="true" version="1" lat="43.1289883333" lon="-95.1672783972" />
  <node id="8002" visible="true" version="1" lat="43.1289883333" lon="-95.1685119221" />
  <node id="8007" visible="true" version="1" lat="43.1320483363" lon="-95.1670316923" />
  <node id="8008" visible="true" version="1" lat="43.1320483363" lon="-95.1657981674" />
  <node id="8009" visible="true" version="1" lat="43.1311483354" lon="-95.1657981674" />
  <node id="8010" visible="true" version="1" lat="43.1311483354" lon="-95.1670316923" />
  <node id="8011" visible="true" version="1" lat="43.1309683352" lon="-95.1670316923" />
  <node id="8012" visible="true" version="1" lat="43.1309683352" lon="-95.1657981674" />
  <node id="8013" visible="true" version="1" lat="43.1300683343" lon="-95.1657981674" />
  <node id="8014" visible="true" version="1" lat="43.1300683343" lon="-95.1670316923" />
  <node id="8015" visible="true" version="1" lat="43.1298883342" lon="-95.1670316923" />
  <node id="8016" visible="true" version="1" lat="43.1298883342" lon="-95.1657981674" />
  <node id="8017" visible="true" version="1" lat="43.1289883333" lon="-95.1657981674" />
  <node id="8018" visible="true" version="1" lat="43.1289883333" lon="-95.1670316923" />
  <node id="8023" visible="true" version="1" lat="43.1320483363" lon="-95.1655514624" />
  <node id="8024" visible="true" version="1" lat="43.1320483363" lon="-95.1643179375" />
  <node id="8025" visible="true" version="1" lat="43.1311483354" lon="-95.1643179375" />
  <node id="8026" visible="true" version="1" lat="43.1311483354" lon="-95.1655514624" />
  <node id="8027" visible="true" version="1" lat="43.1309683352" lon="-95.1655514624" />
  <node id="8028" visible="true" version="1" lat="43.1309683352" lon="-95.1643179375" />
  <node id="8029" visible="true" version="1" lat="43.1300683343" lon="-95.1643179375" />
  <node id="8030" visible="true" version="1" lat="43.1300683343" lon="-95.1655514624" />
  <node id="8031" visible="true" version="1" lat="43.1298883342" lon="-95.1655514624" />
  <node id="8032" visible="true" version="1" lat="43.1298883342" lon="-95.1643179375" />
  <node id="8033" visible="true" version="1" lat="43.1289883333" lon="-95.1643179375" />
  <node id="8034" visible="true" version="1" lat="43.1289883333" lon="-95.1655514624" />
  <node id="8039" visible="true" version="1" lat="43.1320483363" lon="-95.1640712326" />
  <node id="8040" visible="true" version="1" lat="43.1320483363" lon="-95.1628377077" />
  <node id="8041" visible="true" version="1" lat="43.1311483354" lon="-95.1628377077" />
  <node id="8042" visible="true" version="1" lat="43.1311483354" lon="-95.1640712326" />
  <node id="8043" visible="true" version="1" lat="43.1309683352" lon="-95.1640712326" />
  <node id="8044" visible="true" version="1" lat="43.1309683352" lon="-95.1628377077" />
  <node id="8045" visible="true" version="1" lat="43.1300683343" lon="-95.1628377077" />
  <node id="8046" visible="true" version="1" lat="43.1300683343" lon="-95.1640712326" />
  <node id="8047" visible="true" version="1" lat="43.1298883342" lon="-95.1640712326" />
  <node id="8048" visible="true" version="1" lat="43.1298883342" lon="-95.1628377077" />
  <node id="8049" visible="true" version="1" lat="43.1289883333" lon="-95.1628377077" />
  <node id="8050" visible="true" version="1" lat="43.1289883333" lon="-95.1640712326" />
  <node id="8055" visible="true" version="1" lat="43.1321383364" lon="-95.1627143552" />
  <node id="8064" visible="true" version="1" lat="43.1320123363" lon="-95.1625293265" />
  <node id="8065" visible="true" version="1" lat="43.1320123363" lon="-95.1578419319" />
  <node id="8066" visible="true" version="1" lat="43.1277913321" lon="-95.1578419319" />
  <node id="8067" visible="true" version="1" lat="43.1277913321" lon="-95.1625293265" />
  <node id="8068" visible="true" version="1" lat="43.1323183366" lon="-95.1688819796" />
  <node id="8069" visible="true" version="1" lat="43.1323183366" lon="-95.1624676502" />
  <node id="8070" visible="true" version="1" lat="43.1287183330" lon="-95.1624676502" />
  <node id="8071" visible="true" version="1" lat="43.1287183330" lon="-95.1688819796" />
  <node id="8080" visible="true" version="1" lat="43.1287633330" lon="-95.1700205230" />
  <node id="8081" visible="true" version="1" lat="43.1287633330" lon="-95.1627513609" />
  <node id="8082" visible="true" version="1" lat="43.1277913321" lon="-95.1627513609" />
  <node id="8083" visible="true" version="1" lat="43.1277913321" lon="-95.1700205230" />
  <node id="8084" visible="true" version="1" lat="43.1320123363" lon="-95.1700205230" />
  <node id="8085" visible="true" version="1" lat="43.1320123363" lon="-95.1687709623" />
  <node id="8086" visible="true" version="1" lat="43.1289253332" lon="-95.1687709623" />
  <node id="8087" visible="true" version="1" lat="43.1289253332" lon="-95.1700205230" />
  <node id="8153" visible="true" version="1" lat="43.1486218529" lon="-95.1319344066" />
  <node id="8191" visible="true" version="1" lat="43.1503588546" lon="-95.1322852708" />
  <node id="8192" visible="true" version="1" lat="43.1503648181" lon="-95.1322314884" />
  <node id="8193" visible="true" version="1" lat="43.1503518448" lon="-95.1321944827" />
  <node id="8194" visible="true" version="1" lat="43.1503138546" lon="-95.1321464600" />
  <node id="8195" visible="true" version="1" lat="43.1502688545" lon="-95.1321279759" />
  <node id="8196" visible="true" version="1" lat="43.1487748531" lon="-95.1321107396" />
  <node id="8197" visible="true" version="1" lat="43.1487411255" lon="-95.1320958007" />
  <node id="8198" visible="true" version="1" lat="43.1487145528" lon="-95.1320711302" />
  <node id="8199" visible="true" version="1" lat="43.1486038529" lon="-95.1319227479" />
  <node id="8200" visible="true" version="1" lat="43.1485768529" lon="-95.1319243088" />
  <node id="8201" visible="true" version="1" lat="43.1483788527" lon="-95.1321035794" />
  <node id="8202" visible="true" version="1" lat="43.1480098523" lon="-95.1323818697" />
  <node id="8203" visible="true" version="1" lat="43.1478838522" lon="-95.1324666793" />
  <node id="8204" visible="true" version="1" lat="43.1469028512" lon="-95.1330269318" />
  <node id="8205" visible="true" version="1" lat="43.1466058509" lon="-95.1331808471" />
  <node id="8206" visible="true" version="1" lat="43.1463988507" lon="-95.1333174135" />
  <node id="8207" visible="true" version="1" lat="43.1458678501" lon="-95.1335707873" />
  <node id="8208" visible="true" version="1" lat="43.1456043910" lon="-95.1337363888" />
  <node id="8209" visible="true" version="1" lat="43.1445898489" lon="-95.1342795826" />
  <node id="8210" visible="true" version="1" lat="43.1445358488" lon="-95.1343357528" />
  <node id="8211" visible="true" version="1" lat="43.1445111221" lon="-95.1343901570" />
  <node id="8212" visible="true" version="1" lat="43.1445135433" lon="-95.1347725497" />
  <node id="8213" visible="true" version="1" lat="43.1445193560" lon="-95.1348342259" />
  <node id="8214" visible="true" version="1" lat="43.1445415161" lon="-95.1348835669" />
  <node id="8215" visible="true" version="1" lat="43.1445808489" lon="-95.1349298511" />
  <node id="8216" visible="true" version="1" lat="43.1446168489" lon="-95.1349400351" />
  <node id="8217" visible="true" version="1" lat="43.1446618489" lon="-95.1349282259" />
  <node id="8218" visible="true" version="1" lat="43.1499448542" lon="-95.1330246187" />
  <node id="8219" visible="true" version="1" lat="43.1500798544" lon="-95.1329414139" />
  <node id="8220" visible="true" version="1" lat="43.1501608807" lon="-95.1328359156" />
  <node id="8221" visible="true" version="1" lat="43.1502439636" lon="-95.1326385516" />
  <node id="8222" visible="true" version="1" lat="43.1553538596" lon="-95.1318417493" />
  <node id="8223" visible="true" version="1" lat="43.1553564372" lon="-95.1279881629" />
  <node id="8224" visible="true" version="1" lat="43.1553487593" lon="-95.1279511571" />
  <node id="8225" visible="true" version="1" lat="43.1553295170" lon="-95.1279141514" />
  <node id="8226" visible="true" version="1" lat="43.1552818596" lon="-95.1278757943" />
  <node id="8227" visible="true" version="1" lat="43.1552278595" lon="-95.1278714079" />
  <node id="8228" visible="true" version="1" lat="43.1551468594" lon="-95.1278803810" />
  <node id="8229" visible="true" version="1" lat="43.1550298593" lon="-95.1278709866" />
  <node id="8230" visible="true" version="1" lat="43.1530498573" lon="-95.1278710044" />
  <node id="8231" visible="true" version="1" lat="43.1529418572" lon="-95.1278803810" />
  <node id="8232" visible="true" version="1" lat="43.1528608571" lon="-95.1278713716" />
  <node id="8233" visible="true" version="1" lat="43.1527078570" lon="-95.1278803810" />
  <node id="8234" visible="true" version="1" lat="43.1526088569" lon="-95.1278714438" />
  <node id="8235" visible="true" version="1" lat="43.1524828568" lon="-95.1278928204" />
  <node id="8236" visible="true" version="1" lat="43.1524288567" lon="-95.1279135197" />
  <node id="8237" visible="true" version="1" lat="43.1523928567" lon="-95.1279394524" />
  <node id="8238" visible="true" version="1" lat="43.1522625516" lon="-95.1281115153" />
  <node id="8239" visible="true" version="1" lat="43.1521927053" lon="-95.1282225326" />
  <node id="8240" visible="true" version="1" lat="43.1520508563" lon="-95.1284641327" />
  <node id="8241" visible="true" version="1" lat="43.1519831169" lon="-95.1286295958" />
  <node id="8242" visible="true" version="1" lat="43.1510591804" lon="-95.1314296973" />
  <node id="8243" visible="true" version="1" lat="43.1509424922" lon="-95.1317874195" />
  <node id="8244" visible="true" version="1" lat="43.1509327287" lon="-95.1318367605" />
  <node id="8245" visible="true" version="1" lat="43.1509435709" lon="-95.1318861015" />
  <node id="8246" visible="true" version="1" lat="43.1509708552" lon="-95.1319216363" />
  <node id="8247" visible="true" version="1" lat="43.1510068553" lon="-95.1319389745" />
  <node id="8248" visible="true" version="1" lat="43.1510608553" lon="-95.1319415989" />
  <node id="8249" visible="true" version="1" lat="43.1552458595" lon="-95.1319413435" />
  <node id="8250" visible="true" version="1" lat="43.1552818596" lon="-95.1319367944" />
  <node id="8251" visible="true" version="1" lat="43.1553088596" lon="-95.1319217065" />
  <node id="8252" visible="true" version="1" lat="43.1553374629" lon="-95.1318861015" />
  <node id="8253" visible="true" version="1" lat="43.1510068553" lon="-95.1214161228" />
  <node id="8254" visible="true" version="1" lat="43.1510102868" lon="-95.1211914408" />
  <node id="8255" visible="true" version="1" lat="43.1509869144" lon="-95.1209694063" />
  <node id="8256" visible="true" version="1" lat="43.1509696473" lon="-95.1209200653" />
  <node id="8257" visible="true" version="1" lat="43.1509258552" lon="-95.1208527758" />
  <node id="8258" visible="true" version="1" lat="43.1508972130" lon="-95.1208213833" />
  <node id="8259" visible="true" version="1" lat="43.1508628551" lon="-95.1208051151" />
  <node id="8260" visible="true" version="1" lat="43.1507278550" lon="-95.1207905538" />
  <node id="8261" visible="true" version="1" lat="43.1496838540" lon="-95.1207906172" />
  <node id="8262" visible="true" version="1" lat="43.1495578538" lon="-95.1208027035" />
  <node id="8263" visible="true" version="1" lat="43.1491078534" lon="-95.1208036746" />
  <node id="8264" visible="true" version="1" lat="43.1490088533" lon="-95.1208257782" />
  <node id="8265" visible="true" version="1" lat="43.1489458532" lon="-95.1208688096" />
  <node id="8266" visible="true" version="1" lat="43.1489082266" lon="-95.1209077301" />
  <node id="8267" visible="true" version="1" lat="43.1488887288" lon="-95.1209447358" />
  <node id="8268" visible="true" version="1" lat="43.1488759033" lon="-95.1209940768" />
  <node id="8269" visible="true" version="1" lat="43.1488711350" lon="-95.1211420998" />
  <node id="8270" visible="true" version="1" lat="43.1489095291" lon="-95.1216971860" />
  <node id="8271" visible="true" version="1" lat="43.1489908262" lon="-95.1222029312" />
  <node id="8272" visible="true" version="1" lat="43.1489951768" lon="-95.1222646074" />
  <node id="8273" visible="true" version="1" lat="43.1489947685" lon="-95.1228196936" />
  <node id="8274" visible="true" version="1" lat="43.1489611839" lon="-95.1230910691" />
  <node id="8275" visible="true" version="1" lat="43.1489485222" lon="-95.1235351381" />
  <node id="8276" visible="true" version="1" lat="43.1488082571" lon="-95.1243615997" />
  <node id="8277" visible="true" version="1" lat="43.1488057740" lon="-95.1245712990" />
  <node id="8278" visible="true" version="1" lat="43.1487889321" lon="-95.1249413564" />
  <node id="8279" visible="true" version="1" lat="43.1487872904" lon="-95.1252127319" />
  <node id="8280" visible="true" version="1" lat="43.1487326224" lon="-95.1260021878" />
  <node id="8281" visible="true" version="1" lat="43.1487034676" lon="-95.1263105690" />
  <node id="8282" visible="true" version="1" lat="43.1486022574" lon="-95.1271123602" />
  <node id="8283" visible="true" version="1" lat="43.1484271268" lon="-95.1281115153" />
  <node id="8284" visible="true" version="1" lat="43.1483966779" lon="-95.1282101973" />
  <node id="8285" visible="true" version="1" lat="43.1482550360" lon="-95.1284569023" />
  <node id="8286" visible="true" version="1" lat="43.1481490023" lon="-95.1286049253" />
  <node id="8287" visible="true" version="1" lat="43.1478838522" lon="-95.1288833906" />
  <node id="8288" visible="true" version="1" lat="43.1474248517" lon="-95.1292360613" />
  <node id="8289" visible="true" version="1" lat="43.1473258516" lon="-95.1292870625" />
  <node id="8290" visible="true" version="1" lat="43.1470558513" lon="-95.1293961379" />
  <node id="8291" visible="true" version="1" lat="43.1470288513" lon="-95.1294008727" />
  <node id="8292" visible="true" version="1" lat="43.1470018513" lon="-95.1293911988" />
  <node id="8293" visible="true" version="1" lat="43.1468668511" lon="-95.1292191762" />
  <node id="8294" visible="true" version="1" lat="43.1468398511" lon="-95.1291990828" />
  <node id="8295" visible="true" version="1" lat="43.1468128511" lon="-95.1291921867" />
  <node id="8296" visible="true" version="1" lat="43.1451118494" lon="-95.1291908830" />
  <node id="8297" visible="true" version="1" lat="43.1450578493" lon="-95.1291972187" />
  <node id="8298" visible="true" version="1" lat="43.1450351037" lon="-95.1292216877" />
  <node id="8299" visible="true" version="1" lat="43.1450268554" lon="-95.1292710287" />
  <node id="8300" visible="true" version="1" lat="43.1450326477" lon="-95.1296904272" />
  <node id="8301" visible="true" version="1" lat="43.1450079671" lon="-95.1297397682" />
  <node id="8302" visible="true" version="1" lat="43.1448418491" lon="-95.1299646505" />
  <node id="8303" visible="true" version="1" lat="43.1447878491" lon="-95.1299991966" />
  <node id="8304" visible="true" version="1" lat="43.1443468486" lon="-95.1301397879" />
  <node id="8305" visible="true" version="1" lat="43.1439778483" lon="-95.1303382951" />
  <node id="8306" visible="true" version="1" lat="43.1438968482" lon="-95.1304015697" />
  <node id="8307" visible="true" version="1" lat="43.1437134130" lon="-95.1306032356" />
  <node id="8308" visible="true" version="1" lat="43.1435967975" lon="-95.1308129348" />
  <node id="8309" visible="true" version="1" lat="43.1435654521" lon="-95.1308869463" />
  <node id="8310" visible="true" version="1" lat="43.1434923715" lon="-95.1311336513" />
  <node id="8311" visible="true" version="1" lat="43.1434828699" lon="-95.1313556858" />
  <node id="8312" visible="true" version="1" lat="43.1434331718" lon="-95.1315900555" />
  <node id="8313" visible="true" version="1" lat="43.1431178059" lon="-95.1323918467" />
  <node id="8314" visible="true" version="1" lat="43.1427272176" lon="-95.1331689673" />
  <node id="8315" visible="true" version="1" lat="43.1424922426" lon="-95.1335513601" />
  <node id="8316" visible="true" version="1" lat="43.1422249683" lon="-95.1340447700" />
  <node id="8317" visible="true" version="1" lat="43.1420485658" lon="-95.1342914750" />
  <node id="8318" visible="true" version="1" lat="43.1419168462" lon="-95.1345121864" />
  <node id="8319" visible="true" version="1" lat="43.1418448461" lon="-95.1346528522" />
  <node id="8320" visible="true" version="1" lat="43.1417361719" lon="-95.1348959022" />
  <node id="8321" visible="true" version="1" lat="43.1414753739" lon="-95.1356976933" />
  <node id="8322" visible="true" version="1" lat="43.1413738196" lon="-95.1361664328" />
  <node id="8323" visible="true" version="1" lat="43.1413326866" lon="-95.1364378083" />
  <node id="8324" visible="true" version="1" lat="43.1412642006" lon="-95.1366721780" />
  <node id="8325" visible="true" version="1" lat="43.1412138782" lon="-95.1368078657" />
  <node id="8326" visible="true" version="1" lat="43.1411248454" lon="-95.1369370682" />
  <node id="8327" visible="true" version="1" lat="43.1410888454" lon="-95.1369732440" />
  <node id="8328" visible="true" version="1" lat="43.1410618453" lon="-95.1369732440" />
  <node id="8329" visible="true" version="1" lat="43.1409611882" lon="-95.1368572067" />
  <node id="8330" visible="true" version="1" lat="43.1409358452" lon="-95.1368435172" />
  <node id="8331" visible="true" version="1" lat="43.1408908452" lon="-95.1368388073" />
  <node id="8332" visible="true" version="1" lat="43.1390008433" lon="-95.1368516712" />
  <node id="8333" visible="true" version="1" lat="43.1389558432" lon="-95.1368648136" />
  <node id="8334" visible="true" version="1" lat="43.1389152498" lon="-95.1369188830" />
  <node id="8335" visible="true" version="1" lat="43.1389018112" lon="-95.1369558887" />
  <node id="8336" visible="true" version="1" lat="43.1388973085" lon="-95.1370052297" />
  <node id="8337" visible="true" version="1" lat="43.1388973576" lon="-95.1398053312" />
  <node id="8338" visible="true" version="1" lat="43.1389004272" lon="-95.1398793427" />
  <node id="8339" visible="true" version="1" lat="43.1389198432" lon="-95.1399254868" />
  <node id="8340" visible="true" version="1" lat="43.1389828433" lon="-95.1399717319" />
  <node id="8341" visible="true" version="1" lat="43.1390458433" lon="-95.1399839898" />
  <node id="8342" visible="true" version="1" lat="43.1410078453" lon="-95.1399840888" />
  <node id="8343" visible="true" version="1" lat="43.1410528453" lon="-95.1399793445" />
  <node id="8344" visible="true" version="1" lat="43.1410798454" lon="-95.1399638416" />
  <node id="8345" visible="true" version="1" lat="43.1411463095" lon="-95.1398793427" />
  <node id="8346" visible="true" version="1" lat="43.1419292010" lon="-95.1390898868" />
  <node id="8347" visible="true" version="1" lat="43.1420228955" lon="-95.1389788695" />
  <node id="8348" visible="true" version="1" lat="43.1420802075" lon="-95.1388678523" />
  <node id="8349" visible="true" version="1" lat="43.1421093780" lon="-95.1387938408" />
  <node id="8350" visible="true" version="1" lat="43.1421604722" lon="-95.1385841416" />
  <node id="8351" visible="true" version="1" lat="43.1423694624" lon="-95.1374616339" />
  <node id="8352" visible="true" version="1" lat="43.1423909659" lon="-95.1373752872" />
  <node id="8353" visible="true" version="1" lat="43.1427375481" lon="-95.1365241550" />
  <node id="8354" visible="true" version="1" lat="43.1428124044" lon="-95.1363144558" />
  <node id="8355" visible="true" version="1" lat="43.1428882190" lon="-95.1361787680" />
  <node id="8356" visible="true" version="1" lat="43.1429968473" lon="-95.1360432653" />
  <node id="8357" visible="true" version="1" lat="43.1431318474" lon="-95.1359356454" />
  <node id="8358" visible="true" version="1" lat="43.1441578484" lon="-95.1353200001" />
  <node id="8359" visible="true" version="1" lat="43.1443468486" lon="-95.1352288599" />
  <node id="8360" visible="true" version="1" lat="43.1443740356" lon="-95.1352042834" />
  <node id="8361" visible="true" version="1" lat="43.1443832232" lon="-95.1351796129" />
  <node id="8362" visible="true" version="1" lat="43.1443871694" lon="-95.1351302719" />
  <node id="8363" visible="true" version="1" lat="43.1443863731" lon="-95.1345381800" />
  <node id="8364" visible="true" version="1" lat="43.1443738486" lon="-95.1344787737" />
  <node id="8365" visible="true" version="1" lat="43.1443276601" lon="-95.1344024922" />
  <node id="8366" visible="true" version="1" lat="43.1443179747" lon="-95.1343654865" />
  <node id="8367" visible="true" version="1" lat="43.1443346554" lon="-95.1343161455" />
  <node id="8368" visible="true" version="1" lat="43.1444351612" lon="-95.1341804577" />
  <node id="8369" visible="true" version="1" lat="43.1444818488" lon="-95.1341427955" />
  <node id="8370" visible="true" version="1" lat="43.1446978490" lon="-95.1340188492" />
  <node id="8371" visible="true" version="1" lat="43.1455708498" lon="-95.1335573190" />
  <node id="8372" visible="true" version="1" lat="43.1458138501" lon="-95.1334029139" />
  <node id="8373" visible="true" version="1" lat="43.1463538506" lon="-95.1331447200" />
  <node id="8374" visible="true" version="1" lat="43.1465518508" lon="-95.1330133249" />
  <node id="8375" visible="true" version="1" lat="43.1470198513" lon="-95.1327628039" />
  <node id="8376" visible="true" version="1" lat="43.1478388521" lon="-95.1322939858" />
  <node id="8377" visible="true" version="1" lat="43.1479468522" lon="-95.1322215114" />
  <node id="8378" visible="true" version="1" lat="43.1483338526" lon="-95.1319282498" />
  <node id="8379" visible="true" version="1" lat="43.1486668529" lon="-95.1316050576" />
  <node id="8380" visible="true" version="1" lat="43.1489908533" lon="-95.1312012278" />
  <node id="8381" visible="true" version="1" lat="43.1495308538" lon="-95.1304529701" />
  <node id="8382" visible="true" version="1" lat="43.1496328510" lon="-95.1302701839" />
  <node id="8383" visible="true" version="1" lat="43.1496616815" lon="-95.1301961724" />
  <node id="8384" visible="true" version="1" lat="43.1497197493" lon="-95.1299741379" />
  <node id="8385" visible="true" version="1" lat="43.1498073905" lon="-95.1294437222" />
  <node id="8386" visible="true" version="1" lat="43.1498686701" lon="-95.1292340230" />
  <node id="8387" visible="true" version="1" lat="43.1500078543" lon="-95.1289594949" />
  <node id="8388" visible="true" version="1" lat="43.1503588546" lon="-95.1284403678" />
  <node id="8389" visible="true" version="1" lat="43.1504373679" lon="-95.1282595383" />
  <node id="8390" visible="true" version="1" lat="43.1505431241" lon="-95.1278154694" />
  <node id="8391" visible="true" version="1" lat="43.1505944922" lon="-95.1274700824" />
  <node id="8392" visible="true" version="1" lat="43.1506405731" lon="-95.1268533200" />
  <node id="8393" visible="true" version="1" lat="43.1506451135" lon="-95.1267052970" />
  <node id="8394" visible="true" version="1" lat="43.1508184354" lon="-95.1251017146" />
  <node id="8395" visible="true" version="1" lat="43.1508565796" lon="-95.1246206399" />
  <node id="8396" visible="true" version="1" lat="43.1508760680" lon="-95.1242875882" />
  <node id="8397" visible="true" version="1" lat="43.1508774236" lon="-95.1236338200" />
  <node id="8398" visible="true" version="1" lat="43.1509382752" lon="-95.1231527453" />
  <node id="8399" visible="true" version="1" lat="43.1509747762" lon="-95.1223879599" />
  <node id="8400" visible="true" version="1" lat="43.1509759401" lon="-95.1216601802" />
  <node id="8401" visible="true" version="1" lat="43.1444188487" lon="-95.1366580380" />
  <node id="8402" visible="true" version="1" lat="43.1444231077" lon="-95.1356730228" />
  <node id="8403" visible="true" version="1" lat="43.1444183244" lon="-95.1356236818" />
  <node id="8404" visible="true" version="1" lat="43.1444008487" lon="-95.1355970292" />
  <node id="8405" visible="true" version="1" lat="43.1443648486" lon="-95.1355981047" />
  <node id="8406" visible="true" version="1" lat="43.1442028485" lon="-95.1356725911" />
  <node id="8407" visible="true" version="1" lat="43.1435098478" lon="-95.1360885176" />
  <node id="8408" visible="true" version="1" lat="43.1434657409" lon="-95.1361294270" />
  <node id="8409" visible="true" version="1" lat="43.1434654892" lon="-95.1361540975" />
  <node id="8410" visible="true" version="1" lat="43.1434727340" lon="-95.1361664328" />
  <node id="8411" visible="true" version="1" lat="43.1435818479" lon="-95.1362494689" />
  <node id="8412" visible="true" version="1" lat="43.1436988480" lon="-95.1364124970" />
  <node id="8413" visible="true" version="1" lat="43.1437229335" lon="-95.1364748140" />
  <node id="8414" visible="true" version="1" lat="43.1438016444" lon="-95.1367461895" />
  <node id="8415" visible="true" version="1" lat="43.1438338481" lon="-95.1367925169" />
  <node id="8416" visible="true" version="1" lat="43.1438878482" lon="-95.1368016206" />
  <node id="8417" visible="true" version="1" lat="43.1442928486" lon="-95.1367978337" />
  <node id="8418" visible="true" version="1" lat="43.1443198486" lon="-95.1367830698" />
  <node id="8419" visible="true" version="1" lat="43.1444004685" lon="-95.1366968485" />
  <node id="8420" visible="true" version="1" lat="43.1409628452" lon="-95.1401345321" />
  <node id="8421" visible="true" version="1" lat="43.1409543811" lon="-95.1400520362" />
  <node id="8422" visible="true" version="1" lat="43.1408908452" lon="-95.1400216519" />
  <node id="8423" visible="true" version="1" lat="43.1390548433" lon="-95.1400210645" />
  <node id="8424" visible="true" version="1" lat="43.1389198432" lon="-95.1399828769" />
  <node id="8425" visible="true" version="1" lat="43.1388833008" lon="-95.1400026952" />
  <node id="8426" visible="true" version="1" lat="43.1388622501" lon="-95.1400767067" />
  <node id="8427" visible="true" version="1" lat="43.1388523662" lon="-95.1404344289" />
  <node id="8428" visible="true" version="1" lat="43.1388524410" lon="-95.1428891434" />
  <node id="8429" visible="true" version="1" lat="43.1388743008" lon="-95.1429878254" />
  <node id="8430" visible="true" version="1" lat="43.1389198432" lon="-95.1430065959" />
  <node id="8431" visible="true" version="1" lat="43.1389738432" lon="-95.1429569686" />
  <node id="8432" visible="true" version="1" lat="43.1333848377" lon="-95.1486275877" />
  <node id="8433" visible="true" version="1" lat="43.1333758377" lon="-95.1460008253" />
  <node id="8434" visible="true" version="1" lat="43.1332948376" lon="-95.1459545868" />
  <node id="8435" visible="true" version="1" lat="43.1322981708" lon="-95.1459729556" />
  <node id="8436" visible="true" version="1" lat="43.1322644344" lon="-95.1460839728" />
  <node id="8437" visible="true" version="1" lat="43.1322778366" lon="-95.1486588406" />
  <node id="8438" visible="true" version="1" lat="43.1323498366" lon="-95.1487047593" />
  <node id="8439" visible="true" version="1" lat="43.1332948376" lon="-95.1487050790" />
  <node id="8440" visible="true" version="1" lat="43.1333578376" lon="-95.1486848522" />
  <node id="8441" visible="true" version="1" lat="43.1376328419" lon="-95.1460671483" />
  <node id="8442" visible="true" version="1" lat="43.1376243778" lon="-95.1459852908" />
  <node id="8443" visible="true" version="1" lat="43.1375608418" lon="-95.1459549066" />
  <node id="8444" visible="true" version="1" lat="43.1361838405" lon="-95.1459545868" />
  <node id="8445" visible="true" version="1" lat="43.1361208404" lon="-95.1459748137" />
  <node id="8446" visible="true" version="1" lat="43.1360894382" lon="-95.1460839728" />
  <node id="8447" visible="true" version="1" lat="43.1360894382" lon="-95.1474778559" />
  <node id="8448" visible="true" version="1" lat="43.1361042111" lon="-95.1475642027" />
  <node id="8449" visible="true" version="1" lat="43.1361478404" lon="-95.1475963532" />
  <node id="8450" visible="true" version="1" lat="43.1362018405" lon="-95.1475686801" />
  <way id="1" visible="true" version="1">
    <nd ref="8068" />
    <nd ref="8069" />
    <nd ref="8070" />
    <nd ref="8071" />
    <nd ref="8068" />
    <tag k="place" v="town" />
    <tag k="name" v="Villa del Sur" />
  </way>
  <way id="5" visible="true" version="1">
    <nd ref="29" />
    <nd ref="30" />
    <nd ref="31" />
    <nd ref="32" />
    <nd ref="33" />
    <nd ref="34" />
    <nd ref="35" />
    <nd ref="36" />
    <nd ref="37" />
    <nd ref="38" />
    <nd ref="39" />
    <nd ref="40" />
    <nd ref="41" />
    <nd ref="42" />
    <nd ref="43" />
    <nd ref="44" />
    <tag k="highway" v="primary" />
    <tag k="name" v="Primary Road" />
  </way>
  <way id="6" visible="true" version="1">
    <nd ref="45" />
    <nd ref="46" />
    <nd ref="47" />
    <nd ref="48" />
    <nd ref="49" />
    <nd ref="50" />
    <nd ref="51" />
    <nd ref="52" />
    <nd ref="53" />
    <nd ref="54" />
    <nd ref="55" />
    <nd ref="56" />
    <nd ref="57" />
    <tag k="highway" v="primary" />
    <tag k="name" v="Southern Link Road" />
  </way>
  <way id="7" visible="true" version="1">
    <nd ref="38" />
    <nd ref="58" />
    <nd ref="59" />
    <nd ref="60" />
    <nd ref="61" />
    <nd ref="62" />
    <nd ref="63" />
    <nd ref="64" />
    <nd ref="65" />
    <nd ref="66" />
    <nd ref="67" />
    <nd ref="68" />
    <nd ref="69" />
    <nd ref="70" />
    <nd ref="71" />
    <nd ref="72" />
    <nd ref="73" />
    <nd ref="74" />
    <nd ref="75" />
    <nd ref="76" />
    <nd ref="77" />
    <nd ref="78" />
    <nd ref="79" />
    <nd ref="80" />
    <nd ref="81" />
    <nd ref="82" />
    <nd ref="83" />
    <nd ref="84" />
    <nd ref="85" />
    <nd ref="86" />
    <nd ref="87" />
    <nd ref="88" />
    <nd ref="89" />
    <nd ref="90" />
    <nd ref="91" />
    <nd ref="92" />
    <nd ref="93" />
    <nd ref="94" />
    <nd ref="95" />
    <nd ref="96" />
    <nd ref="97" />
    <nd ref="98" />
    <nd ref="99" />
    <nd ref="100" />
    <nd ref="101" />
    <nd ref="102" />
    <nd ref="103" />
    <nd ref="104" />
    <nd ref="105" />
    <nd ref="106" />
    <nd ref="107" />
    <nd ref="108" />
    <nd ref="109" />
    <nd ref="110" />
    <nd ref="111" />
    <nd ref="112" />
    <nd ref="113" />
    <nd ref="114" />
    <nd ref="115" />
    <nd ref="116" />
    <nd ref="117" />
    <nd ref="49" />
    <tag k="highway" v="primary" />
    <tag k="name" v="Mountain Pass Road" />
  </way>
  <way id="90" visible="true" version="1">
    <nd ref="120" />
    <nd ref="121" />
    <nd ref="122" />
    <nd ref="123" />
    <nd ref="124" />
    <nd ref="125" />
    <nd ref="126" />
    <nd ref="127" />
    <nd ref="128" />
    <nd ref="129" />
    <nd ref="120" />
    <tag k="landuse" v="farmyard" />
    <tag k="name" v="Yard 46" />
    <tag k="m4fs:level" v="yes" />
  </way>
  <way id="115" visible="true" version="1">
    <nd ref="130" />
    <nd ref="131" />
    <tag k="highway" v="tertiary" />
  </way>
  <way id="119" visible="true" version="1">
    <nd ref="132" />
    <nd ref="133" />
    <tag k="highway" v="tertiary" />
  </way>
  <way id="120" visible="true" version="1">
    <nd ref="130" />
    <nd ref="134" />
    <tag k="highway" v="tertiary" />
  </way>
  <way id="121" visible="true" version="1">
    <nd ref="131" />
    <nd ref="135" />
    <tag k="highway" v="tertiary" />
  </way>
  <way id="134" visible="true" version="1">
    <nd ref="136" />
    <nd ref="137" />
    <tag k="highway" v="tertiary" />
  </way>
  <way id="151" visible="true" version="1">
    <nd ref="137" />
    <nd ref="138" />
    <tag k="highway" v="tertiary" />
  </way>
  <way id="168" visible="true" version="1">
    <nd ref="138" />
    <nd ref="139" />
    <tag k="highway" v="tertiary" />
  </way>
  <way id="185" visible="true" version="1">
    <nd ref="139" />
    <nd ref="140" />
    <tag k="highway" v="tertiary" />
  </way>
  <way id="187" visible="true" version="1">
    <nd ref="141" />
    <nd ref="142" />
    <tag k="highway" v="tertiary" />
  </way>
  <way id="188" visible="true" version="1">
    <nd ref="143" />
    <nd ref="144" />
    <tag k="highway" v="tertiary" />
  </way>
  <way id="189" visible="true" version="1">
    <nd ref="145" />
    <nd ref="146" />
    <tag k="highway" v="tertiary" />
  </way>
  <way id="190" visible="true" version="1">
    <nd ref="147" />
    <nd ref="148" />
    <nd ref="149" />
    <nd ref="150" />
    <nd ref="147" />
    <tag k="landuse" v="farmyard" />
    <tag k="name" v="Yard N5_1" />
  </way>
  <way id="196" visible="true" version="1">
    <nd ref="151" />
    <nd ref="152" />
    <nd ref="153" />
    <nd ref="154" />
    <nd ref="151" />
    <tag k="landuse" v="farmyard" />
    <tag k="name" v="Yard N5_7" />
  </way>
  <way id="198" visible="true" version="1">
    <nd ref="155" />
    <nd ref="156" />
    <tag k="highway" v="tertiary" />
  </way>
  <way id="203" visible="true" version="1">
    <nd ref="142" />
    <nd ref="157" />
    <tag k="highway" v="tertiary" />
  </way>
  <way id="204" visible="true" version="1">
    <nd ref="146" />
    <nd ref="158" />
    <tag k="highway" v="tertiary" />
  </way>
  <way id="205" visible="true" version="1">
    <nd ref="159" />
    <nd ref="160" />
    <tag k="highway" v="tertiary" />
  </way>
  <way id="207" visible="true" version="1">
    <nd ref="163" />
    <nd ref="161" />
    <tag k="highway" v="tertiary" />
  </way>
  <way id="213" visible="true" version="1">
    <nd ref="164" />
    <nd ref="165" />
    <tag k="highway" v="tertiary" />
  </way>
  <way id="229" visible="true" version="1">
    <nd ref="168" />
    <nd ref="169" />
    <tag k="highway" v="tertiary" />
  </way>
  <way id="231" visible="true" version="1">
    <nd ref="170" />
    <nd ref="171" />
    <tag k="highway" v="tertiary" />
  </way>
  <way id="234" visible="true" version="1">
    <nd ref="30" />
    <nd ref="119" />
    <nd ref="172" />
    <tag k="highway" v="tertiary" />
  </way>
  <way id="236" visible="true" version="1">
    <nd ref="31" />
    <nd ref="173" />
    <nd ref="174" />
    <tag k="highway" v="tertiary" />
  </way>
  <way id="238" visible="true" version="1">
    <nd ref="32" />
    <nd ref="175" />
    <nd ref="176" />
    <nd ref="177" />
    <tag k="highway" v="tertiary" />
  </way>
  <way id="241" visible="true" version="1">
    <nd ref="108" />
    <nd ref="50" />
    <tag k="highway" v="tertiary" />
  </way>
  <way id="244" visible="true" version="1">
    <nd ref="35" />
    <nd ref="178" />
    <nd ref="179" />
    <nd ref="180" />
    <nd ref="181" />
    <tag k="highway" v="tertiary" />
  </way>
  <way id="246" visible="true" version="1">
    <nd ref="36" />
    <nd ref="182" />
    <nd ref="183" />
    <nd ref="85" />
    <tag k="highway" v="tertiary" />
  </way>
  <way id="253" visible="true" version="1">
    <nd ref="185" />
    <nd ref="186" />
    <nd ref="187" />
    <nd ref="188" />
    <nd ref="189" />
    <nd ref="190" />
    <nd ref="185" />
    <tag k="landuse" v="farmyard" />
    <tag k="name" v="Open Ground 26a" />
  </way>
  <way id="256" visible="true" version="1">
    <nd ref="191" />
    <nd ref="192" />
    <nd ref="193" />
    <nd ref="191" />
    <tag k="landuse" v="farmyard" />
    <tag k="name" v="Open Ground 33a" />
  </way>
  <way id="259" visible="true" version="1">
    <nd ref="194" />
    <nd ref="195" />
    <nd ref="196" />
    <nd ref="194" />
    <tag k="landuse" v="farmyard" />
    <tag k="name" v="Open Ground 51b" />
  </way>
  <way id="346" visible="true" version="1">
    <nd ref="201" />
    <nd ref="202" />
    <nd ref="203" />
    <nd ref="204" />
    <nd ref="205" />
    <nd ref="201" />
    <tag k="landuse" v="farmyard" />
    <tag k="name" v="Open Ground I33 (2.8 ha)" />
  </way>
  <way id="357" visible="true" version="1">
    <nd ref="262" />
    <nd ref="263" />
    <nd ref="264" />
    <nd ref="265" />
    <nd ref="266" />
    <nd ref="267" />
    <nd ref="268" />
    <nd ref="269" />
    <nd ref="270" />
    <nd ref="271" />
    <nd ref="272" />
    <nd ref="262" />
    <tag k="landuse" v="farmyard" />
    <tag k="name" v="Open Ground I44 (8.1 ha)" />
  </way>
  <way id="509" visible="true" version="1">
    <nd ref="273" />
    <nd ref="274" />
    <nd ref="275" />
    <nd ref="276" />
    <nd ref="277" />
    <nd ref="278" />
    <nd ref="279" />
    <nd ref="280" />
    <nd ref="281" />
    <nd ref="282" />
    <nd ref="283" />
    <nd ref="284" />
    <nd ref="285" />
    <nd ref="286" />
    <nd ref="287" />
    <nd ref="288" />
    <nd ref="289" />
    <nd ref="290" />
    <nd ref="291" />
    <nd ref="292" />
    <nd ref="293" />
    <nd ref="294" />
    <nd ref="295" />
    <nd ref="296" />
    <nd ref="297" />
    <nd ref="298" />
    <nd ref="299" />
    <nd ref="300" />
    <nd ref="301" />
    <nd ref="302" />
    <nd ref="303" />
    <nd ref="304" />
    <nd ref="305" />
    <nd ref="306" />
    <nd ref="307" />
    <nd ref="308" />
    <nd ref="309" />
    <nd ref="310" />
    <nd ref="311" />
    <nd ref="312" />
    <nd ref="313" />
    <nd ref="314" />
    <nd ref="315" />
    <nd ref="316" />
    <nd ref="317" />
    <nd ref="318" />
    <nd ref="319" />
    <nd ref="320" />
    <nd ref="321" />
    <nd ref="322" />
    <nd ref="323" />
    <nd ref="324" />
    <nd ref="325" />
    <nd ref="326" />
    <nd ref="327" />
    <nd ref="328" />
    <nd ref="329" />
    <nd ref="330" />
    <nd ref="331" />
    <nd ref="332" />
    <nd ref="333" />
    <nd ref="334" />
    <nd ref="335" />
    <nd ref="336" />
    <nd ref="337" />
    <nd ref="338" />
    <nd ref="339" />
    <nd ref="340" />
    <nd ref="341" />
    <nd ref="342" />
    <nd ref="343" />
    <nd ref="344" />
    <nd ref="345" />
    <nd ref="346" />
    <nd ref="347" />
    <nd ref="348" />
    <nd ref="349" />
    <nd ref="350" />
    <nd ref="351" />
    <nd ref="352" />
    <nd ref="353" />
    <nd ref="354" />
    <nd ref="355" />
    <nd ref="356" />
    <nd ref="357" />
    <nd ref="358" />
    <nd ref="359" />
    <nd ref="360" />
    <nd ref="361" />
    <nd ref="362" />
    <nd ref="363" />
    <nd ref="364" />
    <nd ref="365" />
    <nd ref="366" />
    <nd ref="367" />
    <nd ref="368" />
    <nd ref="369" />
    <nd ref="370" />
    <nd ref="371" />
    <nd ref="372" />
    <nd ref="373" />
    <nd ref="374" />
    <nd ref="375" />
    <nd ref="376" />
    <nd ref="377" />
    <nd ref="378" />
    <nd ref="379" />
    <nd ref="380" />
    <nd ref="381" />
    <nd ref="382" />
    <nd ref="383" />
    <nd ref="384" />
    <nd ref="385" />
    <nd ref="386" />
    <nd ref="387" />
    <nd ref="388" />
    <nd ref="389" />
    <nd ref="390" />
    <nd ref="391" />
    <nd ref="392" />
    <nd ref="393" />
    <nd ref="273" />
    <tag k="landuse" v="farmyard" />
    <tag k="natural" v="wood" />
  </way>
  <way id="510" visible="true" version="1">
    <nd ref="394" />
    <nd ref="395" />
    <nd ref="396" />
    <nd ref="397" />
    <nd ref="398" />
    <nd ref="399" />
    <nd ref="400" />
    <nd ref="401" />
    <nd ref="402" />
    <nd ref="403" />
    <nd ref="404" />
    <nd ref="405" />
    <nd ref="406" />
    <nd ref="407" />
    <nd ref="408" />
    <nd ref="409" />
    <nd ref="410" />
    <nd ref="411" />
    <nd ref="412" />
    <nd ref="413" />
    <nd ref="414" />
    <nd ref="415" />
    <nd ref="416" />
    <nd ref="417" />
    <nd ref="418" />
    <nd ref="419" />
    <nd ref="420" />
    <nd ref="421" />
    <nd ref="422" />
    <nd ref="423" />
    <nd ref="424" />
    <nd ref="425" />
    <nd ref="426" />
    <nd ref="427" />
    <nd ref="428" />
    <nd ref="429" />
    <nd ref="430" />
    <nd ref="431" />
    <nd ref="432" />
    <nd ref="433" />
    <nd ref="434" />
    <nd ref="435" />
    <nd ref="436" />
    <nd ref="437" />
    <nd ref="438" />
    <nd ref="439" />
    <nd ref="440" />
    <nd ref="441" />
    <nd ref="442" />
    <nd ref="443" />
    <nd ref="444" />
    <nd ref="445" />
    <nd ref="446" />
    <nd ref="447" />
    <nd ref="448" />
    <nd ref="449" />
    <nd ref="450" />
    <nd ref="451" />
    <nd ref="452" />
    <nd ref="453" />
    <nd ref="454" />
    <nd ref="455" />
    <nd ref="456" />
    <nd ref="457" />
    <nd ref="458" />
    <nd ref="459" />
    <nd ref="460" />
    <nd ref="461" />
    <nd ref="462" />
    <nd ref="463" />
    <nd ref="464" />
    <nd ref="465" />
    <nd ref="466" />
    <nd ref="467" />
    <nd ref="468" />
    <nd ref="469" />
    <nd ref="470" />
    <nd ref="471" />
    <nd ref="472" />
    <nd ref="473" />
    <nd ref="474" />
    <nd ref="475" />
    <nd ref="476" />
    <nd ref="477" />
    <nd ref="478" />
    <nd ref="479" />
    <nd ref="480" />
    <nd ref="481" />
    <nd ref="482" />
    <nd ref="483" />
    <nd ref="484" />
    <nd ref="485" />
    <nd ref="486" />
    <nd ref="487" />
    <nd ref="488" />
    <nd ref="489" />
    <nd ref="490" />
    <nd ref="491" />
    <nd ref="492" />
    <nd ref="493" />
    <nd ref="494" />
    <nd ref="495" />
    <nd ref="496" />
    <nd ref="497" />
    <nd ref="498" />
    <nd ref="499" />
    <nd ref="500" />
    <nd ref="501" />
    <nd ref="502" />
    <nd ref="503" />
    <nd ref="504" />
    <nd ref="505" />
    <nd ref="506" />
    <nd ref="507" />
    <nd ref="508" />
    <nd ref="509" />
    <nd ref="510" />
    <nd ref="511" />
    <nd ref="512" />
    <nd ref="513" />
    <nd ref="514" />
    <nd ref="515" />
    <nd ref="516" />
    <nd ref="394" />
    <tag k="landuse" v="farmyard" />
    <tag k="natural" v="wood" />
  </way>
  <way id="511" visible="true" version="1">
    <nd ref="517" />
    <nd ref="518" />
    <nd ref="519" />
    <nd ref="520" />
    <nd ref="521" />
    <nd ref="522" />
    <nd ref="523" />
    <nd ref="524" />
    <nd ref="525" />
    <nd ref="526" />
    <nd ref="527" />
    <nd ref="528" />
    <nd ref="529" />
    <nd ref="530" />
    <nd ref="531" />
    <nd ref="532" />
    <nd ref="533" />
    <nd ref="534" />
    <nd ref="535" />
    <nd ref="536" />
    <nd ref="537" />
    <nd ref="538" />
    <nd ref="539" />
    <nd ref="540" />
    <nd ref="541" />
    <nd ref="542" />
    <nd ref="543" />
    <nd ref="544" />
    <nd ref="545" />
    <nd ref="546" />
    <nd ref="547" />
    <nd ref="548" />
    <nd ref="549" />
    <nd ref="550" />
    <nd ref="551" />
    <nd ref="552" />
    <nd ref="553" />
    <nd ref="554" />
    <nd ref="555" />
    <nd ref="556" />
    <nd ref="557" />
    <nd ref="558" />
    <nd ref="559" />
    <nd ref="560" />
    <nd ref="561" />
    <nd ref="562" />
    <nd ref="563" />
    <nd ref="564" />
    <nd ref="565" />
    <nd ref="566" />
    <nd ref="567" />
    <nd ref="568" />
    <nd ref="569" />
    <nd ref="570" />
    <nd ref="571" />
    <nd ref="572" />
    <nd ref="573" />
    <nd ref="574" />
    <nd ref="575" />
    <nd ref="576" />
    <nd ref="577" />
    <nd ref="578" />
    <nd ref="579" />
    <nd ref="580" />
    <nd ref="581" />
    <nd ref="582" />
    <nd ref="583" />
    <nd ref="584" />
    <nd ref="585" />
    <nd ref="586" />
    <nd ref="587" />
    <nd ref="588" />
    <nd ref="589" />
    <nd ref="590" />
    <nd ref="591" />
    <nd ref="592" />
    <nd ref="593" />
    <nd ref="594" />
    <nd ref="595" />
    <nd ref="596" />
    <nd ref="597" />
    <nd ref="598" />
    <nd ref="599" />
    <nd ref="600" />
    <nd ref="601" />
    <nd ref="602" />
    <nd ref="603" />
    <nd ref="604" />
    <nd ref="605" />
    <nd ref="606" />
    <nd ref="607" />
    <nd ref="608" />
    <nd ref="609" />
    <nd ref="610" />
    <nd ref="611" />
    <nd ref="612" />
    <nd ref="613" />
    <nd ref="614" />
    <nd ref="615" />
    <nd ref="616" />
    <nd ref="617" />
    <nd ref="618" />
    <nd ref="619" />
    <nd ref="620" />
    <nd ref="621" />
    <nd ref="622" />
    <nd ref="623" />
    <nd ref="624" />
    <nd ref="625" />
    <nd ref="626" />
    <nd ref="627" />
    <nd ref="628" />
    <nd ref="629" />
    <nd ref="630" />
    <nd ref="631" />
    <nd ref="632" />
    <nd ref="633" />
    <nd ref="634" />
    <nd ref="635" />
    <nd ref="636" />
    <nd ref="637" />
    <nd ref="638" />
    <nd ref="639" />
    <nd ref="517" />
    <tag k="landuse" v="farmyard" />
    <tag k="natural" v="wood" />
  </way>
  <way id="512" visible="true" version="1">
    <nd ref="640" />
    <nd ref="641" />
    <nd ref="642" />
    <nd ref="643" />
    <nd ref="644" />
    <nd ref="645" />
    <nd ref="646" />
    <nd ref="647" />
    <nd ref="648" />
    <nd ref="649" />
    <nd ref="650" />
    <nd ref="651" />
    <nd ref="652" />
    <nd ref="653" />
    <nd ref="654" />
    <nd ref="655" />
    <nd ref="656" />
    <nd ref="657" />
    <nd ref="658" />
    <nd ref="659" />
    <nd ref="660" />
    <nd ref="661" />
    <nd ref="662" />
    <nd ref="663" />
    <nd ref="664" />
    <nd ref="665" />
    <nd ref="666" />
    <nd ref="667" />
    <nd ref="668" />
    <nd ref="669" />
    <nd ref="670" />
    <nd ref="671" />
    <nd ref="672" />
    <nd ref="673" />
    <nd ref="674" />
    <nd ref="675" />
    <nd ref="676" />
    <nd ref="677" />
    <nd ref="678" />
    <nd ref="679" />
    <nd ref="680" />
    <nd ref="681" />
    <nd ref="682" />
    <nd ref="683" />
    <nd ref="684" />
    <nd ref="685" />
    <nd ref="686" />
    <nd ref="687" />
    <nd ref="688" />
    <nd ref="689" />
    <nd ref="690" />
    <nd ref="691" />
    <nd ref="692" />
    <nd ref="693" />
    <nd ref="694" />
    <nd ref="695" />
    <nd ref="696" />
    <nd ref="697" />
    <nd ref="698" />
    <nd ref="699" />
    <nd ref="700" />
    <nd ref="701" />
    <nd ref="702" />
    <nd ref="703" />
    <nd ref="704" />
    <nd ref="705" />
    <nd ref="706" />
    <nd ref="707" />
    <nd ref="708" />
    <nd ref="709" />
    <nd ref="710" />
    <nd ref="711" />
    <nd ref="712" />
    <nd ref="713" />
    <nd ref="714" />
    <nd ref="715" />
    <nd ref="716" />
    <nd ref="717" />
    <nd ref="718" />
    <nd ref="719" />
    <nd ref="720" />
    <nd ref="721" />
    <nd ref="722" />
    <nd ref="723" />
    <nd ref="724" />
    <nd ref="725" />
    <nd ref="726" />
    <nd ref="727" />
    <nd ref="728" />
    <nd ref="729" />
    <nd ref="730" />
    <nd ref="731" />
    <nd ref="732" />
    <nd ref="733" />
    <nd ref="734" />
    <nd ref="735" />
    <nd ref="736" />
    <nd ref="737" />
    <nd ref="738" />
    <nd ref="739" />
    <nd ref="740" />
    <nd ref="741" />
    <nd ref="742" />
    <nd ref="743" />
    <nd ref="744" />
    <nd ref="745" />
    <nd ref="746" />
    <nd ref="747" />
    <nd ref="748" />
    <nd ref="749" />
    <nd ref="750" />
    <nd ref="751" />
    <nd ref="752" />
    <nd ref="753" />
    <nd ref="754" />
    <nd ref="755" />
    <nd ref="756" />
    <nd ref="757" />
    <nd ref="758" />
    <nd ref="759" />
    <nd ref="760" />
    <nd ref="761" />
    <nd ref="762" />
    <nd ref="763" />
    <nd ref="764" />
    <nd ref="765" />
    <nd ref="640" />
    <tag k="landuse" v="farmyard" />
    <tag k="natural" v="wood" />
  </way>
  <way id="513" visible="true" version="1">
    <nd ref="766" />
    <nd ref="767" />
    <nd ref="768" />
    <nd ref="769" />
    <nd ref="770" />
    <nd ref="771" />
    <nd ref="772" />
    <nd ref="773" />
    <nd ref="774" />
    <nd ref="775" />
    <nd ref="776" />
    <nd ref="777" />
    <nd ref="778" />
    <nd ref="779" />
    <nd ref="780" />
    <nd ref="781" />
    <nd ref="782" />
    <nd ref="783" />
    <nd ref="784" />
    <nd ref="785" />
    <nd ref="786" />
    <nd ref="787" />
    <nd ref="788" />
    <nd ref="789" />
    <nd ref="790" />
    <nd ref="791" />
    <nd ref="792" />
    <nd ref="793" />
    <nd ref="794" />
    <nd ref="795" />
    <nd ref="796" />
    <nd ref="797" />
    <nd ref="798" />
    <nd ref="799" />
    <nd ref="800" />
    <nd ref="801" />
    <nd ref="802" />
    <nd ref="803" />
    <nd ref="804" />
    <nd ref="805" />
    <nd ref="806" />
    <nd ref="807" />
    <nd ref="808" />
    <nd ref="809" />
    <nd ref="810" />
    <nd ref="811" />
    <nd ref="812" />
    <nd ref="813" />
    <nd ref="814" />
    <nd ref="815" />
    <nd ref="816" />
    <nd ref="817" />
    <nd ref="818" />
    <nd ref="819" />
    <nd ref="820" />
    <nd ref="821" />
    <nd ref="822" />
    <nd ref="823" />
    <nd ref="824" />
    <nd ref="825" />
    <nd ref="826" />
    <nd ref="827" />
    <nd ref="828" />
    <nd ref="829" />
    <nd ref="830" />
    <nd ref="831" />
    <nd ref="832" />
    <nd ref="833" />
    <nd ref="834" />
    <nd ref="835" />
    <nd ref="836" />
    <nd ref="837" />
    <nd ref="838" />
    <nd ref="839" />
    <nd ref="840" />
    <nd ref="841" />
    <nd ref="842" />
    <nd ref="843" />
    <nd ref="844" />
    <nd ref="845" />
    <nd ref="846" />
    <nd ref="847" />
    <nd ref="848" />
    <nd ref="849" />
    <nd ref="850" />
    <nd ref="851" />
    <nd ref="852" />
    <nd ref="853" />
    <nd ref="854" />
    <nd ref="855" />
    <nd ref="856" />
    <nd ref="857" />
    <nd ref="858" />
    <nd ref="859" />
    <nd ref="860" />
    <nd ref="861" />
    <nd ref="862" />
    <nd ref="863" />
    <nd ref="864" />
    <nd ref="865" />
    <nd ref="866" />
    <nd ref="867" />
    <nd ref="868" />
    <nd ref="869" />
    <nd ref="870" />
    <nd ref="871" />
    <nd ref="872" />
    <nd ref="873" />
    <nd ref="874" />
    <nd ref="875" />
    <nd ref="876" />
    <nd ref="877" />
    <nd ref="878" />
    <nd ref="879" />
    <nd ref="880" />
    <nd ref="881" />
    <nd ref="882" />
    <nd ref="883" />
    <nd ref="884" />
    <nd ref="885" />
    <nd ref="886" />
    <nd ref="887" />
    <nd ref="888" />
    <nd ref="889" />
    <nd ref="890" />
    <nd ref="891" />
    <nd ref="892" />
    <nd ref="893" />
    <nd ref="894" />
    <nd ref="895" />
    <nd ref="896" />
    <nd ref="897" />
    <nd ref="898" />
    <nd ref="899" />
    <nd ref="900" />
    <nd ref="901" />
    <nd ref="902" />
    <nd ref="903" />
    <nd ref="904" />
    <nd ref="905" />
    <nd ref="906" />
    <nd ref="907" />
    <nd ref="908" />
    <nd ref="909" />
    <nd ref="910" />
    <nd ref="911" />
    <nd ref="912" />
    <nd ref="913" />
    <nd ref="914" />
    <nd ref="915" />
    <nd ref="916" />
    <nd ref="917" />
    <nd ref="918" />
    <nd ref="919" />
    <nd ref="920" />
    <nd ref="921" />
    <nd ref="922" />
    <nd ref="923" />
    <nd ref="924" />
    <nd ref="925" />
    <nd ref="926" />
    <nd ref="927" />
    <nd ref="928" />
    <nd ref="929" />
    <nd ref="930" />
    <nd ref="931" />
    <nd ref="932" />
    <nd ref="933" />
    <nd ref="934" />
    <nd ref="935" />
    <nd ref="936" />
    <nd ref="937" />
    <nd ref="938" />
    <nd ref="939" />
    <nd ref="940" />
    <nd ref="941" />
    <nd ref="942" />
    <nd ref="943" />
    <nd ref="944" />
    <nd ref="945" />
    <nd ref="946" />
    <nd ref="947" />
    <nd ref="948" />
    <nd ref="949" />
    <nd ref="950" />
    <nd ref="951" />
    <nd ref="952" />
    <nd ref="953" />
    <nd ref="954" />
    <nd ref="955" />
    <nd ref="956" />
    <nd ref="957" />
    <nd ref="958" />
    <nd ref="959" />
    <nd ref="960" />
    <nd ref="961" />
    <nd ref="962" />
    <nd ref="963" />
    <nd ref="964" />
    <nd ref="965" />
    <nd ref="966" />
    <nd ref="967" />
    <nd ref="968" />
    <nd ref="969" />
    <nd ref="970" />
    <nd ref="971" />
    <nd ref="972" />
    <nd ref="973" />
    <nd ref="974" />
    <nd ref="975" />
    <nd ref="976" />
    <nd ref="977" />
    <nd ref="978" />
    <nd ref="979" />
    <nd ref="980" />
    <nd ref="981" />
    <nd ref="982" />
    <nd ref="983" />
    <nd ref="984" />
    <nd ref="985" />
    <nd ref="986" />
    <nd ref="987" />
    <nd ref="988" />
    <nd ref="989" />
    <nd ref="990" />
    <nd ref="991" />
    <nd ref="992" />
    <nd ref="993" />
    <nd ref="994" />
    <nd ref="995" />
    <nd ref="996" />
    <nd ref="997" />
    <nd ref="998" />
    <nd ref="999" />
    <nd ref="1000" />
    <nd ref="1001" />
    <nd ref="1002" />
    <nd ref="1003" />
    <nd ref="1004" />
    <nd ref="1005" />
    <nd ref="1006" />
    <nd ref="1007" />
    <nd ref="1008" />
    <nd ref="1009" />
    <nd ref="1010" />
    <nd ref="1011" />
    <nd ref="1012" />
    <nd ref="1013" />
    <nd ref="1014" />
    <nd ref="1015" />
    <nd ref="1016" />
    <nd ref="1017" />
    <nd ref="1018" />
    <nd ref="1019" />
    <nd ref="1020" />
    <nd ref="1021" />
    <nd ref="1022" />
    <nd ref="1023" />
    <nd ref="1024" />
    <nd ref="1025" />
    <nd ref="1026" />
    <nd ref="1027" />
    <nd ref="1028" />
    <nd ref="1029" />
    <nd ref="1030" />
    <nd ref="1031" />
    <nd ref="1032" />
    <nd ref="1033" />
    <nd ref="1034" />
    <nd ref="1035" />
    <nd ref="1036" />
    <nd ref="1037" />
    <nd ref="1038" />
    <nd ref="1039" />
    <nd ref="1040" />
    <nd ref="1041" />
    <nd ref="1042" />
    <nd ref="1043" />
    <nd ref="1044" />
    <nd ref="1045" />
    <nd ref="1046" />
    <nd ref="1047" />
    <nd ref="1048" />
    <nd ref="1049" />
    <nd ref="1050" />
    <nd ref="1051" />
    <nd ref="1052" />
    <nd ref="1053" />
    <nd ref="1054" />
    <nd ref="1055" />
    <nd ref="1056" />
    <nd ref="1057" />
    <nd ref="1058" />
    <nd ref="1059" />
    <nd ref="1060" />
    <nd ref="1061" />
    <nd ref="1062" />
    <nd ref="1063" />
    <nd ref="1064" />
    <nd ref="1065" />
    <nd ref="1066" />
    <nd ref="1067" />
    <nd ref="1068" />
    <nd ref="1069" />
    <nd ref="1070" />
    <nd ref="1071" />
    <nd ref="1072" />
    <nd ref="1073" />
    <nd ref="1074" />
    <nd ref="1075" />
    <nd ref="1076" />
    <nd ref="1077" />
    <nd ref="1078" />
    <nd ref="1079" />
    <nd ref="1080" />
    <nd ref="1081" />
    <nd ref="1082" />
    <nd ref="1083" />
    <nd ref="1084" />
    <nd ref="1085" />
    <nd ref="1086" />
    <nd ref="1087" />
    <nd ref="1088" />
    <nd ref="1089" />
    <nd ref="1090" />
    <nd ref="1091" />
    <nd ref="1092" />
    <nd ref="1093" />
    <nd ref="1094" />
    <nd ref="1095" />
    <nd ref="1096" />
    <nd ref="1097" />
    <nd ref="1098" />
    <nd ref="1099" />
    <nd ref="1100" />
    <nd ref="1101" />
    <nd ref="1102" />
    <nd ref="1103" />
    <nd ref="1104" />
    <nd ref="1105" />
    <nd ref="1106" />
    <nd ref="1107" />
    <nd ref="1108" />
    <nd ref="1109" />
    <nd ref="1110" />
    <nd ref="1111" />
    <nd ref="1112" />
    <nd ref="1113" />
    <nd ref="1114" />
    <nd ref="1115" />
    <nd ref="1116" />
    <nd ref="1117" />
    <nd ref="1118" />
    <nd ref="1119" />
    <nd ref="1120" />
    <nd ref="1121" />
    <nd ref="1122" />
    <nd ref="1123" />
    <nd ref="1124" />
    <nd ref="1125" />
    <nd ref="1126" />
    <nd ref="1127" />
    <nd ref="1128" />
    <nd ref="1129" />
    <nd ref="1130" />
    <nd ref="1131" />
    <nd ref="1132" />
    <nd ref="1133" />
    <nd ref="1134" />
    <nd ref="1135" />
    <nd ref="1136" />
    <nd ref="1137" />
    <nd ref="1138" />
    <nd ref="1139" />
    <nd ref="1140" />
    <nd ref="1141" />
    <nd ref="1142" />
    <nd ref="1143" />
    <nd ref="1144" />
    <nd ref="1145" />
    <nd ref="1146" />
    <nd ref="1147" />
    <nd ref="1148" />
    <nd ref="1149" />
    <nd ref="1150" />
    <nd ref="1151" />
    <nd ref="1152" />
    <nd ref="1153" />
    <nd ref="1154" />
    <nd ref="1155" />
    <nd ref="1156" />
    <nd ref="1157" />
    <nd ref="1158" />
    <nd ref="1159" />
    <nd ref="1160" />
    <nd ref="1161" />
    <nd ref="1162" />
    <nd ref="1163" />
    <nd ref="1164" />
    <nd ref="1165" />
    <nd ref="1166" />
    <nd ref="1167" />
    <nd ref="1168" />
    <nd ref="1169" />
    <nd ref="1170" />
    <nd ref="1171" />
    <nd ref="1172" />
    <nd ref="1173" />
    <nd ref="1174" />
    <nd ref="1175" />
    <nd ref="1176" />
    <nd ref="1177" />
    <nd ref="1178" />
    <nd ref="1179" />
    <nd ref="1180" />
    <nd ref="1181" />
    <nd ref="1182" />
    <nd ref="1183" />
    <nd ref="1184" />
    <nd ref="1185" />
    <nd ref="1186" />
    <nd ref="1187" />
    <nd ref="1188" />
    <nd ref="1189" />
    <nd ref="1190" />
    <nd ref="1191" />
    <nd ref="1192" />
    <nd ref="1193" />
    <nd ref="1194" />
    <nd ref="1195" />
    <nd ref="1196" />
    <nd ref="1197" />
    <nd ref="1198" />
    <nd ref="1199" />
    <nd ref="1200" />
    <nd ref="1201" />
    <nd ref="1202" />
    <nd ref="1203" />
    <nd ref="1204" />
    <nd ref="1205" />
    <nd ref="1206" />
    <nd ref="1207" />
    <nd ref="1208" />
    <nd ref="1209" />
    <nd ref="1210" />
    <nd ref="1211" />
    <nd ref="1212" />
    <nd ref="1213" />
    <nd ref="1214" />
    <nd ref="1215" />
    <nd ref="1216" />
    <nd ref="1217" />
    <nd ref="1218" />
    <nd ref="1219" />
    <nd ref="1220" />
    <nd ref="1221" />
    <nd ref="1222" />
    <nd ref="1223" />
    <nd ref="1224" />
    <nd ref="1225" />
    <nd ref="1226" />
    <nd ref="1227" />
    <nd ref="1228" />
    <nd ref="1229" />
    <nd ref="1230" />
    <nd ref="1231" />
    <nd ref="1232" />
    <nd ref="1233" />
    <nd ref="1234" />
    <nd ref="1235" />
    <nd ref="1236" />
    <nd ref="1237" />
    <nd ref="1238" />
    <nd ref="1239" />
    <nd ref="1240" />
    <nd ref="1241" />
    <nd ref="1242" />
    <nd ref="1243" />
    <nd ref="1244" />
    <nd ref="1245" />
    <nd ref="1246" />
    <nd ref="1247" />
    <nd ref="1248" />
    <nd ref="1249" />
    <nd ref="1250" />
    <nd ref="1251" />
    <nd ref="1252" />
    <nd ref="1253" />
    <nd ref="1254" />
    <nd ref="1255" />
    <nd ref="1256" />
    <nd ref="1257" />
    <nd ref="1258" />
    <nd ref="1259" />
    <nd ref="1260" />
    <nd ref="1261" />
    <nd ref="1262" />
    <nd ref="1263" />
    <nd ref="1264" />
    <nd ref="1265" />
    <nd ref="1266" />
    <nd ref="1267" />
    <nd ref="1268" />
    <nd ref="1269" />
    <nd ref="1270" />
    <nd ref="1271" />
    <nd ref="1272" />
    <nd ref="1273" />
    <nd ref="1274" />
    <nd ref="1275" />
    <nd ref="1276" />
    <nd ref="1277" />
    <nd ref="1278" />
    <nd ref="1279" />
    <nd ref="1280" />
    <nd ref="1281" />
    <nd ref="1282" />
    <nd ref="1283" />
    <nd ref="1284" />
    <nd ref="1285" />
    <nd ref="1286" />
    <nd ref="1287" />
    <nd ref="1288" />
    <nd ref="1289" />
    <nd ref="1290" />
    <nd ref="1291" />
    <nd ref="1292" />
    <nd ref="1293" />
    <nd ref="1294" />
    <nd ref="1295" />
    <nd ref="1296" />
    <nd ref="1297" />
    <nd ref="1298" />
    <nd ref="1299" />
    <nd ref="1300" />
    <nd ref="1301" />
    <nd ref="1302" />
    <nd ref="1303" />
    <nd ref="1304" />
    <nd ref="1305" />
    <nd ref="1306" />
    <nd ref="1307" />
    <nd ref="1308" />
    <nd ref="1309" />
    <nd ref="1310" />
    <nd ref="1311" />
    <nd ref="1312" />
    <nd ref="1313" />
    <nd ref="1314" />
    <nd ref="1315" />
    <nd ref="1316" />
    <nd ref="1317" />
    <nd ref="1318" />
    <nd ref="1319" />
    <nd ref="1320" />
    <nd ref="1321" />
    <nd ref="1322" />
    <nd ref="1323" />
    <nd ref="1324" />
    <nd ref="1325" />
    <nd ref="1326" />
    <nd ref="1327" />
    <nd ref="1328" />
    <nd ref="1329" />
    <nd ref="1330" />
    <nd ref="1331" />
    <nd ref="1332" />
    <nd ref="1333" />
    <nd ref="1334" />
    <nd ref="1335" />
    <nd ref="1336" />
    <nd ref="1337" />
    <nd ref="1338" />
    <nd ref="1339" />
    <nd ref="1340" />
    <nd ref="1341" />
    <nd ref="1342" />
    <nd ref="1343" />
    <nd ref="1344" />
    <nd ref="1345" />
    <nd ref="1346" />
    <nd ref="1347" />
    <nd ref="1348" />
    <nd ref="1349" />
    <nd ref="1350" />
    <nd ref="1351" />
    <nd ref="1352" />
    <nd ref="1353" />
    <nd ref="1354" />
    <nd ref="1355" />
    <nd ref="1356" />
    <nd ref="1357" />
    <nd ref="1358" />
    <nd ref="1359" />
    <nd ref="1360" />
    <nd ref="1361" />
    <nd ref="1362" />
    <nd ref="1363" />
    <nd ref="1364" />
    <nd ref="1365" />
    <nd ref="1366" />
    <nd ref="1367" />
    <nd ref="1368" />
    <nd ref="1369" />
    <nd ref="1370" />
    <nd ref="1371" />
    <nd ref="1372" />
    <nd ref="1373" />
    <nd ref="1374" />
    <nd ref="1375" />
    <nd ref="1376" />
    <nd ref="1377" />
    <nd ref="1378" />
    <nd ref="1379" />
    <nd ref="1380" />
    <nd ref="1381" />
    <nd ref="1382" />
    <nd ref="1383" />
    <nd ref="1384" />
    <nd ref="1385" />
    <nd ref="1386" />
    <nd ref="1387" />
    <nd ref="1388" />
    <nd ref="1389" />
    <nd ref="1390" />
    <nd ref="1391" />
    <nd ref="1392" />
    <nd ref="1393" />
    <nd ref="1394" />
    <nd ref="1395" />
    <nd ref="1396" />
    <nd ref="1397" />
    <nd ref="1398" />
    <nd ref="1399" />
    <nd ref="1400" />
    <nd ref="1401" />
    <nd ref="1402" />
    <nd ref="1403" />
    <nd ref="1404" />
    <nd ref="1405" />
    <nd ref="1406" />
    <nd ref="1407" />
    <nd ref="1408" />
    <nd ref="1409" />
    <nd ref="1410" />
    <nd ref="1411" />
    <nd ref="1412" />
    <nd ref="1413" />
    <nd ref="1414" />
    <nd ref="1415" />
    <nd ref="1416" />
    <nd ref="1417" />
    <nd ref="1418" />
    <nd ref="1419" />
    <nd ref="1420" />
    <nd ref="1421" />
    <nd ref="1422" />
    <nd ref="1423" />
    <nd ref="1424" />
    <nd ref="1425" />
    <nd ref="1426" />
    <nd ref="1427" />
    <nd ref="1428" />
    <nd ref="1429" />
    <nd ref="1430" />
    <nd ref="1431" />
    <nd ref="1432" />
    <nd ref="1433" />
    <nd ref="1434" />
    <nd ref="1435" />
    <nd ref="1436" />
    <nd ref="1437" />
    <nd ref="1438" />
    <nd ref="1439" />
    <nd ref="1440" />
    <nd ref="1441" />
    <nd ref="1442" />
    <nd ref="1443" />
    <nd ref="1444" />
    <nd ref="1445" />
    <nd ref="1446" />
    <nd ref="1447" />
    <nd ref="1448" />
    <nd ref="1449" />
    <nd ref="1450" />
    <nd ref="1451" />
    <nd ref="1452" />
    <nd ref="1453" />
    <nd ref="1454" />
    <nd ref="1455" />
    <nd ref="1456" />
    <nd ref="1457" />
    <nd ref="1458" />
    <nd ref="1459" />
    <nd ref="1460" />
    <nd ref="1461" />
    <nd ref="1462" />
    <nd ref="1463" />
    <nd ref="1464" />
    <nd ref="1465" />
    <nd ref="1466" />
    <nd ref="1467" />
    <nd ref="1468" />
    <nd ref="1469" />
    <nd ref="1470" />
    <nd ref="1471" />
    <nd ref="1472" />
    <nd ref="1473" />
    <nd ref="1474" />
    <nd ref="1475" />
    <nd ref="1476" />
    <nd ref="1477" />
    <nd ref="1478" />
    <nd ref="1479" />
    <nd ref="1480" />
    <nd ref="1481" />
    <nd ref="1482" />
    <nd ref="1483" />
    <nd ref="1484" />
    <nd ref="1485" />
    <nd ref="1486" />
    <nd ref="1487" />
    <nd ref="1488" />
    <nd ref="1489" />
    <nd ref="1490" />
    <nd ref="1491" />
    <nd ref="1492" />
    <nd ref="1493" />
    <nd ref="1494" />
    <nd ref="1495" />
    <nd ref="1496" />
    <nd ref="1497" />
    <nd ref="1498" />
    <nd ref="1499" />
    <nd ref="1500" />
    <nd ref="1501" />
    <nd ref="1502" />
    <nd ref="1503" />
    <nd ref="1504" />
    <nd ref="1505" />
    <nd ref="1506" />
    <nd ref="1507" />
    <nd ref="1508" />
    <nd ref="1509" />
    <nd ref="1510" />
    <nd ref="1511" />
    <nd ref="1512" />
    <nd ref="1513" />
    <nd ref="1514" />
    <nd ref="1515" />
    <nd ref="1516" />
    <nd ref="1517" />
    <nd ref="1518" />
    <nd ref="1519" />
    <nd ref="1520" />
    <nd ref="1521" />
    <nd ref="1522" />
    <nd ref="1523" />
    <nd ref="1524" />
    <nd ref="1525" />
    <nd ref="1526" />
    <nd ref="1527" />
    <nd ref="1528" />
    <nd ref="1529" />
    <nd ref="1530" />
    <nd ref="1531" />
    <nd ref="1532" />
    <nd ref="1533" />
    <nd ref="1534" />
    <nd ref="1535" />
    <nd ref="1536" />
    <nd ref="1537" />
    <nd ref="1538" />
    <nd ref="1539" />
    <nd ref="1540" />
    <nd ref="1541" />
    <nd ref="1542" />
    <nd ref="1543" />
    <nd ref="1544" />
    <nd ref="1545" />
    <nd ref="1546" />
    <nd ref="1547" />
    <nd ref="1548" />
    <nd ref="1549" />
    <nd ref="1550" />
    <nd ref="1551" />
    <nd ref="1552" />
    <nd ref="1553" />
    <nd ref="1554" />
    <nd ref="1555" />
    <nd ref="1556" />
    <nd ref="1557" />
    <nd ref="1558" />
    <nd ref="1559" />
    <nd ref="1560" />
    <nd ref="1561" />
    <nd ref="1562" />
    <nd ref="1563" />
    <nd ref="1564" />
    <nd ref="1565" />
    <nd ref="1566" />
    <nd ref="1567" />
    <nd ref="1568" />
    <nd ref="1569" />
    <nd ref="1570" />
    <nd ref="1571" />
    <nd ref="1572" />
    <nd ref="1573" />
    <nd ref="1574" />
    <nd ref="1575" />
    <nd ref="1576" />
    <nd ref="1577" />
    <nd ref="1578" />
    <nd ref="1579" />
    <nd ref="1580" />
    <nd ref="1581" />
    <nd ref="1582" />
    <nd ref="1583" />
    <nd ref="1584" />
    <nd ref="1585" />
    <nd ref="1586" />
    <nd ref="1587" />
    <nd ref="1588" />
    <nd ref="1589" />
    <nd ref="1590" />
    <nd ref="1591" />
    <nd ref="1592" />
    <nd ref="1593" />
    <nd ref="1594" />
    <nd ref="1595" />
    <nd ref="1596" />
    <nd ref="1597" />
    <nd ref="1598" />
    <nd ref="1599" />
    <nd ref="1600" />
    <nd ref="1601" />
    <nd ref="1602" />
    <nd ref="1603" />
    <nd ref="1604" />
    <nd ref="1605" />
    <nd ref="1606" />
    <nd ref="1607" />
    <nd ref="1608" />
    <nd ref="1609" />
    <nd ref="1610" />
    <nd ref="1611" />
    <nd ref="1612" />
    <nd ref="1613" />
    <nd ref="1614" />
    <nd ref="1615" />
    <nd ref="1616" />
    <nd ref="1617" />
    <nd ref="1618" />
    <nd ref="1619" />
    <nd ref="1620" />
    <nd ref="1621" />
    <nd ref="1622" />
    <nd ref="1623" />
    <nd ref="1624" />
    <nd ref="1625" />
    <nd ref="1626" />
    <nd ref="1627" />
    <nd ref="1628" />
    <nd ref="1629" />
    <nd ref="1630" />
    <nd ref="1631" />
    <nd ref="1632" />
    <nd ref="1633" />
    <nd ref="1634" />
    <nd ref="1635" />
    <nd ref="1636" />
    <nd ref="1637" />
    <nd ref="1638" />
    <nd ref="1639" />
    <nd ref="1640" />
    <nd ref="1641" />
    <nd ref="1642" />
    <nd ref="1643" />
    <nd ref="1644" />
    <nd ref="1645" />
    <nd ref="1646" />
    <nd ref="1647" />
    <nd ref="1648" />
    <nd ref="1649" />
    <nd ref="1650" />
    <nd ref="1651" />
    <nd ref="1652" />
    <nd ref="1653" />
    <nd ref="1654" />
    <nd ref="1655" />
    <nd ref="1656" />
    <nd ref="1657" />
    <nd ref="1658" />
    <nd ref="1659" />
    <nd ref="1660" />
    <nd ref="1661" />
    <nd ref="1662" />
    <nd ref="1663" />
    <nd ref="1664" />
    <nd ref="1665" />
    <nd ref="1666" />
    <nd ref="1667" />
    <nd ref="1668" />
    <nd ref="1669" />
    <nd ref="1670" />
    <nd ref="1671" />
    <nd ref="1672" />
    <nd ref="1673" />
    <nd ref="1674" />
    <nd ref="1675" />
    <nd ref="1676" />
    <nd ref="1677" />
    <nd ref="1678" />
    <nd ref="1679" />
    <nd ref="1680" />
    <nd ref="1681" />
    <nd ref="1682" />
    <nd ref="1683" />
    <nd ref="1684" />
    <nd ref="1685" />
    <nd ref="1686" />
    <nd ref="1687" />
    <nd ref="1688" />
    <nd ref="1689" />
    <nd ref="1690" />
    <nd ref="1691" />
    <nd ref="1692" />
    <nd ref="1693" />
    <nd ref="1694" />
    <nd ref="1695" />
    <nd ref="1696" />
    <nd ref="1697" />
    <nd ref="1698" />
    <nd ref="1699" />
    <nd ref="1700" />
    <nd ref="1701" />
    <nd ref="1702" />
    <nd ref="1703" />
    <nd ref="1704" />
    <nd ref="1705" />
    <nd ref="1706" />
    <nd ref="1707" />
    <nd ref="1708" />
    <nd ref="1709" />
    <nd ref="1710" />
    <nd ref="1711" />
    <nd ref="1712" />
    <nd ref="1713" />
    <nd ref="1714" />
    <nd ref="1715" />
    <nd ref="1716" />
    <nd ref="1717" />
    <nd ref="1718" />
    <nd ref="1719" />
    <nd ref="1720" />
    <nd ref="1721" />
    <nd ref="1722" />
    <nd ref="1723" />
    <nd ref="1724" />
    <nd ref="1725" />
    <nd ref="1726" />
    <nd ref="1727" />
    <nd ref="1728" />
    <nd ref="1729" />
    <nd ref="1730" />
    <nd ref="1731" />
    <nd ref="1732" />
    <nd ref="1733" />
    <nd ref="1734" />
    <nd ref="1735" />
    <nd ref="1736" />
    <nd ref="1737" />
    <nd ref="1738" />
    <nd ref="1739" />
    <nd ref="1740" />
    <nd ref="1741" />
    <nd ref="1742" />
    <nd ref="1743" />
    <nd ref="1744" />
    <nd ref="1745" />
    <nd ref="1746" />
    <nd ref="1747" />
    <nd ref="1748" />
    <nd ref="1749" />
    <nd ref="1750" />
    <nd ref="1751" />
    <nd ref="1752" />
    <nd ref="1753" />
    <nd ref="1754" />
    <nd ref="1755" />
    <nd ref="1756" />
    <nd ref="1757" />
    <nd ref="1758" />
    <nd ref="1759" />
    <nd ref="1760" />
    <nd ref="1761" />
    <nd ref="1762" />
    <nd ref="1763" />
    <nd ref="1764" />
    <nd ref="1765" />
    <nd ref="1766" />
    <nd ref="1767" />
    <nd ref="1768" />
    <nd ref="1769" />
    <nd ref="1770" />
    <nd ref="1771" />
    <nd ref="1772" />
    <nd ref="1773" />
    <nd ref="1774" />
    <nd ref="1775" />
    <nd ref="1776" />
    <nd ref="1777" />
    <nd ref="1778" />
    <nd ref="1779" />
    <nd ref="1780" />
    <nd ref="1781" />
    <nd ref="1782" />
    <nd ref="1783" />
    <nd ref="1784" />
    <nd ref="1785" />
    <nd ref="1786" />
    <nd ref="1787" />
    <nd ref="1788" />
    <nd ref="1789" />
    <nd ref="1790" />
    <nd ref="1791" />
    <nd ref="1792" />
    <nd ref="1793" />
    <nd ref="1794" />
    <nd ref="1795" />
    <nd ref="1796" />
    <nd ref="1797" />
    <nd ref="1798" />
    <nd ref="1799" />
    <nd ref="1800" />
    <nd ref="1801" />
    <nd ref="1802" />
    <nd ref="1803" />
    <nd ref="1804" />
    <nd ref="1805" />
    <nd ref="1806" />
    <nd ref="1807" />
    <nd ref="1808" />
    <nd ref="1809" />
    <nd ref="1810" />
    <nd ref="1811" />
    <nd ref="1812" />
    <nd ref="1813" />
    <nd ref="1814" />
    <nd ref="1815" />
    <nd ref="1816" />
    <nd ref="1817" />
    <nd ref="1818" />
    <nd ref="1819" />
    <nd ref="1820" />
    <nd ref="1821" />
    <nd ref="1822" />
    <nd ref="1823" />
    <nd ref="1824" />
    <nd ref="1825" />
    <nd ref="1826" />
    <nd ref="1827" />
    <nd ref="1828" />
    <nd ref="1829" />
    <nd ref="1830" />
    <nd ref="1831" />
    <nd ref="1832" />
    <nd ref="1833" />
    <nd ref="1834" />
    <nd ref="1835" />
    <nd ref="1836" />
    <nd ref="1837" />
    <nd ref="1838" />
    <nd ref="1839" />
    <nd ref="1840" />
    <nd ref="1841" />
    <nd ref="1842" />
    <nd ref="1843" />
    <nd ref="1844" />
    <nd ref="1845" />
    <nd ref="1846" />
    <nd ref="1847" />
    <nd ref="1848" />
    <nd ref="1849" />
    <nd ref="1850" />
    <nd ref="1851" />
    <nd ref="1852" />
    <nd ref="1853" />
    <nd ref="1854" />
    <nd ref="1855" />
    <nd ref="1856" />
    <nd ref="1857" />
    <nd ref="1858" />
    <nd ref="1859" />
    <nd ref="1860" />
    <nd ref="1861" />
    <nd ref="1862" />
    <nd ref="1863" />
    <nd ref="1864" />
    <nd ref="1865" />
    <nd ref="1866" />
    <nd ref="1867" />
    <nd ref="1868" />
    <nd ref="1869" />
    <nd ref="1870" />
    <nd ref="1871" />
    <nd ref="1872" />
    <nd ref="1873" />
    <nd ref="1874" />
    <nd ref="1875" />
    <nd ref="1876" />
    <nd ref="1877" />
    <nd ref="1878" />
    <nd ref="1879" />
    <nd ref="1880" />
    <nd ref="1881" />
    <nd ref="1882" />
    <nd ref="1883" />
    <nd ref="1884" />
    <nd ref="1885" />
    <nd ref="1886" />
    <nd ref="1887" />
    <nd ref="1888" />
    <nd ref="1889" />
    <nd ref="1890" />
    <nd ref="1891" />
    <nd ref="1892" />
    <nd ref="1893" />
    <nd ref="1894" />
    <nd ref="1895" />
    <nd ref="1896" />
    <nd ref="1897" />
    <nd ref="1898" />
    <nd ref="1899" />
    <nd ref="1900" />
    <nd ref="1901" />
    <nd ref="1902" />
    <nd ref="1903" />
    <nd ref="1904" />
    <nd ref="1905" />
    <nd ref="1906" />
    <nd ref="1907" />
    <nd ref="1908" />
    <nd ref="1909" />
    <nd ref="1910" />
    <nd ref="1911" />
    <nd ref="1912" />
    <nd ref="1913" />
    <nd ref="1914" />
    <nd ref="1915" />
    <nd ref="1916" />
    <nd ref="1917" />
    <nd ref="1918" />
    <nd ref="1919" />
    <nd ref="1920" />
    <nd ref="1921" />
    <nd ref="1922" />
    <nd ref="1923" />
    <nd ref="1924" />
    <nd ref="1925" />
    <nd ref="1926" />
    <nd ref="1927" />
    <nd ref="1928" />
    <nd ref="1929" />
    <nd ref="1930" />
    <nd ref="1931" />
    <nd ref="1932" />
    <nd ref="1933" />
    <nd ref="1934" />
    <nd ref="1935" />
    <nd ref="1936" />
    <nd ref="1937" />
    <nd ref="1938" />
    <nd ref="1939" />
    <nd ref="1940" />
    <nd ref="1941" />
    <nd ref="1942" />
    <nd ref="1943" />
    <nd ref="1944" />
    <nd ref="1945" />
    <nd ref="1946" />
    <nd ref="1947" />
    <nd ref="1948" />
    <nd ref="1949" />
    <nd ref="1950" />
    <nd ref="1951" />
    <nd ref="1952" />
    <nd ref="1953" />
    <nd ref="1954" />
    <nd ref="1955" />
    <nd ref="1956" />
    <nd ref="1957" />
    <nd ref="1958" />
    <nd ref="1959" />
    <nd ref="1960" />
    <nd ref="1961" />
    <nd ref="1962" />
    <nd ref="1963" />
    <nd ref="1964" />
    <nd ref="1965" />
    <nd ref="1966" />
    <nd ref="1967" />
    <nd ref="1968" />
    <nd ref="1969" />
    <nd ref="1970" />
    <nd ref="1971" />
    <nd ref="1972" />
    <nd ref="1973" />
    <nd ref="1974" />
    <nd ref="1975" />
    <nd ref="1976" />
    <nd ref="1977" />
    <nd ref="1978" />
    <nd ref="1979" />
    <nd ref="1980" />
    <nd ref="1981" />
    <nd ref="1982" />
    <nd ref="1983" />
    <nd ref="1984" />
    <nd ref="1985" />
    <nd ref="1986" />
    <nd ref="1987" />
    <nd ref="1988" />
    <nd ref="1989" />
    <nd ref="1990" />
    <nd ref="1991" />
    <nd ref="1992" />
    <nd ref="1993" />
    <nd ref="1994" />
    <nd ref="1995" />
    <nd ref="1996" />
    <nd ref="1997" />
    <nd ref="1998" />
    <nd ref="1999" />
    <nd ref="2000" />
    <nd ref="2001" />
    <nd ref="2002" />
    <nd ref="2003" />
    <nd ref="2004" />
    <nd ref="2005" />
    <nd ref="2006" />
    <nd ref="2007" />
    <nd ref="2008" />
    <nd ref="2009" />
    <nd ref="2010" />
    <nd ref="2011" />
    <nd ref="2012" />
    <nd ref="2013" />
    <nd ref="2014" />
    <nd ref="2015" />
    <nd ref="2016" />
    <nd ref="2017" />
    <nd ref="2018" />
    <nd ref="2019" />
    <nd ref="2020" />
    <nd ref="2021" />
    <nd ref="2022" />
    <nd ref="2023" />
    <nd ref="2024" />
    <nd ref="2025" />
    <nd ref="2026" />
    <nd ref="2027" />
    <nd ref="2028" />
    <nd ref="2029" />
    <nd ref="2030" />
    <nd ref="2031" />
    <nd ref="2032" />
    <nd ref="2033" />
    <nd ref="2034" />
    <nd ref="2035" />
    <nd ref="2036" />
    <nd ref="2037" />
    <nd ref="2038" />
    <nd ref="2039" />
    <nd ref="2040" />
    <nd ref="2041" />
    <nd ref="2042" />
    <nd ref="2043" />
    <nd ref="2044" />
    <nd ref="2045" />
    <nd ref="2046" />
    <nd ref="2047" />
    <nd ref="2048" />
    <nd ref="2049" />
    <nd ref="2050" />
    <nd ref="2051" />
    <nd ref="2052" />
    <nd ref="2053" />
    <nd ref="2054" />
    <nd ref="2055" />
    <nd ref="2056" />
    <nd ref="2057" />
    <nd ref="2058" />
    <nd ref="2059" />
    <nd ref="2060" />
    <nd ref="2061" />
    <nd ref="2062" />
    <nd ref="2063" />
    <nd ref="2064" />
    <nd ref="2065" />
    <nd ref="2066" />
    <nd ref="2067" />
    <nd ref="2068" />
    <nd ref="2069" />
    <nd ref="2070" />
    <nd ref="2071" />
    <nd ref="2072" />
    <nd ref="2073" />
    <nd ref="2074" />
    <nd ref="2075" />
    <nd ref="2076" />
    <nd ref="2077" />
    <nd ref="2078" />
    <nd ref="2079" />
    <nd ref="2080" />
    <nd ref="2081" />
    <nd ref="2082" />
    <nd ref="2083" />
    <nd ref="2084" />
    <nd ref="2085" />
    <nd ref="2086" />
    <nd ref="2087" />
    <nd ref="2088" />
    <nd ref="2089" />
    <nd ref="2090" />
    <nd ref="2091" />
    <nd ref="2092" />
    <nd ref="2093" />
    <nd ref="2094" />
    <nd ref="2095" />
    <nd ref="2096" />
    <nd ref="2097" />
    <nd ref="2098" />
    <nd ref="2099" />
    <nd ref="2100" />
    <nd ref="2101" />
    <nd ref="2102" />
    <nd ref="2103" />
    <nd ref="2104" />
    <nd ref="2105" />
    <nd ref="2106" />
    <nd ref="2107" />
    <nd ref="2108" />
    <nd ref="2109" />
    <nd ref="2110" />
    <nd ref="2111" />
    <nd ref="2112" />
    <nd ref="2113" />
    <nd ref="2114" />
    <nd ref="2115" />
    <nd ref="2116" />
    <nd ref="2117" />
    <nd ref="2118" />
    <nd ref="2119" />
    <nd ref="2120" />
    <nd ref="2121" />
    <nd ref="2122" />
    <nd ref="2123" />
    <nd ref="2124" />
    <nd ref="2125" />
    <nd ref="2126" />
    <nd ref="2127" />
    <nd ref="2128" />
    <nd ref="2129" />
    <nd ref="2130" />
    <nd ref="2131" />
    <nd ref="2132" />
    <nd ref="2133" />
    <nd ref="2134" />
    <nd ref="2135" />
    <nd ref="2136" />
    <nd ref="2137" />
    <nd ref="2138" />
    <nd ref="2139" />
    <nd ref="2140" />
    <nd ref="2141" />
    <nd ref="2142" />
    <nd ref="2143" />
    <nd ref="2144" />
    <nd ref="2145" />
    <nd ref="2146" />
    <nd ref="2147" />
    <nd ref="2148" />
    <nd ref="2149" />
    <nd ref="2150" />
    <nd ref="2151" />
    <nd ref="2152" />
    <nd ref="2153" />
    <nd ref="2154" />
    <nd ref="2155" />
    <nd ref="2156" />
    <nd ref="2157" />
    <nd ref="2158" />
    <nd ref="2159" />
    <nd ref="2160" />
    <nd ref="2161" />
    <nd ref="2162" />
    <nd ref="2163" />
    <nd ref="2164" />
    <nd ref="2165" />
    <nd ref="2166" />
    <nd ref="2167" />
    <nd ref="2168" />
    <nd ref="2169" />
    <nd ref="2170" />
    <nd ref="2171" />
    <nd ref="2172" />
    <nd ref="2173" />
    <nd ref="2174" />
    <nd ref="2175" />
    <nd ref="2176" />
    <nd ref="2177" />
    <nd ref="2178" />
    <nd ref="2179" />
    <nd ref="2180" />
    <nd ref="2181" />
    <nd ref="2182" />
    <nd ref="2183" />
    <nd ref="2184" />
    <nd ref="2185" />
    <nd ref="2186" />
    <nd ref="2187" />
    <nd ref="2188" />
    <nd ref="2189" />
    <nd ref="2190" />
    <nd ref="2191" />
    <nd ref="2192" />
    <nd ref="2193" />
    <nd ref="2194" />
    <nd ref="2195" />
    <nd ref="2196" />
    <nd ref="2197" />
    <nd ref="2198" />
    <nd ref="2199" />
    <nd ref="2200" />
    <nd ref="2201" />
    <nd ref="2202" />
    <nd ref="2203" />
    <nd ref="2204" />
    <nd ref="2205" />
    <nd ref="2206" />
    <nd ref="2207" />
    <nd ref="2208" />
    <nd ref="2209" />
    <nd ref="2210" />
    <nd ref="2211" />
    <nd ref="2212" />
    <nd ref="2213" />
    <nd ref="2214" />
    <nd ref="2215" />
    <nd ref="2216" />
    <nd ref="2217" />
    <nd ref="2218" />
    <nd ref="2219" />
    <nd ref="2220" />
    <nd ref="2221" />
    <nd ref="2222" />
    <nd ref="2223" />
    <nd ref="2224" />
    <nd ref="2225" />
    <nd ref="2226" />
    <nd ref="2227" />
    <nd ref="2228" />
    <nd ref="2229" />
    <nd ref="2230" />
    <nd ref="2231" />
    <nd ref="2232" />
    <nd ref="2233" />
    <nd ref="2234" />
    <nd ref="2235" />
    <nd ref="2236" />
    <nd ref="2237" />
    <nd ref="2238" />
    <nd ref="2239" />
    <nd ref="2240" />
    <nd ref="2241" />
    <nd ref="2242" />
    <nd ref="2243" />
    <nd ref="2244" />
    <nd ref="2245" />
    <nd ref="2246" />
    <nd ref="2247" />
    <nd ref="2248" />
    <nd ref="2249" />
    <nd ref="2250" />
    <nd ref="2251" />
    <nd ref="2252" />
    <nd ref="2253" />
    <nd ref="2254" />
    <nd ref="2255" />
    <nd ref="2256" />
    <nd ref="2257" />
    <nd ref="2258" />
    <nd ref="2259" />
    <nd ref="2260" />
    <nd ref="2261" />
    <nd ref="2262" />
    <nd ref="2263" />
    <nd ref="2264" />
    <nd ref="2265" />
    <nd ref="2266" />
    <nd ref="2267" />
    <nd ref="2268" />
    <nd ref="2269" />
    <nd ref="2270" />
    <nd ref="2271" />
    <nd ref="2272" />
    <nd ref="2273" />
    <nd ref="2274" />
    <nd ref="2275" />
    <nd ref="2276" />
    <nd ref="2277" />
    <nd ref="2278" />
    <nd ref="2279" />
    <nd ref="2280" />
    <nd ref="2281" />
    <nd ref="2282" />
    <nd ref="2283" />
    <nd ref="2284" />
    <nd ref="2285" />
    <nd ref="2286" />
    <nd ref="2287" />
    <nd ref="2288" />
    <nd ref="2289" />
    <nd ref="2290" />
    <nd ref="2291" />
    <nd ref="2292" />
    <nd ref="2293" />
    <nd ref="2294" />
    <nd ref="2295" />
    <nd ref="2296" />
    <nd ref="2297" />
    <nd ref="2298" />
    <nd ref="2299" />
    <nd ref="2300" />
    <nd ref="2301" />
    <nd ref="2302" />
    <nd ref="2303" />
    <nd ref="2304" />
    <nd ref="2305" />
    <nd ref="2306" />
    <nd ref="2307" />
    <nd ref="2308" />
    <nd ref="2309" />
    <nd ref="2310" />
    <nd ref="2311" />
    <nd ref="2312" />
    <nd ref="2313" />
    <nd ref="2314" />
    <nd ref="2315" />
    <nd ref="2316" />
    <nd ref="2317" />
    <nd ref="2318" />
    <nd ref="2319" />
    <nd ref="2320" />
    <nd ref="2321" />
    <nd ref="2322" />
    <nd ref="2323" />
    <nd ref="2324" />
    <nd ref="2325" />
    <nd ref="2326" />
    <nd ref="2327" />
    <nd ref="2328" />
    <nd ref="2329" />
    <nd ref="2330" />
    <nd ref="2331" />
    <nd ref="2332" />
    <nd ref="2333" />
    <nd ref="2334" />
    <nd ref="2335" />
    <nd ref="2336" />
    <nd ref="2337" />
    <nd ref="2338" />
    <nd ref="2339" />
    <nd ref="2340" />
    <nd ref="2341" />
    <nd ref="2342" />
    <nd ref="2343" />
    <nd ref="2344" />
    <nd ref="2345" />
    <nd ref="2346" />
    <nd ref="2347" />
    <nd ref="2348" />
    <nd ref="2349" />
    <nd ref="2350" />
    <nd ref="2351" />
    <nd ref="2352" />
    <nd ref="2353" />
    <nd ref="2354" />
    <nd ref="2355" />
    <nd ref="2356" />
    <nd ref="2357" />
    <nd ref="2358" />
    <nd ref="2359" />
    <nd ref="2360" />
    <nd ref="2361" />
    <nd ref="2362" />
    <nd ref="2363" />
    <nd ref="2364" />
    <nd ref="2365" />
    <nd ref="2366" />
    <nd ref="2367" />
    <nd ref="2368" />
    <nd ref="2369" />
    <nd ref="2370" />
    <nd ref="2371" />
    <nd ref="2372" />
    <nd ref="2373" />
    <nd ref="2374" />
    <nd ref="2375" />
    <nd ref="2376" />
    <nd ref="2377" />
    <nd ref="2378" />
    <nd ref="2379" />
    <nd ref="2380" />
    <nd ref="2381" />
    <nd ref="2382" />
    <nd ref="2383" />
    <nd ref="2384" />
    <nd ref="2385" />
    <nd ref="2386" />
    <nd ref="2387" />
    <nd ref="2388" />
    <nd ref="2389" />
    <nd ref="2390" />
    <nd ref="2391" />
    <nd ref="2392" />
    <nd ref="2393" />
    <nd ref="2394" />
    <nd ref="2395" />
    <nd ref="2396" />
    <nd ref="2397" />
    <nd ref="2398" />
    <nd ref="2399" />
    <nd ref="2400" />
    <nd ref="2401" />
    <nd ref="2402" />
    <nd ref="2403" />
    <nd ref="2404" />
    <nd ref="2405" />
    <nd ref="2406" />
    <nd ref="2407" />
    <nd ref="2408" />
    <nd ref="2409" />
    <nd ref="2410" />
    <nd ref="2411" />
    <nd ref="2412" />
    <nd ref="2413" />
    <nd ref="2414" />
    <nd ref="2415" />
    <nd ref="2416" />
    <nd ref="2417" />
    <nd ref="2418" />
    <nd ref="2419" />
    <nd ref="2420" />
    <nd ref="2421" />
    <nd ref="2422" />
    <nd ref="2423" />
    <nd ref="2424" />
    <nd ref="2425" />
    <nd ref="2426" />
    <nd ref="2427" />
    <nd ref="2428" />
    <nd ref="2429" />
    <nd ref="2430" />
    <nd ref="2431" />
    <nd ref="2432" />
    <nd ref="2433" />
    <nd ref="2434" />
    <nd ref="2435" />
    <nd ref="2436" />
    <nd ref="2437" />
    <nd ref="2438" />
    <nd ref="2439" />
    <nd ref="2440" />
    <nd ref="2441" />
    <nd ref="2442" />
    <nd ref="2443" />
    <nd ref="2444" />
    <nd ref="2445" />
    <nd ref="2446" />
    <nd ref="2447" />
    <nd ref="2448" />
    <nd ref="2449" />
    <nd ref="2450" />
    <nd ref="2451" />
    <nd ref="2452" />
    <nd ref="2453" />
    <nd ref="2454" />
    <nd ref="2455" />
    <nd ref="2456" />
    <nd ref="2457" />
    <nd ref="2458" />
    <nd ref="2459" />
    <nd ref="2460" />
    <nd ref="2461" />
    <nd ref="2462" />
    <nd ref="2463" />
    <nd ref="2464" />
    <nd ref="2465" />
    <nd ref="2466" />
    <nd ref="2467" />
    <nd ref="2468" />
    <nd ref="2469" />
    <nd ref="2470" />
    <nd ref="2471" />
    <nd ref="2472" />
    <nd ref="2473" />
    <nd ref="2474" />
    <nd ref="2475" />
    <nd ref="2476" />
    <nd ref="2477" />
    <nd ref="2478" />
    <nd ref="2479" />
    <nd ref="2480" />
    <nd ref="2481" />
    <nd ref="2482" />
    <nd ref="2483" />
    <nd ref="2484" />
    <nd ref="2485" />
    <nd ref="2486" />
    <nd ref="2487" />
    <nd ref="2488" />
    <nd ref="2489" />
    <nd ref="2490" />
    <nd ref="2491" />
    <nd ref="2492" />
    <nd ref="2493" />
    <nd ref="2494" />
    <nd ref="2495" />
    <nd ref="2496" />
    <nd ref="2497" />
    <nd ref="2498" />
    <nd ref="2499" />
    <nd ref="2500" />
    <nd ref="2501" />
    <nd ref="2502" />
    <nd ref="2503" />
    <nd ref="2504" />
    <nd ref="2505" />
    <nd ref="2506" />
    <nd ref="2507" />
    <nd ref="2508" />
    <nd ref="2509" />
    <nd ref="2510" />
    <nd ref="2511" />
    <nd ref="2512" />
    <nd ref="2513" />
    <nd ref="2514" />
    <nd ref="2515" />
    <nd ref="2516" />
    <nd ref="2517" />
    <nd ref="2518" />
    <nd ref="2519" />
    <nd ref="2520" />
    <nd ref="2521" />
    <nd ref="2522" />
    <nd ref="2523" />
    <nd ref="2524" />
    <nd ref="2525" />
    <nd ref="2526" />
    <nd ref="2527" />
    <nd ref="2528" />
    <nd ref="2529" />
    <nd ref="2530" />
    <nd ref="2531" />
    <nd ref="2532" />
    <nd ref="2533" />
    <nd ref="2534" />
    <nd ref="2535" />
    <nd ref="2536" />
    <nd ref="2537" />
    <nd ref="2538" />
    <nd ref="2539" />
    <nd ref="2540" />
    <nd ref="2541" />
    <nd ref="2542" />
    <nd ref="2543" />
    <nd ref="2544" />
    <nd ref="2545" />
    <nd ref="2546" />
    <nd ref="2547" />
    <nd ref="2548" />
    <nd ref="2549" />
    <nd ref="2550" />
    <nd ref="2551" />
    <nd ref="2552" />
    <nd ref="2553" />
    <nd ref="2554" />
    <nd ref="2555" />
    <nd ref="2556" />
    <nd ref="2557" />
    <nd ref="2558" />
    <nd ref="2559" />
    <nd ref="2560" />
    <nd ref="2561" />
    <nd ref="2562" />
    <nd ref="2563" />
    <nd ref="2564" />
    <nd ref="2565" />
    <nd ref="2566" />
    <nd ref="2567" />
    <nd ref="2568" />
    <nd ref="2569" />
    <nd ref="2570" />
    <nd ref="2571" />
    <nd ref="2572" />
    <nd ref="2573" />
    <nd ref="2574" />
    <nd ref="2575" />
    <nd ref="2576" />
    <nd ref="2577" />
    <nd ref="2578" />
    <nd ref="2579" />
    <nd ref="2580" />
    <nd ref="2581" />
    <nd ref="2582" />
    <nd ref="2583" />
    <nd ref="2584" />
    <nd ref="2585" />
    <nd ref="2586" />
    <nd ref="2587" />
    <nd ref="2588" />
    <nd ref="2589" />
    <nd ref="2590" />
    <nd ref="2591" />
    <nd ref="2592" />
    <nd ref="2593" />
    <nd ref="2594" />
    <nd ref="2595" />
    <nd ref="2596" />
    <nd ref="2597" />
    <nd ref="2598" />
    <nd ref="2599" />
    <nd ref="2600" />
    <nd ref="2601" />
    <nd ref="2602" />
    <nd ref="2603" />
    <nd ref="2604" />
    <nd ref="2605" />
    <nd ref="2606" />
    <nd ref="2607" />
    <nd ref="2608" />
    <nd ref="2609" />
    <nd ref="2610" />
    <nd ref="2611" />
    <nd ref="2612" />
    <nd ref="2613" />
    <nd ref="2614" />
    <nd ref="2615" />
    <nd ref="2616" />
    <nd ref="2617" />
    <nd ref="2618" />
    <nd ref="2619" />
    <nd ref="2620" />
    <nd ref="2621" />
    <nd ref="2622" />
    <nd ref="2623" />
    <nd ref="2624" />
    <nd ref="2625" />
    <nd ref="2626" />
    <nd ref="2627" />
    <nd ref="2628" />
    <nd ref="2629" />
    <nd ref="2630" />
    <nd ref="2631" />
    <nd ref="2632" />
    <nd ref="2633" />
    <nd ref="2634" />
    <nd ref="2635" />
    <nd ref="2636" />
    <nd ref="2637" />
    <nd ref="2638" />
    <nd ref="2639" />
    <nd ref="2640" />
    <nd ref="2641" />
    <nd ref="2642" />
    <nd ref="2643" />
    <nd ref="2644" />
    <nd ref="2645" />
    <nd ref="2646" />
    <nd ref="2647" />
    <nd ref="2648" />
    <nd ref="2649" />
    <nd ref="2650" />
    <nd ref="2651" />
    <nd ref="2652" />
    <nd ref="2653" />
    <nd ref="2654" />
    <nd ref="2655" />
    <nd ref="2656" />
    <nd ref="2657" />
    <nd ref="2658" />
    <nd ref="2659" />
    <nd ref="2660" />
    <nd ref="2661" />
    <nd ref="2662" />
    <nd ref="2663" />
    <nd ref="2664" />
    <nd ref="2665" />
    <nd ref="2666" />
    <nd ref="2667" />
    <nd ref="2668" />
    <nd ref="2669" />
    <nd ref="2670" />
    <nd ref="2671" />
    <nd ref="2672" />
    <nd ref="2673" />
    <nd ref="2674" />
    <nd ref="2675" />
    <nd ref="2676" />
    <nd ref="2677" />
    <nd ref="2678" />
    <nd ref="2679" />
    <nd ref="2680" />
    <nd ref="2681" />
    <nd ref="2682" />
    <nd ref="2683" />
    <nd ref="2684" />
    <nd ref="2685" />
    <nd ref="2686" />
    <nd ref="2687" />
    <nd ref="2688" />
    <nd ref="2689" />
    <nd ref="2690" />
    <nd ref="2691" />
    <nd ref="2692" />
    <nd ref="2693" />
    <nd ref="2694" />
    <nd ref="2695" />
    <nd ref="2696" />
    <nd ref="2697" />
    <nd ref="2698" />
    <nd ref="2699" />
    <nd ref="2700" />
    <nd ref="2701" />
    <nd ref="2702" />
    <nd ref="2703" />
    <nd ref="2704" />
    <nd ref="2705" />
    <nd ref="2706" />
    <nd ref="2707" />
    <nd ref="2708" />
    <nd ref="2709" />
    <nd ref="2710" />
    <nd ref="2711" />
    <nd ref="2712" />
    <nd ref="2713" />
    <nd ref="2714" />
    <nd ref="2715" />
    <nd ref="2716" />
    <nd ref="2717" />
    <nd ref="2718" />
    <nd ref="2719" />
    <nd ref="2720" />
    <nd ref="2721" />
    <nd ref="2722" />
    <nd ref="2723" />
    <nd ref="2724" />
    <nd ref="2725" />
    <nd ref="2726" />
    <nd ref="2727" />
    <nd ref="2728" />
    <nd ref="2729" />
    <nd ref="2730" />
    <nd ref="2731" />
    <nd ref="2732" />
    <nd ref="2733" />
    <nd ref="2734" />
    <nd ref="2735" />
    <nd ref="2736" />
    <nd ref="2737" />
    <nd ref="2738" />
    <nd ref="2739" />
    <nd ref="2740" />
    <nd ref="2741" />
    <nd ref="2742" />
    <nd ref="2743" />
    <nd ref="2744" />
    <nd ref="2745" />
    <nd ref="2746" />
    <nd ref="2747" />
    <nd ref="2748" />
    <nd ref="2749" />
    <nd ref="2750" />
    <nd ref="2751" />
    <nd ref="2752" />
    <nd ref="2753" />
    <nd ref="2754" />
    <nd ref="2755" />
    <nd ref="2756" />
    <nd ref="2757" />
    <nd ref="2758" />
    <nd ref="2759" />
    <nd ref="2760" />
    <nd ref="2761" />
    <nd ref="2762" />
    <nd ref="2763" />
    <nd ref="2764" />
    <nd ref="2765" />
    <nd ref="2766" />
    <nd ref="2767" />
    <nd ref="2768" />
    <nd ref="2769" />
    <nd ref="2770" />
    <nd ref="2771" />
    <nd ref="2772" />
    <nd ref="2773" />
    <nd ref="2774" />
    <nd ref="2775" />
    <nd ref="2776" />
    <nd ref="2777" />
    <nd ref="2778" />
    <nd ref="2779" />
    <nd ref="2780" />
    <nd ref="2781" />
    <nd ref="2782" />
    <nd ref="2783" />
    <nd ref="2784" />
    <nd ref="2785" />
    <nd ref="2786" />
    <nd ref="2787" />
    <nd ref="2788" />
    <nd ref="2789" />
    <nd ref="2790" />
    <nd ref="2791" />
    <nd ref="2792" />
    <nd ref="2793" />
    <nd ref="2794" />
    <nd ref="2795" />
    <nd ref="2796" />
    <nd ref="2797" />
    <nd ref="2798" />
    <nd ref="2799" />
    <nd ref="2800" />
    <nd ref="2801" />
    <nd ref="2802" />
    <nd ref="2803" />
    <nd ref="2804" />
    <nd ref="2805" />
    <nd ref="2806" />
    <nd ref="2807" />
    <nd ref="2808" />
    <nd ref="2809" />
    <nd ref="2810" />
    <nd ref="2811" />
    <nd ref="2812" />
    <nd ref="2813" />
    <nd ref="2814" />
    <nd ref="2815" />
    <nd ref="2816" />
    <nd ref="2817" />
    <nd ref="2818" />
    <nd ref="2819" />
    <nd ref="2820" />
    <nd ref="2821" />
    <nd ref="2822" />
    <nd ref="2823" />
    <nd ref="2824" />
    <nd ref="2825" />
    <nd ref="2826" />
    <nd ref="2827" />
    <nd ref="2828" />
    <nd ref="2829" />
    <nd ref="2830" />
    <nd ref="2831" />
    <nd ref="2832" />
    <nd ref="2833" />
    <nd ref="2834" />
    <nd ref="2835" />
    <nd ref="2836" />
    <nd ref="2837" />
    <nd ref="2838" />
    <nd ref="2839" />
    <nd ref="2840" />
    <nd ref="2841" />
    <nd ref="2842" />
    <nd ref="2843" />
    <nd ref="2844" />
    <nd ref="2845" />
    <nd ref="2846" />
    <nd ref="2847" />
    <nd ref="2848" />
    <nd ref="2849" />
    <nd ref="2850" />
    <nd ref="2851" />
    <nd ref="2852" />
    <nd ref="2853" />
    <nd ref="2854" />
    <nd ref="2855" />
    <nd ref="2856" />
    <nd ref="2857" />
    <nd ref="2858" />
    <nd ref="2859" />
    <nd ref="2860" />
    <nd ref="2861" />
    <nd ref="2862" />
    <nd ref="2863" />
    <nd ref="2864" />
    <nd ref="2865" />
    <nd ref="2866" />
    <nd ref="2867" />
    <nd ref="2868" />
    <nd ref="2869" />
    <nd ref="2870" />
    <nd ref="2871" />
    <nd ref="2872" />
    <nd ref="2873" />
    <nd ref="2874" />
    <nd ref="2875" />
    <nd ref="2876" />
    <nd ref="2877" />
    <nd ref="2878" />
    <nd ref="2879" />
    <nd ref="2880" />
    <nd ref="2881" />
    <nd ref="2882" />
    <nd ref="2883" />
    <nd ref="2884" />
    <nd ref="2885" />
    <nd ref="2886" />
    <nd ref="2887" />
    <nd ref="2888" />
    <nd ref="2889" />
    <nd ref="2890" />
    <nd ref="2891" />
    <nd ref="2892" />
    <nd ref="2893" />
    <nd ref="2894" />
    <nd ref="2895" />
    <nd ref="2896" />
    <nd ref="2897" />
    <nd ref="2898" />
    <nd ref="2899" />
    <nd ref="2900" />
    <nd ref="2901" />
    <nd ref="2902" />
    <nd ref="2903" />
    <nd ref="2904" />
    <nd ref="2905" />
    <nd ref="2906" />
    <nd ref="2907" />
    <nd ref="2908" />
    <nd ref="2909" />
    <nd ref="2910" />
    <nd ref="2911" />
    <nd ref="2912" />
    <nd ref="2913" />
    <nd ref="2914" />
    <nd ref="2915" />
    <nd ref="2916" />
    <nd ref="2917" />
    <nd ref="2918" />
    <nd ref="2919" />
    <nd ref="2920" />
    <nd ref="2921" />
    <nd ref="2922" />
    <nd ref="2923" />
    <nd ref="2924" />
    <nd ref="2925" />
    <nd ref="2926" />
    <nd ref="2927" />
    <nd ref="2928" />
    <nd ref="2929" />
    <nd ref="2930" />
    <nd ref="2931" />
    <nd ref="2932" />
    <nd ref="2933" />
    <nd ref="2934" />
    <nd ref="2935" />
    <nd ref="2936" />
    <nd ref="2937" />
    <nd ref="2938" />
    <nd ref="2939" />
    <nd ref="2940" />
    <nd ref="2941" />
    <nd ref="2942" />
    <nd ref="2943" />
    <nd ref="2944" />
    <nd ref="2945" />
    <nd ref="2946" />
    <nd ref="2947" />
    <nd ref="2948" />
    <nd ref="2949" />
    <nd ref="2950" />
    <nd ref="2951" />
    <nd ref="2952" />
    <nd ref="2953" />
    <nd ref="2954" />
    <nd ref="2955" />
    <nd ref="2956" />
    <nd ref="2957" />
    <nd ref="2958" />
    <nd ref="2959" />
    <nd ref="2960" />
    <nd ref="2961" />
    <nd ref="2962" />
    <nd ref="2963" />
    <nd ref="2964" />
    <nd ref="2965" />
    <nd ref="2966" />
    <nd ref="2967" />
    <nd ref="2968" />
    <nd ref="2969" />
    <nd ref="2970" />
    <nd ref="2971" />
    <nd ref="2972" />
    <nd ref="2973" />
    <nd ref="2974" />
    <nd ref="2975" />
    <nd ref="2976" />
    <nd ref="2977" />
    <nd ref="2978" />
    <nd ref="2979" />
    <nd ref="2980" />
    <nd ref="2981" />
    <nd ref="2982" />
    <nd ref="2983" />
    <nd ref="2984" />
    <nd ref="2985" />
    <nd ref="2986" />
    <nd ref="2987" />
    <nd ref="2988" />
    <nd ref="2989" />
    <nd ref="2990" />
    <nd ref="2991" />
    <nd ref="2992" />
    <nd ref="2993" />
    <nd ref="2994" />
    <nd ref="2995" />
    <nd ref="2996" />
    <nd ref="2997" />
    <nd ref="2998" />
    <nd ref="2999" />
    <nd ref="3000" />
    <nd ref="3001" />
    <nd ref="3002" />
    <nd ref="3003" />
    <nd ref="3004" />
    <nd ref="3005" />
    <nd ref="3006" />
    <nd ref="3007" />
    <nd ref="3008" />
    <nd ref="3009" />
    <nd ref="3010" />
    <nd ref="3011" />
    <nd ref="3012" />
    <nd ref="3013" />
    <nd ref="3014" />
    <nd ref="3015" />
    <nd ref="3016" />
    <nd ref="3017" />
    <nd ref="3018" />
    <nd ref="3019" />
    <nd ref="3020" />
    <nd ref="3021" />
    <nd ref="3022" />
    <nd ref="3023" />
    <nd ref="3024" />
    <nd ref="3025" />
    <nd ref="3026" />
    <nd ref="3027" />
    <nd ref="3028" />
    <nd ref="3029" />
    <nd ref="3030" />
    <nd ref="3031" />
    <nd ref="3032" />
    <nd ref="3033" />
    <nd ref="3034" />
    <nd ref="3035" />
    <nd ref="3036" />
    <nd ref="3037" />
    <nd ref="3038" />
    <nd ref="3039" />
    <nd ref="3040" />
    <nd ref="3041" />
    <nd ref="3042" />
    <nd ref="3043" />
    <nd ref="3044" />
    <nd ref="3045" />
    <nd ref="3046" />
    <nd ref="3047" />
    <nd ref="3048" />
    <nd ref="3049" />
    <nd ref="3050" />
    <nd ref="3051" />
    <nd ref="3052" />
    <nd ref="3053" />
    <nd ref="3054" />
    <nd ref="3055" />
    <nd ref="3056" />
    <nd ref="3057" />
    <nd ref="3058" />
    <nd ref="3059" />
    <nd ref="3060" />
    <nd ref="3061" />
    <nd ref="3062" />
    <nd ref="3063" />
    <nd ref="3064" />
    <nd ref="3065" />
    <nd ref="3066" />
    <nd ref="3067" />
    <nd ref="3068" />
    <nd ref="3069" />
    <nd ref="3070" />
    <nd ref="3071" />
    <nd ref="3072" />
    <nd ref="3073" />
    <nd ref="3074" />
    <nd ref="3075" />
    <nd ref="3076" />
    <nd ref="3077" />
    <nd ref="3078" />
    <nd ref="3079" />
    <nd ref="3080" />
    <nd ref="3081" />
    <nd ref="3082" />
    <nd ref="3083" />
    <nd ref="3084" />
    <nd ref="3085" />
    <nd ref="3086" />
    <nd ref="3087" />
    <nd ref="3088" />
    <nd ref="3089" />
    <nd ref="3090" />
    <nd ref="3091" />
    <nd ref="3092" />
    <nd ref="3093" />
    <nd ref="3094" />
    <nd ref="3095" />
    <nd ref="3096" />
    <nd ref="3097" />
    <nd ref="3098" />
    <nd ref="3099" />
    <nd ref="3100" />
    <nd ref="3101" />
    <nd ref="3102" />
    <nd ref="3103" />
    <nd ref="3104" />
    <nd ref="3105" />
    <nd ref="3106" />
    <nd ref="3107" />
    <nd ref="3108" />
    <nd ref="3109" />
    <nd ref="3110" />
    <nd ref="3111" />
    <nd ref="3112" />
    <nd ref="3113" />
    <nd ref="3114" />
    <nd ref="3115" />
    <nd ref="3116" />
    <nd ref="3117" />
    <nd ref="3118" />
    <nd ref="3119" />
    <nd ref="3120" />
    <nd ref="3121" />
    <nd ref="3122" />
    <nd ref="3123" />
    <nd ref="3124" />
    <nd ref="3125" />
    <nd ref="3126" />
    <nd ref="3127" />
    <nd ref="3128" />
    <nd ref="3129" />
    <nd ref="3130" />
    <nd ref="3131" />
    <nd ref="3132" />
    <nd ref="3133" />
    <nd ref="3134" />
    <nd ref="3135" />
    <nd ref="3136" />
    <nd ref="3137" />
    <nd ref="3138" />
    <nd ref="3139" />
    <nd ref="3140" />
    <nd ref="3141" />
    <nd ref="3142" />
    <nd ref="3143" />
    <nd ref="3144" />
    <nd ref="3145" />
    <nd ref="3146" />
    <nd ref="3147" />
    <nd ref="3148" />
    <nd ref="3149" />
    <nd ref="3150" />
    <nd ref="3151" />
    <nd ref="3152" />
    <nd ref="3153" />
    <nd ref="3154" />
    <nd ref="3155" />
    <nd ref="3156" />
    <nd ref="3157" />
    <nd ref="3158" />
    <nd ref="3159" />
    <nd ref="3160" />
    <nd ref="3161" />
    <nd ref="3162" />
    <nd ref="3163" />
    <nd ref="3164" />
    <nd ref="3165" />
    <nd ref="3166" />
    <nd ref="3167" />
    <nd ref="3168" />
    <nd ref="3169" />
    <nd ref="3170" />
    <nd ref="3171" />
    <nd ref="3172" />
    <nd ref="3173" />
    <nd ref="3174" />
    <nd ref="3175" />
    <nd ref="3176" />
    <nd ref="3177" />
    <nd ref="3178" />
    <nd ref="3179" />
    <nd ref="3180" />
    <nd ref="3181" />
    <nd ref="3182" />
    <nd ref="3183" />
    <nd ref="3184" />
    <nd ref="3185" />
    <nd ref="3186" />
    <nd ref="3187" />
    <nd ref="3188" />
    <nd ref="3189" />
    <nd ref="3190" />
    <nd ref="3191" />
    <nd ref="3192" />
    <nd ref="3193" />
    <nd ref="3194" />
    <nd ref="3195" />
    <nd ref="3196" />
    <nd ref="3197" />
    <nd ref="3198" />
    <nd ref="3199" />
    <nd ref="3200" />
    <nd ref="3201" />
    <nd ref="3202" />
    <nd ref="3203" />
    <nd ref="3204" />
    <nd ref="3205" />
    <nd ref="3206" />
    <nd ref="3207" />
    <nd ref="3208" />
    <nd ref="3209" />
    <nd ref="3210" />
    <nd ref="3211" />
    <nd ref="3212" />
    <nd ref="3213" />
    <nd ref="3214" />
    <nd ref="3215" />
    <nd ref="3216" />
    <nd ref="3217" />
    <nd ref="3218" />
    <nd ref="3219" />
    <nd ref="3220" />
    <nd ref="3221" />
    <nd ref="3222" />
    <nd ref="3223" />
    <nd ref="3224" />
    <nd ref="3225" />
    <nd ref="3226" />
    <nd ref="3227" />
    <nd ref="3228" />
    <nd ref="3229" />
    <nd ref="3230" />
    <nd ref="3231" />
    <nd ref="3232" />
    <nd ref="3233" />
    <nd ref="3234" />
    <nd ref="3235" />
    <nd ref="3236" />
    <nd ref="3237" />
    <nd ref="3238" />
    <nd ref="3239" />
    <nd ref="3240" />
    <nd ref="3241" />
    <nd ref="3242" />
    <nd ref="3243" />
    <nd ref="3244" />
    <nd ref="3245" />
    <nd ref="3246" />
    <nd ref="3247" />
    <nd ref="3248" />
    <nd ref="3249" />
    <nd ref="3250" />
    <nd ref="3251" />
    <nd ref="3252" />
    <nd ref="3253" />
    <nd ref="3254" />
    <nd ref="3255" />
    <nd ref="3256" />
    <nd ref="3257" />
    <nd ref="3258" />
    <nd ref="3259" />
    <nd ref="3260" />
    <nd ref="3261" />
    <nd ref="3262" />
    <nd ref="3263" />
    <nd ref="3264" />
    <nd ref="3265" />
    <nd ref="3266" />
    <nd ref="3267" />
    <nd ref="3268" />
    <nd ref="3269" />
    <nd ref="3270" />
    <nd ref="3271" />
    <nd ref="3272" />
    <nd ref="3273" />
    <nd ref="3274" />
    <nd ref="3275" />
    <nd ref="3276" />
    <nd ref="3277" />
    <nd ref="3278" />
    <nd ref="3279" />
    <nd ref="3280" />
    <nd ref="3281" />
    <nd ref="3282" />
    <nd ref="3283" />
    <nd ref="3284" />
    <nd ref="3285" />
    <nd ref="3286" />
    <nd ref="3287" />
    <nd ref="3288" />
    <nd ref="3289" />
    <nd ref="3290" />
    <nd ref="3291" />
    <nd ref="3292" />
    <nd ref="3293" />
    <nd ref="3294" />
    <nd ref="3295" />
    <nd ref="3296" />
    <nd ref="3297" />
    <nd ref="3298" />
    <nd ref="3299" />
    <nd ref="3300" />
    <nd ref="3301" />
    <nd ref="3302" />
    <nd ref="3303" />
    <nd ref="3304" />
    <nd ref="3305" />
    <nd ref="3306" />
    <nd ref="3307" />
    <nd ref="3308" />
    <nd ref="3309" />
    <nd ref="3310" />
    <nd ref="3311" />
    <nd ref="3312" />
    <nd ref="3313" />
    <nd ref="3314" />
    <nd ref="3315" />
    <nd ref="3316" />
    <nd ref="3317" />
    <nd ref="3318" />
    <nd ref="3319" />
    <nd ref="3320" />
    <nd ref="3321" />
    <nd ref="3322" />
    <nd ref="3323" />
    <nd ref="3324" />
    <nd ref="3325" />
    <nd ref="3326" />
    <nd ref="3327" />
    <nd ref="3328" />
    <nd ref="3329" />
    <nd ref="3330" />
    <nd ref="3331" />
    <nd ref="3332" />
    <nd ref="3333" />
    <nd ref="3334" />
    <nd ref="3335" />
    <nd ref="3336" />
    <nd ref="3337" />
    <nd ref="3338" />
    <nd ref="3339" />
    <nd ref="3340" />
    <nd ref="3341" />
    <nd ref="3342" />
    <nd ref="3343" />
    <nd ref="3344" />
    <nd ref="3345" />
    <nd ref="3346" />
    <nd ref="3347" />
    <nd ref="3348" />
    <nd ref="3349" />
    <nd ref="3350" />
    <nd ref="3351" />
    <nd ref="3352" />
    <nd ref="3353" />
    <nd ref="3354" />
    <nd ref="3355" />
    <nd ref="3356" />
    <nd ref="3357" />
    <nd ref="3358" />
    <nd ref="3359" />
    <nd ref="3360" />
    <nd ref="3361" />
    <nd ref="3362" />
    <nd ref="3363" />
    <nd ref="3364" />
    <nd ref="3365" />
    <nd ref="3366" />
    <nd ref="3367" />
    <nd ref="3368" />
    <nd ref="3369" />
    <nd ref="3370" />
    <nd ref="3371" />
    <nd ref="3372" />
    <nd ref="3373" />
    <nd ref="3374" />
    <nd ref="3375" />
    <nd ref="3376" />
    <nd ref="3377" />
    <nd ref="3378" />
    <nd ref="3379" />
    <nd ref="3380" />
    <nd ref="3381" />
    <nd ref="3382" />
    <nd ref="3383" />
    <nd ref="3384" />
    <nd ref="3385" />
    <nd ref="3386" />
    <nd ref="3387" />
    <nd ref="3388" />
    <nd ref="3389" />
    <nd ref="3390" />
    <nd ref="3391" />
    <nd ref="3392" />
    <nd ref="3393" />
    <nd ref="3394" />
    <nd ref="3395" />
    <nd ref="3396" />
    <nd ref="3397" />
    <nd ref="3398" />
    <nd ref="3399" />
    <nd ref="3400" />
    <nd ref="3401" />
    <nd ref="3402" />
    <nd ref="3403" />
    <nd ref="3404" />
    <nd ref="3405" />
    <nd ref="3406" />
    <nd ref="3407" />
    <nd ref="3408" />
    <nd ref="3409" />
    <nd ref="3410" />
    <nd ref="3411" />
    <nd ref="3412" />
    <nd ref="3413" />
    <nd ref="3414" />
    <nd ref="3415" />
    <nd ref="3416" />
    <nd ref="3417" />
    <nd ref="3418" />
    <nd ref="3419" />
    <nd ref="3420" />
    <nd ref="3421" />
    <nd ref="3422" />
    <nd ref="3423" />
    <nd ref="3424" />
    <nd ref="3425" />
    <nd ref="3426" />
    <nd ref="3427" />
    <nd ref="3428" />
    <nd ref="3429" />
    <nd ref="3430" />
    <nd ref="3431" />
    <nd ref="3432" />
    <nd ref="3433" />
    <nd ref="3434" />
    <nd ref="3435" />
    <nd ref="3436" />
    <nd ref="3437" />
    <nd ref="3438" />
    <nd ref="3439" />
    <nd ref="3440" />
    <nd ref="3441" />
    <nd ref="3442" />
    <nd ref="3443" />
    <nd ref="3444" />
    <nd ref="3445" />
    <nd ref="3446" />
    <nd ref="3447" />
    <nd ref="3448" />
    <nd ref="3449" />
    <nd ref="3450" />
    <nd ref="3451" />
    <nd ref="3452" />
    <nd ref="3453" />
    <nd ref="3454" />
    <nd ref="3455" />
    <nd ref="3456" />
    <nd ref="3457" />
    <nd ref="3458" />
    <nd ref="3459" />
    <nd ref="3460" />
    <nd ref="3461" />
    <nd ref="3462" />
    <nd ref="3463" />
    <nd ref="3464" />
    <nd ref="3465" />
    <nd ref="3466" />
    <nd ref="3467" />
    <nd ref="3468" />
    <nd ref="3469" />
    <nd ref="3470" />
    <nd ref="3471" />
    <nd ref="3472" />
    <nd ref="3473" />
    <nd ref="3474" />
    <nd ref="3475" />
    <nd ref="3476" />
    <nd ref="3477" />
    <nd ref="3478" />
    <nd ref="3479" />
    <nd ref="3480" />
    <nd ref="3481" />
    <nd ref="3482" />
    <nd ref="3483" />
    <nd ref="3484" />
    <nd ref="3485" />
    <nd ref="3486" />
    <nd ref="3487" />
    <nd ref="3488" />
    <nd ref="3489" />
    <nd ref="3490" />
    <nd ref="3491" />
    <nd ref="3492" />
    <nd ref="3493" />
    <nd ref="3494" />
    <nd ref="3495" />
    <nd ref="3496" />
    <nd ref="3497" />
    <nd ref="3498" />
    <nd ref="3499" />
    <nd ref="3500" />
    <nd ref="3501" />
    <nd ref="3502" />
    <nd ref="3503" />
    <nd ref="3504" />
    <nd ref="3505" />
    <nd ref="3506" />
    <nd ref="3507" />
    <nd ref="3508" />
    <nd ref="3509" />
    <nd ref="3510" />
    <nd ref="3511" />
    <nd ref="3512" />
    <nd ref="3513" />
    <nd ref="3514" />
    <nd ref="3515" />
    <nd ref="3516" />
    <nd ref="3517" />
    <nd ref="3518" />
    <nd ref="3519" />
    <nd ref="3520" />
    <nd ref="3521" />
    <nd ref="3522" />
    <nd ref="3523" />
    <nd ref="3524" />
    <nd ref="3525" />
    <nd ref="3526" />
    <nd ref="3527" />
    <nd ref="3528" />
    <nd ref="3529" />
    <nd ref="3530" />
    <nd ref="3531" />
    <nd ref="3532" />
    <nd ref="3533" />
    <nd ref="3534" />
    <nd ref="3535" />
    <nd ref="3536" />
    <nd ref="3537" />
    <nd ref="3538" />
    <nd ref="3539" />
    <nd ref="3540" />
    <nd ref="3541" />
    <nd ref="3542" />
    <nd ref="3543" />
    <nd ref="3544" />
    <nd ref="3545" />
    <nd ref="3546" />
    <nd ref="3547" />
    <nd ref="3548" />
    <nd ref="3549" />
    <nd ref="3550" />
    <nd ref="3551" />
    <nd ref="3552" />
    <nd ref="3553" />
    <nd ref="3554" />
    <nd ref="3555" />
    <nd ref="3556" />
    <nd ref="3557" />
    <nd ref="3558" />
    <nd ref="3559" />
    <nd ref="3560" />
    <nd ref="3561" />
    <nd ref="3562" />
    <nd ref="3563" />
    <nd ref="3564" />
    <nd ref="3565" />
    <nd ref="3566" />
    <nd ref="3567" />
    <nd ref="3568" />
    <nd ref="3569" />
    <nd ref="3570" />
    <nd ref="3571" />
    <nd ref="3572" />
    <nd ref="3573" />
    <nd ref="3574" />
    <nd ref="3575" />
    <nd ref="3576" />
    <nd ref="3577" />
    <nd ref="3578" />
    <nd ref="3579" />
    <nd ref="3580" />
    <nd ref="3581" />
    <nd ref="3582" />
    <nd ref="3583" />
    <nd ref="3584" />
    <nd ref="3585" />
    <nd ref="3586" />
    <nd ref="3587" />
    <nd ref="3588" />
    <nd ref="3589" />
    <nd ref="3590" />
    <nd ref="3591" />
    <nd ref="3592" />
    <nd ref="3593" />
    <nd ref="3594" />
    <nd ref="3595" />
    <nd ref="3596" />
    <nd ref="3597" />
    <nd ref="3598" />
    <nd ref="3599" />
    <nd ref="3600" />
    <nd ref="3601" />
    <nd ref="3602" />
    <nd ref="3603" />
    <nd ref="3604" />
    <nd ref="3605" />
    <nd ref="3606" />
    <nd ref="3607" />
    <nd ref="3608" />
    <nd ref="3609" />
    <nd ref="3610" />
    <nd ref="3611" />
    <nd ref="3612" />
    <nd ref="3613" />
    <nd ref="3614" />
    <nd ref="3615" />
    <nd ref="3616" />
    <nd ref="3617" />
    <nd ref="3618" />
    <nd ref="3619" />
    <nd ref="3620" />
    <nd ref="3621" />
    <nd ref="3622" />
    <nd ref="3623" />
    <nd ref="3624" />
    <nd ref="3625" />
    <nd ref="3626" />
    <nd ref="3627" />
    <nd ref="3628" />
    <nd ref="3629" />
    <nd ref="3630" />
    <nd ref="3631" />
    <nd ref="3632" />
    <nd ref="3633" />
    <nd ref="3634" />
    <nd ref="3635" />
    <nd ref="3636" />
    <nd ref="3637" />
    <nd ref="3638" />
    <nd ref="3639" />
    <nd ref="3640" />
    <nd ref="3641" />
    <nd ref="3642" />
    <nd ref="3643" />
    <nd ref="3644" />
    <nd ref="3645" />
    <nd ref="3646" />
    <nd ref="3647" />
    <nd ref="3648" />
    <nd ref="3649" />
    <nd ref="3650" />
    <nd ref="3651" />
    <nd ref="3652" />
    <nd ref="3653" />
    <nd ref="3654" />
    <nd ref="3655" />
    <nd ref="3656" />
    <nd ref="3657" />
    <nd ref="3658" />
    <nd ref="3659" />
    <nd ref="3660" />
    <nd ref="3661" />
    <nd ref="3662" />
    <nd ref="3663" />
    <nd ref="3664" />
    <nd ref="3665" />
    <nd ref="3666" />
    <nd ref="3667" />
    <nd ref="3668" />
    <nd ref="3669" />
    <nd ref="3670" />
    <nd ref="3671" />
    <nd ref="3672" />
    <nd ref="3673" />
    <nd ref="3674" />
    <nd ref="3675" />
    <nd ref="3676" />
    <nd ref="3677" />
    <nd ref="3678" />
    <nd ref="3679" />
    <nd ref="3680" />
    <nd ref="3681" />
    <nd ref="3682" />
    <nd ref="3683" />
    <nd ref="3684" />
    <nd ref="3685" />
    <nd ref="3686" />
    <nd ref="3687" />
    <nd ref="3688" />
    <nd ref="3689" />
    <nd ref="3690" />
    <nd ref="3691" />
    <nd ref="3692" />
    <nd ref="3693" />
    <nd ref="3694" />
    <nd ref="3695" />
    <nd ref="3696" />
    <nd ref="3697" />
    <nd ref="3698" />
    <nd ref="3699" />
    <nd ref="3700" />
    <nd ref="3701" />
    <nd ref="3702" />
    <nd ref="3703" />
    <nd ref="3704" />
    <nd ref="3705" />
    <nd ref="3706" />
    <nd ref="3707" />
    <nd ref="3708" />
    <nd ref="3709" />
    <nd ref="3710" />
    <nd ref="3711" />
    <nd ref="3712" />
    <nd ref="3713" />
    <nd ref="3714" />
    <nd ref="3715" />
    <nd ref="3716" />
    <nd ref="3717" />
    <nd ref="3718" />
    <nd ref="3719" />
    <nd ref="3720" />
    <nd ref="3721" />
    <nd ref="3722" />
    <nd ref="3723" />
    <nd ref="3724" />
    <nd ref="3725" />
    <nd ref="3726" />
    <nd ref="3727" />
    <nd ref="3728" />
    <nd ref="3729" />
    <nd ref="3730" />
    <nd ref="3731" />
    <nd ref="3732" />
    <nd ref="3733" />
    <nd ref="3734" />
    <nd ref="3735" />
    <nd ref="3736" />
    <nd ref="3737" />
    <nd ref="3738" />
    <nd ref="3739" />
    <nd ref="3740" />
    <nd ref="3741" />
    <nd ref="3742" />
    <nd ref="3743" />
    <nd ref="3744" />
    <nd ref="3745" />
    <nd ref="3746" />
    <nd ref="3747" />
    <nd ref="3748" />
    <nd ref="3749" />
    <nd ref="3750" />
    <nd ref="3751" />
    <nd ref="3752" />
    <nd ref="3753" />
    <nd ref="3754" />
    <nd ref="3755" />
    <nd ref="3756" />
    <nd ref="3757" />
    <nd ref="3758" />
    <nd ref="3759" />
    <nd ref="3760" />
    <nd ref="3761" />
    <nd ref="3762" />
    <nd ref="3763" />
    <nd ref="3764" />
    <nd ref="3765" />
    <nd ref="3766" />
    <nd ref="3767" />
    <nd ref="3768" />
    <nd ref="3769" />
    <nd ref="3770" />
    <nd ref="3771" />
    <nd ref="3772" />
    <nd ref="3773" />
    <nd ref="3774" />
    <nd ref="3775" />
    <nd ref="3776" />
    <nd ref="3777" />
    <nd ref="3778" />
    <nd ref="3779" />
    <nd ref="3780" />
    <nd ref="3781" />
    <nd ref="3782" />
    <nd ref="3783" />
    <nd ref="3784" />
    <nd ref="3785" />
    <nd ref="3786" />
    <nd ref="3787" />
    <nd ref="3788" />
    <nd ref="3789" />
    <nd ref="3790" />
    <nd ref="3791" />
    <nd ref="3792" />
    <nd ref="3793" />
    <nd ref="3794" />
    <nd ref="3795" />
    <nd ref="3796" />
    <nd ref="3797" />
    <nd ref="3798" />
    <nd ref="3799" />
    <nd ref="3800" />
    <nd ref="3801" />
    <nd ref="3802" />
    <nd ref="3803" />
    <nd ref="3804" />
    <nd ref="3805" />
    <nd ref="3806" />
    <nd ref="3807" />
    <nd ref="3808" />
    <nd ref="3809" />
    <nd ref="3810" />
    <nd ref="3811" />
    <nd ref="3812" />
    <nd ref="3813" />
    <nd ref="3814" />
    <nd ref="3815" />
    <nd ref="3816" />
    <nd ref="3817" />
    <nd ref="3818" />
    <nd ref="3819" />
    <nd ref="3820" />
    <nd ref="3821" />
    <nd ref="3822" />
    <nd ref="3823" />
    <nd ref="3824" />
    <nd ref="3825" />
    <nd ref="3826" />
    <nd ref="3827" />
    <nd ref="3828" />
    <nd ref="3829" />
    <nd ref="3830" />
    <nd ref="3831" />
    <nd ref="3832" />
    <nd ref="3833" />
    <nd ref="3834" />
    <nd ref="3835" />
    <nd ref="3836" />
    <nd ref="3837" />
    <nd ref="3838" />
    <nd ref="3839" />
    <nd ref="3840" />
    <nd ref="3841" />
    <nd ref="3842" />
    <nd ref="3843" />
    <nd ref="3844" />
    <nd ref="3845" />
    <nd ref="3846" />
    <nd ref="3847" />
    <nd ref="3848" />
    <nd ref="3849" />
    <nd ref="3850" />
    <nd ref="3851" />
    <nd ref="3852" />
    <nd ref="3853" />
    <nd ref="3854" />
    <nd ref="3855" />
    <nd ref="3856" />
    <nd ref="3857" />
    <nd ref="3858" />
    <nd ref="3859" />
    <nd ref="3860" />
    <nd ref="3861" />
    <nd ref="3862" />
    <nd ref="3863" />
    <nd ref="3864" />
    <nd ref="3865" />
    <nd ref="3866" />
    <nd ref="3867" />
    <nd ref="3868" />
    <nd ref="3869" />
    <nd ref="3870" />
    <nd ref="3871" />
    <nd ref="3872" />
    <nd ref="3873" />
    <nd ref="3874" />
    <nd ref="3875" />
    <nd ref="3876" />
    <nd ref="3877" />
    <nd ref="3878" />
    <nd ref="3879" />
    <nd ref="3880" />
    <nd ref="3881" />
    <nd ref="3882" />
    <nd ref="3883" />
    <nd ref="3884" />
    <nd ref="3885" />
    <nd ref="3886" />
    <nd ref="3887" />
    <nd ref="3888" />
    <nd ref="3889" />
    <nd ref="3890" />
    <nd ref="3891" />
    <nd ref="3892" />
    <nd ref="3893" />
    <nd ref="3894" />
    <nd ref="3895" />
    <nd ref="3896" />
    <nd ref="3897" />
    <nd ref="3898" />
    <nd ref="3899" />
    <nd ref="3900" />
    <nd ref="3901" />
    <nd ref="3902" />
    <nd ref="3903" />
    <nd ref="3904" />
    <nd ref="3905" />
    <nd ref="3906" />
    <nd ref="3907" />
    <nd ref="3908" />
    <nd ref="3909" />
    <nd ref="3910" />
    <nd ref="3911" />
    <nd ref="3912" />
    <nd ref="3913" />
    <nd ref="3914" />
    <nd ref="3915" />
    <nd ref="3916" />
    <nd ref="3917" />
    <nd ref="3918" />
    <nd ref="3919" />
    <nd ref="3920" />
    <nd ref="3921" />
    <nd ref="3922" />
    <nd ref="3923" />
    <nd ref="3924" />
    <nd ref="3925" />
    <nd ref="3926" />
    <nd ref="3927" />
    <nd ref="3928" />
    <nd ref="3929" />
    <nd ref="3930" />
    <nd ref="3931" />
    <nd ref="3932" />
    <nd ref="3933" />
    <nd ref="3934" />
    <nd ref="3935" />
    <nd ref="3936" />
    <nd ref="3937" />
    <nd ref="3938" />
    <nd ref="3939" />
    <nd ref="3940" />
    <nd ref="3941" />
    <nd ref="3942" />
    <nd ref="3943" />
    <nd ref="3944" />
    <nd ref="3945" />
    <nd ref="3946" />
    <nd ref="3947" />
    <nd ref="3948" />
    <nd ref="3949" />
    <nd ref="3950" />
    <nd ref="3951" />
    <nd ref="766" />
    <tag k="natural" v="water" />
    <tag k="water" v="lake" />
    <tag k="name" v="Lago del Oeste" />
  </way>
  <way id="514" visible="true" version="1">
    <nd ref="3952" />
    <nd ref="3953" />
    <nd ref="3954" />
    <nd ref="3955" />
    <nd ref="3956" />
    <nd ref="3957" />
    <nd ref="3958" />
    <nd ref="3959" />
    <nd ref="3960" />
    <nd ref="3961" />
    <nd ref="3962" />
    <nd ref="3963" />
    <nd ref="3964" />
    <nd ref="3965" />
    <nd ref="3966" />
    <nd ref="3967" />
    <nd ref="3968" />
    <nd ref="3969" />
    <nd ref="3970" />
    <nd ref="3971" />
    <nd ref="3972" />
    <nd ref="3973" />
    <nd ref="3974" />
    <nd ref="3975" />
    <nd ref="3976" />
    <nd ref="3977" />
    <nd ref="3978" />
    <nd ref="3979" />
    <nd ref="3980" />
    <nd ref="3981" />
    <nd ref="3982" />
    <nd ref="3983" />
    <nd ref="3984" />
    <nd ref="3985" />
    <nd ref="3986" />
    <nd ref="3987" />
    <nd ref="3988" />
    <nd ref="3989" />
    <nd ref="3990" />
    <nd ref="3991" />
    <nd ref="3992" />
    <nd ref="3993" />
    <nd ref="3994" />
    <nd ref="3995" />
    <nd ref="3996" />
    <nd ref="3997" />
    <nd ref="3998" />
    <nd ref="3999" />
    <nd ref="4000" />
    <nd ref="4001" />
    <nd ref="4002" />
    <nd ref="4003" />
    <nd ref="4004" />
    <nd ref="4005" />
    <nd ref="4006" />
    <nd ref="4007" />
    <nd ref="4008" />
    <nd ref="4009" />
    <nd ref="4010" />
    <nd ref="4011" />
    <nd ref="4012" />
    <nd ref="4013" />
    <nd ref="4014" />
    <nd ref="4015" />
    <nd ref="4016" />
    <nd ref="4017" />
    <nd ref="4018" />
    <nd ref="4019" />
    <nd ref="4020" />
    <nd ref="4021" />
    <nd ref="4022" />
    <nd ref="4023" />
    <nd ref="4024" />
    <nd ref="4025" />
    <nd ref="4026" />
    <nd ref="4027" />
    <nd ref="4028" />
    <nd ref="4029" />
    <nd ref="4030" />
    <nd ref="4031" />
    <nd ref="4032" />
    <nd ref="4033" />
    <nd ref="4034" />
    <nd ref="4035" />
    <nd ref="4036" />
    <nd ref="4037" />
    <nd ref="4038" />
    <nd ref="4039" />
    <nd ref="4040" />
    <nd ref="4041" />
    <nd ref="4042" />
    <nd ref="4043" />
    <nd ref="4044" />
    <nd ref="4045" />
    <nd ref="4046" />
    <nd ref="4047" />
    <nd ref="4048" />
    <nd ref="4049" />
    <nd ref="4050" />
    <nd ref="4051" />
    <nd ref="4052" />
    <nd ref="4053" />
    <nd ref="4054" />
    <nd ref="4055" />
    <nd ref="4056" />
    <nd ref="4057" />
    <nd ref="4058" />
    <nd ref="4059" />
    <nd ref="4060" />
    <nd ref="4061" />
    <nd ref="4062" />
    <nd ref="4063" />
    <nd ref="4064" />
    <nd ref="4065" />
    <nd ref="4066" />
    <nd ref="4067" />
    <nd ref="4068" />
    <nd ref="4069" />
    <nd ref="4070" />
    <nd ref="4071" />
    <nd ref="4072" />
    <nd ref="4073" />
    <nd ref="3952" />
    <tag k="landuse" v="farmyard" />
    <tag k="natural" v="wood" />
  </way>
  <way id="515" visible="true" version="1">
    <nd ref="4074" />
    <nd ref="4075" />
    <nd ref="4076" />
    <nd ref="4077" />
    <nd ref="4078" />
    <nd ref="4079" />
    <nd ref="4080" />
    <nd ref="4081" />
    <nd ref="4082" />
    <nd ref="4083" />
    <nd ref="4084" />
    <nd ref="4085" />
    <nd ref="4086" />
    <nd ref="4087" />
    <nd ref="4088" />
    <nd ref="4089" />
    <nd ref="4090" />
    <nd ref="4091" />
    <nd ref="4092" />
    <nd ref="4093" />
    <nd ref="4094" />
    <nd ref="4095" />
    <nd ref="4096" />
    <nd ref="4097" />
    <nd ref="4098" />
    <nd ref="4099" />
    <nd ref="4100" />
    <nd ref="4101" />
    <nd ref="4102" />
    <nd ref="4103" />
    <nd ref="4104" />
    <nd ref="4105" />
    <nd ref="4106" />
    <nd ref="4107" />
    <nd ref="4108" />
    <nd ref="4109" />
    <nd ref="4110" />
    <nd ref="4111" />
    <nd ref="4112" />
    <nd ref="4113" />
    <nd ref="4114" />
    <nd ref="4115" />
    <nd ref="4116" />
    <nd ref="4117" />
    <nd ref="4118" />
    <nd ref="4119" />
    <nd ref="4120" />
    <nd ref="4121" />
    <nd ref="4122" />
    <nd ref="4123" />
    <nd ref="4124" />
    <nd ref="4125" />
    <nd ref="4126" />
    <nd ref="4127" />
    <nd ref="4128" />
    <nd ref="4129" />
    <nd ref="4130" />
    <nd ref="4131" />
    <nd ref="4132" />
    <nd ref="4133" />
    <nd ref="4134" />
    <nd ref="4135" />
    <nd ref="4136" />
    <nd ref="4137" />
    <nd ref="4138" />
    <nd ref="4139" />
    <nd ref="4140" />
    <nd ref="4141" />
    <nd ref="4142" />
    <nd ref="4143" />
    <nd ref="4144" />
    <nd ref="4145" />
    <nd ref="4146" />
    <nd ref="4147" />
    <nd ref="4148" />
    <nd ref="4149" />
    <nd ref="4150" />
    <nd ref="4151" />
    <nd ref="4152" />
    <nd ref="4153" />
    <nd ref="4154" />
    <nd ref="4155" />
    <nd ref="4156" />
    <nd ref="4157" />
    <nd ref="4158" />
    <nd ref="4159" />
    <nd ref="4160" />
    <nd ref="4161" />
    <nd ref="4162" />
    <nd ref="4163" />
    <nd ref="4164" />
    <nd ref="4165" />
    <nd ref="4166" />
    <nd ref="4167" />
    <nd ref="4168" />
    <nd ref="4169" />
    <nd ref="4170" />
    <nd ref="4171" />
    <nd ref="4172" />
    <nd ref="4173" />
    <nd ref="4174" />
    <nd ref="4175" />
    <nd ref="4176" />
    <nd ref="4177" />
    <nd ref="4178" />
    <nd ref="4179" />
    <nd ref="4180" />
    <nd ref="4181" />
    <nd ref="4182" />
    <nd ref="4183" />
    <nd ref="4184" />
    <nd ref="4185" />
    <nd ref="4186" />
    <nd ref="4187" />
    <nd ref="4188" />
    <nd ref="4189" />
    <nd ref="4190" />
    <nd ref="4191" />
    <nd ref="4192" />
    <nd ref="4193" />
    <nd ref="4194" />
    <nd ref="4195" />
    <nd ref="4196" />
    <nd ref="4197" />
    <nd ref="4198" />
    <nd ref="4199" />
    <nd ref="4074" />
    <tag k="landuse" v="farmyard" />
    <tag k="natural" v="wood" />
  </way>
  <way id="516" visible="true" version="1">
    <nd ref="4200" />
    <nd ref="4201" />
    <nd ref="4202" />
    <nd ref="4203" />
    <nd ref="4204" />
    <nd ref="4205" />
    <nd ref="4206" />
    <nd ref="4207" />
    <nd ref="4208" />
    <nd ref="4209" />
    <nd ref="4210" />
    <nd ref="4211" />
    <nd ref="4212" />
    <nd ref="4213" />
    <nd ref="4214" />
    <nd ref="4215" />
    <nd ref="4216" />
    <nd ref="4217" />
    <nd ref="4218" />
    <nd ref="4219" />
    <nd ref="4220" />
    <nd ref="4221" />
    <nd ref="4222" />
    <nd ref="4223" />
    <nd ref="4224" />
    <nd ref="4225" />
    <nd ref="4226" />
    <nd ref="4227" />
    <nd ref="4228" />
    <nd ref="4229" />
    <nd ref="4230" />
    <nd ref="4231" />
    <nd ref="4232" />
    <nd ref="4233" />
    <nd ref="4234" />
    <nd ref="4235" />
    <nd ref="4236" />
    <nd ref="4237" />
    <nd ref="4238" />
    <nd ref="4239" />
    <nd ref="4240" />
    <nd ref="4241" />
    <nd ref="4242" />
    <nd ref="4243" />
    <nd ref="4244" />
    <nd ref="4245" />
    <nd ref="4246" />
    <nd ref="4247" />
    <nd ref="4248" />
    <nd ref="4249" />
    <nd ref="4250" />
    <nd ref="4251" />
    <nd ref="4252" />
    <nd ref="4253" />
    <nd ref="4254" />
    <nd ref="4255" />
    <nd ref="4256" />
    <nd ref="4257" />
    <nd ref="4258" />
    <nd ref="4259" />
    <nd ref="4260" />
    <nd ref="4261" />
    <nd ref="4262" />
    <nd ref="4263" />
    <nd ref="4264" />
    <nd ref="4265" />
    <nd ref="4266" />
    <nd ref="4267" />
    <nd ref="4268" />
    <nd ref="4269" />
    <nd ref="4270" />
    <nd ref="4271" />
    <nd ref="4272" />
    <nd ref="4273" />
    <nd ref="4274" />
    <nd ref="4275" />
    <nd ref="4276" />
    <nd ref="4277" />
    <nd ref="4278" />
    <nd ref="4279" />
    <nd ref="4280" />
    <nd ref="4281" />
    <nd ref="4282" />
    <nd ref="4283" />
    <nd ref="4284" />
    <nd ref="4285" />
    <nd ref="4286" />
    <nd ref="4287" />
    <nd ref="4288" />
    <nd ref="4289" />
    <nd ref="4290" />
    <nd ref="4291" />
    <nd ref="4292" />
    <nd ref="4293" />
    <nd ref="4294" />
    <nd ref="4295" />
    <nd ref="4296" />
    <nd ref="4297" />
    <nd ref="4298" />
    <nd ref="4299" />
    <nd ref="4300" />
    <nd ref="4301" />
    <nd ref="4302" />
    <nd ref="4303" />
    <nd ref="4304" />
    <nd ref="4305" />
    <nd ref="4306" />
    <nd ref="4307" />
    <nd ref="4308" />
    <nd ref="4309" />
    <nd ref="4310" />
    <nd ref="4311" />
    <nd ref="4312" />
    <nd ref="4313" />
    <nd ref="4314" />
    <nd ref="4315" />
    <nd ref="4316" />
    <nd ref="4317" />
    <nd ref="4318" />
    <nd ref="4319" />
    <nd ref="4320" />
    <nd ref="4321" />
    <nd ref="4200" />
    <tag k="landuse" v="farmyard" />
    <tag k="natural" v="wood" />
  </way>
  <way id="517" visible="true" version="1">
    <nd ref="8253" />
    <nd ref="8254" />
    <nd ref="8255" />
    <nd ref="8256" />
    <nd ref="8257" />
    <nd ref="8258" />
    <nd ref="8259" />
    <nd ref="8260" />
    <nd ref="8261" />
    <nd ref="8262" />
    <nd ref="8263" />
    <nd ref="8264" />
    <nd ref="8265" />
    <nd ref="8266" />
    <nd ref="8267" />
    <nd ref="8268" />
    <nd ref="8269" />
    <nd ref="8270" />
    <nd ref="8271" />
    <nd ref="8272" />
    <nd ref="8273" />
    <nd ref="8274" />
    <nd ref="8275" />
    <nd ref="8276" />
    <nd ref="8277" />
    <nd ref="8278" />
    <nd ref="8279" />
    <nd ref="8280" />
    <nd ref="8281" />
    <nd ref="8282" />
    <nd ref="8283" />
    <nd ref="8284" />
    <nd ref="8285" />
    <nd ref="8286" />
    <nd ref="8287" />
    <nd ref="8288" />
    <nd ref="8289" />
    <nd ref="8290" />
    <nd ref="8291" />
    <nd ref="8292" />
    <nd ref="8293" />
    <nd ref="8294" />
    <nd ref="8295" />
    <nd ref="8296" />
    <nd ref="8297" />
    <nd ref="8298" />
    <nd ref="8299" />
    <nd ref="8300" />
    <nd ref="8301" />
    <nd ref="8302" />
    <nd ref="8303" />
    <nd ref="8304" />
    <nd ref="8305" />
    <nd ref="8306" />
    <nd ref="8307" />
    <nd ref="8308" />
    <nd ref="8309" />
    <nd ref="8310" />
    <nd ref="8311" />
    <nd ref="8312" />
    <nd ref="8313" />
    <nd ref="8314" />
    <nd ref="8315" />
    <nd ref="8316" />
    <nd ref="8317" />
    <nd ref="8318" />
    <nd ref="8319" />
    <nd ref="8320" />
    <nd ref="8321" />
    <nd ref="8322" />
    <nd ref="8323" />
    <nd ref="8324" />
    <nd ref="8325" />
    <nd ref="8326" />
    <nd ref="8327" />
    <nd ref="8328" />
    <nd ref="8329" />
    <nd ref="8330" />
    <nd ref="8331" />
    <nd ref="8332" />
    <nd ref="8333" />
    <nd ref="8334" />
    <nd ref="8335" />
    <nd ref="8336" />
    <nd ref="8337" />
    <nd ref="8338" />
    <nd ref="8339" />
    <nd ref="8340" />
    <nd ref="8341" />
    <nd ref="8342" />
    <nd ref="8343" />
    <nd ref="8344" />
    <nd ref="8345" />
    <nd ref="8346" />
    <nd ref="8347" />
    <nd ref="8348" />
    <nd ref="8349" />
    <nd ref="8350" />
    <nd ref="8351" />
    <nd ref="8352" />
    <nd ref="8353" />
    <nd ref="8354" />
    <nd ref="8355" />
    <nd ref="8356" />
    <nd ref="8357" />
    <nd ref="8358" />
    <nd ref="8359" />
    <nd ref="8360" />
    <nd ref="8361" />
    <nd ref="8362" />
    <nd ref="8363" />
    <nd ref="8364" />
    <nd ref="8365" />
    <nd ref="8366" />
    <nd ref="8367" />
    <nd ref="8368" />
    <nd ref="8369" />
    <nd ref="8370" />
    <nd ref="8371" />
    <nd ref="8372" />
    <nd ref="8373" />
    <nd ref="8374" />
    <nd ref="8375" />
    <nd ref="8376" />
    <nd ref="8377" />
    <nd ref="8378" />
    <nd ref="8379" />
    <nd ref="8380" />
    <nd ref="8381" />
    <nd ref="8382" />
    <nd ref="8383" />
    <nd ref="8384" />
    <nd ref="8385" />
    <nd ref="8386" />
    <nd ref="8387" />
    <nd ref="8388" />
    <nd ref="8389" />
    <nd ref="8390" />
    <nd ref="8391" />
    <nd ref="8392" />
    <nd ref="8393" />
    <nd ref="8394" />
    <nd ref="8395" />
    <nd ref="8396" />
    <nd ref="8397" />
    <nd ref="8398" />
    <nd ref="8399" />
    <nd ref="8400" />
    <nd ref="8253" />
    <tag k="landuse" v="farmyard" />
    <tag k="natural" v="wood" />
  </way>
  <way id="518" visible="true" version="1">
    <nd ref="5937" />
    <nd ref="5938" />
    <nd ref="5939" />
    <nd ref="5940" />
    <nd ref="5941" />
    <nd ref="5942" />
    <nd ref="5943" />
    <nd ref="5944" />
    <nd ref="5945" />
    <nd ref="5946" />
    <nd ref="5947" />
    <nd ref="5948" />
    <nd ref="5949" />
    <nd ref="5950" />
    <nd ref="5951" />
    <nd ref="5952" />
    <nd ref="5953" />
    <nd ref="5954" />
    <nd ref="5955" />
    <nd ref="5956" />
    <nd ref="5957" />
    <nd ref="5958" />
    <nd ref="5959" />
    <nd ref="5960" />
    <nd ref="5961" />
    <nd ref="5962" />
    <nd ref="5963" />
    <nd ref="5964" />
    <nd ref="5965" />
    <nd ref="5966" />
    <nd ref="5967" />
    <nd ref="5968" />
    <nd ref="5969" />
    <nd ref="5970" />
    <nd ref="5971" />
    <nd ref="5972" />
    <nd ref="5973" />
    <nd ref="5974" />
    <nd ref="5975" />
    <nd ref="5976" />
    <nd ref="5977" />
    <nd ref="5978" />
    <nd ref="5979" />
    <nd ref="5980" />
    <nd ref="5981" />
    <nd ref="5982" />
    <nd ref="5983" />
    <nd ref="5984" />
    <nd ref="5985" />
    <nd ref="5986" />
    <nd ref="5987" />
    <nd ref="5988" />
    <nd ref="5989" />
    <nd ref="5990" />
    <nd ref="5991" />
    <nd ref="5992" />
    <nd ref="5993" />
    <nd ref="5994" />
    <nd ref="5995" />
    <nd ref="5996" />
    <nd ref="5997" />
    <nd ref="5998" />
    <nd ref="5999" />
    <nd ref="6000" />
    <nd ref="6001" />
    <nd ref="6002" />
    <nd ref="6003" />
    <nd ref="6004" />
    <nd ref="6005" />
    <nd ref="6006" />
    <nd ref="6007" />
    <nd ref="6008" />
    <nd ref="6009" />
    <nd ref="6010" />
    <nd ref="6011" />
    <nd ref="6012" />
    <nd ref="6013" />
    <nd ref="6014" />
    <nd ref="6015" />
    <nd ref="6016" />
    <nd ref="6017" />
    <nd ref="6018" />
    <nd ref="6019" />
    <nd ref="6020" />
    <nd ref="6021" />
    <nd ref="6022" />
    <nd ref="6023" />
    <nd ref="6024" />
    <nd ref="6025" />
    <nd ref="6026" />
    <nd ref="6027" />
    <nd ref="6028" />
    <nd ref="6029" />
    <nd ref="6030" />
    <nd ref="6031" />
    <nd ref="6032" />
    <nd ref="6033" />
    <nd ref="6034" />
    <nd ref="6035" />
    <nd ref="6036" />
    <nd ref="6037" />
    <nd ref="6038" />
    <nd ref="6039" />
    <nd ref="6040" />
    <nd ref="6041" />
    <nd ref="6042" />
    <nd ref="6043" />
    <nd ref="6044" />
    <nd ref="6045" />
    <nd ref="6046" />
    <nd ref="6047" />
    <nd ref="6048" />
    <nd ref="6049" />
    <nd ref="6050" />
    <nd ref="6051" />
    <nd ref="6052" />
    <nd ref="6053" />
    <nd ref="6054" />
    <nd ref="6055" />
    <nd ref="6056" />
    <nd ref="6057" />
    <nd ref="6058" />
    <nd ref="5937" />
    <tag k="landuse" v="farmyard" />
    <tag k="natural" v="wood" />
  </way>
  <way id="519" visible="true" version="1">
    <nd ref="6059" />
    <nd ref="6060" />
    <nd ref="6061" />
    <nd ref="6062" />
    <nd ref="6063" />
    <nd ref="6064" />
    <nd ref="6065" />
    <nd ref="6066" />
    <nd ref="6067" />
    <nd ref="6068" />
    <nd ref="6069" />
    <nd ref="6070" />
    <nd ref="6071" />
    <nd ref="6072" />
    <nd ref="6073" />
    <nd ref="6074" />
    <nd ref="6075" />
    <nd ref="6076" />
    <nd ref="6077" />
    <nd ref="6078" />
    <nd ref="6079" />
    <nd ref="6080" />
    <nd ref="6081" />
    <nd ref="6082" />
    <nd ref="6083" />
    <nd ref="6084" />
    <nd ref="6085" />
    <nd ref="6086" />
    <nd ref="6087" />
    <nd ref="6088" />
    <nd ref="6089" />
    <nd ref="6090" />
    <nd ref="6091" />
    <nd ref="6092" />
    <nd ref="6093" />
    <nd ref="6094" />
    <nd ref="6095" />
    <nd ref="6096" />
    <nd ref="6097" />
    <nd ref="6098" />
    <nd ref="6099" />
    <nd ref="6100" />
    <nd ref="6101" />
    <nd ref="6102" />
    <nd ref="6103" />
    <nd ref="6104" />
    <nd ref="6105" />
    <nd ref="6106" />
    <nd ref="6107" />
    <nd ref="6108" />
    <nd ref="6109" />
    <nd ref="6110" />
    <nd ref="6111" />
    <nd ref="6112" />
    <nd ref="6113" />
    <nd ref="6114" />
    <nd ref="6115" />
    <nd ref="6116" />
    <nd ref="6117" />
    <nd ref="6118" />
    <nd ref="6119" />
    <nd ref="6120" />
    <nd ref="6121" />
    <nd ref="6122" />
    <nd ref="6123" />
    <nd ref="6124" />
    <nd ref="6125" />
    <nd ref="6126" />
    <nd ref="6127" />
    <nd ref="6128" />
    <nd ref="6129" />
    <nd ref="6130" />
    <nd ref="6131" />
    <nd ref="6132" />
    <nd ref="6133" />
    <nd ref="6134" />
    <nd ref="6135" />
    <nd ref="6136" />
    <nd ref="6137" />
    <nd ref="6138" />
    <nd ref="6139" />
    <nd ref="6140" />
    <nd ref="6141" />
    <nd ref="6142" />
    <nd ref="6143" />
    <nd ref="6144" />
    <nd ref="6145" />
    <nd ref="6146" />
    <nd ref="6147" />
    <nd ref="6148" />
    <nd ref="6149" />
    <nd ref="6150" />
    <nd ref="6151" />
    <nd ref="6152" />
    <nd ref="6153" />
    <nd ref="6154" />
    <nd ref="6155" />
    <nd ref="6156" />
    <nd ref="6157" />
    <nd ref="6158" />
    <nd ref="6159" />
    <nd ref="6160" />
    <nd ref="6161" />
    <nd ref="6162" />
    <nd ref="6163" />
    <nd ref="6164" />
    <nd ref="6165" />
    <nd ref="6166" />
    <nd ref="6167" />
    <nd ref="6168" />
    <nd ref="6169" />
    <nd ref="6170" />
    <nd ref="6171" />
    <nd ref="6172" />
    <nd ref="6173" />
    <nd ref="6174" />
    <nd ref="6175" />
    <nd ref="6176" />
    <nd ref="6177" />
    <nd ref="6178" />
    <nd ref="6179" />
    <nd ref="6059" />
    <tag k="landuse" v="farmyard" />
    <tag k="natural" v="wood" />
  </way>
  <way id="520" visible="true" version="1">
    <nd ref="6180" />
    <nd ref="6181" />
    <nd ref="6182" />
    <nd ref="6183" />
    <nd ref="6184" />
    <nd ref="6185" />
    <nd ref="6186" />
    <nd ref="6187" />
    <nd ref="6188" />
    <nd ref="6189" />
    <nd ref="6190" />
    <nd ref="6191" />
    <nd ref="6192" />
    <nd ref="6193" />
    <nd ref="6194" />
    <nd ref="6195" />
    <nd ref="6196" />
    <nd ref="6197" />
    <nd ref="6198" />
    <nd ref="6199" />
    <nd ref="6200" />
    <nd ref="6201" />
    <nd ref="6202" />
    <nd ref="6203" />
    <nd ref="6204" />
    <nd ref="6205" />
    <nd ref="6206" />
    <nd ref="6207" />
    <nd ref="6208" />
    <nd ref="6209" />
    <nd ref="6210" />
    <nd ref="6211" />
    <nd ref="6212" />
    <nd ref="6213" />
    <nd ref="6214" />
    <nd ref="6215" />
    <nd ref="6216" />
    <nd ref="6217" />
    <nd ref="6218" />
    <nd ref="6219" />
    <nd ref="6220" />
    <nd ref="6221" />
    <nd ref="6222" />
    <nd ref="6223" />
    <nd ref="6224" />
    <nd ref="6225" />
    <nd ref="6226" />
    <nd ref="6227" />
    <nd ref="6228" />
    <nd ref="6229" />
    <nd ref="6230" />
    <nd ref="6231" />
    <nd ref="6232" />
    <nd ref="6233" />
    <nd ref="6234" />
    <nd ref="6235" />
    <nd ref="6236" />
    <nd ref="6237" />
    <nd ref="6238" />
    <nd ref="6239" />
    <nd ref="6240" />
    <nd ref="6241" />
    <nd ref="6242" />
    <nd ref="6243" />
    <nd ref="6244" />
    <nd ref="6245" />
    <nd ref="6246" />
    <nd ref="6247" />
    <nd ref="6248" />
    <nd ref="6249" />
    <nd ref="6250" />
    <nd ref="6251" />
    <nd ref="6252" />
    <nd ref="6253" />
    <nd ref="6254" />
    <nd ref="6255" />
    <nd ref="6256" />
    <nd ref="6257" />
    <nd ref="6258" />
    <nd ref="6259" />
    <nd ref="6260" />
    <nd ref="6261" />
    <nd ref="6262" />
    <nd ref="6263" />
    <nd ref="6264" />
    <nd ref="6265" />
    <nd ref="6266" />
    <nd ref="6267" />
    <nd ref="6268" />
    <nd ref="6269" />
    <nd ref="6270" />
    <nd ref="6271" />
    <nd ref="6272" />
    <nd ref="6273" />
    <nd ref="6274" />
    <nd ref="6275" />
    <nd ref="6276" />
    <nd ref="6277" />
    <nd ref="6278" />
    <nd ref="6279" />
    <nd ref="6280" />
    <nd ref="6281" />
    <nd ref="6282" />
    <nd ref="6283" />
    <nd ref="6284" />
    <nd ref="6285" />
    <nd ref="6286" />
    <nd ref="6287" />
    <nd ref="6288" />
    <nd ref="6289" />
    <nd ref="6290" />
    <nd ref="6291" />
    <nd ref="6292" />
    <nd ref="6293" />
    <nd ref="6294" />
    <nd ref="6295" />
    <nd ref="6296" />
    <nd ref="6297" />
    <nd ref="6298" />
    <nd ref="6299" />
    <nd ref="6180" />
    <tag k="landuse" v="farmyard" />
    <tag k="natural" v="wood" />
  </way>
  <way id="521" visible="true" version="1">
    <nd ref="6300" />
    <nd ref="6301" />
    <nd ref="6302" />
    <nd ref="6303" />
    <nd ref="6304" />
    <nd ref="6305" />
    <nd ref="6306" />
    <nd ref="6307" />
    <nd ref="6308" />
    <nd ref="6309" />
    <nd ref="6310" />
    <nd ref="6311" />
    <nd ref="6312" />
    <nd ref="6313" />
    <nd ref="6314" />
    <nd ref="6315" />
    <nd ref="6316" />
    <nd ref="6317" />
    <nd ref="6318" />
    <nd ref="6319" />
    <nd ref="6320" />
    <nd ref="6321" />
    <nd ref="6322" />
    <nd ref="6323" />
    <nd ref="6324" />
    <nd ref="6325" />
    <nd ref="6326" />
    <nd ref="6327" />
    <nd ref="6328" />
    <nd ref="6329" />
    <nd ref="6330" />
    <nd ref="6331" />
    <nd ref="6332" />
    <nd ref="6333" />
    <nd ref="6334" />
    <nd ref="6335" />
    <nd ref="6336" />
    <nd ref="6337" />
    <nd ref="6338" />
    <nd ref="6339" />
    <nd ref="6340" />
    <nd ref="6341" />
    <nd ref="6342" />
    <nd ref="6343" />
    <nd ref="6344" />
    <nd ref="6345" />
    <nd ref="6346" />
    <nd ref="6347" />
    <nd ref="6348" />
    <nd ref="6349" />
    <nd ref="6350" />
    <nd ref="6351" />
    <nd ref="6352" />
    <nd ref="6353" />
    <nd ref="6354" />
    <nd ref="6355" />
    <nd ref="6356" />
    <nd ref="6357" />
    <nd ref="6358" />
    <nd ref="6359" />
    <nd ref="6360" />
    <nd ref="6361" />
    <nd ref="6362" />
    <nd ref="6363" />
    <nd ref="6364" />
    <nd ref="6365" />
    <nd ref="6366" />
    <nd ref="6367" />
    <nd ref="6368" />
    <nd ref="6369" />
    <nd ref="6370" />
    <nd ref="6371" />
    <nd ref="6372" />
    <nd ref="6373" />
    <nd ref="6374" />
    <nd ref="6375" />
    <nd ref="6376" />
    <nd ref="6377" />
    <nd ref="6378" />
    <nd ref="6379" />
    <nd ref="6380" />
    <nd ref="6381" />
    <nd ref="6382" />
    <nd ref="6383" />
    <nd ref="6384" />
    <nd ref="6385" />
    <nd ref="6386" />
    <nd ref="6387" />
    <nd ref="6388" />
    <nd ref="6389" />
    <nd ref="6390" />
    <nd ref="6391" />
    <nd ref="6392" />
    <nd ref="6393" />
    <nd ref="6394" />
    <nd ref="6395" />
    <nd ref="6396" />
    <nd ref="6397" />
    <nd ref="6398" />
    <nd ref="6399" />
    <nd ref="6400" />
    <nd ref="6401" />
    <nd ref="6402" />
    <nd ref="6403" />
    <nd ref="6404" />
    <nd ref="6405" />
    <nd ref="6406" />
    <nd ref="6407" />
    <nd ref="6408" />
    <nd ref="6409" />
    <nd ref="6410" />
    <nd ref="6411" />
    <nd ref="6412" />
    <nd ref="6413" />
    <nd ref="6414" />
    <nd ref="6415" />
    <nd ref="6416" />
    <nd ref="6417" />
    <nd ref="6418" />
    <nd ref="6419" />
    <nd ref="6420" />
    <nd ref="6421" />
    <nd ref="6422" />
    <nd ref="6423" />
    <nd ref="6424" />
    <nd ref="6425" />
    <nd ref="6426" />
    <nd ref="6427" />
    <nd ref="6300" />
    <tag k="landuse" v="farmyard" />
    <tag k="natural" v="wood" />
  </way>
  <way id="606" visible="true" version="1">
    <nd ref="7965" />
    <nd ref="7966" />
    <tag k="highway" v="tertiary" />
  </way>
  <way id="607" visible="true" version="1">
    <nd ref="7967" />
    <nd ref="7968" />
    <tag k="highway" v="tertiary" />
  </way>
  <way id="608" visible="true" version="1">
    <nd ref="7969" />
    <nd ref="7970" />
    <tag k="highway" v="tertiary" />
  </way>
  <way id="609" visible="true" version="1">
    <nd ref="7973" />
    <nd ref="7974" />
    <tag k="highway" v="tertiary" />
  </way>
  <way id="610" visible="true" version="1">
    <nd ref="7975" />
    <nd ref="7976" />
    <tag k="highway" v="tertiary" />
  </way>
  <way id="611" visible="true" version="1">
    <nd ref="7977" />
    <nd ref="7978" />
    <tag k="highway" v="tertiary" />
  </way>
  <way id="614" visible="true" version="1">
    <nd ref="7917" />
    <nd ref="7918" />
    <nd ref="7919" />
    <nd ref="7920" />
    <nd ref="7917" />
    <tag k="landuse" v="farmyard" />
    <tag k="name" v="Pueblo del Oeste B1" />
  </way>
  <way id="615" visible="true" version="1">
    <nd ref="7921" />
    <nd ref="7922" />
    <nd ref="7923" />
    <nd ref="7924" />
    <nd ref="7921" />
    <tag k="landuse" v="farmyard" />
    <tag k="name" v="Pueblo del Oeste C1" />
  </way>
  <way id="616" visible="true" version="1">
    <nd ref="7925" />
    <nd ref="7926" />
    <nd ref="7927" />
    <nd ref="7928" />
    <nd ref="7925" />
    <tag k="landuse" v="farmyard" />
    <tag k="name" v="Pueblo del Oeste D1" />
  </way>
  <way id="617" visible="true" version="1">
    <nd ref="7929" />
    <nd ref="7930" />
    <nd ref="7931" />
    <nd ref="7932" />
    <nd ref="7929" />
    <tag k="landuse" v="farmyard" />
    <tag k="name" v="Pueblo del Oeste B2" />
  </way>
  <way id="618" visible="true" version="1">
    <nd ref="7933" />
    <nd ref="7934" />
    <nd ref="7935" />
    <nd ref="7936" />
    <nd ref="7933" />
    <tag k="landuse" v="farmyard" />
    <tag k="name" v="Pueblo del Oeste C2" />
  </way>
  <way id="619" visible="true" version="1">
    <nd ref="7937" />
    <nd ref="7938" />
    <nd ref="7939" />
    <nd ref="7940" />
    <nd ref="7937" />
    <tag k="landuse" v="farmyard" />
    <tag k="name" v="Pueblo del Oeste D2" />
  </way>
  <way id="620" visible="true" version="1">
    <nd ref="7941" />
    <nd ref="7942" />
    <nd ref="7943" />
    <nd ref="7944" />
    <nd ref="7941" />
    <tag k="landuse" v="farmyard" />
    <tag k="name" v="Pueblo del Oeste B3" />
  </way>
  <way id="621" visible="true" version="1">
    <nd ref="7945" />
    <nd ref="7946" />
    <nd ref="7947" />
    <nd ref="7948" />
    <nd ref="7945" />
    <tag k="landuse" v="farmyard" />
    <tag k="name" v="Pueblo del Oeste C3" />
  </way>
  <way id="622" visible="true" version="1">
    <nd ref="7949" />
    <nd ref="7950" />
    <nd ref="7951" />
    <nd ref="7952" />
    <nd ref="7949" />
    <tag k="landuse" v="farmyard" />
    <tag k="name" v="Pueblo del Oeste D3" />
  </way>
  <way id="629" visible="true" version="1">
    <nd ref="7979" />
    <nd ref="7980" />
    <nd ref="7981" />
    <nd ref="7982" />
    <nd ref="7979" />
    <tag k="place" v="town" />
    <tag k="name" v="Pueblo del Oeste" />
  </way>
  <way id="634" visible="true" version="1">
    <nd ref="6772" />
    <nd ref="6773" />
    <nd ref="6774" />
    <nd ref="6775" />
    <nd ref="6776" />
    <nd ref="6777" />
    <nd ref="6772" />
    <tag k="landuse" v="farmyard" />
    <tag k="name" v="Open Ground 2" />
    <tag k="m4fs:level" v="yes" />
  </way>
  <way id="635" visible="true" version="1">
    <nd ref="6778" />
    <nd ref="6779" />
    <nd ref="6780" />
    <nd ref="6781" />
    <nd ref="6778" />
    <tag k="landuse" v="farmyard" />
    <tag k="name" v="Granja 1" />
  </way>
  <way id="636" visible="true" version="1">
    <nd ref="6782" />
    <nd ref="6783" />
    <nd ref="6784" />
    <nd ref="6785" />
    <nd ref="6782" />
    <tag k="landuse" v="farmyard" />
    <tag k="name" v="Granja 2" />
  </way>
  <way id="637" visible="true" version="1">
    <nd ref="6786" />
    <nd ref="6787" />
    <nd ref="6788" />
    <nd ref="6789" />
    <nd ref="6786" />
    <tag k="landuse" v="farmyard" />
    <tag k="name" v="Granja 3" />
  </way>
  <way id="643" visible="true" version="1">
    <nd ref="7991" />
    <nd ref="7992" />
    <nd ref="7993" />
    <nd ref="7994" />
    <nd ref="7991" />
    <tag k="landuse" v="farmyard" />
    <tag k="name" v="Villa del Sur A1" />
  </way>
  <way id="644" visible="true" version="1">
    <nd ref="7995" />
    <nd ref="7996" />
    <nd ref="7997" />
    <nd ref="7998" />
    <nd ref="7995" />
    <tag k="landuse" v="farmyard" />
    <tag k="name" v="Villa del Sur A2" />
  </way>
  <way id="645" visible="true" version="1">
    <nd ref="7999" />
    <nd ref="8000" />
    <nd ref="8001" />
    <nd ref="8002" />
    <nd ref="7999" />
    <tag k="landuse" v="farmyard" />
    <tag k="name" v="Villa del Sur A3" />
  </way>
  <way id="647" visible="true" version="1">
    <nd ref="8007" />
    <nd ref="8008" />
    <nd ref="8009" />
    <nd ref="8010" />
    <nd ref="8007" />
    <tag k="landuse" v="farmyard" />
    <tag k="name" v="Villa del Sur B1" />
  </way>
  <way id="648" visible="true" version="1">
    <nd ref="8011" />
    <nd ref="8012" />
    <nd ref="8013" />
    <nd ref="8014" />
    <nd ref="8011" />
    <tag k="landuse" v="farmyard" />
    <tag k="name" v="Villa del Sur B2" />
  </way>
  <way id="649" visible="true" version="1">
    <nd ref="8015" />
    <nd ref="8016" />
    <nd ref="8017" />
    <nd ref="8018" />
    <nd ref="8015" />
    <tag k="landuse" v="farmyard" />
    <tag k="name" v="Villa del Sur B3" />
  </way>
  <way id="651" visible="true" version="1">
    <nd ref="8023" />
    <nd ref="8024" />
    <nd ref="8025" />
    <nd ref="8026" />
    <nd ref="8023" />
    <tag k="landuse" v="farmyard" />
    <tag k="name" v="Villa del Sur C1" />
  </way>
  <way id="652" visible="true" version="1">
    <nd ref="8027" />
    <nd ref="8028" />
    <nd ref="8029" />
    <nd ref="8030" />
    <nd ref="8027" />
    <tag k="landuse" v="farmyard" />
    <tag k="name" v="Villa del Sur C2" />
  </way>
  <way id="653" visible="true" version="1">
    <nd ref="8031" />
    <nd ref="8032" />
    <nd ref="8033" />
    <nd ref="8034" />
    <nd ref="8031" />
    <tag k="landuse" v="farmyard" />
    <tag k="name" v="Villa del Sur C3" />
  </way>
  <way id="655" visible="true" version="1">
    <nd ref="8039" />
    <nd ref="8040" />
    <nd ref="8041" />
    <nd ref="8042" />
    <nd ref="8039" />
    <tag k="landuse" v="farmyard" />
    <tag k="name" v="Villa del Sur D1" />
  </way>
  <way id="656" visible="true" version="1">
    <nd ref="8043" />
    <nd ref="8044" />
    <nd ref="8045" />
    <nd ref="8046" />
    <nd ref="8043" />
    <tag k="landuse" v="farmyard" />
    <tag k="name" v="Villa del Sur D2" />
  </way>
  <way id="657" visible="true" version="1">
    <nd ref="8047" />
    <nd ref="8048" />
    <nd ref="8049" />
    <nd ref="8050" />
    <nd ref="8047" />
    <tag k="landuse" v="farmyard" />
    <tag k="name" v="Villa del Sur D3" />
  </way>
  <way id="659" visible="true" version="1">
    <nd ref="7046" />
    <nd ref="7047" />
    <nd ref="7048" />
    <nd ref="7049" />
    <tag k="highway" v="tertiary" />
  </way>
  <way id="660" visible="true" version="1">
    <nd ref="7051" />
    <nd ref="7052" />
    <nd ref="7053" />
    <nd ref="7054" />
    <tag k="highway" v="tertiary" />
  </way>
  <way id="661" visible="true" version="1">
    <nd ref="7056" />
    <nd ref="7057" />
    <nd ref="7058" />
    <nd ref="7059" />
    <tag k="highway" v="tertiary" />
  </way>
  <way id="662" visible="true" version="1">
    <nd ref="7061" />
    <nd ref="7062" />
    <nd ref="7063" />
    <nd ref="7064" />
    <tag k="highway" v="tertiary" />
  </way>
  <way id="663" visible="true" version="1">
    <nd ref="7047" />
    <nd ref="7052" />
    <nd ref="7057" />
    <nd ref="7062" />
    <nd ref="7066" />
    <tag k="highway" v="tertiary" />
  </way>
  <way id="664" visible="true" version="1">
    <nd ref="7048" />
    <nd ref="7053" />
    <nd ref="7058" />
    <nd ref="7063" />
    <nd ref="7067" />
    <tag k="highway" v="tertiary" />
  </way>
  <way id="665" visible="true" version="1">
    <nd ref="7049" />
    <nd ref="7054" />
    <nd ref="7059" />
    <nd ref="7064" />
    <nd ref="7068" />
    <tag k="highway" v="tertiary" />
  </way>
  <way id="10001" visible="true" version="1">
    <nd ref="7070" />
    <nd ref="7071" />
    <nd ref="7072" />
    <nd ref="7073" />
    <nd ref="7070" />
    <tag k="landuse" v="farmland" />
    <tag k="name" v="Campo 1 (33.7 ha)" />
  </way>
  <way id="10002" visible="true" version="1">
    <nd ref="7074" />
    <nd ref="7075" />
    <nd ref="7076" />
    <nd ref="7077" />
    <nd ref="7074" />
    <tag k="landuse" v="farmland" />
    <tag k="name" v="Campo 2 (32.6 ha)" />
  </way>
  <way id="10003" visible="true" version="1">
    <nd ref="7078" />
    <nd ref="7079" />
    <nd ref="7080" />
    <nd ref="7081" />
    <nd ref="7078" />
    <tag k="landuse" v="farmland" />
    <tag k="name" v="Campo 3 (28.8 ha)" />
  </way>
  <way id="10004" visible="true" version="1">
    <nd ref="7082" />
    <nd ref="7083" />
    <nd ref="7084" />
    <nd ref="7085" />
    <nd ref="7082" />
    <tag k="landuse" v="farmland" />
    <tag k="name" v="Campo 4 (5.8 ha)" />
  </way>
  <way id="10005" visible="true" version="1">
    <nd ref="7086" />
    <nd ref="7087" />
    <nd ref="7088" />
    <nd ref="7089" />
    <nd ref="7086" />
    <tag k="landuse" v="farmland" />
    <tag k="name" v="Campo 5 (7.7 ha)" />
  </way>
  <way id="10006" visible="true" version="1">
    <nd ref="7090" />
    <nd ref="7091" />
    <nd ref="7092" />
    <nd ref="7114" />
    <nd ref="7090" />
    <tag k="landuse" v="farmland" />
    <tag k="name" v="Campo 6 (17.5 ha)" />
  </way>
  <way id="10007" visible="true" version="1">
    <nd ref="7115" />
    <nd ref="7116" />
    <nd ref="7117" />
    <nd ref="7118" />
    <nd ref="7115" />
    <tag k="landuse" v="farmland" />
    <tag k="name" v="Campo 7 (22.9 ha)" />
  </way>
  <way id="10008" visible="true" version="1">
    <nd ref="7119" />
    <nd ref="7120" />
    <nd ref="7121" />
    <nd ref="7122" />
    <nd ref="7123" />
    <nd ref="7119" />
    <tag k="landuse" v="farmland" />
    <tag k="name" v="Campo 8 (23.6 ha)" />
  </way>
  <way id="10009" visible="true" version="1">
    <nd ref="7124" />
    <nd ref="7125" />
    <nd ref="7126" />
    <nd ref="7127" />
    <nd ref="7128" />
    <nd ref="7129" />
    <nd ref="7130" />
    <nd ref="7124" />
    <tag k="landuse" v="farmland" />
    <tag k="name" v="Campo 9 (29.8 ha)" />
  </way>
  <way id="10010" visible="true" version="1">
    <nd ref="7131" />
    <nd ref="7132" />
    <nd ref="7133" />
    <nd ref="7134" />
    <nd ref="7131" />
    <tag k="landuse" v="farmland" />
    <tag k="name" v="Campo 10 (15.2 ha)" />
  </way>
  <way id="10011" visible="true" version="1">
    <nd ref="7135" />
    <nd ref="7136" />
    <nd ref="7137" />
    <nd ref="7138" />
    <nd ref="7139" />
    <nd ref="7140" />
    <nd ref="7141" />
    <nd ref="7135" />
    <tag k="landuse" v="farmland" />
    <tag k="name" v="Campo 11 (15.1 ha)" />
  </way>
  <way id="10012" visible="true" version="1">
    <nd ref="7142" />
    <nd ref="7143" />
    <nd ref="7144" />
    <nd ref="7145" />
    <nd ref="7146" />
    <nd ref="7147" />
    <nd ref="7148" />
    <nd ref="7149" />
    <nd ref="7142" />
    <tag k="landuse" v="farmland" />
    <tag k="name" v="Campo 12 (25.3 ha)" />
  </way>
  <way id="10013" visible="true" version="1">
    <nd ref="7983" />
    <nd ref="7984" />
    <nd ref="7985" />
    <nd ref="7986" />
    <nd ref="7983" />
    <tag k="landuse" v="farmland" />
    <tag k="name" v="Campo 13 (20.3 ha)" />
  </way>
  <way id="10014" visible="true" version="1">
    <nd ref="7987" />
    <nd ref="7988" />
    <nd ref="7989" />
    <nd ref="7990" />
    <nd ref="7987" />
    <tag k="landuse" v="farmland" />
    <tag k="name" v="Campo 14 (25.9 ha)" />
  </way>
  <way id="10015" visible="true" version="1">
    <nd ref="7863" />
    <nd ref="7864" />
    <nd ref="7865" />
    <nd ref="7866" />
    <nd ref="7863" />
    <tag k="landuse" v="farmland" />
    <tag k="name" v="Campo 15 (23.1 ha)" />
  </way>
  <way id="10016" visible="true" version="1">
    <nd ref="7170" />
    <nd ref="7171" />
    <nd ref="7172" />
    <nd ref="7767" />
    <nd ref="7170" />
    <tag k="landuse" v="farmland" />
    <tag k="name" v="Campo 16 (31.0 ha)" />
  </way>
  <way id="10017" visible="true" version="1">
    <nd ref="7181" />
    <nd ref="7182" />
    <nd ref="7772" />
    <nd ref="7773" />
    <nd ref="7181" />
    <tag k="landuse" v="farmland" />
    <tag k="name" v="Campo 17 (19.4 ha)" />
  </way>
  <way id="10018" visible="true" version="1">
    <nd ref="7194" />
    <nd ref="7195" />
    <nd ref="7196" />
    <nd ref="7197" />
    <nd ref="7198" />
    <nd ref="7199" />
    <nd ref="7200" />
    <nd ref="7194" />
    <tag k="landuse" v="farmland" />
    <tag k="name" v="Campo 18 (11.0 ha)" />
  </way>
  <way id="10019" visible="true" version="1">
    <nd ref="8222" />
    <nd ref="8223" />
    <nd ref="8224" />
    <nd ref="8225" />
    <nd ref="8226" />
    <nd ref="8227" />
    <nd ref="8228" />
    <nd ref="8229" />
    <nd ref="8230" />
    <nd ref="8231" />
    <nd ref="8232" />
    <nd ref="8233" />
    <nd ref="8234" />
    <nd ref="8235" />
    <nd ref="8236" />
    <nd ref="8237" />
    <nd ref="8238" />
    <nd ref="8239" />
    <nd ref="8240" />
    <nd ref="8241" />
    <nd ref="8242" />
    <nd ref="8243" />
    <nd ref="8244" />
    <nd ref="8245" />
    <nd ref="8246" />
    <nd ref="8247" />
    <nd ref="8248" />
    <nd ref="8249" />
    <nd ref="8250" />
    <nd ref="8251" />
    <nd ref="8252" />
    <nd ref="8222" />
    <tag k="landuse" v="farmland" />
    <tag k="name" v="Campo 19 (13.8 ha)" />
  </way>
  <way id="10020" visible="true" version="1">
    <nd ref="7211" />
    <nd ref="7212" />
    <nd ref="7213" />
    <nd ref="7214" />
    <nd ref="7215" />
    <nd ref="7216" />
    <nd ref="7217" />
    <nd ref="7218" />
    <nd ref="7219" />
    <nd ref="7220" />
    <nd ref="7221" />
    <nd ref="7211" />
    <tag k="landuse" v="farmland" />
    <tag k="name" v="Campo 20 (20.1 ha)" />
  </way>
  <way id="10021" visible="true" version="1">
    <nd ref="7222" />
    <nd ref="7223" />
    <nd ref="7867" />
    <nd ref="7868" />
    <nd ref="7239" />
    <nd ref="7240" />
    <nd ref="7241" />
    <nd ref="7222" />
    <tag k="landuse" v="farmland" />
    <tag k="name" v="Campo 21 (9.5 ha)" />
  </way>
  <way id="10022" visible="true" version="1">
    <nd ref="7242" />
    <nd ref="7243" />
    <nd ref="7244" />
    <nd ref="7764" />
    <nd ref="7242" />
    <tag k="landuse" v="farmland" />
    <tag k="name" v="Campo 22 (13.3 ha)" />
  </way>
  <way id="10023" visible="true" version="1">
    <nd ref="7260" />
    <nd ref="7261" />
    <nd ref="7251" />
    <nd ref="7768" />
    <nd ref="7769" />
    <nd ref="7770" />
    <nd ref="7260" />
    <tag k="landuse" v="farmland" />
    <tag k="name" v="Campo 23 (16.7 ha)" />
  </way>
  <way id="10024" visible="true" version="1">
    <nd ref="7263" />
    <nd ref="7264" />
    <nd ref="7265" />
    <nd ref="7266" />
    <nd ref="7267" />
    <nd ref="7268" />
    <nd ref="7269" />
    <nd ref="7270" />
    <nd ref="7271" />
    <nd ref="7774" />
    <nd ref="7263" />
    <tag k="landuse" v="farmland" />
    <tag k="name" v="Campo 24 (15.9 ha)" />
  </way>
  <way id="10025" visible="true" version="1">
    <nd ref="7277" />
    <nd ref="7278" />
    <nd ref="7279" />
    <nd ref="7280" />
    <nd ref="7282" />
    <nd ref="7283" />
    <nd ref="7284" />
    <nd ref="7285" />
    <nd ref="7286" />
    <nd ref="7287" />
    <nd ref="7288" />
    <nd ref="7289" />
    <nd ref="7291" />
    <nd ref="7293" />
    <nd ref="7295" />
    <nd ref="7277" />
    <tag k="landuse" v="farmland" />
    <tag k="name" v="Campo 25 (5.7 ha)" />
  </way>
  <way id="10026" visible="true" version="1">
    <nd ref="7296" />
    <nd ref="7297" />
    <nd ref="7298" />
    <nd ref="7299" />
    <nd ref="7300" />
    <nd ref="7301" />
    <nd ref="7302" />
    <nd ref="7296" />
    <tag k="landuse" v="farmland" />
    <tag k="name" v="Campo 26 (27.7 ha)" />
  </way>
  <way id="10027" visible="true" version="1">
    <nd ref="7310" />
    <nd ref="7880" />
    <nd ref="7881" />
    <nd ref="7329" />
    <nd ref="7330" />
    <nd ref="7331" />
    <nd ref="7332" />
    <nd ref="7333" />
    <nd ref="7334" />
    <nd ref="7335" />
    <nd ref="7336" />
    <nd ref="7337" />
    <nd ref="7338" />
    <nd ref="7339" />
    <nd ref="7340" />
    <nd ref="7303" />
    <nd ref="7765" />
    <nd ref="7766" />
    <nd ref="7310" />
    <tag k="landuse" v="farmland" />
    <tag k="name" v="Campo 27 (6.0 ha)" />
  </way>
  <way id="10028" visible="true" version="1">
    <nd ref="7363" />
    <nd ref="7364" />
    <nd ref="7365" />
    <nd ref="7366" />
    <nd ref="7367" />
    <nd ref="7368" />
    <nd ref="7369" />
    <nd ref="7370" />
    <nd ref="7371" />
    <nd ref="7372" />
    <nd ref="7373" />
    <nd ref="7341" />
    <nd ref="7342" />
    <nd ref="7363" />
    <tag k="landuse" v="farmland" />
    <tag k="name" v="Campo 28 (30.3 ha)" />
  </way>
  <way id="10029" visible="true" version="1">
    <nd ref="7374" />
    <nd ref="7375" />
    <nd ref="7376" />
    <nd ref="7377" />
    <nd ref="7378" />
    <nd ref="7379" />
    <nd ref="7380" />
    <nd ref="7381" />
    <nd ref="7382" />
    <nd ref="7383" />
    <nd ref="7384" />
    <nd ref="7374" />
    <tag k="landuse" v="farmland" />
    <tag k="name" v="Campo 29 (16.6 ha)" />
  </way>
  <way id="10031" visible="true" version="1">
    <nd ref="7418" />
    <nd ref="7419" />
    <nd ref="7420" />
    <nd ref="7421" />
    <nd ref="7422" />
    <nd ref="7423" />
    <nd ref="7424" />
    <nd ref="7425" />
    <nd ref="7426" />
    <nd ref="7427" />
    <nd ref="7418" />
    <tag k="landuse" v="farmland" />
    <tag k="name" v="Campo 31 (16.4 ha)" />
  </way>
  <way id="10032" visible="true" version="1">
    <nd ref="7428" />
    <nd ref="7429" />
    <nd ref="7430" />
    <nd ref="7431" />
    <nd ref="7432" />
    <nd ref="7433" />
    <nd ref="7434" />
    <nd ref="7435" />
    <nd ref="7436" />
    <nd ref="7437" />
    <nd ref="7438" />
    <nd ref="7439" />
    <nd ref="7440" />
    <nd ref="7441" />
    <nd ref="7428" />
    <tag k="landuse" v="farmland" />
    <tag k="name" v="Campo 32 (16.7 ha)" />
  </way>
  <way id="10033" visible="true" version="1">
    <nd ref="7451" />
    <nd ref="7452" />
    <nd ref="7453" />
    <nd ref="7454" />
    <nd ref="7455" />
    <nd ref="7456" />
    <nd ref="7457" />
    <nd ref="7458" />
    <nd ref="7459" />
    <nd ref="7460" />
    <nd ref="7461" />
    <nd ref="7462" />
    <nd ref="7463" />
    <nd ref="7464" />
    <nd ref="7465" />
    <nd ref="7466" />
    <nd ref="7467" />
    <nd ref="7468" />
    <nd ref="7469" />
    <nd ref="7442" />
    <nd ref="7443" />
    <nd ref="7451" />
    <tag k="landuse" v="farmland" />
    <tag k="name" v="Campo 33 (23.6 ha)" />
  </way>
  <way id="10036" visible="true" version="1">
    <nd ref="7478" />
    <nd ref="7479" />
    <nd ref="7480" />
    <nd ref="7481" />
    <nd ref="7478" />
    <tag k="landuse" v="farmland" />
    <tag k="name" v="Campo 36 (25.3 ha)" />
  </way>
  <way id="10037" visible="true" version="1">
    <nd ref="7493" />
    <nd ref="7494" />
    <nd ref="7495" />
    <nd ref="7496" />
    <nd ref="7497" />
    <nd ref="7482" />
    <nd ref="7763" />
    <nd ref="7493" />
    <tag k="landuse" v="farmland" />
    <tag k="name" v="Campo 37 (26.7 ha)" />
  </way>
  <way id="10038" visible="true" version="1">
    <nd ref="7498" />
    <nd ref="7499" />
    <nd ref="7500" />
    <nd ref="7501" />
    <nd ref="7502" />
    <nd ref="7503" />
    <nd ref="7504" />
    <nd ref="7505" />
    <nd ref="7506" />
    <nd ref="7507" />
    <nd ref="7508" />
    <nd ref="7509" />
    <nd ref="7510" />
    <nd ref="7511" />
    <nd ref="7512" />
    <nd ref="7513" />
    <nd ref="7514" />
    <nd ref="7515" />
    <nd ref="7516" />
    <nd ref="7517" />
    <nd ref="7498" />
    <tag k="landuse" v="farmland" />
    <tag k="name" v="Campo 38 (12.2 ha)" />
  </way>
  <way id="10039" visible="true" version="1">
    <nd ref="7530" />
    <nd ref="7531" />
    <nd ref="7532" />
    <nd ref="7533" />
    <nd ref="7534" />
    <nd ref="7535" />
    <nd ref="7536" />
    <nd ref="7537" />
    <nd ref="7518" />
    <nd ref="7771" />
    <nd ref="7530" />
    <tag k="landuse" v="farmland" />
    <tag k="name" v="Campo 39 (18.9 ha)" />
  </way>
  <way id="10040" visible="true" version="1">
    <nd ref="7538" />
    <nd ref="7539" />
    <nd ref="7540" />
    <nd ref="7541" />
    <nd ref="7538" />
    <tag k="landuse" v="farmland" />
    <tag k="name" v="Campo 40 (17.6 ha)" />
  </way>
  <way id="10043" visible="true" version="1">
    <nd ref="7755" />
    <nd ref="7756" />
    <nd ref="7757" />
    <nd ref="7758" />
    <nd ref="7753" />
    <nd ref="7754" />
    <nd ref="7897" />
    <nd ref="7898" />
    <nd ref="7899" />
    <nd ref="7900" />
    <nd ref="7755" />
    <tag k="landuse" v="farmland" />
    <tag k="name" v="Campo 43 (36.6 ha)" />
  </way>
  <way id="10044" visible="true" version="1">
    <nd ref="7759" />
    <nd ref="7760" />
    <nd ref="7761" />
    <nd ref="7762" />
    <nd ref="7586" />
    <nd ref="7587" />
    <nd ref="7588" />
    <nd ref="7901" />
    <nd ref="7902" />
    <nd ref="7903" />
    <nd ref="7904" />
    <nd ref="7759" />
    <tag k="landuse" v="farmland" />
    <tag k="name" v="Campo 44 (31.7 ha)" />
  </way>
  <way id="10045" visible="true" version="1">
    <nd ref="7596" />
    <nd ref="7597" />
    <nd ref="7598" />
    <nd ref="7599" />
    <nd ref="7600" />
    <nd ref="7601" />
    <nd ref="7602" />
    <nd ref="7603" />
    <nd ref="7596" />
    <tag k="landuse" v="farmland" />
    <tag k="name" v="Campo 45 (5.8 ha)" />
  </way>
  <way id="10046" visible="true" version="1">
    <nd ref="7604" />
    <nd ref="7605" />
    <nd ref="7606" />
    <nd ref="7607" />
    <nd ref="7604" />
    <tag k="landuse" v="farmland" />
    <tag k="name" v="Campo 46 (18.7 ha)" />
  </way>
  <way id="10047" visible="true" version="1">
    <nd ref="7608" />
    <nd ref="7609" />
    <nd ref="7610" />
    <nd ref="7611" />
    <nd ref="7608" />
    <tag k="landuse" v="farmland" />
    <tag k="name" v="Campo 47 (18.7 ha)" />
  </way>
  <way id="10052" visible="true" version="1">
    <nd ref="7652" />
    <nd ref="7653" />
    <nd ref="7654" />
    <nd ref="7655" />
    <nd ref="7656" />
    <nd ref="7657" />
    <nd ref="7658" />
    <nd ref="7652" />
    <tag k="landuse" v="farmland" />
    <tag k="name" v="Campo 52 (3.8 ha)" />
  </way>
  <way id="10053" visible="true" version="1">
    <nd ref="7905" />
    <nd ref="7906" />
    <nd ref="7907" />
    <nd ref="7908" />
    <nd ref="7905" />
    <tag k="landuse" v="farmland" />
    <tag k="name" v="Campo 53 (5.3 ha)" />
  </way>
  <way id="10054" visible="true" version="1">
    <nd ref="7674" />
    <nd ref="7675" />
    <nd ref="7676" />
    <nd ref="7677" />
    <nd ref="7678" />
    <nd ref="7679" />
    <nd ref="7680" />
    <nd ref="7681" />
    <nd ref="7682" />
    <nd ref="7683" />
    <nd ref="7684" />
    <nd ref="7685" />
    <nd ref="7674" />
    <tag k="landuse" v="farmland" />
    <tag k="name" v="Campo 54 (16.7 ha)" />
  </way>
  <way id="10055" visible="true" version="1">
    <nd ref="7686" />
    <nd ref="7687" />
    <nd ref="7688" />
    <nd ref="7689" />
    <nd ref="7690" />
    <nd ref="7691" />
    <nd ref="7692" />
    <nd ref="7693" />
    <nd ref="7694" />
    <nd ref="7686" />
    <tag k="landuse" v="farmland" />
    <tag k="name" v="Campo 55 (4.9 ha)" />
  </way>
  <way id="10056" visible="true" version="1">
    <nd ref="7913" />
    <nd ref="7914" />
    <nd ref="7915" />
    <nd ref="7916" />
    <nd ref="7913" />
    <tag k="landuse" v="farmland" />
    <tag k="name" v="Campo 56 (12.3 ha)" />
  </way>
  <way id="10057" visible="true" version="1">
    <nd ref="7707" />
    <nd ref="7708" />
    <nd ref="7709" />
    <nd ref="7710" />
    <nd ref="7711" />
    <nd ref="7712" />
    <nd ref="7713" />
    <nd ref="7714" />
    <nd ref="7707" />
    <tag k="landuse" v="farmland" />
    <tag k="name" v="Campo 57 (16.5 ha)" />
  </way>
  <way id="10058" visible="true" version="1">
    <nd ref="7715" />
    <nd ref="7716" />
    <nd ref="7717" />
    <nd ref="7718" />
    <nd ref="7719" />
    <nd ref="7720" />
    <nd ref="7715" />
    <tag k="landuse" v="farmland" />
    <tag k="name" v="Campo 58 (6.8 ha)" />
  </way>
  <way id="10061" visible="true" version="1">
    <nd ref="7736" />
    <nd ref="7737" />
    <nd ref="7738" />
    <nd ref="7739" />
    <nd ref="7740" />
    <nd ref="7736" />
    <tag k="landuse" v="farmland" />
    <tag k="name" v="Campo 61 (3.2 ha)" />
  </way>
  <way id="10062" visible="true" version="1">
    <nd ref="7741" />
    <nd ref="7742" />
    <nd ref="7743" />
    <nd ref="7744" />
    <nd ref="7741" />
    <tag k="landuse" v="farmland" />
    <tag k="name" v="Campo 62 (16.5 ha)" />
  </way>
  <way id="10063" visible="true" version="1">
    <nd ref="7745" />
    <nd ref="7746" />
    <nd ref="7747" />
    <nd ref="7748" />
    <nd ref="7745" />
    <tag k="landuse" v="farmland" />
    <tag k="name" v="Campo 63 (10.7 ha)" />
  </way>
  <way id="10064" visible="true" version="1">
    <nd ref="7749" />
    <nd ref="7750" />
    <nd ref="7751" />
    <nd ref="7752" />
    <nd ref="7749" />
    <tag k="landuse" v="farmland" />
    <tag k="name" v="Campo 64 (26.5 ha)" />
  </way>
  <way id="10030" visible="true" version="1">
    <nd ref="7810" />
    <nd ref="7811" />
    <nd ref="7812" />
    <nd ref="7813" />
    <nd ref="7814" />
    <nd ref="7815" />
    <nd ref="7816" />
    <nd ref="7817" />
    <nd ref="7818" />
    <nd ref="7810" />
    <tag k="landuse" v="farmland" />
    <tag k="name" v="Campo 30 (19.0 ha)" />
  </way>
  <way id="10035" visible="true" version="1">
    <nd ref="7819" />
    <nd ref="7820" />
    <nd ref="7821" />
    <nd ref="7822" />
    <nd ref="7819" />
    <tag k="landuse" v="farmland" />
    <tag k="name" v="Campo 35 (19.9 ha)" />
  </way>
  <way id="10034" visible="true" version="1">
    <nd ref="7823" />
    <nd ref="7824" />
    <nd ref="7825" />
    <nd ref="7826" />
    <nd ref="7827" />
    <nd ref="7828" />
    <nd ref="7829" />
    <nd ref="7830" />
    <nd ref="7831" />
    <nd ref="7823" />
    <tag k="landuse" v="farmland" />
    <tag k="name" v="Campo 34 (19.8 ha)" />
  </way>
  <way id="10042" visible="true" version="1">
    <nd ref="7832" />
    <nd ref="7833" />
    <nd ref="7834" />
    <nd ref="7835" />
    <nd ref="7832" />
    <tag k="landuse" v="farmland" />
    <tag k="name" v="Campo 42 (19.9 ha)" />
  </way>
  <way id="10041" visible="true" version="1">
    <nd ref="7836" />
    <nd ref="7837" />
    <nd ref="7838" />
    <nd ref="7839" />
    <nd ref="7840" />
    <nd ref="7841" />
    <nd ref="7842" />
    <nd ref="7843" />
    <nd ref="7844" />
    <nd ref="7845" />
    <nd ref="7846" />
    <nd ref="7847" />
    <nd ref="7848" />
    <nd ref="7849" />
    <nd ref="7850" />
    <nd ref="7836" />
    <tag k="landuse" v="farmland" />
    <tag k="name" v="Campo 41 (20.1 ha)" />
  </way>
  <way id="10048" visible="true" version="1">
    <nd ref="7851" />
    <nd ref="7852" />
    <nd ref="7853" />
    <nd ref="7854" />
    <nd ref="7851" />
    <tag k="landuse" v="farmland" />
    <tag k="name" v="Campo 48 (19.9 ha)" />
  </way>
  <way id="10049" visible="true" version="1">
    <nd ref="7869" />
    <nd ref="7870" />
    <nd ref="7871" />
    <nd ref="7872" />
    <nd ref="7873" />
    <nd ref="7874" />
    <nd ref="7875" />
    <nd ref="7876" />
    <nd ref="7877" />
    <nd ref="7878" />
    <nd ref="7879" />
    <nd ref="7869" />
    <tag k="landuse" v="farmland" />
    <tag k="name" v="Campo 49 (17.2 ha)" />
  </way>
  <way id="10050" visible="true" version="1">
    <nd ref="7882" />
    <nd ref="7883" />
    <nd ref="7884" />
    <nd ref="7885" />
    <nd ref="7886" />
    <nd ref="7887" />
    <nd ref="7888" />
    <nd ref="7889" />
    <nd ref="7890" />
    <nd ref="7891" />
    <nd ref="7892" />
    <nd ref="7893" />
    <nd ref="7894" />
    <nd ref="7895" />
    <nd ref="7896" />
    <nd ref="7882" />
    <tag k="landuse" v="farmland" />
    <tag k="name" v="Campo 50 (21.0 ha)" />
  </way>
  <way id="10059" visible="true" version="1">
    <nd ref="7909" />
    <nd ref="7910" />
    <nd ref="7911" />
    <nd ref="7912" />
    <nd ref="7909" />
    <tag k="landuse" v="farmland" />
    <tag k="name" v="Campo 59 (10.0 ha)" />
  </way>
  <way id="20001" visible="true" version="1">
    <nd ref="7953" />
    <nd ref="7954" />
    <nd ref="7955" />
    <nd ref="7956" />
    <nd ref="7953" />
    <tag k="landuse" v="farmyard" />
    <tag k="name" v="Pueblo del Oeste A1" />
  </way>
  <way id="20002" visible="true" version="1">
    <nd ref="7957" />
    <nd ref="7958" />
    <nd ref="7959" />
    <nd ref="7960" />
    <nd ref="7957" />
    <tag k="landuse" v="farmyard" />
    <tag k="name" v="Pueblo del Oeste A2" />
  </way>
  <way id="20003" visible="true" version="1">
    <nd ref="7961" />
    <nd ref="7962" />
    <nd ref="7963" />
    <nd ref="7964" />
    <nd ref="7961" />
    <tag k="landuse" v="farmyard" />
    <tag k="name" v="Pueblo del Oeste A3" />
  </way>
  <way id="20010" visible="true" version="1">
    <nd ref="7971" />
    <nd ref="7972" />
    <tag k="highway" v="tertiary" />
  </way>
  <way id="20011" visible="true" version="1">
    <nd ref="8055" />
    <nd ref="7066" />
    <nd ref="7067" />
    <nd ref="7068" />
    <tag k="highway" v="tertiary" />
  </way>
  <way id="10051" visible="true" version="1">
    <nd ref="8064" />
    <nd ref="8065" />
    <nd ref="8066" />
    <nd ref="8067" />
    <nd ref="8064" />
    <tag k="landuse" v="farmland" />
    <tag k="name" v="Campo 51 (17.8 ha)" />
  </way>
  <way id="10060" visible="true" version="1">
    <nd ref="8080" />
    <nd ref="8081" />
    <nd ref="8082" />
    <nd ref="8083" />
    <nd ref="8080" />
    <tag k="landuse" v="farmland" />
    <tag k="name" v="Campo 60 (6.4 ha)" />
  </way>
  <way id="10065" visible="true" version="1">
    <nd ref="8084" />
    <nd ref="8085" />
    <nd ref="8086" />
    <nd ref="8087" />
    <nd ref="8084" />
    <tag k="landuse" v="farmland" />
    <tag k="name" v="Campo 65 (3.5 ha)" />
  </way>
  <way id="20021" visible="true" version="1">
    <nd ref="8420" />
    <nd ref="8421" />
    <nd ref="8422" />
    <nd ref="8423" />
    <nd ref="8424" />
    <nd ref="8425" />
    <nd ref="8426" />
    <nd ref="8427" />
    <nd ref="8428" />
    <nd ref="8429" />
    <nd ref="8430" />
    <nd ref="8431" />
    <nd ref="8420" />
    <tag k="natural" v="wood" />
    <tag k="landuse" v="farmyard" />
    <tag k="leaf_type" v="needleleaved" />
    <tag k="name" v="Pinar 1" />
  </way>
  <way id="20022" visible="true" version="1">
    <nd ref="8432" />
    <nd ref="8433" />
    <nd ref="8434" />
    <nd ref="8435" />
    <nd ref="8436" />
    <nd ref="8437" />
    <nd ref="8438" />
    <nd ref="8439" />
    <nd ref="8440" />
    <nd ref="8432" />
    <tag k="natural" v="wood" />
    <tag k="landuse" v="farmyard" />
    <tag k="leaf_type" v="needleleaved" />
    <tag k="name" v="Pinar 2" />
  </way>
  <way id="20023" visible="true" version="1">
    <nd ref="8441" />
    <nd ref="8442" />
    <nd ref="8443" />
    <nd ref="8444" />
    <nd ref="8445" />
    <nd ref="8446" />
    <nd ref="8447" />
    <nd ref="8448" />
    <nd ref="8449" />
    <nd ref="8450" />
    <nd ref="8441" />
    <tag k="natural" v="wood" />
    <tag k="landuse" v="farmyard" />
    <tag k="leaf_type" v="needleleaved" />
    <tag k="name" v="Pinar 3" />
  </way>
  <way id="20024" visible="true" version="1">
    <nd ref="8191" />
    <nd ref="8192" />
    <nd ref="8193" />
    <nd ref="8194" />
    <nd ref="8195" />
    <nd ref="8196" />
    <nd ref="8197" />
    <nd ref="8198" />
    <nd ref="8153" />
    <nd ref="8199" />
    <nd ref="8200" />
    <nd ref="8201" />
    <nd ref="8202" />
    <nd ref="8203" />
    <nd ref="8204" />
    <nd ref="8205" />
    <nd ref="8206" />
    <nd ref="8207" />
    <nd ref="8208" />
    <nd ref="8209" />
    <nd ref="8210" />
    <nd ref="8211" />
    <nd ref="8212" />
    <nd ref="8213" />
    <nd ref="8214" />
    <nd ref="8215" />
    <nd ref="8216" />
    <nd ref="8217" />
    <nd ref="8218" />
    <nd ref="8219" />
    <nd ref="8220" />
    <nd ref="8221" />
    <nd ref="8191" />
    <tag k="natural" v="wood" />
    <tag k="landuse" v="farmyard" />
    <tag k="leaf_type" v="needleleaved" />
    <tag k="name" v="Pinar 4" />
  </way>
  <way id="20031" visible="true" version="1">
    <nd ref="8401" />
    <nd ref="8402" />
    <nd ref="8403" />
    <nd ref="8404" />
    <nd ref="8405" />
    <nd ref="8406" />
    <nd ref="8407" />
    <nd ref="8408" />
    <nd ref="8409" />
    <nd ref="8410" />
    <nd ref="8411" />
    <nd ref="8412" />
    <nd ref="8413" />
    <nd ref="8414" />
    <nd ref="8415" />
    <nd ref="8416" />
    <nd ref="8417" />
    <nd ref="8418" />
    <nd ref="8419" />
    <nd ref="8401" />
    <tag k="natural" v="wood" />
    <tag k="landuse" v="farmyard" />
    <tag k="leaf_type" v="broadleaved" />
    <tag k="name" v="Robledal 1" />
  </way>
</osm>
