<?xml version="1.0" encoding="utf-8"?>
<osm version="0.6" generator="FS25 map pipeline">
  <!--
       Playable area: 4096 x 4096 m, centre 43.1457, -95.1451
       Local coordinates are playable metres, x east, y south from the north
       edge, so the centre of the map is (2048, 2048).
       Projection: equirectangular about the centre, 111111.0 m per
       degree of latitude and 111111.0 * cos(LAT_CENTER) m per
       degree of longitude.
       Geometry comes from map_layout.py, shared with the DEM generator.
       Layout: 4096 m playable on a 8192 m canvas, 39 roads, 35 farmyards, 77 fields, 14 woods, 19 shelterbelts, 1 water body, datum 46.4 m, rim to 250 m
  -->
  <bounds minlat="43.1272603316" minlon="-95.1703412395" maxlat="43.1641243684" maxlon="-95.1198160605"/>
  <node id="1" lat="43.1391614755" lon="-95.1699242094" version="1" timestamp="2026-09-02T12:00:00Z" changeset="1" uid="1" user="generator"/>
  <node id="2" lat="43.1391611965" lon="-95.1699249495" version="1" timestamp="2026-09-02T12:00:00Z" changeset="1" uid="1" user="generator"/>
  <node id="3" lat="43.1391609445" lon="-95.1699257760" version="1" timestamp="2026-09-02T12:00:00Z" changeset="1" uid="1" user="generator"/>
  <node id="4" lat="43.1391607105" lon="-95.1699267011" version="1" timestamp="2026-09-02T12:00:00Z" changeset="1" uid="1" user="generator"/>
  <node id="5" lat="43.1391605125" lon="-95.1699276879" version="1" timestamp="2026-09-02T12:00:00Z" changeset="1" uid="1" user="generator"/>
  <node id="6" lat="43.1391603325" lon="-95.1699287611" version="1" timestamp="2026-09-02T12:00:00Z" changeset="1" uid="1" user="generator"/>
  <node id="7" lat="43.1391601885" lon="-95.1699298713" version="1" timestamp="2026-09-02T12:00:00Z" changeset="1" uid="1" user="generator"/>
  <node id="8" lat="43.1391600805" lon="-95.1699310431" version="1" timestamp="2026-09-02T12:00:00Z" changeset="1" uid="1" user="generator"/>
  <node id="9" lat="43.1391599995" lon="-95.1699322396" version="1" timestamp="2026-09-02T12:00:00Z" changeset="1" uid="1" user="generator"/>
  <node id="10" lat="43.1391599545" lon="-95.1699334608" version="1" timestamp="2026-09-02T12:00:00Z" changeset="1" uid="1" user="generator"/>
  <node id="11" lat="43.1391599455" lon="-95.1699346943" version="1" timestamp="2026-09-02T12:00:00Z" changeset="1" uid="1" user="generator"/>
  <node id="12" lat="43.1391599725" lon="-95.1699359279" version="1" timestamp="2026-09-02T12:00:00Z" changeset="1" uid="1" user="generator"/>
  <node id="13" lat="43.1391600355" lon="-95.1699371367" version="1" timestamp="2026-09-02T12:00:00Z" changeset="1" uid="1" user="generator"/>
  <node id="14" lat="43.1391601255" lon="-95.1699383209" version="1" timestamp="2026-09-02T12:00:00Z" changeset="1" uid="1" user="generator"/>
  <node id="15" lat="43.1391602515" lon="-95.1699394681" version="1" timestamp="2026-09-02T12:00:00Z" changeset="1" uid="1" user="generator"/>
  <node id="16" lat="43.1391604135" lon="-95.1699405659" version="1" timestamp="2026-09-02T12:00:00Z" changeset="1" uid="1" user="generator"/>
  <node id="17" lat="43.1391606025" lon="-95.1699416021" version="1" timestamp="2026-09-02T12:00:00Z" changeset="1" uid="1" user="generator"/>
  <node id="18" lat="43.1391608185" lon="-95.1699425642" version="1" timestamp="2026-09-02T12:00:00Z" changeset="1" uid="1" user="generator"/>
  <node id="19" lat="43.1391610615" lon="-95.1699434400" version="1" timestamp="2026-09-02T12:00:00Z" changeset="1" uid="1" user="generator"/>
  <node id="20" lat="43.1391613225" lon="-95.1699442295" version="1" timestamp="2026-09-02T12:00:00Z" changeset="1" uid="1" user="generator"/>
  <node id="21" lat="43.1391616105" lon="-95.1699449203" version="1" timestamp="2026-09-02T12:00:00Z" changeset="1" uid="1" user="generator"/>
  <node id="22" lat="43.1391619165" lon="-95.1699455124" version="1" timestamp="2026-09-02T12:00:00Z" changeset="1" uid="1" user="generator"/>
  <node id="23" lat="43.1391622315" lon="-95.1699459811" version="1" timestamp="2026-09-02T12:00:00Z" changeset="1" uid="1" user="generator"/>
  <node id="24" lat="43.1391666325" lon="-95.1699516060" version="1" timestamp="2026-09-02T12:00:00Z" changeset="1" uid="1" user="generator"/>
  <node id="25" lat="43.1391691345" lon="-95.1699548008" version="1" timestamp="2026-09-02T12:00:00Z" changeset="1" uid="1" user="generator"/>
  <node id="26" lat="43.1391692425" lon="-95.1699549365" version="1" timestamp="2026-09-02T12:00:00Z" changeset="1" uid="1" user="generator"/>
  <node id="27" lat="43.1392773416" lon="-95.1700784000" version="1" timestamp="2026-09-02T12:00:00Z" changeset="1" uid="1" user="generator"/>
  <node id="28" lat="43.1392773686" lon="-95.1700784370" version="1" timestamp="2026-09-02T12:00:00Z" changeset="1" uid="1" user="generator"/>
  <node id="29" lat="43.1392782596" lon="-95.1700794238" version="1" timestamp="2026-09-02T12:00:00Z" changeset="1" uid="1" user="generator"/>
  <node id="30" lat="43.1392783226" lon="-95.1700794855" version="1" timestamp="2026-09-02T12:00:00Z" changeset="1" uid="1" user="generator"/>
  <node id="31" lat="43.1392783316" lon="-95.1700794978" version="1" timestamp="2026-09-02T12:00:00Z" changeset="1" uid="1" user="generator"/>
  <node id="32" lat="43.1392791326" lon="-95.1700803366" version="1" timestamp="2026-09-02T12:00:00Z" changeset="1" uid="1" user="generator"/>
  <node id="33" lat="43.1392791956" lon="-95.1700803983" version="1" timestamp="2026-09-02T12:00:00Z" changeset="1" uid="1" user="generator"/>
  <node id="34" lat="43.1392794116" lon="-95.1700806080" version="1" timestamp="2026-09-02T12:00:00Z" changeset="1" uid="1" user="generator"/>
  <node id="35" lat="43.1392800146" lon="-95.1700811878" version="1" timestamp="2026-09-02T12:00:00Z" changeset="1" uid="1" user="generator"/>
  <node id="36" lat="43.1392800776" lon="-95.1700812371" version="1" timestamp="2026-09-02T12:00:00Z" changeset="1" uid="1" user="generator"/>
  <node id="37" lat="43.1392808966" lon="-95.1700819772" version="1" timestamp="2026-09-02T12:00:00Z" changeset="1" uid="1" user="generator"/>
  <node id="38" lat="43.1392809596" lon="-95.1700820389" version="1" timestamp="2026-09-02T12:00:00Z" changeset="1" uid="1" user="generator"/>
  <node id="39" lat="43.1392817876" lon="-95.1700827173" version="1" timestamp="2026-09-02T12:00:00Z" changeset="1" uid="1" user="generator"/>
  <node id="40" lat="43.1392818506" lon="-95.1700827667" version="1" timestamp="2026-09-02T12:00:00Z" changeset="1" uid="1" user="generator"/>
  <node id="41" lat="43.1392826786" lon="-95.1700834081" version="1" timestamp="2026-09-02T12:00:00Z" changeset="1" uid="1" user="generator"/>
  <node id="42" lat="43.1392827416" lon="-95.1700834451" version="1" timestamp="2026-09-02T12:00:00Z" changeset="1" uid="1" user="generator"/>
  <node id="43" lat="43.1392829666" lon="-95.1700836055" version="1" timestamp="2026-09-02T12:00:00Z" changeset="1" uid="1" user="generator"/>
  <node id="44" lat="43.1392835786" lon="-95.1700840249" version="1" timestamp="2026-09-02T12:00:00Z" changeset="1" uid="1" user="generator"/>
  <node id="45" lat="43.1392836416" lon="-95.1700840619" version="1" timestamp="2026-09-02T12:00:00Z" changeset="1" uid="1" user="generator"/>
  <node id="46" lat="43.1392845596" lon="-95.1700846416" version="1" timestamp="2026-09-02T12:00:00Z" changeset="1" uid="1" user="generator"/>
  <node id="47" lat="43.1392845866" lon="-95.1700846663" version="1" timestamp="2026-09-02T12:00:00Z" changeset="1" uid="1" user="generator"/>
  <node id="48" lat="43.1393897067" lon="-95.1701470827" version="1" timestamp="2026-09-02T12:00:00Z" changeset="1" uid="1" user="generator"/>
  <node id="49" lat="43.1393900127" lon="-95.1701472183" version="1" timestamp="2026-09-02T12:00:00Z" changeset="1" uid="1" user="generator"/>
  <node id="50" lat="43.1399218322" lon="-95.1702920835" version="1" timestamp="2026-09-02T12:00:00Z" changeset="1" uid="1" user="generator"/>
  <node id="51" lat="43.1399221022" lon="-95.1702921205" version="1" timestamp="2026-09-02T12:00:00Z" changeset="1" uid="1" user="generator"/>
  <node id="52" lat="43.1447307980" lon="-95.1702921082" version="1" timestamp="2026-09-02T12:00:00Z" changeset="1" uid="1" user="generator"/>
  <node id="53" lat="43.1447308700" lon="-95.1702921082" version="1" timestamp="2026-09-02T12:00:00Z" changeset="1" uid="1" user="generator"/>
  <node id="54" lat="43.1447329310" lon="-95.1702919602" version="1" timestamp="2026-09-02T12:00:00Z" changeset="1" uid="1" user="generator"/>
  <node id="55" lat="43.1447330750" lon="-95.1702919355" version="1" timestamp="2026-09-02T12:00:00Z" changeset="1" uid="1" user="generator"/>
  <node id="56" lat="43.1447332910" lon="-95.1702918861" version="1" timestamp="2026-09-02T12:00:00Z" changeset="1" uid="1" user="generator"/>
  <node id="57" lat="43.1447349470" lon="-95.1702915408" version="1" timestamp="2026-09-02T12:00:00Z" changeset="1" uid="1" user="generator"/>
  <node id="58" lat="43.1447350820" lon="-95.1702915038" version="1" timestamp="2026-09-02T12:00:00Z" changeset="1" uid="1" user="generator"/>
  <node id="59" lat="43.1447369360" lon="-95.1702908376" version="1" timestamp="2026-09-02T12:00:00Z" changeset="1" uid="1" user="generator"/>
  <node id="60" lat="43.1447370710" lon="-95.1702907760" version="1" timestamp="2026-09-02T12:00:00Z" changeset="1" uid="1" user="generator"/>
  <node id="61" lat="43.1447389160" lon="-95.1702898508" version="1" timestamp="2026-09-02T12:00:00Z" changeset="1" uid="1" user="generator"/>
  <node id="62" lat="43.1447390510" lon="-95.1702897645" version="1" timestamp="2026-09-02T12:00:00Z" changeset="1" uid="1" user="generator"/>
  <node id="63" lat="43.1447408780" lon="-95.1702885803" version="1" timestamp="2026-09-02T12:00:00Z" changeset="1" uid="1" user="generator"/>
  <node id="64" lat="43.1447410130" lon="-95.1702884816" version="1" timestamp="2026-09-02T12:00:00Z" changeset="1" uid="1" user="generator"/>
  <node id="65" lat="43.1447428311" lon="-95.1702870137" version="1" timestamp="2026-09-02T12:00:00Z" changeset="1" uid="1" user="generator"/>
  <node id="66" lat="43.1447429661" lon="-95.1702868904" version="1" timestamp="2026-09-02T12:00:00Z" changeset="1" uid="1" user="generator"/>
  <node id="67" lat="43.1447447751" lon="-95.1702851634" version="1" timestamp="2026-09-02T12:00:00Z" changeset="1" uid="1" user="generator"/>
  <node id="68" lat="43.1447449101" lon="-95.1702850277" version="1" timestamp="2026-09-02T12:00:00Z" changeset="1" uid="1" user="generator"/>
  <node id="69" lat="43.1447468811" lon="-95.1702828321" version="1" timestamp="2026-09-02T12:00:00Z" changeset="1" uid="1" user="generator"/>
  <node id="70" lat="43.1447469441" lon="-95.1702827581" version="1" timestamp="2026-09-02T12:00:00Z" changeset="1" uid="1" user="generator"/>
  <node id="71" lat="43.1448981892" lon="-95.1701028731" version="1" timestamp="2026-09-02T12:00:00Z" changeset="1" uid="1" user="generator"/>
  <node id="72" lat="43.1448982792" lon="-95.1701027744" version="1" timestamp="2026-09-02T12:00:00Z" changeset="1" uid="1" user="generator"/>
  <node id="73" lat="43.1449009342" lon="-95.1700993206" version="1" timestamp="2026-09-02T12:00:00Z" changeset="1" uid="1" user="generator"/>
  <node id="74" lat="43.1449011052" lon="-95.1700990739" version="1" timestamp="2026-09-02T12:00:00Z" changeset="1" uid="1" user="generator"/>
  <node id="75" lat="43.1449034452" lon="-95.1700955213" version="1" timestamp="2026-09-02T12:00:00Z" changeset="1" uid="1" user="generator"/>
  <node id="76" lat="43.1449036252" lon="-95.1700952376" version="1" timestamp="2026-09-02T12:00:00Z" changeset="1" uid="1" user="generator"/>
  <node id="77" lat="43.1449058752" lon="-95.1700912657" version="1" timestamp="2026-09-02T12:00:00Z" changeset="1" uid="1" user="generator"/>
  <node id="78" lat="43.1449060462" lon="-95.1700909449" version="1" timestamp="2026-09-02T12:00:00Z" changeset="1" uid="1" user="generator"/>
  <node id="79" lat="43.1449082152" lon="-95.1700865659" version="1" timestamp="2026-09-02T12:00:00Z" changeset="1" uid="1" user="generator"/>
  <node id="80" lat="43.1449083772" lon="-95.1700862082" version="1" timestamp="2026-09-02T12:00:00Z" changeset="1" uid="1" user="generator"/>
  <node id="81" lat="43.1449104832" lon="-95.1700814098" version="1" timestamp="2026-09-02T12:00:00Z" changeset="1" uid="1" user="generator"/>
  <node id="82" lat="43.1449106362" lon="-95.1700810151" version="1" timestamp="2026-09-02T12:00:00Z" changeset="1" uid="1" user="generator"/>
  <node id="83" lat="43.1449115362" lon="-95.1700787084" version="1" timestamp="2026-09-02T12:00:00Z" changeset="1" uid="1" user="generator"/>
  <node id="84" lat="43.1449126702" lon="-95.1700757726" version="1" timestamp="2026-09-02T12:00:00Z" changeset="1" uid="1" user="generator"/>
  <node id="85" lat="43.1449128232" lon="-95.1700753532" version="1" timestamp="2026-09-02T12:00:00Z" changeset="1" uid="1" user="generator"/>
  <node id="86" lat="43.1449148032" lon="-95.1700696296" version="1" timestamp="2026-09-02T12:00:00Z" changeset="1" uid="1" user="generator"/>
  <node id="87" lat="43.1449149382" lon="-95.1700691979" version="1" timestamp="2026-09-02T12:00:00Z" changeset="1" uid="1" user="generator"/>
  <node id="88" lat="43.1449170352" lon="-95.1700624382" version="1" timestamp="2026-09-02T12:00:00Z" changeset="1" uid="1" user="generator"/>
  <node id="89" lat="43.1449170982" lon="-95.1700622038" version="1" timestamp="2026-09-02T12:00:00Z" changeset="1" uid="1" user="generator"/>
  <node id="90" lat="43.1449348192" lon="-95.1700017364" version="1" timestamp="2026-09-02T12:00:00Z" changeset="1" uid="1" user="generator"/>
  <node id="91" lat="43.1449489583" lon="-95.1699534563" version="1" timestamp="2026-09-02T12:00:00Z" changeset="1" uid="1" user="generator"/>
  <node id="92" lat="43.1449490393" lon="-95.1699531725" version="1" timestamp="2026-09-02T12:00:00Z" changeset="1" uid="1" user="generator"/>
  <node id="93" lat="43.1449499213" lon="-95.1699499901" version="1" timestamp="2026-09-02T12:00:00Z" changeset="1" uid="1" user="generator"/>
  <node id="94" lat="43.1449513973" lon="-95.1699446242" version="1" timestamp="2026-09-02T12:00:00Z" changeset="1" uid="1" user="generator"/>
  <node id="95" lat="43.1449515413" lon="-95.1699440321" version="1" timestamp="2026-09-02T12:00:00Z" changeset="1" uid="1" user="generator"/>
  <node id="96" lat="43.1449535033" lon="-95.1699359032" version="1" timestamp="2026-09-02T12:00:00Z" changeset="1" uid="1" user="generator"/>
  <node id="97" lat="43.1449536473" lon="-95.1699352618" version="1" timestamp="2026-09-02T12:00:00Z" changeset="1" uid="1" user="generator"/>
  <node id="98" lat="43.1449554203" lon="-95.1699268491" version="1" timestamp="2026-09-02T12:00:00Z" changeset="1" uid="1" user="generator"/>
  <node id="99" lat="43.1449555553" lon="-95.1699261830" version="1" timestamp="2026-09-02T12:00:00Z" changeset="1" uid="1" user="generator"/>
  <node id="100" lat="43.1449557173" lon="-95.1699252949" version="1" timestamp="2026-09-02T12:00:00Z" changeset="1" uid="1" user="generator"/>
  <node id="101" lat="43.1449571483" lon="-95.1699174497" version="1" timestamp="2026-09-02T12:00:00Z" changeset="1" uid="1" user="generator"/>
  <node id="102" lat="43.1449572743" lon="-95.1699167342" version="1" timestamp="2026-09-02T12:00:00Z" changeset="1" uid="1" user="generator"/>
  <node id="103" lat="43.1449586963" lon="-95.1699076431" version="1" timestamp="2026-09-02T12:00:00Z" changeset="1" uid="1" user="generator"/>
  <node id="104" lat="43.1449588043" lon="-95.1699069154" version="1" timestamp="2026-09-02T12:00:00Z" changeset="1" uid="1" user="generator"/>
  <node id="105" lat="43.1449600643" lon="-95.1698974049" version="1" timestamp="2026-09-02T12:00:00Z" changeset="1" uid="1" user="generator"/>
  <node id="106" lat="43.1449601543" lon="-95.1698966648" version="1" timestamp="2026-09-02T12:00:00Z" changeset="1" uid="1" user="generator"/>
  <node id="107" lat="43.1449612613" lon="-95.1698866856" version="1" timestamp="2026-09-02T12:00:00Z" changeset="1" uid="1" user="generator"/>
  <node id="108" lat="43.1449613333" lon="-95.1698859454" version="1" timestamp="2026-09-02T12:00:00Z" changeset="1" uid="1" user="generator"/>
  <node id="109" lat="43.1449623683" lon="-95.1698745353" version="1" timestamp="2026-09-02T12:00:00Z" changeset="1" uid="1" user="generator"/>
  <node id="110" lat="43.1449623953" lon="-95.1698741653" version="1" timestamp="2026-09-02T12:00:00Z" changeset="1" uid="1" user="generator"/>
  <node id="111" lat="43.1449791083" lon="-95.1696665137" version="1" timestamp="2026-09-02T12:00:00Z" changeset="1" uid="1" user="generator"/>
  <node id="112" lat="43.1449866773" lon="-95.1695724944" version="1" timestamp="2026-09-02T12:00:00Z" changeset="1" uid="1" user="generator"/>
  <node id="113" lat="43.1449866773" lon="-95.1695724451" version="1" timestamp="2026-09-02T12:00:00Z" changeset="1" uid="1" user="generator"/>
  <node id="114" lat="43.1449867403" lon="-95.1695716433" version="1" timestamp="2026-09-02T12:00:00Z" changeset="1" uid="1" user="generator"/>
  <node id="115" lat="43.1449867493" lon="-95.1695715940" version="1" timestamp="2026-09-02T12:00:00Z" changeset="1" uid="1" user="generator"/>
  <node id="116" lat="43.1449874693" lon="-95.1695631813" version="1" timestamp="2026-09-02T12:00:00Z" changeset="1" uid="1" user="generator"/>
  <node id="117" lat="43.1449874783" lon="-95.1695631196" version="1" timestamp="2026-09-02T12:00:00Z" changeset="1" uid="1" user="generator"/>
  <node id="118" lat="43.1449874783" lon="-95.1695630703" version="1" timestamp="2026-09-02T12:00:00Z" changeset="1" uid="1" user="generator"/>
  <node id="119" lat="43.1449875503" lon="-95.1695623055" version="1" timestamp="2026-09-02T12:00:00Z" changeset="1" uid="1" user="generator"/>
  <node id="120" lat="43.1449876313" lon="-95.1695614791" version="1" timestamp="2026-09-02T12:00:00Z" changeset="1" uid="1" user="generator"/>
  <node id="121" lat="43.1449876313" lon="-95.1695614297" version="1" timestamp="2026-09-02T12:00:00Z" changeset="1" uid="1" user="generator"/>
  <node id="122" lat="43.1449876403" lon="-95.1695613804" version="1" timestamp="2026-09-02T12:00:00Z" changeset="1" uid="1" user="generator"/>
  <node id="123" lat="43.1449884413" lon="-95.1695531404" version="1" timestamp="2026-09-02T12:00:00Z" changeset="1" uid="1" user="generator"/>
  <node id="124" lat="43.1449884413" lon="-95.1695530911" version="1" timestamp="2026-09-02T12:00:00Z" changeset="1" uid="1" user="generator"/>
  <node id="125" lat="43.1449884503" lon="-95.1695530417" version="1" timestamp="2026-09-02T12:00:00Z" changeset="1" uid="1" user="generator"/>
  <node id="126" lat="43.1449886123" lon="-95.1695514628" version="1" timestamp="2026-09-02T12:00:00Z" changeset="1" uid="1" user="generator"/>
  <node id="127" lat="43.1449886213" lon="-95.1695514012" version="1" timestamp="2026-09-02T12:00:00Z" changeset="1" uid="1" user="generator"/>
  <node id="128" lat="43.1449886213" lon="-95.1695513518" version="1" timestamp="2026-09-02T12:00:00Z" changeset="1" uid="1" user="generator"/>
  <node id="129" lat="43.1449895033" lon="-95.1695432599" version="1" timestamp="2026-09-02T12:00:00Z" changeset="1" uid="1" user="generator"/>
  <node id="130" lat="43.1449895123" lon="-95.1695432106" version="1" timestamp="2026-09-02T12:00:00Z" changeset="1" uid="1" user="generator"/>
  <node id="131" lat="43.1449895213" lon="-95.1695431612" version="1" timestamp="2026-09-02T12:00:00Z" changeset="1" uid="1" user="generator"/>
  <node id="132" lat="43.1449897013" lon="-95.1695415946" version="1" timestamp="2026-09-02T12:00:00Z" changeset="1" uid="1" user="generator"/>
  <node id="133" lat="43.1449897013" lon="-95.1695415453" version="1" timestamp="2026-09-02T12:00:00Z" changeset="1" uid="1" user="generator"/>
  <node id="134" lat="43.1449897103" lon="-95.1695414836" version="1" timestamp="2026-09-02T12:00:00Z" changeset="1" uid="1" user="generator"/>
  <node id="135" lat="43.1449902683" lon="-95.1695368579" version="1" timestamp="2026-09-02T12:00:00Z" changeset="1" uid="1" user="generator"/>
  <node id="136" lat="43.1449906733" lon="-95.1695335274" version="1" timestamp="2026-09-02T12:00:00Z" changeset="1" uid="1" user="generator"/>
  <node id="137" lat="43.1449906823" lon="-95.1695334780" version="1" timestamp="2026-09-02T12:00:00Z" changeset="1" uid="1" user="generator"/>
  <node id="138" lat="43.1449906913" lon="-95.1695334287" version="1" timestamp="2026-09-02T12:00:00Z" changeset="1" uid="1" user="generator"/>
  <node id="139" lat="43.1449908803" lon="-95.1695318868" version="1" timestamp="2026-09-02T12:00:00Z" changeset="1" uid="1" user="generator"/>
  <node id="140" lat="43.1449908893" lon="-95.1695318375" version="1" timestamp="2026-09-02T12:00:00Z" changeset="1" uid="1" user="generator"/>
  <node id="141" lat="43.1449908983" lon="-95.1695317881" version="1" timestamp="2026-09-02T12:00:00Z" changeset="1" uid="1" user="generator"/>
  <node id="142" lat="43.1449919423" lon="-95.1695239676" version="1" timestamp="2026-09-02T12:00:00Z" changeset="1" uid="1" user="generator"/>
  <node id="143" lat="43.1449919513" lon="-95.1695239182" version="1" timestamp="2026-09-02T12:00:00Z" changeset="1" uid="1" user="generator"/>
  <node id="144" lat="43.1449919603" lon="-95.1695238689" version="1" timestamp="2026-09-02T12:00:00Z" changeset="1" uid="1" user="generator"/>
  <node id="145" lat="43.1449921133" lon="-95.1695227587" version="1" timestamp="2026-09-02T12:00:00Z" changeset="1" uid="1" user="generator"/>
  <node id="146" lat="43.1449921673" lon="-95.1695223516" version="1" timestamp="2026-09-02T12:00:00Z" changeset="1" uid="1" user="generator"/>
  <node id="147" lat="43.1449921763" lon="-95.1695223023" version="1" timestamp="2026-09-02T12:00:00Z" changeset="1" uid="1" user="generator"/>
  <node id="148" lat="43.1449921853" lon="-95.1695222530" version="1" timestamp="2026-09-02T12:00:00Z" changeset="1" uid="1" user="generator"/>
  <node id="149" lat="43.1449930763" lon="-95.1695161470" version="1" timestamp="2026-09-02T12:00:00Z" changeset="1" uid="1" user="generator"/>
  <node id="150" lat="43.1449933103" lon="-95.1695145804" version="1" timestamp="2026-09-02T12:00:00Z" changeset="1" uid="1" user="generator"/>
  <node id="151" lat="43.1449933193" lon="-95.1695145311" version="1" timestamp="2026-09-02T12:00:00Z" changeset="1" uid="1" user="generator"/>
  <node id="152" lat="43.1449933283" lon="-95.1695144818" version="1" timestamp="2026-09-02T12:00:00Z" changeset="1" uid="1" user="generator"/>
  <node id="153" lat="43.1449933733" lon="-95.1695141487" version="1" timestamp="2026-09-02T12:00:00Z" changeset="1" uid="1" user="generator"/>
  <node id="154" lat="43.1449935533" lon="-95.1695130015" version="1" timestamp="2026-09-02T12:00:00Z" changeset="1" uid="1" user="generator"/>
  <node id="155" lat="43.1449935623" lon="-95.1695129522" version="1" timestamp="2026-09-02T12:00:00Z" changeset="1" uid="1" user="generator"/>
  <node id="156" lat="43.1449935713" lon="-95.1695129028" version="1" timestamp="2026-09-02T12:00:00Z" changeset="1" uid="1" user="generator"/>
  <node id="157" lat="43.1449942823" lon="-95.1695084498" version="1" timestamp="2026-09-02T12:00:00Z" changeset="1" uid="1" user="generator"/>
  <node id="158" lat="43.1449947773" lon="-95.1695053660" version="1" timestamp="2026-09-02T12:00:00Z" changeset="1" uid="1" user="generator"/>
  <node id="159" lat="43.1449947863" lon="-95.1695053167" version="1" timestamp="2026-09-02T12:00:00Z" changeset="1" uid="1" user="generator"/>
  <node id="160" lat="43.1449947953" lon="-95.1695052673" version="1" timestamp="2026-09-02T12:00:00Z" changeset="1" uid="1" user="generator"/>
  <node id="161" lat="43.1449949123" lon="-95.1695045519" version="1" timestamp="2026-09-02T12:00:00Z" changeset="1" uid="1" user="generator"/>
  <node id="162" lat="43.1449950293" lon="-95.1695038364" version="1" timestamp="2026-09-02T12:00:00Z" changeset="1" uid="1" user="generator"/>
  <node id="163" lat="43.1449950383" lon="-95.1695037871" version="1" timestamp="2026-09-02T12:00:00Z" changeset="1" uid="1" user="generator"/>
  <node id="164" lat="43.1449950473" lon="-95.1695037378" version="1" timestamp="2026-09-02T12:00:00Z" changeset="1" uid="1" user="generator"/>
  <node id="165" lat="43.1449961993" lon="-95.1694971261" version="1" timestamp="2026-09-02T12:00:00Z" changeset="1" uid="1" user="generator"/>
  <node id="166" lat="43.1449963433" lon="-95.1694963489" version="1" timestamp="2026-09-02T12:00:00Z" changeset="1" uid="1" user="generator"/>
  <node id="167" lat="43.1449963523" lon="-95.1694962996" version="1" timestamp="2026-09-02T12:00:00Z" changeset="1" uid="1" user="generator"/>
  <node id="168" lat="43.1449964693" lon="-95.1694955965" version="1" timestamp="2026-09-02T12:00:00Z" changeset="1" uid="1" user="generator"/>
  <node id="169" lat="43.1449964783" lon="-95.1694955595" version="1" timestamp="2026-09-02T12:00:00Z" changeset="1" uid="1" user="generator"/>
  <node id="170" lat="43.1450117783" lon="-95.1694124569" version="1" timestamp="2026-09-02T12:00:00Z" changeset="1" uid="1" user="generator"/>
  <node id="171" lat="43.1450117873" lon="-95.1694124322" version="1" timestamp="2026-09-02T12:00:00Z" changeset="1" uid="1" user="generator"/>
  <node id="172" lat="43.1450118593" lon="-95.1694120499" version="1" timestamp="2026-09-02T12:00:00Z" changeset="1" uid="1" user="generator"/>
  <node id="173" lat="43.1450118593" lon="-95.1694120252" version="1" timestamp="2026-09-02T12:00:00Z" changeset="1" uid="1" user="generator"/>
  <node id="174" lat="43.1450127233" lon="-95.1694075475" version="1" timestamp="2026-09-02T12:00:00Z" changeset="1" uid="1" user="generator"/>
  <node id="175" lat="43.1450127233" lon="-95.1694075228" version="1" timestamp="2026-09-02T12:00:00Z" changeset="1" uid="1" user="generator"/>
  <node id="176" lat="43.1450127323" lon="-95.1694074981" version="1" timestamp="2026-09-02T12:00:00Z" changeset="1" uid="1" user="generator"/>
  <node id="177" lat="43.1450127863" lon="-95.1694072268" version="1" timestamp="2026-09-02T12:00:00Z" changeset="1" uid="1" user="generator"/>
  <node id="178" lat="43.1450128763" lon="-95.1694067457" version="1" timestamp="2026-09-02T12:00:00Z" changeset="1" uid="1" user="generator"/>
  <node id="179" lat="43.1450128853" lon="-95.1694067210" version="1" timestamp="2026-09-02T12:00:00Z" changeset="1" uid="1" user="generator"/>
  <node id="180" lat="43.1450128853" lon="-95.1694066964" version="1" timestamp="2026-09-02T12:00:00Z" changeset="1" uid="1" user="generator"/>
  <node id="181" lat="43.1450137673" lon="-95.1694023173" version="1" timestamp="2026-09-02T12:00:00Z" changeset="1" uid="1" user="generator"/>
  <node id="182" lat="43.1450137673" lon="-95.1694022927" version="1" timestamp="2026-09-02T12:00:00Z" changeset="1" uid="1" user="generator"/>
  <node id="183" lat="43.1450137763" lon="-95.1694022680" version="1" timestamp="2026-09-02T12:00:00Z" changeset="1" uid="1" user="generator"/>
  <node id="184" lat="43.1450139293" lon="-95.1694015402" version="1" timestamp="2026-09-02T12:00:00Z" changeset="1" uid="1" user="generator"/>
  <node id="185" lat="43.1450139293" lon="-95.1694015156" version="1" timestamp="2026-09-02T12:00:00Z" changeset="1" uid="1" user="generator"/>
  <node id="186" lat="43.1450139383" lon="-95.1694014909" version="1" timestamp="2026-09-02T12:00:00Z" changeset="1" uid="1" user="generator"/>
  <node id="187" lat="43.1450148383" lon="-95.1693971859" version="1" timestamp="2026-09-02T12:00:00Z" changeset="1" uid="1" user="generator"/>
  <node id="188" lat="43.1450148473" lon="-95.1693971612" version="1" timestamp="2026-09-02T12:00:00Z" changeset="1" uid="1" user="generator"/>
  <node id="189" lat="43.1450148473" lon="-95.1693971365" version="1" timestamp="2026-09-02T12:00:00Z" changeset="1" uid="1" user="generator"/>
  <node id="190" lat="43.1450149193" lon="-95.1693968282" version="1" timestamp="2026-09-02T12:00:00Z" changeset="1" uid="1" user="generator"/>
  <node id="191" lat="43.1450150093" lon="-95.1693964211" version="1" timestamp="2026-09-02T12:00:00Z" changeset="1" uid="1" user="generator"/>
  <node id="192" lat="43.1450150093" lon="-95.1693963964" version="1" timestamp="2026-09-02T12:00:00Z" changeset="1" uid="1" user="generator"/>
  <node id="193" lat="43.1450150183" lon="-95.1693963718" version="1" timestamp="2026-09-02T12:00:00Z" changeset="1" uid="1" user="generator"/>
  <node id="194" lat="43.1450159453" lon="-95.1693921531" version="1" timestamp="2026-09-02T12:00:00Z" changeset="1" uid="1" user="generator"/>
  <node id="195" lat="43.1450159543" lon="-95.1693921284" version="1" timestamp="2026-09-02T12:00:00Z" changeset="1" uid="1" user="generator"/>
  <node id="196" lat="43.1450159543" lon="-95.1693921038" version="1" timestamp="2026-09-02T12:00:00Z" changeset="1" uid="1" user="generator"/>
  <node id="197" lat="43.1450160173" lon="-95.1693918200" version="1" timestamp="2026-09-02T12:00:00Z" changeset="1" uid="1" user="generator"/>
  <node id="198" lat="43.1450161163" lon="-95.1693913883" version="1" timestamp="2026-09-02T12:00:00Z" changeset="1" uid="1" user="generator"/>
  <node id="199" lat="43.1450161253" lon="-95.1693913636" version="1" timestamp="2026-09-02T12:00:00Z" changeset="1" uid="1" user="generator"/>
  <node id="200" lat="43.1450161253" lon="-95.1693913513" version="1" timestamp="2026-09-02T12:00:00Z" changeset="1" uid="1" user="generator"/>
  <node id="201" lat="43.1450170793" lon="-95.1693872067" version="1" timestamp="2026-09-02T12:00:00Z" changeset="1" uid="1" user="generator"/>
  <node id="202" lat="43.1450170883" lon="-95.1693871820" version="1" timestamp="2026-09-02T12:00:00Z" changeset="1" uid="1" user="generator"/>
  <node id="203" lat="43.1450170973" lon="-95.1693871573" version="1" timestamp="2026-09-02T12:00:00Z" changeset="1" uid="1" user="generator"/>
  <node id="204" lat="43.1450172503" lon="-95.1693865036" version="1" timestamp="2026-09-02T12:00:00Z" changeset="1" uid="1" user="generator"/>
  <node id="205" lat="43.1450172593" lon="-95.1693864665" version="1" timestamp="2026-09-02T12:00:00Z" changeset="1" uid="1" user="generator"/>
  <node id="206" lat="43.1450172683" lon="-95.1693864419" version="1" timestamp="2026-09-02T12:00:00Z" changeset="1" uid="1" user="generator"/>
  <node id="207" lat="43.1450172683" lon="-95.1693864172" version="1" timestamp="2026-09-02T12:00:00Z" changeset="1" uid="1" user="generator"/>
  <node id="208" lat="43.1450182493" lon="-95.1693823466" version="1" timestamp="2026-09-02T12:00:00Z" changeset="1" uid="1" user="generator"/>
  <node id="209" lat="43.1450182583" lon="-95.1693823219" version="1" timestamp="2026-09-02T12:00:00Z" changeset="1" uid="1" user="generator"/>
  <node id="210" lat="43.1450182583" lon="-95.1693822972" version="1" timestamp="2026-09-02T12:00:00Z" changeset="1" uid="1" user="generator"/>
  <node id="211" lat="43.1450184203" lon="-95.1693816681" version="1" timestamp="2026-09-02T12:00:00Z" changeset="1" uid="1" user="generator"/>
  <node id="212" lat="43.1450184293" lon="-95.1693816188" version="1" timestamp="2026-09-02T12:00:00Z" changeset="1" uid="1" user="generator"/>
  <node id="213" lat="43.1450184383" lon="-95.1693815941" version="1" timestamp="2026-09-02T12:00:00Z" changeset="1" uid="1" user="generator"/>
  <node id="214" lat="43.1450184383" lon="-95.1693815695" version="1" timestamp="2026-09-02T12:00:00Z" changeset="1" uid="1" user="generator"/>
  <node id="215" lat="43.1450185193" lon="-95.1693812487" version="1" timestamp="2026-09-02T12:00:00Z" changeset="1" uid="1" user="generator"/>
  <node id="216" lat="43.1450194463" lon="-95.1693775975" version="1" timestamp="2026-09-02T12:00:00Z" changeset="1" uid="1" user="generator"/>
  <node id="217" lat="43.1450194553" lon="-95.1693775728" version="1" timestamp="2026-09-02T12:00:00Z" changeset="1" uid="1" user="generator"/>
  <node id="218" lat="43.1450194553" lon="-95.1693775482" version="1" timestamp="2026-09-02T12:00:00Z" changeset="1" uid="1" user="generator"/>
  <node id="219" lat="43.1450196263" lon="-95.1693768821" version="1" timestamp="2026-09-02T12:00:00Z" changeset="1" uid="1" user="generator"/>
  <node id="220" lat="43.1450196353" lon="-95.1693768697" version="1" timestamp="2026-09-02T12:00:00Z" changeset="1" uid="1" user="generator"/>
  <node id="221" lat="43.1450196443" lon="-95.1693768451" version="1" timestamp="2026-09-02T12:00:00Z" changeset="1" uid="1" user="generator"/>
  <node id="222" lat="43.1450206703" lon="-95.1693729348" version="1" timestamp="2026-09-02T12:00:00Z" changeset="1" uid="1" user="generator"/>
  <node id="223" lat="43.1450206793" lon="-95.1693729101" version="1" timestamp="2026-09-02T12:00:00Z" changeset="1" uid="1" user="generator"/>
  <node id="224" lat="43.1450207603" lon="-95.1693725771" version="1" timestamp="2026-09-02T12:00:00Z" changeset="1" uid="1" user="generator"/>
  <node id="225" lat="43.1450207693" lon="-95.1693725524" version="1" timestamp="2026-09-02T12:00:00Z" changeset="1" uid="1" user="generator"/>
  <node id="226" lat="43.1451827425" lon="-95.1687506708" version="1" timestamp="2026-09-02T12:00:00Z" changeset="1" uid="1" user="generator"/>
  <node id="227" lat="43.1451827515" lon="-95.1687506215" version="1" timestamp="2026-09-02T12:00:00Z" changeset="1" uid="1" user="generator"/>
  <node id="228" lat="43.1451827605" lon="-95.1687505845" version="1" timestamp="2026-09-02T12:00:00Z" changeset="1" uid="1" user="generator"/>
  <node id="229" lat="43.1451829225" lon="-95.1687499800" version="1" timestamp="2026-09-02T12:00:00Z" changeset="1" uid="1" user="generator"/>
  <node id="230" lat="43.1451831115" lon="-95.1687492399" version="1" timestamp="2026-09-02T12:00:00Z" changeset="1" uid="1" user="generator"/>
  <node id="231" lat="43.1451831295" lon="-95.1687491906" version="1" timestamp="2026-09-02T12:00:00Z" changeset="1" uid="1" user="generator"/>
  <node id="232" lat="43.1451831385" lon="-95.1687491536" version="1" timestamp="2026-09-02T12:00:00Z" changeset="1" uid="1" user="generator"/>
  <node id="233" lat="43.1453855757" lon="-95.1680115304" version="1" timestamp="2026-09-02T12:00:00Z" changeset="1" uid="1" user="generator"/>
  <node id="234" lat="43.1459014022" lon="-95.1661319098" version="1" timestamp="2026-09-02T12:00:00Z" changeset="1" uid="1" user="generator"/>
  <node id="235" lat="43.1459014202" lon="-95.1661318605" version="1" timestamp="2026-09-02T12:00:00Z" changeset="1" uid="1" user="generator"/>
  <node id="236" lat="43.1459014292" lon="-95.1661318112" version="1" timestamp="2026-09-02T12:00:00Z" changeset="1" uid="1" user="generator"/>
  <node id="237" lat="43.1459016542" lon="-95.1661310340" version="1" timestamp="2026-09-02T12:00:00Z" changeset="1" uid="1" user="generator"/>
  <node id="238" lat="43.1459018432" lon="-95.1661303803" version="1" timestamp="2026-09-02T12:00:00Z" changeset="1" uid="1" user="generator"/>
  <node id="239" lat="43.1459018612" lon="-95.1661303309" version="1" timestamp="2026-09-02T12:00:00Z" changeset="1" uid="1" user="generator"/>
  <node id="240" lat="43.1459018702" lon="-95.1661302816" version="1" timestamp="2026-09-02T12:00:00Z" changeset="1" uid="1" user="generator"/>
  <node id="241" lat="43.1461816715" lon="-95.1651973914" version="1" timestamp="2026-09-02T12:00:00Z" changeset="1" uid="1" user="generator"/>
  <node id="242" lat="43.1461819235" lon="-95.1651964292" version="1" timestamp="2026-09-02T12:00:00Z" changeset="1" uid="1" user="generator"/>
  <node id="243" lat="43.1463880147" lon="-95.1643421393" version="1" timestamp="2026-09-02T12:00:00Z" changeset="1" uid="1" user="generator"/>
  <node id="244" lat="43.1465583849" lon="-95.1636358723" version="1" timestamp="2026-09-02T12:00:00Z" changeset="1" uid="1" user="generator"/>
  <node id="245" lat="43.1465583939" lon="-95.1636358476" version="1" timestamp="2026-09-02T12:00:00Z" changeset="1" uid="1" user="generator"/>
  <node id="246" lat="43.1465584839" lon="-95.1636354529" version="1" timestamp="2026-09-02T12:00:00Z" changeset="1" uid="1" user="generator"/>
  <node id="247" lat="43.1465584929" lon="-95.1636354282" version="1" timestamp="2026-09-02T12:00:00Z" changeset="1" uid="1" user="generator"/>
  <node id="248" lat="43.1465594469" lon="-95.1636315426" version="1" timestamp="2026-09-02T12:00:00Z" changeset="1" uid="1" user="generator"/>
  <node id="249" lat="43.1465594559" lon="-95.1636315179" version="1" timestamp="2026-09-02T12:00:00Z" changeset="1" uid="1" user="generator"/>
  <node id="250" lat="43.1465594649" lon="-95.1636314932" version="1" timestamp="2026-09-02T12:00:00Z" changeset="1" uid="1" user="generator"/>
  <node id="251" lat="43.1465596629" lon="-95.1636307161" version="1" timestamp="2026-09-02T12:00:00Z" changeset="1" uid="1" user="generator"/>
  <node id="252" lat="43.1465596629" lon="-95.1636306915" version="1" timestamp="2026-09-02T12:00:00Z" changeset="1" uid="1" user="generator"/>
  <node id="253" lat="43.1465596719" lon="-95.1636306668" version="1" timestamp="2026-09-02T12:00:00Z" changeset="1" uid="1" user="generator"/>
  <node id="254" lat="43.1465601219" lon="-95.1636289398" version="1" timestamp="2026-09-02T12:00:00Z" changeset="1" uid="1" user="generator"/>
  <node id="255" lat="43.1465606439" lon="-95.1636268922" version="1" timestamp="2026-09-02T12:00:00Z" changeset="1" uid="1" user="generator"/>
  <node id="256" lat="43.1465606529" lon="-95.1636268675" version="1" timestamp="2026-09-02T12:00:00Z" changeset="1" uid="1" user="generator"/>
  <node id="257" lat="43.1465606619" lon="-95.1636268429" version="1" timestamp="2026-09-02T12:00:00Z" changeset="1" uid="1" user="generator"/>
  <node id="258" lat="43.1465608599" lon="-95.1636260781" version="1" timestamp="2026-09-02T12:00:00Z" changeset="1" uid="1" user="generator"/>
  <node id="259" lat="43.1465608689" lon="-95.1636260534" version="1" timestamp="2026-09-02T12:00:00Z" changeset="1" uid="1" user="generator"/>
  <node id="260" lat="43.1465608779" lon="-95.1636260287" version="1" timestamp="2026-09-02T12:00:00Z" changeset="1" uid="1" user="generator"/>
  <node id="261" lat="43.1465615169" lon="-95.1636236604" version="1" timestamp="2026-09-02T12:00:00Z" changeset="1" uid="1" user="generator"/>
  <node id="262" lat="43.1465618769" lon="-95.1636223405" version="1" timestamp="2026-09-02T12:00:00Z" changeset="1" uid="1" user="generator"/>
  <node id="263" lat="43.1465618769" lon="-95.1636223158" version="1" timestamp="2026-09-02T12:00:00Z" changeset="1" uid="1" user="generator"/>
  <node id="264" lat="43.1465618859" lon="-95.1636222911" version="1" timestamp="2026-09-02T12:00:00Z" changeset="1" uid="1" user="generator"/>
  <node id="265" lat="43.1465619219" lon="-95.1636221678" version="1" timestamp="2026-09-02T12:00:00Z" changeset="1" uid="1" user="generator"/>
  <node id="266" lat="43.1465620929" lon="-95.1636215387" version="1" timestamp="2026-09-02T12:00:00Z" changeset="1" uid="1" user="generator"/>
  <node id="267" lat="43.1465621019" lon="-95.1636215140" version="1" timestamp="2026-09-02T12:00:00Z" changeset="1" uid="1" user="generator"/>
  <node id="268" lat="43.1465621109" lon="-95.1636214894" version="1" timestamp="2026-09-02T12:00:00Z" changeset="1" uid="1" user="generator"/>
  <node id="269" lat="43.1465631279" lon="-95.1636178875" version="1" timestamp="2026-09-02T12:00:00Z" changeset="1" uid="1" user="generator"/>
  <node id="270" lat="43.1465631369" lon="-95.1636178628" version="1" timestamp="2026-09-02T12:00:00Z" changeset="1" uid="1" user="generator"/>
  <node id="271" lat="43.1465631459" lon="-95.1636178381" version="1" timestamp="2026-09-02T12:00:00Z" changeset="1" uid="1" user="generator"/>
  <node id="272" lat="43.1465633529" lon="-95.1636171103" version="1" timestamp="2026-09-02T12:00:00Z" changeset="1" uid="1" user="generator"/>
  <node id="273" lat="43.1465633619" lon="-95.1636170857" version="1" timestamp="2026-09-02T12:00:00Z" changeset="1" uid="1" user="generator"/>
  <node id="274" lat="43.1465633709" lon="-95.1636170610" version="1" timestamp="2026-09-02T12:00:00Z" changeset="1" uid="1" user="generator"/>
  <node id="275" lat="43.1465644149" lon="-95.1636135455" version="1" timestamp="2026-09-02T12:00:00Z" changeset="1" uid="1" user="generator"/>
  <node id="276" lat="43.1465644149" lon="-95.1636135208" version="1" timestamp="2026-09-02T12:00:00Z" changeset="1" uid="1" user="generator"/>
  <node id="277" lat="43.1465644239" lon="-95.1636134961" version="1" timestamp="2026-09-02T12:00:00Z" changeset="1" uid="1" user="generator"/>
  <node id="278" lat="43.1465645589" lon="-95.1636130644" version="1" timestamp="2026-09-02T12:00:00Z" changeset="1" uid="1" user="generator"/>
  <node id="279" lat="43.1465646399" lon="-95.1636127807" version="1" timestamp="2026-09-02T12:00:00Z" changeset="1" uid="1" user="generator"/>
  <node id="280" lat="43.1465646489" lon="-95.1636127560" version="1" timestamp="2026-09-02T12:00:00Z" changeset="1" uid="1" user="generator"/>
  <node id="281" lat="43.1465646579" lon="-95.1636127313" version="1" timestamp="2026-09-02T12:00:00Z" changeset="1" uid="1" user="generator"/>
  <node id="282" lat="43.1465650899" lon="-95.1636113374" version="1" timestamp="2026-09-02T12:00:00Z" changeset="1" uid="1" user="generator"/>
  <node id="283" lat="43.1465657199" lon="-95.1636093021" version="1" timestamp="2026-09-02T12:00:00Z" changeset="1" uid="1" user="generator"/>
  <node id="284" lat="43.1465657289" lon="-95.1636092775" version="1" timestamp="2026-09-02T12:00:00Z" changeset="1" uid="1" user="generator"/>
  <node id="285" lat="43.1465657379" lon="-95.1636092528" version="1" timestamp="2026-09-02T12:00:00Z" changeset="1" uid="1" user="generator"/>
  <node id="286" lat="43.1465659539" lon="-95.1636085620" version="1" timestamp="2026-09-02T12:00:00Z" changeset="1" uid="1" user="generator"/>
  <node id="287" lat="43.1465659629" lon="-95.1636085373" version="1" timestamp="2026-09-02T12:00:00Z" changeset="1" uid="1" user="generator"/>
  <node id="288" lat="43.1465659719" lon="-95.1636085127" version="1" timestamp="2026-09-02T12:00:00Z" changeset="1" uid="1" user="generator"/>
  <node id="289" lat="43.1465664849" lon="-95.1636069461" version="1" timestamp="2026-09-02T12:00:00Z" changeset="1" uid="1" user="generator"/>
  <node id="290" lat="43.1465670609" lon="-95.1636051575" version="1" timestamp="2026-09-02T12:00:00Z" changeset="1" uid="1" user="generator"/>
  <node id="291" lat="43.1465670699" lon="-95.1636051328" version="1" timestamp="2026-09-02T12:00:00Z" changeset="1" uid="1" user="generator"/>
  <node id="292" lat="43.1465670789" lon="-95.1636051081" version="1" timestamp="2026-09-02T12:00:00Z" changeset="1" uid="1" user="generator"/>
  <node id="293" lat="43.1465672409" lon="-95.1636046147" version="1" timestamp="2026-09-02T12:00:00Z" changeset="1" uid="1" user="generator"/>
  <node id="294" lat="43.1465673039" lon="-95.1636044420" version="1" timestamp="2026-09-02T12:00:00Z" changeset="1" uid="1" user="generator"/>
  <node id="295" lat="43.1465673039" lon="-95.1636044174" version="1" timestamp="2026-09-02T12:00:00Z" changeset="1" uid="1" user="generator"/>
  <node id="296" lat="43.1465673129" lon="-95.1636043927" version="1" timestamp="2026-09-02T12:00:00Z" changeset="1" uid="1" user="generator"/>
  <node id="297" lat="43.1465678799" lon="-95.1636027274" version="1" timestamp="2026-09-02T12:00:00Z" changeset="1" uid="1" user="generator"/>
  <node id="298" lat="43.1465684289" lon="-95.1636011239" version="1" timestamp="2026-09-02T12:00:00Z" changeset="1" uid="1" user="generator"/>
  <node id="299" lat="43.1465684289" lon="-95.1636010992" version="1" timestamp="2026-09-02T12:00:00Z" changeset="1" uid="1" user="generator"/>
  <node id="300" lat="43.1465685459" lon="-95.1636007661" version="1" timestamp="2026-09-02T12:00:00Z" changeset="1" uid="1" user="generator"/>
  <node id="301" lat="43.1465685549" lon="-95.1636007538" version="1" timestamp="2026-09-02T12:00:00Z" changeset="1" uid="1" user="generator"/>
  <node id="302" lat="43.1468933112" lon="-95.1626675059" version="1" timestamp="2026-09-02T12:00:00Z" changeset="1" uid="1" user="generator"/>
  <node id="303" lat="43.1468933382" lon="-95.1626674195" version="1" timestamp="2026-09-02T12:00:00Z" changeset="1" uid="1" user="generator"/>
  <node id="304" lat="43.1468941662" lon="-95.1626650018" version="1" timestamp="2026-09-02T12:00:00Z" changeset="1" uid="1" user="generator"/>
  <node id="305" lat="43.1468941932" lon="-95.1626649278" version="1" timestamp="2026-09-02T12:00:00Z" changeset="1" uid="1" user="generator"/>
  <node id="306" lat="43.1468942472" lon="-95.1626647551" version="1" timestamp="2026-09-02T12:00:00Z" changeset="1" uid="1" user="generator"/>
  <node id="307" lat="43.1468950032" lon="-95.1626624238" version="1" timestamp="2026-09-02T12:00:00Z" changeset="1" uid="1" user="generator"/>
  <node id="308" lat="43.1468950662" lon="-95.1626622387" version="1" timestamp="2026-09-02T12:00:00Z" changeset="1" uid="1" user="generator"/>
  <node id="309" lat="43.1468958042" lon="-95.1626598580" version="1" timestamp="2026-09-02T12:00:00Z" changeset="1" uid="1" user="generator"/>
  <node id="310" lat="43.1468958672" lon="-95.1626596730" version="1" timestamp="2026-09-02T12:00:00Z" changeset="1" uid="1" user="generator"/>
  <node id="311" lat="43.1468965962" lon="-95.1626572306" version="1" timestamp="2026-09-02T12:00:00Z" changeset="1" uid="1" user="generator"/>
  <node id="312" lat="43.1468966502" lon="-95.1626570456" version="1" timestamp="2026-09-02T12:00:00Z" changeset="1" uid="1" user="generator"/>
  <node id="313" lat="43.1468973612" lon="-95.1626545539" version="1" timestamp="2026-09-02T12:00:00Z" changeset="1" uid="1" user="generator"/>
  <node id="314" lat="43.1468974152" lon="-95.1626543688" version="1" timestamp="2026-09-02T12:00:00Z" changeset="1" uid="1" user="generator"/>
  <node id="315" lat="43.1468981172" lon="-95.1626518031" version="1" timestamp="2026-09-02T12:00:00Z" changeset="1" uid="1" user="generator"/>
  <node id="316" lat="43.1468981712" lon="-95.1626516181" version="1" timestamp="2026-09-02T12:00:00Z" changeset="1" uid="1" user="generator"/>
  <node id="317" lat="43.1468987022" lon="-95.1626495951" version="1" timestamp="2026-09-02T12:00:00Z" changeset="1" uid="1" user="generator"/>
  <node id="318" lat="43.1468988552" lon="-95.1626490030" version="1" timestamp="2026-09-02T12:00:00Z" changeset="1" uid="1" user="generator"/>
  <node id="319" lat="43.1468989002" lon="-95.1626488056" version="1" timestamp="2026-09-02T12:00:00Z" changeset="1" uid="1" user="generator"/>
  <node id="320" lat="43.1468996382" lon="-95.1626458945" version="1" timestamp="2026-09-02T12:00:00Z" changeset="1" uid="1" user="generator"/>
  <node id="321" lat="43.1468996652" lon="-95.1626457958" version="1" timestamp="2026-09-02T12:00:00Z" changeset="1" uid="1" user="generator"/>
  <node id="322" lat="43.1472428626" lon="-95.1612523568" version="1" timestamp="2026-09-02T12:00:00Z" changeset="1" uid="1" user="generator"/>
  <node id="323" lat="43.1472429706" lon="-95.1612519251" version="1" timestamp="2026-09-02T12:00:00Z" changeset="1" uid="1" user="generator"/>
  <node id="324" lat="43.1475085608" lon="-95.1600689871" version="1" timestamp="2026-09-02T12:00:00Z" changeset="1" uid="1" user="generator"/>
  <node id="325" lat="43.1475085968" lon="-95.1600688390" version="1" timestamp="2026-09-02T12:00:00Z" changeset="1" uid="1" user="generator"/>
  <node id="326" lat="43.1475086328" lon="-95.1600687033" version="1" timestamp="2026-09-02T12:00:00Z" changeset="1" uid="1" user="generator"/>
  <node id="327" lat="43.1475096678" lon="-95.1600646204" version="1" timestamp="2026-09-02T12:00:00Z" changeset="1" uid="1" user="generator"/>
  <node id="328" lat="43.1475097038" lon="-95.1600644847" version="1" timestamp="2026-09-02T12:00:00Z" changeset="1" uid="1" user="generator"/>
  <node id="329" lat="43.1475097398" lon="-95.1600643613" version="1" timestamp="2026-09-02T12:00:00Z" changeset="1" uid="1" user="generator"/>
  <node id="330" lat="43.1475853669" lon="-95.1597994865" version="1" timestamp="2026-09-02T12:00:00Z" changeset="1" uid="1" user="generator"/>
  <node id="331" lat="43.1478470512" lon="-95.1588829652" version="1" timestamp="2026-09-02T12:00:00Z" changeset="1" uid="1" user="generator"/>
  <node id="332" lat="43.1478473392" lon="-95.1588818304" version="1" timestamp="2026-09-02T12:00:00Z" changeset="1" uid="1" user="generator"/>
  <node id="333" lat="43.1479953353" lon="-95.1582171332" version="1" timestamp="2026-09-02T12:00:00Z" changeset="1" uid="1" user="generator"/>
  <node id="334" lat="43.1479953713" lon="-95.1582169605" version="1" timestamp="2026-09-02T12:00:00Z" changeset="1" uid="1" user="generator"/>
  <node id="335" lat="43.1479964873" lon="-95.1582117797" version="1" timestamp="2026-09-02T12:00:00Z" changeset="1" uid="1" user="generator"/>
  <node id="336" lat="43.1479965593" lon="-95.1582114219" version="1" timestamp="2026-09-02T12:00:00Z" changeset="1" uid="1" user="generator"/>
  <node id="337" lat="43.1479967303" lon="-95.1582105708" version="1" timestamp="2026-09-02T12:00:00Z" changeset="1" uid="1" user="generator"/>
  <node id="338" lat="43.1479975223" lon="-95.1582065865" version="1" timestamp="2026-09-02T12:00:00Z" changeset="1" uid="1" user="generator"/>
  <node id="339" lat="43.1479975943" lon="-95.1582062288" version="1" timestamp="2026-09-02T12:00:00Z" changeset="1" uid="1" user="generator"/>
  <node id="340" lat="43.1479985033" lon="-95.1582012947" version="1" timestamp="2026-09-02T12:00:00Z" changeset="1" uid="1" user="generator"/>
  <node id="341" lat="43.1479985663" lon="-95.1582009246" version="1" timestamp="2026-09-02T12:00:00Z" changeset="1" uid="1" user="generator"/>
  <node id="342" lat="43.1479994303" lon="-95.1581958919" version="1" timestamp="2026-09-02T12:00:00Z" changeset="1" uid="1" user="generator"/>
  <node id="343" lat="43.1479994843" lon="-95.1581955095" version="1" timestamp="2026-09-02T12:00:00Z" changeset="1" uid="1" user="generator"/>
  <node id="344" lat="43.1480000693" lon="-95.1581918089" version="1" timestamp="2026-09-02T12:00:00Z" changeset="1" uid="1" user="generator"/>
  <node id="345" lat="43.1480002943" lon="-95.1581903780" version="1" timestamp="2026-09-02T12:00:00Z" changeset="1" uid="1" user="generator"/>
  <node id="346" lat="43.1480003483" lon="-95.1581899833" version="1" timestamp="2026-09-02T12:00:00Z" changeset="1" uid="1" user="generator"/>
  <node id="347" lat="43.1480011043" lon="-95.1581847408" version="1" timestamp="2026-09-02T12:00:00Z" changeset="1" uid="1" user="generator"/>
  <node id="348" lat="43.1480011583" lon="-95.1581843461" version="1" timestamp="2026-09-02T12:00:00Z" changeset="1" uid="1" user="generator"/>
  <node id="349" lat="43.1480018693" lon="-95.1581789679" version="1" timestamp="2026-09-02T12:00:00Z" changeset="1" uid="1" user="generator"/>
  <node id="350" lat="43.1480019143" lon="-95.1581785732" version="1" timestamp="2026-09-02T12:00:00Z" changeset="1" uid="1" user="generator"/>
  <node id="351" lat="43.1480026343" lon="-95.1581725782" version="1" timestamp="2026-09-02T12:00:00Z" changeset="1" uid="1" user="generator"/>
  <node id="352" lat="43.1480026523" lon="-95.1581723685" version="1" timestamp="2026-09-02T12:00:00Z" changeset="1" uid="1" user="generator"/>
  <node id="353" lat="43.1480232083" lon="-95.1579912871" version="1" timestamp="2026-09-02T12:00:00Z" changeset="1" uid="1" user="generator"/>
  <node id="354" lat="43.1480975754" lon="-95.1573382097" version="1" timestamp="2026-09-02T12:00:00Z" changeset="1" uid="1" user="generator"/>
  <node id="355" lat="43.1480975934" lon="-95.1573380987" version="1" timestamp="2026-09-02T12:00:00Z" changeset="1" uid="1" user="generator"/>
  <node id="356" lat="43.1480978364" lon="-95.1573359400" version="1" timestamp="2026-09-02T12:00:00Z" changeset="1" uid="1" user="generator"/>
  <node id="357" lat="43.1480979804" lon="-95.1573346818" version="1" timestamp="2026-09-02T12:00:00Z" changeset="1" uid="1" user="generator"/>
  <node id="358" lat="43.1480980074" lon="-95.1573344598" version="1" timestamp="2026-09-02T12:00:00Z" changeset="1" uid="1" user="generator"/>
  <node id="359" lat="43.1480983494" lon="-95.1573313143" version="1" timestamp="2026-09-02T12:00:00Z" changeset="1" uid="1" user="generator"/>
  <node id="360" lat="43.1480983764" lon="-95.1573310799" version="1" timestamp="2026-09-02T12:00:00Z" changeset="1" uid="1" user="generator"/>
  <node id="361" lat="43.1480986914" lon="-95.1573279097" version="1" timestamp="2026-09-02T12:00:00Z" changeset="1" uid="1" user="generator"/>
  <node id="362" lat="43.1480987184" lon="-95.1573276754" version="1" timestamp="2026-09-02T12:00:00Z" changeset="1" uid="1" user="generator"/>
  <node id="363" lat="43.1480990154" lon="-95.1573245052" version="1" timestamp="2026-09-02T12:00:00Z" changeset="1" uid="1" user="generator"/>
  <node id="364" lat="43.1480990334" lon="-95.1573242708" version="1" timestamp="2026-09-02T12:00:00Z" changeset="1" uid="1" user="generator"/>
  <node id="365" lat="43.1480993214" lon="-95.1573211007" version="1" timestamp="2026-09-02T12:00:00Z" changeset="1" uid="1" user="generator"/>
  <node id="366" lat="43.1480993394" lon="-95.1573208540" version="1" timestamp="2026-09-02T12:00:00Z" changeset="1" uid="1" user="generator"/>
  <node id="367" lat="43.1480996004" lon="-95.1573176592" version="1" timestamp="2026-09-02T12:00:00Z" changeset="1" uid="1" user="generator"/>
  <node id="368" lat="43.1480996184" lon="-95.1573174248" version="1" timestamp="2026-09-02T12:00:00Z" changeset="1" uid="1" user="generator"/>
  <node id="369" lat="43.1480998614" lon="-95.1573142053" version="1" timestamp="2026-09-02T12:00:00Z" changeset="1" uid="1" user="generator"/>
  <node id="370" lat="43.1480998704" lon="-95.1573139709" version="1" timestamp="2026-09-02T12:00:00Z" changeset="1" uid="1" user="generator"/>
  <node id="371" lat="43.1481000054" lon="-95.1573119973" version="1" timestamp="2026-09-02T12:00:00Z" changeset="1" uid="1" user="generator"/>
  <node id="372" lat="43.1481001134" lon="-95.1573104430" version="1" timestamp="2026-09-02T12:00:00Z" changeset="1" uid="1" user="generator"/>
  <node id="373" lat="43.1481001224" lon="-95.1573103320" version="1" timestamp="2026-09-02T12:00:00Z" changeset="1" uid="1" user="generator"/>
  <node id="374" lat="43.1481167364" lon="-95.1570904685" version="1" timestamp="2026-09-02T12:00:00Z" changeset="1" uid="1" user="generator"/>
  <node id="375" lat="43.1482189945" lon="-95.1565042482" version="1" timestamp="2026-09-02T12:00:00Z" changeset="1" uid="1" user="generator"/>
  <node id="376" lat="43.1482190035" lon="-95.1565041988" version="1" timestamp="2026-09-02T12:00:00Z" changeset="1" uid="1" user="generator"/>
  <node id="377" lat="43.1482190125" lon="-95.1565041742" version="1" timestamp="2026-09-02T12:00:00Z" changeset="1" uid="1" user="generator"/>
  <node id="378" lat="43.1482192825" lon="-95.1565026323" version="1" timestamp="2026-09-02T12:00:00Z" changeset="1" uid="1" user="generator"/>
  <node id="379" lat="43.1482193005" lon="-95.1565025336" version="1" timestamp="2026-09-02T12:00:00Z" changeset="1" uid="1" user="generator"/>
  <node id="380" lat="43.1482195255" lon="-95.1565011027" version="1" timestamp="2026-09-02T12:00:00Z" changeset="1" uid="1" user="generator"/>
  <node id="381" lat="43.1482195345" lon="-95.1565010040" version="1" timestamp="2026-09-02T12:00:00Z" changeset="1" uid="1" user="generator"/>
  <node id="382" lat="43.1482195705" lon="-95.1565007203" version="1" timestamp="2026-09-02T12:00:00Z" changeset="1" uid="1" user="generator"/>
  <node id="383" lat="43.1482197235" lon="-95.1564995731" version="1" timestamp="2026-09-02T12:00:00Z" changeset="1" uid="1" user="generator"/>
  <node id="384" lat="43.1482197325" lon="-95.1564994621" version="1" timestamp="2026-09-02T12:00:00Z" changeset="1" uid="1" user="generator"/>
  <node id="385" lat="43.1482197685" lon="-95.1564991907" version="1" timestamp="2026-09-02T12:00:00Z" changeset="1" uid="1" user="generator"/>
  <node id="386" lat="43.1482198855" lon="-95.1564980312" version="1" timestamp="2026-09-02T12:00:00Z" changeset="1" uid="1" user="generator"/>
  <node id="387" lat="43.1482198945" lon="-95.1564979202" version="1" timestamp="2026-09-02T12:00:00Z" changeset="1" uid="1" user="generator"/>
  <node id="388" lat="43.1482199845" lon="-95.1564968594" version="1" timestamp="2026-09-02T12:00:00Z" changeset="1" uid="1" user="generator"/>
  <node id="389" lat="43.1482200205" lon="-95.1564964893" version="1" timestamp="2026-09-02T12:00:00Z" changeset="1" uid="1" user="generator"/>
  <node id="390" lat="43.1482200205" lon="-95.1564963783" version="1" timestamp="2026-09-02T12:00:00Z" changeset="1" uid="1" user="generator"/>
  <node id="391" lat="43.1482201105" lon="-95.1564949351" version="1" timestamp="2026-09-02T12:00:00Z" changeset="1" uid="1" user="generator"/>
  <node id="392" lat="43.1482201105" lon="-95.1564948241" version="1" timestamp="2026-09-02T12:00:00Z" changeset="1" uid="1" user="generator"/>
  <node id="393" lat="43.1482201645" lon="-95.1564933808" version="1" timestamp="2026-09-02T12:00:00Z" changeset="1" uid="1" user="generator"/>
  <node id="394" lat="43.1482201645" lon="-95.1564932698" version="1" timestamp="2026-09-02T12:00:00Z" changeset="1" uid="1" user="generator"/>
  <node id="395" lat="43.1482201825" lon="-95.1564916786" version="1" timestamp="2026-09-02T12:00:00Z" changeset="1" uid="1" user="generator"/>
  <node id="396" lat="43.1482201825" lon="-95.1564916292" version="1" timestamp="2026-09-02T12:00:00Z" changeset="1" uid="1" user="generator"/>
  <node id="397" lat="43.1482201285" lon="-95.1564049248" version="1" timestamp="2026-09-02T12:00:00Z" changeset="1" uid="1" user="generator"/>
  <node id="398" lat="43.1482195615" lon="-95.1548885033" version="1" timestamp="2026-09-02T12:00:00Z" changeset="1" uid="1" user="generator"/>
  <node id="399" lat="43.1482195525" lon="-95.1548883429" version="1" timestamp="2026-09-02T12:00:00Z" changeset="1" uid="1" user="generator"/>
  <node id="400" lat="43.1482195435" lon="-95.1548837542" version="1" timestamp="2026-09-02T12:00:00Z" changeset="1" uid="1" user="generator"/>
  <node id="401" lat="43.1482195345" lon="-95.1548834458" version="1" timestamp="2026-09-02T12:00:00Z" changeset="1" uid="1" user="generator"/>
  <node id="402" lat="43.1482194895" lon="-95.1548792642" version="1" timestamp="2026-09-02T12:00:00Z" changeset="1" uid="1" user="generator"/>
  <node id="403" lat="43.1482194895" lon="-95.1548789435" version="1" timestamp="2026-09-02T12:00:00Z" changeset="1" uid="1" user="generator"/>
  <node id="404" lat="43.1482194175" lon="-95.1548747988" version="1" timestamp="2026-09-02T12:00:00Z" changeset="1" uid="1" user="generator"/>
  <node id="405" lat="43.1482194175" lon="-95.1548747742" version="1" timestamp="2026-09-02T12:00:00Z" changeset="1" uid="1" user="generator"/>
  <node id="406" lat="43.1482194085" lon="-95.1548744658" version="1" timestamp="2026-09-02T12:00:00Z" changeset="1" uid="1" user="generator"/>
  <node id="407" lat="43.1482193005" lon="-95.1548703088" version="1" timestamp="2026-09-02T12:00:00Z" changeset="1" uid="1" user="generator"/>
  <node id="408" lat="43.1482192915" lon="-95.1548700004" version="1" timestamp="2026-09-02T12:00:00Z" changeset="1" uid="1" user="generator"/>
  <node id="409" lat="43.1482192015" lon="-95.1548670646" version="1" timestamp="2026-09-02T12:00:00Z" changeset="1" uid="1" user="generator"/>
  <node id="410" lat="43.1482191565" lon="-95.1548658558" version="1" timestamp="2026-09-02T12:00:00Z" changeset="1" uid="1" user="generator"/>
  <node id="411" lat="43.1482191475" lon="-95.1548655474" version="1" timestamp="2026-09-02T12:00:00Z" changeset="1" uid="1" user="generator"/>
  <node id="412" lat="43.1482189855" lon="-95.1548614027" version="1" timestamp="2026-09-02T12:00:00Z" changeset="1" uid="1" user="generator"/>
  <node id="413" lat="43.1482189765" lon="-95.1548610944" version="1" timestamp="2026-09-02T12:00:00Z" changeset="1" uid="1" user="generator"/>
  <node id="414" lat="43.1482187965" lon="-95.1548572951" version="1" timestamp="2026-09-02T12:00:00Z" changeset="1" uid="1" user="generator"/>
  <node id="415" lat="43.1482187785" lon="-95.1548569621" version="1" timestamp="2026-09-02T12:00:00Z" changeset="1" uid="1" user="generator"/>
  <node id="416" lat="43.1482187605" lon="-95.1548566537" version="1" timestamp="2026-09-02T12:00:00Z" changeset="1" uid="1" user="generator"/>
  <node id="417" lat="43.1482185625" lon="-95.1548528544" version="1" timestamp="2026-09-02T12:00:00Z" changeset="1" uid="1" user="generator"/>
  <node id="418" lat="43.1482185175" lon="-95.1548521513" version="1" timestamp="2026-09-02T12:00:00Z" changeset="1" uid="1" user="generator"/>
  <node id="419" lat="43.1482185085" lon="-95.1548520033" version="1" timestamp="2026-09-02T12:00:00Z" changeset="1" uid="1" user="generator"/>
  <node id="420" lat="43.1481931915" lon="-95.1544126341" version="1" timestamp="2026-09-02T12:00:00Z" changeset="1" uid="1" user="generator"/>
  <node id="421" lat="43.1481761995" lon="-95.1541178093" version="1" timestamp="2026-09-02T12:00:00Z" changeset="1" uid="1" user="generator"/>
  <node id="422" lat="43.1481761905" lon="-95.1541175996" version="1" timestamp="2026-09-02T12:00:00Z" changeset="1" uid="1" user="generator"/>
  <node id="423" lat="43.1481757945" lon="-95.1541112839" version="1" timestamp="2026-09-02T12:00:00Z" changeset="1" uid="1" user="generator"/>
  <node id="424" lat="43.1481757585" lon="-95.1541108522" version="1" timestamp="2026-09-02T12:00:00Z" changeset="1" uid="1" user="generator"/>
  <node id="425" lat="43.1481754525" lon="-95.1541066212" version="1" timestamp="2026-09-02T12:00:00Z" changeset="1" uid="1" user="generator"/>
  <node id="426" lat="43.1481753445" lon="-95.1541051656" version="1" timestamp="2026-09-02T12:00:00Z" changeset="1" uid="1" user="generator"/>
  <node id="427" lat="43.1481753085" lon="-95.1541047463" version="1" timestamp="2026-09-02T12:00:00Z" changeset="1" uid="1" user="generator"/>
  <node id="428" lat="43.1481748405" lon="-95.1540991337" version="1" timestamp="2026-09-02T12:00:00Z" changeset="1" uid="1" user="generator"/>
  <node id="429" lat="43.1481748045" lon="-95.1540987143" version="1" timestamp="2026-09-02T12:00:00Z" changeset="1" uid="1" user="generator"/>
  <node id="430" lat="43.1481744895" lon="-95.1540953838" version="1" timestamp="2026-09-02T12:00:00Z" changeset="1" uid="1" user="generator"/>
  <node id="431" lat="43.1481742735" lon="-95.1540931881" version="1" timestamp="2026-09-02T12:00:00Z" changeset="1" uid="1" user="generator"/>
  <node id="432" lat="43.1481742375" lon="-95.1540927687" version="1" timestamp="2026-09-02T12:00:00Z" changeset="1" uid="1" user="generator"/>
  <node id="433" lat="43.1481736525" lon="-95.1540873042" version="1" timestamp="2026-09-02T12:00:00Z" changeset="1" uid="1" user="generator"/>
  <node id="434" lat="43.1481736075" lon="-95.1540868971" version="1" timestamp="2026-09-02T12:00:00Z" changeset="1" uid="1" user="generator"/>
  <node id="435" lat="43.1481729685" lon="-95.1540815066" version="1" timestamp="2026-09-02T12:00:00Z" changeset="1" uid="1" user="generator"/>
  <node id="436" lat="43.1481729235" lon="-95.1540810996" version="1" timestamp="2026-09-02T12:00:00Z" changeset="1" uid="1" user="generator"/>
  <node id="437" lat="43.1481722305" lon="-95.1540757584" version="1" timestamp="2026-09-02T12:00:00Z" changeset="1" uid="1" user="generator"/>
  <node id="438" lat="43.1481721765" lon="-95.1540753760" version="1" timestamp="2026-09-02T12:00:00Z" changeset="1" uid="1" user="generator"/>
  <node id="439" lat="43.1481721045" lon="-95.1540748579" version="1" timestamp="2026-09-02T12:00:00Z" changeset="1" uid="1" user="generator"/>
  <node id="440" lat="43.1481713485" lon="-95.1540696031" version="1" timestamp="2026-09-02T12:00:00Z" changeset="1" uid="1" user="generator"/>
  <node id="441" lat="43.1481713215" lon="-95.1540694058" version="1" timestamp="2026-09-02T12:00:00Z" changeset="1" uid="1" user="generator"/>
  <node id="442" lat="43.1481282294" lon="-95.1537793917" version="1" timestamp="2026-09-02T12:00:00Z" changeset="1" uid="1" user="generator"/>
  <node id="443" lat="43.1481171954" lon="-95.1537050842" version="1" timestamp="2026-09-02T12:00:00Z" changeset="1" uid="1" user="generator"/>
  <node id="444" lat="43.1481171504" lon="-95.1537047881" version="1" timestamp="2026-09-02T12:00:00Z" changeset="1" uid="1" user="generator"/>
  <node id="445" lat="43.1481162324" lon="-95.1536990399" version="1" timestamp="2026-09-02T12:00:00Z" changeset="1" uid="1" user="generator"/>
  <node id="446" lat="43.1481157284" lon="-95.1536958574" version="1" timestamp="2026-09-02T12:00:00Z" changeset="1" uid="1" user="generator"/>
  <node id="447" lat="43.1481156294" lon="-95.1536952777" version="1" timestamp="2026-09-02T12:00:00Z" changeset="1" uid="1" user="generator"/>
  <node id="448" lat="43.1481142344" lon="-95.1536875065" version="1" timestamp="2026-09-02T12:00:00Z" changeset="1" uid="1" user="generator"/>
  <node id="449" lat="43.1481141264" lon="-95.1536869267" version="1" timestamp="2026-09-02T12:00:00Z" changeset="1" uid="1" user="generator"/>
  <node id="450" lat="43.1481126234" lon="-95.1536795502" version="1" timestamp="2026-09-02T12:00:00Z" changeset="1" uid="1" user="generator"/>
  <node id="451" lat="43.1481125064" lon="-95.1536789951" version="1" timestamp="2026-09-02T12:00:00Z" changeset="1" uid="1" user="generator"/>
  <node id="452" lat="43.1481110484" lon="-95.1536726178" version="1" timestamp="2026-09-02T12:00:00Z" changeset="1" uid="1" user="generator"/>
  <node id="453" lat="43.1481109044" lon="-95.1536719764" version="1" timestamp="2026-09-02T12:00:00Z" changeset="1" uid="1" user="generator"/>
  <node id="454" lat="43.1481107694" lon="-95.1536714460" version="1" timestamp="2026-09-02T12:00:00Z" changeset="1" uid="1" user="generator"/>
  <node id="455" lat="43.1481090594" lon="-95.1536647726" version="1" timestamp="2026-09-02T12:00:00Z" changeset="1" uid="1" user="generator"/>
  <node id="456" lat="43.1481089244" lon="-95.1536642669" version="1" timestamp="2026-09-02T12:00:00Z" changeset="1" uid="1" user="generator"/>
  <node id="457" lat="43.1481070884" lon="-95.1536579142" version="1" timestamp="2026-09-02T12:00:00Z" changeset="1" uid="1" user="generator"/>
  <node id="458" lat="43.1481069444" lon="-95.1536574455" version="1" timestamp="2026-09-02T12:00:00Z" changeset="1" uid="1" user="generator"/>
  <node id="459" lat="43.1481049914" lon="-95.1536513765" version="1" timestamp="2026-09-02T12:00:00Z" changeset="1" uid="1" user="generator"/>
  <node id="460" lat="43.1481048474" lon="-95.1536509448" version="1" timestamp="2026-09-02T12:00:00Z" changeset="1" uid="1" user="generator"/>
  <node id="461" lat="43.1481033534" lon="-95.1536468125" version="1" timestamp="2026-09-02T12:00:00Z" changeset="1" uid="1" user="generator"/>
  <node id="462" lat="43.1481025704" lon="-95.1536446538" version="1" timestamp="2026-09-02T12:00:00Z" changeset="1" uid="1" user="generator"/>
  <node id="463" lat="43.1481024984" lon="-95.1536444441" version="1" timestamp="2026-09-02T12:00:00Z" changeset="1" uid="1" user="generator"/>
  <node id="464" lat="43.1477186840" lon="-95.1526408606" version="1" timestamp="2026-09-02T12:00:00Z" changeset="1" uid="1" user="generator"/>
  <node id="465" lat="43.1475615799" lon="-95.1522300721" version="1" timestamp="2026-09-02T12:00:00Z" changeset="1" uid="1" user="generator"/>
  <node id="466" lat="43.1475615439" lon="-95.1522299858" version="1" timestamp="2026-09-02T12:00:00Z" changeset="1" uid="1" user="generator"/>
  <node id="467" lat="43.1475615079" lon="-95.1522298871" version="1" timestamp="2026-09-02T12:00:00Z" changeset="1" uid="1" user="generator"/>
  <node id="468" lat="43.1475605449" lon="-95.1522270994" version="1" timestamp="2026-09-02T12:00:00Z" changeset="1" uid="1" user="generator"/>
  <node id="469" lat="43.1475605179" lon="-95.1522270130" version="1" timestamp="2026-09-02T12:00:00Z" changeset="1" uid="1" user="generator"/>
  <node id="470" lat="43.1475604819" lon="-95.1522269143" version="1" timestamp="2026-09-02T12:00:00Z" changeset="1" uid="1" user="generator"/>
  <node id="471" lat="43.1474629128" lon="-95.1519347786" version="1" timestamp="2026-09-02T12:00:00Z" changeset="1" uid="1" user="generator"/>
  <node id="472" lat="43.1473398016" lon="-95.1517041588" version="1" timestamp="2026-09-02T12:00:00Z" changeset="1" uid="1" user="generator"/>
  <node id="473" lat="43.1473396306" lon="-95.1517039615" version="1" timestamp="2026-09-02T12:00:00Z" changeset="1" uid="1" user="generator"/>
  <node id="474" lat="43.1472094995" lon="-95.1515827923" version="1" timestamp="2026-09-02T12:00:00Z" changeset="1" uid="1" user="generator"/>
  <node id="475" lat="43.1468542422" lon="-95.1512626679" version="1" timestamp="2026-09-02T12:00:00Z" changeset="1" uid="1" user="generator"/>
  <node id="476" lat="43.1468542242" lon="-95.1512626556" version="1" timestamp="2026-09-02T12:00:00Z" changeset="1" uid="1" user="generator"/>
  <node id="477" lat="43.1468542062" lon="-95.1512626433" version="1" timestamp="2026-09-02T12:00:00Z" changeset="1" uid="1" user="generator"/>
  <node id="478" lat="43.1468539812" lon="-95.1512624336" version="1" timestamp="2026-09-02T12:00:00Z" changeset="1" uid="1" user="generator"/>
  <node id="479" lat="43.1468536752" lon="-95.1512621375" version="1" timestamp="2026-09-02T12:00:00Z" changeset="1" uid="1" user="generator"/>
  <node id="480" lat="43.1468536572" lon="-95.1512621128" version="1" timestamp="2026-09-02T12:00:00Z" changeset="1" uid="1" user="generator"/>
  <node id="481" lat="43.1468536392" lon="-95.1512621005" version="1" timestamp="2026-09-02T12:00:00Z" changeset="1" uid="1" user="generator"/>
  <node id="482" lat="43.1466811360" lon="-95.1510888519" version="1" timestamp="2026-09-02T12:00:00Z" changeset="1" uid="1" user="generator"/>
  <node id="483" lat="43.1466811000" lon="-95.1510888149" version="1" timestamp="2026-09-02T12:00:00Z" changeset="1" uid="1" user="generator"/>
  <node id="484" lat="43.1466801100" lon="-95.1510878404" version="1" timestamp="2026-09-02T12:00:00Z" changeset="1" uid="1" user="generator"/>
  <node id="485" lat="43.1466800380" lon="-95.1510877788" version="1" timestamp="2026-09-02T12:00:00Z" changeset="1" uid="1" user="generator"/>
  <node id="486" lat="43.1466791200" lon="-95.1510869276" version="1" timestamp="2026-09-02T12:00:00Z" changeset="1" uid="1" user="generator"/>
  <node id="487" lat="43.1466790480" lon="-95.1510868536" version="1" timestamp="2026-09-02T12:00:00Z" changeset="1" uid="1" user="generator"/>
  <node id="488" lat="43.1466781030" lon="-95.1510860272" version="1" timestamp="2026-09-02T12:00:00Z" changeset="1" uid="1" user="generator"/>
  <node id="489" lat="43.1466780400" lon="-95.1510859655" version="1" timestamp="2026-09-02T12:00:00Z" changeset="1" uid="1" user="generator"/>
  <node id="490" lat="43.1466770770" lon="-95.1510851637" version="1" timestamp="2026-09-02T12:00:00Z" changeset="1" uid="1" user="generator"/>
  <node id="491" lat="43.1466770050" lon="-95.1510851020" version="1" timestamp="2026-09-02T12:00:00Z" changeset="1" uid="1" user="generator"/>
  <node id="492" lat="43.1466760330" lon="-95.1510843372" version="1" timestamp="2026-09-02T12:00:00Z" changeset="1" uid="1" user="generator"/>
  <node id="493" lat="43.1466759610" lon="-95.1510842756" version="1" timestamp="2026-09-02T12:00:00Z" changeset="1" uid="1" user="generator"/>
  <node id="494" lat="43.1466759340" lon="-95.1510842632" version="1" timestamp="2026-09-02T12:00:00Z" changeset="1" uid="1" user="generator"/>
  <node id="495" lat="43.1466749620" lon="-95.1510835354" version="1" timestamp="2026-09-02T12:00:00Z" changeset="1" uid="1" user="generator"/>
  <node id="496" lat="43.1466748900" lon="-95.1510834738" version="1" timestamp="2026-09-02T12:00:00Z" changeset="1" uid="1" user="generator"/>
  <node id="497" lat="43.1466738730" lon="-95.1510827583" version="1" timestamp="2026-09-02T12:00:00Z" changeset="1" uid="1" user="generator"/>
  <node id="498" lat="43.1466738010" lon="-95.1510827090" version="1" timestamp="2026-09-02T12:00:00Z" changeset="1" uid="1" user="generator"/>
  <node id="499" lat="43.1466726760" lon="-95.1510819565" version="1" timestamp="2026-09-02T12:00:00Z" changeset="1" uid="1" user="generator"/>
  <node id="500" lat="43.1466726310" lon="-95.1510819319" version="1" timestamp="2026-09-02T12:00:00Z" changeset="1" uid="1" user="generator"/>
  <node id="501" lat="43.1465680599" lon="-95.1510139770" version="1" timestamp="2026-09-02T12:00:00Z" changeset="1" uid="1" user="generator"/>
  <node id="502" lat="43.1464578818" lon="-95.1509423709" version="1" timestamp="2026-09-02T12:00:00Z" changeset="1" uid="1" user="generator"/>
  <node id="503" lat="43.1464576388" lon="-95.1509422352" version="1" timestamp="2026-09-02T12:00:00Z" changeset="1" uid="1" user="generator"/>
  <node id="504" lat="43.1460089253" lon="-95.1507008837" version="1" timestamp="2026-09-02T12:00:00Z" changeset="1" uid="1" user="generator"/>
  <node id="505" lat="43.1457956431" lon="-95.1505861659" version="1" timestamp="2026-09-02T12:00:00Z" changeset="1" uid="1" user="generator"/>
  <node id="506" lat="43.1457953281" lon="-95.1505860179" version="1" timestamp="2026-09-02T12:00:00Z" changeset="1" uid="1" user="generator"/>
  <node id="507" lat="43.1451406494" lon="-95.1503193791" version="1" timestamp="2026-09-02T12:00:00Z" changeset="1" uid="1" user="generator"/>
  <node id="508" lat="43.1451406404" lon="-95.1503193791" version="1" timestamp="2026-09-02T12:00:00Z" changeset="1" uid="1" user="generator"/>
  <node id="509" lat="43.1451404424" lon="-95.1503192928" version="1" timestamp="2026-09-02T12:00:00Z" changeset="1" uid="1" user="generator"/>
  <node id="510" lat="43.1451404334" lon="-95.1503192928" version="1" timestamp="2026-09-02T12:00:00Z" changeset="1" uid="1" user="generator"/>
  <node id="511" lat="43.1451384894" lon="-95.1503184540" version="1" timestamp="2026-09-02T12:00:00Z" changeset="1" uid="1" user="generator"/>
  <node id="512" lat="43.1451384714" lon="-95.1503184540" version="1" timestamp="2026-09-02T12:00:00Z" changeset="1" uid="1" user="generator"/>
  <node id="513" lat="43.1451384624" lon="-95.1503184416" version="1" timestamp="2026-09-02T12:00:00Z" changeset="1" uid="1" user="generator"/>
  <node id="514" lat="43.1451383364" lon="-95.1503183923" version="1" timestamp="2026-09-02T12:00:00Z" changeset="1" uid="1" user="generator"/>
  <node id="515" lat="43.1451380664" lon="-95.1503182689" version="1" timestamp="2026-09-02T12:00:00Z" changeset="1" uid="1" user="generator"/>
  <node id="516" lat="43.1451380574" lon="-95.1503182689" version="1" timestamp="2026-09-02T12:00:00Z" changeset="1" uid="1" user="generator"/>
  <node id="517" lat="43.1451380394" lon="-95.1503182566" version="1" timestamp="2026-09-02T12:00:00Z" changeset="1" uid="1" user="generator"/>
  <node id="518" lat="43.1451361404" lon="-95.1503173685" version="1" timestamp="2026-09-02T12:00:00Z" changeset="1" uid="1" user="generator"/>
  <node id="519" lat="43.1451361314" lon="-95.1503173561" version="1" timestamp="2026-09-02T12:00:00Z" changeset="1" uid="1" user="generator"/>
  <node id="520" lat="43.1451361224" lon="-95.1503173561" version="1" timestamp="2026-09-02T12:00:00Z" changeset="1" uid="1" user="generator"/>
  <node id="521" lat="43.1451357264" lon="-95.1503171588" version="1" timestamp="2026-09-02T12:00:00Z" changeset="1" uid="1" user="generator"/>
  <node id="522" lat="43.1451357174" lon="-95.1503171588" version="1" timestamp="2026-09-02T12:00:00Z" changeset="1" uid="1" user="generator"/>
  <node id="523" lat="43.1451357084" lon="-95.1503171464" version="1" timestamp="2026-09-02T12:00:00Z" changeset="1" uid="1" user="generator"/>
  <node id="524" lat="43.1451349614" lon="-95.1503167640" version="1" timestamp="2026-09-02T12:00:00Z" changeset="1" uid="1" user="generator"/>
  <node id="525" lat="43.1451338364" lon="-95.1503161843" version="1" timestamp="2026-09-02T12:00:00Z" changeset="1" uid="1" user="generator"/>
  <node id="526" lat="43.1451338184" lon="-95.1503161720" version="1" timestamp="2026-09-02T12:00:00Z" changeset="1" uid="1" user="generator"/>
  <node id="527" lat="43.1451338094" lon="-95.1503161720" version="1" timestamp="2026-09-02T12:00:00Z" changeset="1" uid="1" user="generator"/>
  <node id="528" lat="43.1451336204" lon="-95.1503160733" version="1" timestamp="2026-09-02T12:00:00Z" changeset="1" uid="1" user="generator"/>
  <node id="529" lat="43.1451334224" lon="-95.1503159623" version="1" timestamp="2026-09-02T12:00:00Z" changeset="1" uid="1" user="generator"/>
  <node id="530" lat="43.1451334134" lon="-95.1503159623" version="1" timestamp="2026-09-02T12:00:00Z" changeset="1" uid="1" user="generator"/>
  <node id="531" lat="43.1451334044" lon="-95.1503159499" version="1" timestamp="2026-09-02T12:00:00Z" changeset="1" uid="1" user="generator"/>
  <node id="532" lat="43.1451315594" lon="-95.1503149138" version="1" timestamp="2026-09-02T12:00:00Z" changeset="1" uid="1" user="generator"/>
  <node id="533" lat="43.1451315504" lon="-95.1503149138" version="1" timestamp="2026-09-02T12:00:00Z" changeset="1" uid="1" user="generator"/>
  <node id="534" lat="43.1451315414" lon="-95.1503149014" version="1" timestamp="2026-09-02T12:00:00Z" changeset="1" uid="1" user="generator"/>
  <node id="535" lat="43.1451313164" lon="-95.1503147781" version="1" timestamp="2026-09-02T12:00:00Z" changeset="1" uid="1" user="generator"/>
  <node id="536" lat="43.1451311634" lon="-95.1503146794" version="1" timestamp="2026-09-02T12:00:00Z" changeset="1" uid="1" user="generator"/>
  <node id="537" lat="43.1451311454" lon="-95.1503146794" version="1" timestamp="2026-09-02T12:00:00Z" changeset="1" uid="1" user="generator"/>
  <node id="538" lat="43.1451311364" lon="-95.1503146671" version="1" timestamp="2026-09-02T12:00:00Z" changeset="1" uid="1" user="generator"/>
  <node id="539" lat="43.1451310104" lon="-95.1503145930" version="1" timestamp="2026-09-02T12:00:00Z" changeset="1" uid="1" user="generator"/>
  <node id="540" lat="43.1451293274" lon="-95.1503135692" version="1" timestamp="2026-09-02T12:00:00Z" changeset="1" uid="1" user="generator"/>
  <node id="541" lat="43.1451293184" lon="-95.1503135569" version="1" timestamp="2026-09-02T12:00:00Z" changeset="1" uid="1" user="generator"/>
  <node id="542" lat="43.1451293004" lon="-95.1503135569" version="1" timestamp="2026-09-02T12:00:00Z" changeset="1" uid="1" user="generator"/>
  <node id="543" lat="43.1451289314" lon="-95.1503133225" version="1" timestamp="2026-09-02T12:00:00Z" changeset="1" uid="1" user="generator"/>
  <node id="544" lat="43.1451289224" lon="-95.1503133102" version="1" timestamp="2026-09-02T12:00:00Z" changeset="1" uid="1" user="generator"/>
  <node id="545" lat="43.1451289044" lon="-95.1503132978" version="1" timestamp="2026-09-02T12:00:00Z" changeset="1" uid="1" user="generator"/>
  <node id="546" lat="43.1451274824" lon="-95.1503123727" version="1" timestamp="2026-09-02T12:00:00Z" changeset="1" uid="1" user="generator"/>
  <node id="547" lat="43.1451271314" lon="-95.1503121383" version="1" timestamp="2026-09-02T12:00:00Z" changeset="1" uid="1" user="generator"/>
  <node id="548" lat="43.1451271134" lon="-95.1503121260" version="1" timestamp="2026-09-02T12:00:00Z" changeset="1" uid="1" user="generator"/>
  <node id="549" lat="43.1451271044" lon="-95.1503121137" version="1" timestamp="2026-09-02T12:00:00Z" changeset="1" uid="1" user="generator"/>
  <node id="550" lat="43.1451267444" lon="-95.1503118670" version="1" timestamp="2026-09-02T12:00:00Z" changeset="1" uid="1" user="generator"/>
  <node id="551" lat="43.1451267264" lon="-95.1503118670" version="1" timestamp="2026-09-02T12:00:00Z" changeset="1" uid="1" user="generator"/>
  <node id="552" lat="43.1451267174" lon="-95.1503118546" version="1" timestamp="2026-09-02T12:00:00Z" changeset="1" uid="1" user="generator"/>
  <node id="553" lat="43.1451254754" lon="-95.1503109788" version="1" timestamp="2026-09-02T12:00:00Z" changeset="1" uid="1" user="generator"/>
  <node id="554" lat="43.1451249714" lon="-95.1503106211" version="1" timestamp="2026-09-02T12:00:00Z" changeset="1" uid="1" user="generator"/>
  <node id="555" lat="43.1451249624" lon="-95.1503106088" version="1" timestamp="2026-09-02T12:00:00Z" changeset="1" uid="1" user="generator"/>
  <node id="556" lat="43.1451249444" lon="-95.1503105964" version="1" timestamp="2026-09-02T12:00:00Z" changeset="1" uid="1" user="generator"/>
  <node id="557" lat="43.1451246474" lon="-95.1503103744" version="1" timestamp="2026-09-02T12:00:00Z" changeset="1" uid="1" user="generator"/>
  <node id="558" lat="43.1451245934" lon="-95.1503103374" version="1" timestamp="2026-09-02T12:00:00Z" changeset="1" uid="1" user="generator"/>
  <node id="559" lat="43.1451245844" lon="-95.1503103250" version="1" timestamp="2026-09-02T12:00:00Z" changeset="1" uid="1" user="generator"/>
  <node id="560" lat="43.1451245664" lon="-95.1503103250" version="1" timestamp="2026-09-02T12:00:00Z" changeset="1" uid="1" user="generator"/>
  <node id="561" lat="43.1451228474" lon="-95.1503090175" version="1" timestamp="2026-09-02T12:00:00Z" changeset="1" uid="1" user="generator"/>
  <node id="562" lat="43.1451228384" lon="-95.1503090052" version="1" timestamp="2026-09-02T12:00:00Z" changeset="1" uid="1" user="generator"/>
  <node id="563" lat="43.1451226674" lon="-95.1503088695" version="1" timestamp="2026-09-02T12:00:00Z" changeset="1" uid="1" user="generator"/>
  <node id="564" lat="43.1451226584" lon="-95.1503088695" version="1" timestamp="2026-09-02T12:00:00Z" changeset="1" uid="1" user="generator"/>
  <node id="565" lat="43.1450522784" lon="-95.1502534349" version="1" timestamp="2026-09-02T12:00:00Z" changeset="1" uid="1" user="generator"/>
  <node id="566" lat="43.1450522694" lon="-95.1502534349" version="1" timestamp="2026-09-02T12:00:00Z" changeset="1" uid="1" user="generator"/>
  <node id="567" lat="43.1450522604" lon="-95.1502534225" version="1" timestamp="2026-09-02T12:00:00Z" changeset="1" uid="1" user="generator"/>
  <node id="568" lat="43.1450520174" lon="-95.1502532252" version="1" timestamp="2026-09-02T12:00:00Z" changeset="1" uid="1" user="generator"/>
  <node id="569" lat="43.1450520084" lon="-95.1502532252" version="1" timestamp="2026-09-02T12:00:00Z" changeset="1" uid="1" user="generator"/>
  <node id="570" lat="43.1450519994" lon="-95.1502532128" version="1" timestamp="2026-09-02T12:00:00Z" changeset="1" uid="1" user="generator"/>
  <node id="571" lat="43.1450495874" lon="-95.1502512145" version="1" timestamp="2026-09-02T12:00:00Z" changeset="1" uid="1" user="generator"/>
  <node id="572" lat="43.1450495694" lon="-95.1502512022" version="1" timestamp="2026-09-02T12:00:00Z" changeset="1" uid="1" user="generator"/>
  <node id="573" lat="43.1450495514" lon="-95.1502511899" version="1" timestamp="2026-09-02T12:00:00Z" changeset="1" uid="1" user="generator"/>
  <node id="574" lat="43.1450493174" lon="-95.1502509925" version="1" timestamp="2026-09-02T12:00:00Z" changeset="1" uid="1" user="generator"/>
  <node id="575" lat="43.1450490654" lon="-95.1502507705" version="1" timestamp="2026-09-02T12:00:00Z" changeset="1" uid="1" user="generator"/>
  <node id="576" lat="43.1450490564" lon="-95.1502507581" version="1" timestamp="2026-09-02T12:00:00Z" changeset="1" uid="1" user="generator"/>
  <node id="577" lat="43.1450490384" lon="-95.1502507458" version="1" timestamp="2026-09-02T12:00:00Z" changeset="1" uid="1" user="generator"/>
  <node id="578" lat="43.1450467254" lon="-95.1502486365" version="1" timestamp="2026-09-02T12:00:00Z" changeset="1" uid="1" user="generator"/>
  <node id="579" lat="43.1450467074" lon="-95.1502486241" version="1" timestamp="2026-09-02T12:00:00Z" changeset="1" uid="1" user="generator"/>
  <node id="580" lat="43.1450466984" lon="-95.1502486118" version="1" timestamp="2026-09-02T12:00:00Z" changeset="1" uid="1" user="generator"/>
  <node id="581" lat="43.1450462304" lon="-95.1502481554" version="1" timestamp="2026-09-02T12:00:00Z" changeset="1" uid="1" user="generator"/>
  <node id="582" lat="43.1450462124" lon="-95.1502481431" version="1" timestamp="2026-09-02T12:00:00Z" changeset="1" uid="1" user="generator"/>
  <node id="583" lat="43.1450461944" lon="-95.1502481307" version="1" timestamp="2026-09-02T12:00:00Z" changeset="1" uid="1" user="generator"/>
  <node id="584" lat="43.1450439894" lon="-95.1502459104" version="1" timestamp="2026-09-02T12:00:00Z" changeset="1" uid="1" user="generator"/>
  <node id="585" lat="43.1450439714" lon="-95.1502458980" version="1" timestamp="2026-09-02T12:00:00Z" changeset="1" uid="1" user="generator"/>
  <node id="586" lat="43.1450439534" lon="-95.1502458857" version="1" timestamp="2026-09-02T12:00:00Z" changeset="1" uid="1" user="generator"/>
  <node id="587" lat="43.1450437374" lon="-95.1502456513" version="1" timestamp="2026-09-02T12:00:00Z" changeset="1" uid="1" user="generator"/>
  <node id="588" lat="43.1450435034" lon="-95.1502454046" version="1" timestamp="2026-09-02T12:00:00Z" changeset="1" uid="1" user="generator"/>
  <node id="589" lat="43.1450434854" lon="-95.1502453923" version="1" timestamp="2026-09-02T12:00:00Z" changeset="1" uid="1" user="generator"/>
  <node id="590" lat="43.1450434764" lon="-95.1502453676" version="1" timestamp="2026-09-02T12:00:00Z" changeset="1" uid="1" user="generator"/>
  <node id="591" lat="43.1450413613" lon="-95.1502430486" version="1" timestamp="2026-09-02T12:00:00Z" changeset="1" uid="1" user="generator"/>
  <node id="592" lat="43.1450413433" lon="-95.1502430239" version="1" timestamp="2026-09-02T12:00:00Z" changeset="1" uid="1" user="generator"/>
  <node id="593" lat="43.1450413343" lon="-95.1502430116" version="1" timestamp="2026-09-02T12:00:00Z" changeset="1" uid="1" user="generator"/>
  <node id="594" lat="43.1450409923" lon="-95.1502426169" version="1" timestamp="2026-09-02T12:00:00Z" changeset="1" uid="1" user="generator"/>
  <node id="595" lat="43.1450409023" lon="-95.1502425059" version="1" timestamp="2026-09-02T12:00:00Z" changeset="1" uid="1" user="generator"/>
  <node id="596" lat="43.1450408843" lon="-95.1502424935" version="1" timestamp="2026-09-02T12:00:00Z" changeset="1" uid="1" user="generator"/>
  <node id="597" lat="43.1450408663" lon="-95.1502424688" version="1" timestamp="2026-09-02T12:00:00Z" changeset="1" uid="1" user="generator"/>
  <node id="598" lat="43.1450388593" lon="-95.1502400265" version="1" timestamp="2026-09-02T12:00:00Z" changeset="1" uid="1" user="generator"/>
  <node id="599" lat="43.1450388413" lon="-95.1502400141" version="1" timestamp="2026-09-02T12:00:00Z" changeset="1" uid="1" user="generator"/>
  <node id="600" lat="43.1450388323" lon="-95.1502400018" version="1" timestamp="2026-09-02T12:00:00Z" changeset="1" uid="1" user="generator"/>
  <node id="601" lat="43.1450384723" lon="-95.1502395454" version="1" timestamp="2026-09-02T12:00:00Z" changeset="1" uid="1" user="generator"/>
  <node id="602" lat="43.1450384183" lon="-95.1502394714" version="1" timestamp="2026-09-02T12:00:00Z" changeset="1" uid="1" user="generator"/>
  <node id="603" lat="43.1450384003" lon="-95.1502394590" version="1" timestamp="2026-09-02T12:00:00Z" changeset="1" uid="1" user="generator"/>
  <node id="604" lat="43.1450383913" lon="-95.1502394344" version="1" timestamp="2026-09-02T12:00:00Z" changeset="1" uid="1" user="generator"/>
  <node id="605" lat="43.1450365823" lon="-95.1502370167" version="1" timestamp="2026-09-02T12:00:00Z" changeset="1" uid="1" user="generator"/>
  <node id="606" lat="43.1450364743" lon="-95.1502368810" version="1" timestamp="2026-09-02T12:00:00Z" changeset="1" uid="1" user="generator"/>
  <node id="607" lat="43.1450364653" lon="-95.1502368686" version="1" timestamp="2026-09-02T12:00:00Z" changeset="1" uid="1" user="generator"/>
  <node id="608" lat="43.1450364563" lon="-95.1502368440" version="1" timestamp="2026-09-02T12:00:00Z" changeset="1" uid="1" user="generator"/>
  <node id="609" lat="43.1450362403" lon="-95.1502365479" version="1" timestamp="2026-09-02T12:00:00Z" changeset="1" uid="1" user="generator"/>
  <node id="610" lat="43.1450360693" lon="-95.1502363012" version="1" timestamp="2026-09-02T12:00:00Z" changeset="1" uid="1" user="generator"/>
  <node id="611" lat="43.1450360513" lon="-95.1502362889" version="1" timestamp="2026-09-02T12:00:00Z" changeset="1" uid="1" user="generator"/>
  <node id="612" lat="43.1450360423" lon="-95.1502362642" version="1" timestamp="2026-09-02T12:00:00Z" changeset="1" uid="1" user="generator"/>
  <node id="613" lat="43.1450342243" lon="-95.1502335998" version="1" timestamp="2026-09-02T12:00:00Z" changeset="1" uid="1" user="generator"/>
  <node id="614" lat="43.1450342153" lon="-95.1502335875" version="1" timestamp="2026-09-02T12:00:00Z" changeset="1" uid="1" user="generator"/>
  <node id="615" lat="43.1450341973" lon="-95.1502335628" version="1" timestamp="2026-09-02T12:00:00Z" changeset="1" uid="1" user="generator"/>
  <node id="616" lat="43.1450338373" lon="-95.1502330077" version="1" timestamp="2026-09-02T12:00:00Z" changeset="1" uid="1" user="generator"/>
  <node id="617" lat="43.1450338283" lon="-95.1502329954" version="1" timestamp="2026-09-02T12:00:00Z" changeset="1" uid="1" user="generator"/>
  <node id="618" lat="43.1450338193" lon="-95.1502329707" version="1" timestamp="2026-09-02T12:00:00Z" changeset="1" uid="1" user="generator"/>
  <node id="619" lat="43.1450335673" lon="-95.1502325636" version="1" timestamp="2026-09-02T12:00:00Z" changeset="1" uid="1" user="generator"/>
  <node id="620" lat="43.1450321003" lon="-95.1502301829" version="1" timestamp="2026-09-02T12:00:00Z" changeset="1" uid="1" user="generator"/>
  <node id="621" lat="43.1450320913" lon="-95.1502301706" version="1" timestamp="2026-09-02T12:00:00Z" changeset="1" uid="1" user="generator"/>
  <node id="622" lat="43.1450320823" lon="-95.1502301583" version="1" timestamp="2026-09-02T12:00:00Z" changeset="1" uid="1" user="generator"/>
  <node id="623" lat="43.1450319113" lon="-95.1502298746" version="1" timestamp="2026-09-02T12:00:00Z" changeset="1" uid="1" user="generator"/>
  <node id="624" lat="43.1450319023" lon="-95.1502298622" version="1" timestamp="2026-09-02T12:00:00Z" changeset="1" uid="1" user="generator"/>
  <node id="625" lat="43.1449640063" lon="-95.1501142193" version="1" timestamp="2026-09-02T12:00:00Z" changeset="1" uid="1" user="generator"/>
  <node id="626" lat="43.1449639703" lon="-95.1501141576" version="1" timestamp="2026-09-02T12:00:00Z" changeset="1" uid="1" user="generator"/>
  <node id="627" lat="43.1449639433" lon="-95.1501141082" version="1" timestamp="2026-09-02T12:00:00Z" changeset="1" uid="1" user="generator"/>
  <node id="628" lat="43.1449637363" lon="-95.1501136888" version="1" timestamp="2026-09-02T12:00:00Z" changeset="1" uid="1" user="generator"/>
  <node id="629" lat="43.1449630883" lon="-95.1501124060" version="1" timestamp="2026-09-02T12:00:00Z" changeset="1" uid="1" user="generator"/>
  <node id="630" lat="43.1449630523" lon="-95.1501123443" version="1" timestamp="2026-09-02T12:00:00Z" changeset="1" uid="1" user="generator"/>
  <node id="631" lat="43.1449630253" lon="-95.1501122826" version="1" timestamp="2026-09-02T12:00:00Z" changeset="1" uid="1" user="generator"/>
  <node id="632" lat="43.1449203292" lon="-95.1500134650" version="1" timestamp="2026-09-02T12:00:00Z" changeset="1" uid="1" user="generator"/>
  <node id="633" lat="43.1448533242" lon="-95.1498583739" version="1" timestamp="2026-09-02T12:00:00Z" changeset="1" uid="1" user="generator"/>
  <node id="634" lat="43.1448532432" lon="-95.1498582012" version="1" timestamp="2026-09-02T12:00:00Z" changeset="1" uid="1" user="generator"/>
  <node id="635" lat="43.1444208557" lon="-95.1489733938" version="1" timestamp="2026-09-02T12:00:00Z" changeset="1" uid="1" user="generator"/>
  <node id="636" lat="43.1444208467" lon="-95.1489733814" version="1" timestamp="2026-09-02T12:00:00Z" changeset="1" uid="1" user="generator"/>
  <node id="637" lat="43.1444207837" lon="-95.1489732458" version="1" timestamp="2026-09-02T12:00:00Z" changeset="1" uid="1" user="generator"/>
  <node id="638" lat="43.1444201627" lon="-95.1489719382" version="1" timestamp="2026-09-02T12:00:00Z" changeset="1" uid="1" user="generator"/>
  <node id="639" lat="43.1444201537" lon="-95.1489719259" version="1" timestamp="2026-09-02T12:00:00Z" changeset="1" uid="1" user="generator"/>
  <node id="640" lat="43.1444200277" lon="-95.1489716545" version="1" timestamp="2026-09-02T12:00:00Z" changeset="1" uid="1" user="generator"/>
  <node id="641" lat="43.1444200187" lon="-95.1489716422" version="1" timestamp="2026-09-02T12:00:00Z" changeset="1" uid="1" user="generator"/>
  <node id="642" lat="43.1444194337" lon="-95.1489703346" version="1" timestamp="2026-09-02T12:00:00Z" changeset="1" uid="1" user="generator"/>
  <node id="643" lat="43.1444194247" lon="-95.1489703346" version="1" timestamp="2026-09-02T12:00:00Z" changeset="1" uid="1" user="generator"/>
  <node id="644" lat="43.1444194247" lon="-95.1489703223" version="1" timestamp="2026-09-02T12:00:00Z" changeset="1" uid="1" user="generator"/>
  <node id="645" lat="43.1444193077" lon="-95.1489700509" version="1" timestamp="2026-09-02T12:00:00Z" changeset="1" uid="1" user="generator"/>
  <node id="646" lat="43.1444192987" lon="-95.1489700386" version="1" timestamp="2026-09-02T12:00:00Z" changeset="1" uid="1" user="generator"/>
  <node id="647" lat="43.1444187227" lon="-95.1489687187" version="1" timestamp="2026-09-02T12:00:00Z" changeset="1" uid="1" user="generator"/>
  <node id="648" lat="43.1444187227" lon="-95.1489687064" version="1" timestamp="2026-09-02T12:00:00Z" changeset="1" uid="1" user="generator"/>
  <node id="649" lat="43.1444186417" lon="-95.1489685090" version="1" timestamp="2026-09-02T12:00:00Z" changeset="1" uid="1" user="generator"/>
  <node id="650" lat="43.1444186057" lon="-95.1489684350" version="1" timestamp="2026-09-02T12:00:00Z" changeset="1" uid="1" user="generator"/>
  <node id="651" lat="43.1444185967" lon="-95.1489684227" version="1" timestamp="2026-09-02T12:00:00Z" changeset="1" uid="1" user="generator"/>
  <node id="652" lat="43.1444185967" lon="-95.1489684103" version="1" timestamp="2026-09-02T12:00:00Z" changeset="1" uid="1" user="generator"/>
  <node id="653" lat="43.1444180567" lon="-95.1489670781" version="1" timestamp="2026-09-02T12:00:00Z" changeset="1" uid="1" user="generator"/>
  <node id="654" lat="43.1444180477" lon="-95.1489670781" version="1" timestamp="2026-09-02T12:00:00Z" changeset="1" uid="1" user="generator"/>
  <node id="655" lat="43.1444180477" lon="-95.1489670658" version="1" timestamp="2026-09-02T12:00:00Z" changeset="1" uid="1" user="generator"/>
  <node id="656" lat="43.1444180207" lon="-95.1489670165" version="1" timestamp="2026-09-02T12:00:00Z" changeset="1" uid="1" user="generator"/>
  <node id="657" lat="43.1444179397" lon="-95.1489667944" version="1" timestamp="2026-09-02T12:00:00Z" changeset="1" uid="1" user="generator"/>
  <node id="658" lat="43.1444179307" lon="-95.1489667821" version="1" timestamp="2026-09-02T12:00:00Z" changeset="1" uid="1" user="generator"/>
  <node id="659" lat="43.1444179307" lon="-95.1489667698" version="1" timestamp="2026-09-02T12:00:00Z" changeset="1" uid="1" user="generator"/>
  <node id="660" lat="43.1444174267" lon="-95.1489654746" version="1" timestamp="2026-09-02T12:00:00Z" changeset="1" uid="1" user="generator"/>
  <node id="661" lat="43.1444174087" lon="-95.1489654375" version="1" timestamp="2026-09-02T12:00:00Z" changeset="1" uid="1" user="generator"/>
  <node id="662" lat="43.1444173997" lon="-95.1489654252" version="1" timestamp="2026-09-02T12:00:00Z" changeset="1" uid="1" user="generator"/>
  <node id="663" lat="43.1444173997" lon="-95.1489654129" version="1" timestamp="2026-09-02T12:00:00Z" changeset="1" uid="1" user="generator"/>
  <node id="664" lat="43.1444172917" lon="-95.1489651415" version="1" timestamp="2026-09-02T12:00:00Z" changeset="1" uid="1" user="generator"/>
  <node id="665" lat="43.1444172917" lon="-95.1489651292" version="1" timestamp="2026-09-02T12:00:00Z" changeset="1" uid="1" user="generator"/>
  <node id="666" lat="43.1444172917" lon="-95.1489651168" version="1" timestamp="2026-09-02T12:00:00Z" changeset="1" uid="1" user="generator"/>
  <node id="667" lat="43.1444169137" lon="-95.1489640930" version="1" timestamp="2026-09-02T12:00:00Z" changeset="1" uid="1" user="generator"/>
  <node id="668" lat="43.1444167877" lon="-95.1489637723" version="1" timestamp="2026-09-02T12:00:00Z" changeset="1" uid="1" user="generator"/>
  <node id="669" lat="43.1444167877" lon="-95.1489637600" version="1" timestamp="2026-09-02T12:00:00Z" changeset="1" uid="1" user="generator"/>
  <node id="670" lat="43.1444167877" lon="-95.1489637476" version="1" timestamp="2026-09-02T12:00:00Z" changeset="1" uid="1" user="generator"/>
  <node id="671" lat="43.1444166887" lon="-95.1489634762" version="1" timestamp="2026-09-02T12:00:00Z" changeset="1" uid="1" user="generator"/>
  <node id="672" lat="43.1444166797" lon="-95.1489634639" version="1" timestamp="2026-09-02T12:00:00Z" changeset="1" uid="1" user="generator"/>
  <node id="673" lat="43.1444166797" lon="-95.1489634516" version="1" timestamp="2026-09-02T12:00:00Z" changeset="1" uid="1" user="generator"/>
  <node id="674" lat="43.1444164547" lon="-95.1489628101" version="1" timestamp="2026-09-02T12:00:00Z" changeset="1" uid="1" user="generator"/>
  <node id="675" lat="43.1444162027" lon="-95.1489620824" version="1" timestamp="2026-09-02T12:00:00Z" changeset="1" uid="1" user="generator"/>
  <node id="676" lat="43.1444161937" lon="-95.1489620700" version="1" timestamp="2026-09-02T12:00:00Z" changeset="1" uid="1" user="generator"/>
  <node id="677" lat="43.1444161577" lon="-95.1489619590" version="1" timestamp="2026-09-02T12:00:00Z" changeset="1" uid="1" user="generator"/>
  <node id="678" lat="43.1444161037" lon="-95.1489617863" version="1" timestamp="2026-09-02T12:00:00Z" changeset="1" uid="1" user="generator"/>
  <node id="679" lat="43.1444161037" lon="-95.1489617740" version="1" timestamp="2026-09-02T12:00:00Z" changeset="1" uid="1" user="generator"/>
  <node id="680" lat="43.1444160947" lon="-95.1489617740" version="1" timestamp="2026-09-02T12:00:00Z" changeset="1" uid="1" user="generator"/>
  <node id="681" lat="43.1444158337" lon="-95.1489609722" version="1" timestamp="2026-09-02T12:00:00Z" changeset="1" uid="1" user="generator"/>
  <node id="682" lat="43.1444156447" lon="-95.1489603924" version="1" timestamp="2026-09-02T12:00:00Z" changeset="1" uid="1" user="generator"/>
  <node id="683" lat="43.1444156447" lon="-95.1489603801" version="1" timestamp="2026-09-02T12:00:00Z" changeset="1" uid="1" user="generator"/>
  <node id="684" lat="43.1444155997" lon="-95.1489602444" version="1" timestamp="2026-09-02T12:00:00Z" changeset="1" uid="1" user="generator"/>
  <node id="685" lat="43.1444155907" lon="-95.1489602321" version="1" timestamp="2026-09-02T12:00:00Z" changeset="1" uid="1" user="generator"/>
  <node id="686" lat="43.1442997246" lon="-95.1485947510" version="1" timestamp="2026-09-02T12:00:00Z" changeset="1" uid="1" user="generator"/>
  <node id="687" lat="43.1442997246" lon="-95.1485947386" version="1" timestamp="2026-09-02T12:00:00Z" changeset="1" uid="1" user="generator"/>
  <node id="688" lat="43.1442996976" lon="-95.1485946770" version="1" timestamp="2026-09-02T12:00:00Z" changeset="1" uid="1" user="generator"/>
  <node id="689" lat="43.1442990136" lon="-95.1485926293" version="1" timestamp="2026-09-02T12:00:00Z" changeset="1" uid="1" user="generator"/>
  <node id="690" lat="43.1442989686" lon="-95.1485924936" version="1" timestamp="2026-09-02T12:00:00Z" changeset="1" uid="1" user="generator"/>
  <node id="691" lat="43.1442982756" lon="-95.1485906557" version="1" timestamp="2026-09-02T12:00:00Z" changeset="1" uid="1" user="generator"/>
  <node id="692" lat="43.1442982306" lon="-95.1485905200" version="1" timestamp="2026-09-02T12:00:00Z" changeset="1" uid="1" user="generator"/>
  <node id="693" lat="43.1442974836" lon="-95.1485887190" version="1" timestamp="2026-09-02T12:00:00Z" changeset="1" uid="1" user="generator"/>
  <node id="694" lat="43.1442974296" lon="-95.1485885957" version="1" timestamp="2026-09-02T12:00:00Z" changeset="1" uid="1" user="generator"/>
  <node id="695" lat="43.1442966286" lon="-95.1485868318" version="1" timestamp="2026-09-02T12:00:00Z" changeset="1" uid="1" user="generator"/>
  <node id="696" lat="43.1442965746" lon="-95.1485867084" version="1" timestamp="2026-09-02T12:00:00Z" changeset="1" uid="1" user="generator"/>
  <node id="697" lat="43.1442958636" lon="-95.1485852898" version="1" timestamp="2026-09-02T12:00:00Z" changeset="1" uid="1" user="generator"/>
  <node id="698" lat="43.1442957196" lon="-95.1485849815" version="1" timestamp="2026-09-02T12:00:00Z" changeset="1" uid="1" user="generator"/>
  <node id="699" lat="43.1442956476" lon="-95.1485848581" version="1" timestamp="2026-09-02T12:00:00Z" changeset="1" uid="1" user="generator"/>
  <node id="700" lat="43.1442947386" lon="-95.1485831682" version="1" timestamp="2026-09-02T12:00:00Z" changeset="1" uid="1" user="generator"/>
  <node id="701" lat="43.1442946666" lon="-95.1485830448" version="1" timestamp="2026-09-02T12:00:00Z" changeset="1" uid="1" user="generator"/>
  <node id="702" lat="43.1442936946" lon="-95.1485813919" version="1" timestamp="2026-09-02T12:00:00Z" changeset="1" uid="1" user="generator"/>
  <node id="703" lat="43.1442936226" lon="-95.1485812686" version="1" timestamp="2026-09-02T12:00:00Z" changeset="1" uid="1" user="generator"/>
  <node id="704" lat="43.1442924976" lon="-95.1485794923" version="1" timestamp="2026-09-02T12:00:00Z" changeset="1" uid="1" user="generator"/>
  <node id="705" lat="43.1442924526" lon="-95.1485794306" version="1" timestamp="2026-09-02T12:00:00Z" changeset="1" uid="1" user="generator"/>
  <node id="706" lat="43.1442175095" lon="-95.1484659093" version="1" timestamp="2026-09-02T12:00:00Z" changeset="1" uid="1" user="generator"/>
  <node id="707" lat="43.1442174825" lon="-95.1484658846" version="1" timestamp="2026-09-02T12:00:00Z" changeset="1" uid="1" user="generator"/>
  <node id="708" lat="43.1442168615" lon="-95.1484649595" version="1" timestamp="2026-09-02T12:00:00Z" changeset="1" uid="1" user="generator"/>
  <node id="709" lat="43.1442168165" lon="-95.1484648978" version="1" timestamp="2026-09-02T12:00:00Z" changeset="1" uid="1" user="generator"/>
  <node id="710" lat="43.1442163305" lon="-95.1484641947" version="1" timestamp="2026-09-02T12:00:00Z" changeset="1" uid="1" user="generator"/>
  <node id="711" lat="43.1442162315" lon="-95.1484640590" version="1" timestamp="2026-09-02T12:00:00Z" changeset="1" uid="1" user="generator"/>
  <node id="712" lat="43.1442161865" lon="-95.1484639973" version="1" timestamp="2026-09-02T12:00:00Z" changeset="1" uid="1" user="generator"/>
  <node id="713" lat="43.1442155925" lon="-95.1484631832" version="1" timestamp="2026-09-02T12:00:00Z" changeset="1" uid="1" user="generator"/>
  <node id="714" lat="43.1442155475" lon="-95.1484631215" version="1" timestamp="2026-09-02T12:00:00Z" changeset="1" uid="1" user="generator"/>
  <node id="715" lat="43.1442149355" lon="-95.1484623198" version="1" timestamp="2026-09-02T12:00:00Z" changeset="1" uid="1" user="generator"/>
  <node id="716" lat="43.1442148905" lon="-95.1484622581" version="1" timestamp="2026-09-02T12:00:00Z" changeset="1" uid="1" user="generator"/>
  <node id="717" lat="43.1442142605" lon="-95.1484614686" version="1" timestamp="2026-09-02T12:00:00Z" changeset="1" uid="1" user="generator"/>
  <node id="718" lat="43.1442142155" lon="-95.1484614069" version="1" timestamp="2026-09-02T12:00:00Z" changeset="1" uid="1" user="generator"/>
  <node id="719" lat="43.1442136575" lon="-95.1484607285" version="1" timestamp="2026-09-02T12:00:00Z" changeset="1" uid="1" user="generator"/>
  <node id="720" lat="43.1442135765" lon="-95.1484606298" version="1" timestamp="2026-09-02T12:00:00Z" changeset="1" uid="1" user="generator"/>
  <node id="721" lat="43.1442135225" lon="-95.1484605805" version="1" timestamp="2026-09-02T12:00:00Z" changeset="1" uid="1" user="generator"/>
  <node id="722" lat="43.1442128745" lon="-95.1484598157" version="1" timestamp="2026-09-02T12:00:00Z" changeset="1" uid="1" user="generator"/>
  <node id="723" lat="43.1442128205" lon="-95.1484597540" version="1" timestamp="2026-09-02T12:00:00Z" changeset="1" uid="1" user="generator"/>
  <node id="724" lat="43.1442120915" lon="-95.1484589399" version="1" timestamp="2026-09-02T12:00:00Z" changeset="1" uid="1" user="generator"/>
  <node id="725" lat="43.1442120645" lon="-95.1484589152" version="1" timestamp="2026-09-02T12:00:00Z" changeset="1" uid="1" user="generator"/>
  <node id="726" lat="43.1440115173" lon="-95.1482388667" version="1" timestamp="2026-09-02T12:00:00Z" changeset="1" uid="1" user="generator"/>
  <node id="727" lat="43.1438728362" lon="-95.1480867114" version="1" timestamp="2026-09-02T12:00:00Z" changeset="1" uid="1" user="generator"/>
  <node id="728" lat="43.1438728272" lon="-95.1480866991" version="1" timestamp="2026-09-02T12:00:00Z" changeset="1" uid="1" user="generator"/>
  <node id="729" lat="43.1438727102" lon="-95.1480865634" version="1" timestamp="2026-09-02T12:00:00Z" changeset="1" uid="1" user="generator"/>
  <node id="730" lat="43.1438727012" lon="-95.1480865634" version="1" timestamp="2026-09-02T12:00:00Z" changeset="1" uid="1" user="generator"/>
  <node id="731" lat="43.1438715132" lon="-95.1480852312" version="1" timestamp="2026-09-02T12:00:00Z" changeset="1" uid="1" user="generator"/>
  <node id="732" lat="43.1438715132" lon="-95.1480852189" version="1" timestamp="2026-09-02T12:00:00Z" changeset="1" uid="1" user="generator"/>
  <node id="733" lat="43.1438715042" lon="-95.1480852065" version="1" timestamp="2026-09-02T12:00:00Z" changeset="1" uid="1" user="generator"/>
  <node id="734" lat="43.1438712612" lon="-95.1480849352" version="1" timestamp="2026-09-02T12:00:00Z" changeset="1" uid="1" user="generator"/>
  <node id="735" lat="43.1438712612" lon="-95.1480849228" version="1" timestamp="2026-09-02T12:00:00Z" changeset="1" uid="1" user="generator"/>
  <node id="736" lat="43.1438712522" lon="-95.1480849228" version="1" timestamp="2026-09-02T12:00:00Z" changeset="1" uid="1" user="generator"/>
  <node id="737" lat="43.1438701092" lon="-95.1480835659" version="1" timestamp="2026-09-02T12:00:00Z" changeset="1" uid="1" user="generator"/>
  <node id="738" lat="43.1438701002" lon="-95.1480835536" version="1" timestamp="2026-09-02T12:00:00Z" changeset="1" uid="1" user="generator"/>
  <node id="739" lat="43.1438700912" lon="-95.1480835536" version="1" timestamp="2026-09-02T12:00:00Z" changeset="1" uid="1" user="generator"/>
  <node id="740" lat="43.1438698662" lon="-95.1480832699" version="1" timestamp="2026-09-02T12:00:00Z" changeset="1" uid="1" user="generator"/>
  <node id="741" lat="43.1438698572" lon="-95.1480832576" version="1" timestamp="2026-09-02T12:00:00Z" changeset="1" uid="1" user="generator"/>
  <node id="742" lat="43.1438698482" lon="-95.1480832452" version="1" timestamp="2026-09-02T12:00:00Z" changeset="1" uid="1" user="generator"/>
  <node id="743" lat="43.1438692902" lon="-95.1480825545" version="1" timestamp="2026-09-02T12:00:00Z" changeset="1" uid="1" user="generator"/>
  <node id="744" lat="43.1438687412" lon="-95.1480818637" version="1" timestamp="2026-09-02T12:00:00Z" changeset="1" uid="1" user="generator"/>
  <node id="745" lat="43.1438687322" lon="-95.1480818513" version="1" timestamp="2026-09-02T12:00:00Z" changeset="1" uid="1" user="generator"/>
  <node id="746" lat="43.1438687232" lon="-95.1480818513" version="1" timestamp="2026-09-02T12:00:00Z" changeset="1" uid="1" user="generator"/>
  <node id="747" lat="43.1438685522" lon="-95.1480816170" version="1" timestamp="2026-09-02T12:00:00Z" changeset="1" uid="1" user="generator"/>
  <node id="748" lat="43.1438684982" lon="-95.1480815553" version="1" timestamp="2026-09-02T12:00:00Z" changeset="1" uid="1" user="generator"/>
  <node id="749" lat="43.1438684892" lon="-95.1480815430" version="1" timestamp="2026-09-02T12:00:00Z" changeset="1" uid="1" user="generator"/>
  <node id="750" lat="43.1438674092" lon="-95.1480801244" version="1" timestamp="2026-09-02T12:00:00Z" changeset="1" uid="1" user="generator"/>
  <node id="751" lat="43.1438674002" lon="-95.1480801121" version="1" timestamp="2026-09-02T12:00:00Z" changeset="1" uid="1" user="generator"/>
  <node id="752" lat="43.1438674002" lon="-95.1480800997" version="1" timestamp="2026-09-02T12:00:00Z" changeset="1" uid="1" user="generator"/>
  <node id="753" lat="43.1438672832" lon="-95.1480799517" version="1" timestamp="2026-09-02T12:00:00Z" changeset="1" uid="1" user="generator"/>
  <node id="754" lat="43.1438671752" lon="-95.1480798037" version="1" timestamp="2026-09-02T12:00:00Z" changeset="1" uid="1" user="generator"/>
  <node id="755" lat="43.1438671662" lon="-95.1480798037" version="1" timestamp="2026-09-02T12:00:00Z" changeset="1" uid="1" user="generator"/>
  <node id="756" lat="43.1438671662" lon="-95.1480797914" version="1" timestamp="2026-09-02T12:00:00Z" changeset="1" uid="1" user="generator"/>
  <node id="757" lat="43.1438661222" lon="-95.1480783481" version="1" timestamp="2026-09-02T12:00:00Z" changeset="1" uid="1" user="generator"/>
  <node id="758" lat="43.1438661132" lon="-95.1480783358" version="1" timestamp="2026-09-02T12:00:00Z" changeset="1" uid="1" user="generator"/>
  <node id="759" lat="43.1438661042" lon="-95.1480783235" version="1" timestamp="2026-09-02T12:00:00Z" changeset="1" uid="1" user="generator"/>
  <node id="760" lat="43.1438658972" lon="-95.1480780274" version="1" timestamp="2026-09-02T12:00:00Z" changeset="1" uid="1" user="generator"/>
  <node id="761" lat="43.1438658882" lon="-95.1480780151" version="1" timestamp="2026-09-02T12:00:00Z" changeset="1" uid="1" user="generator"/>
  <node id="762" lat="43.1438658792" lon="-95.1480780027" version="1" timestamp="2026-09-02T12:00:00Z" changeset="1" uid="1" user="generator"/>
  <node id="763" lat="43.1438648712" lon="-95.1480765225" version="1" timestamp="2026-09-02T12:00:00Z" changeset="1" uid="1" user="generator"/>
  <node id="764" lat="43.1438648622" lon="-95.1480765102" version="1" timestamp="2026-09-02T12:00:00Z" changeset="1" uid="1" user="generator"/>
  <node id="765" lat="43.1438648622" lon="-95.1480764978" version="1" timestamp="2026-09-02T12:00:00Z" changeset="1" uid="1" user="generator"/>
  <node id="766" lat="43.1438648082" lon="-95.1480764238" version="1" timestamp="2026-09-02T12:00:00Z" changeset="1" uid="1" user="generator"/>
  <node id="767" lat="43.1438646552" lon="-95.1480761895" version="1" timestamp="2026-09-02T12:00:00Z" changeset="1" uid="1" user="generator"/>
  <node id="768" lat="43.1438646462" lon="-95.1480761895" version="1" timestamp="2026-09-02T12:00:00Z" changeset="1" uid="1" user="generator"/>
  <node id="769" lat="43.1438646372" lon="-95.1480761771" version="1" timestamp="2026-09-02T12:00:00Z" changeset="1" uid="1" user="generator"/>
  <node id="770" lat="43.1438636652" lon="-95.1480746599" version="1" timestamp="2026-09-02T12:00:00Z" changeset="1" uid="1" user="generator"/>
  <node id="771" lat="43.1438636562" lon="-95.1480746599" version="1" timestamp="2026-09-02T12:00:00Z" changeset="1" uid="1" user="generator"/>
  <node id="772" lat="43.1438636472" lon="-95.1480746476" version="1" timestamp="2026-09-02T12:00:00Z" changeset="1" uid="1" user="generator"/>
  <node id="773" lat="43.1438634492" lon="-95.1480743268" version="1" timestamp="2026-09-02T12:00:00Z" changeset="1" uid="1" user="generator"/>
  <node id="774" lat="43.1438634402" lon="-95.1480743145" version="1" timestamp="2026-09-02T12:00:00Z" changeset="1" uid="1" user="generator"/>
  <node id="775" lat="43.1438624952" lon="-95.1480727726" version="1" timestamp="2026-09-02T12:00:00Z" changeset="1" uid="1" user="generator"/>
  <node id="776" lat="43.1438624862" lon="-95.1480727603" version="1" timestamp="2026-09-02T12:00:00Z" changeset="1" uid="1" user="generator"/>
  <node id="777" lat="43.1438623962" lon="-95.1480725999" version="1" timestamp="2026-09-02T12:00:00Z" changeset="1" uid="1" user="generator"/>
  <node id="778" lat="43.1438623872" lon="-95.1480725876" version="1" timestamp="2026-09-02T12:00:00Z" changeset="1" uid="1" user="generator"/>
  <node id="779" lat="43.1437938521" lon="-95.1479576601" version="1" timestamp="2026-09-02T12:00:00Z" changeset="1" uid="1" user="generator"/>
  <node id="780" lat="43.1437938431" lon="-95.1479576477" version="1" timestamp="2026-09-02T12:00:00Z" changeset="1" uid="1" user="generator"/>
  <node id="781" lat="43.1437937621" lon="-95.1479574997" version="1" timestamp="2026-09-02T12:00:00Z" changeset="1" uid="1" user="generator"/>
  <node id="782" lat="43.1437937531" lon="-95.1479574874" version="1" timestamp="2026-09-02T12:00:00Z" changeset="1" uid="1" user="generator"/>
  <node id="783" lat="43.1437928891" lon="-95.1479559948" version="1" timestamp="2026-09-02T12:00:00Z" changeset="1" uid="1" user="generator"/>
  <node id="784" lat="43.1437928801" lon="-95.1479559825" version="1" timestamp="2026-09-02T12:00:00Z" changeset="1" uid="1" user="generator"/>
  <node id="785" lat="43.1437927991" lon="-95.1479558468" version="1" timestamp="2026-09-02T12:00:00Z" changeset="1" uid="1" user="generator"/>
  <node id="786" lat="43.1437927091" lon="-95.1479556741" version="1" timestamp="2026-09-02T12:00:00Z" changeset="1" uid="1" user="generator"/>
  <node id="787" lat="43.1437927001" lon="-95.1479556617" version="1" timestamp="2026-09-02T12:00:00Z" changeset="1" uid="1" user="generator"/>
  <node id="788" lat="43.1437926911" lon="-95.1479556494" version="1" timestamp="2026-09-02T12:00:00Z" changeset="1" uid="1" user="generator"/>
  <node id="789" lat="43.1437922861" lon="-95.1479549216" version="1" timestamp="2026-09-02T12:00:00Z" changeset="1" uid="1" user="generator"/>
  <node id="790" lat="43.1437918721" lon="-95.1479541568" version="1" timestamp="2026-09-02T12:00:00Z" changeset="1" uid="1" user="generator"/>
  <node id="791" lat="43.1437918631" lon="-95.1479541445" version="1" timestamp="2026-09-02T12:00:00Z" changeset="1" uid="1" user="generator"/>
  <node id="792" lat="43.1437918541" lon="-95.1479541322" version="1" timestamp="2026-09-02T12:00:00Z" changeset="1" uid="1" user="generator"/>
  <node id="793" lat="43.1437918361" lon="-95.1479540952" version="1" timestamp="2026-09-02T12:00:00Z" changeset="1" uid="1" user="generator"/>
  <node id="794" lat="43.1437916921" lon="-95.1479538238" version="1" timestamp="2026-09-02T12:00:00Z" changeset="1" uid="1" user="generator"/>
  <node id="795" lat="43.1437916831" lon="-95.1479538115" version="1" timestamp="2026-09-02T12:00:00Z" changeset="1" uid="1" user="generator"/>
  <node id="796" lat="43.1437916831" lon="-95.1479537991" version="1" timestamp="2026-09-02T12:00:00Z" changeset="1" uid="1" user="generator"/>
  <node id="797" lat="43.1437915571" lon="-95.1479535648" version="1" timestamp="2026-09-02T12:00:00Z" changeset="1" uid="1" user="generator"/>
  <node id="798" lat="43.1437908911" lon="-95.1479522819" version="1" timestamp="2026-09-02T12:00:00Z" changeset="1" uid="1" user="generator"/>
  <node id="799" lat="43.1437908821" lon="-95.1479522696" version="1" timestamp="2026-09-02T12:00:00Z" changeset="1" uid="1" user="generator"/>
  <node id="800" lat="43.1437908821" lon="-95.1479522572" version="1" timestamp="2026-09-02T12:00:00Z" changeset="1" uid="1" user="generator"/>
  <node id="801" lat="43.1437907201" lon="-95.1479519612" version="1" timestamp="2026-09-02T12:00:00Z" changeset="1" uid="1" user="generator"/>
  <node id="802" lat="43.1437907201" lon="-95.1479519488" version="1" timestamp="2026-09-02T12:00:00Z" changeset="1" uid="1" user="generator"/>
  <node id="803" lat="43.1437907111" lon="-95.1479519365" version="1" timestamp="2026-09-02T12:00:00Z" changeset="1" uid="1" user="generator"/>
  <node id="804" lat="43.1437907111" lon="-95.1479519242" version="1" timestamp="2026-09-02T12:00:00Z" changeset="1" uid="1" user="generator"/>
  <node id="805" lat="43.1437899461" lon="-95.1479503823" version="1" timestamp="2026-09-02T12:00:00Z" changeset="1" uid="1" user="generator"/>
  <node id="806" lat="43.1437899371" lon="-95.1479503699" version="1" timestamp="2026-09-02T12:00:00Z" changeset="1" uid="1" user="generator"/>
  <node id="807" lat="43.1437898741" lon="-95.1479502342" version="1" timestamp="2026-09-02T12:00:00Z" changeset="1" uid="1" user="generator"/>
  <node id="808" lat="43.1437897841" lon="-95.1479500492" version="1" timestamp="2026-09-02T12:00:00Z" changeset="1" uid="1" user="generator"/>
  <node id="809" lat="43.1437897841" lon="-95.1479500369" version="1" timestamp="2026-09-02T12:00:00Z" changeset="1" uid="1" user="generator"/>
  <node id="810" lat="43.1437897751" lon="-95.1479500245" version="1" timestamp="2026-09-02T12:00:00Z" changeset="1" uid="1" user="generator"/>
  <node id="811" lat="43.1437890551" lon="-95.1479484703" version="1" timestamp="2026-09-02T12:00:00Z" changeset="1" uid="1" user="generator"/>
  <node id="812" lat="43.1437890461" lon="-95.1479484580" version="1" timestamp="2026-09-02T12:00:00Z" changeset="1" uid="1" user="generator"/>
  <node id="813" lat="43.1437890371" lon="-95.1479484456" version="1" timestamp="2026-09-02T12:00:00Z" changeset="1" uid="1" user="generator"/>
  <node id="814" lat="43.1437888931" lon="-95.1479481249" version="1" timestamp="2026-09-02T12:00:00Z" changeset="1" uid="1" user="generator"/>
  <node id="815" lat="43.1437888931" lon="-95.1479481126" version="1" timestamp="2026-09-02T12:00:00Z" changeset="1" uid="1" user="generator"/>
  <node id="816" lat="43.1437888841" lon="-95.1479481002" version="1" timestamp="2026-09-02T12:00:00Z" changeset="1" uid="1" user="generator"/>
  <node id="817" lat="43.1437885421" lon="-95.1479473231" version="1" timestamp="2026-09-02T12:00:00Z" changeset="1" uid="1" user="generator"/>
  <node id="818" lat="43.1437881911" lon="-95.1479465213" version="1" timestamp="2026-09-02T12:00:00Z" changeset="1" uid="1" user="generator"/>
  <node id="819" lat="43.1437881911" lon="-95.1479465090" version="1" timestamp="2026-09-02T12:00:00Z" changeset="1" uid="1" user="generator"/>
  <node id="820" lat="43.1437881821" lon="-95.1479464967" version="1" timestamp="2026-09-02T12:00:00Z" changeset="1" uid="1" user="generator"/>
  <node id="821" lat="43.1437880471" lon="-95.1479461636" version="1" timestamp="2026-09-02T12:00:00Z" changeset="1" uid="1" user="generator"/>
  <node id="822" lat="43.1437880381" lon="-95.1479461513" version="1" timestamp="2026-09-02T12:00:00Z" changeset="1" uid="1" user="generator"/>
  <node id="823" lat="43.1437876871" lon="-95.1479453001" version="1" timestamp="2026-09-02T12:00:00Z" changeset="1" uid="1" user="generator"/>
  <node id="824" lat="43.1437873811" lon="-95.1479445477" version="1" timestamp="2026-09-02T12:00:00Z" changeset="1" uid="1" user="generator"/>
  <node id="825" lat="43.1437873721" lon="-95.1479445354" version="1" timestamp="2026-09-02T12:00:00Z" changeset="1" uid="1" user="generator"/>
  <node id="826" lat="43.1437873721" lon="-95.1479445230" version="1" timestamp="2026-09-02T12:00:00Z" changeset="1" uid="1" user="generator"/>
  <node id="827" lat="43.1437872821" lon="-95.1479443133" version="1" timestamp="2026-09-02T12:00:00Z" changeset="1" uid="1" user="generator"/>
  <node id="828" lat="43.1437872371" lon="-95.1479441900" version="1" timestamp="2026-09-02T12:00:00Z" changeset="1" uid="1" user="generator"/>
  <node id="829" lat="43.1437872281" lon="-95.1479441776" version="1" timestamp="2026-09-02T12:00:00Z" changeset="1" uid="1" user="generator"/>
  <node id="830" lat="43.1437872281" lon="-95.1479441653" version="1" timestamp="2026-09-02T12:00:00Z" changeset="1" uid="1" user="generator"/>
  <node id="831" lat="43.1437865981" lon="-95.1479425494" version="1" timestamp="2026-09-02T12:00:00Z" changeset="1" uid="1" user="generator"/>
  <node id="832" lat="43.1437865981" lon="-95.1479425370" version="1" timestamp="2026-09-02T12:00:00Z" changeset="1" uid="1" user="generator"/>
  <node id="833" lat="43.1437865351" lon="-95.1479423643" version="1" timestamp="2026-09-02T12:00:00Z" changeset="1" uid="1" user="generator"/>
  <node id="834" lat="43.1437865351" lon="-95.1479423520" version="1" timestamp="2026-09-02T12:00:00Z" changeset="1" uid="1" user="generator"/>
  <node id="835" lat="43.1437434251" lon="-95.1478267461" version="1" timestamp="2026-09-02T12:00:00Z" changeset="1" uid="1" user="generator"/>
  <node id="836" lat="43.1437434161" lon="-95.1478267337" version="1" timestamp="2026-09-02T12:00:00Z" changeset="1" uid="1" user="generator"/>
  <node id="837" lat="43.1437433711" lon="-95.1478266104" version="1" timestamp="2026-09-02T12:00:00Z" changeset="1" uid="1" user="generator"/>
  <node id="838" lat="43.1437433711" lon="-95.1478265980" version="1" timestamp="2026-09-02T12:00:00Z" changeset="1" uid="1" user="generator"/>
  <node id="839" lat="43.1437429211" lon="-95.1478253768" version="1" timestamp="2026-09-02T12:00:00Z" changeset="1" uid="1" user="generator"/>
  <node id="840" lat="43.1437429211" lon="-95.1478253522" version="1" timestamp="2026-09-02T12:00:00Z" changeset="1" uid="1" user="generator"/>
  <node id="841" lat="43.1437428311" lon="-95.1478251055" version="1" timestamp="2026-09-02T12:00:00Z" changeset="1" uid="1" user="generator"/>
  <node id="842" lat="43.1437428221" lon="-95.1478250931" version="1" timestamp="2026-09-02T12:00:00Z" changeset="1" uid="1" user="generator"/>
  <node id="843" lat="43.1437423991" lon="-95.1478238473" version="1" timestamp="2026-09-02T12:00:00Z" changeset="1" uid="1" user="generator"/>
  <node id="844" lat="43.1437423901" lon="-95.1478238349" version="1" timestamp="2026-09-02T12:00:00Z" changeset="1" uid="1" user="generator"/>
  <node id="845" lat="43.1437423090" lon="-95.1478235759" version="1" timestamp="2026-09-02T12:00:00Z" changeset="1" uid="1" user="generator"/>
  <node id="846" lat="43.1437423000" lon="-95.1478235636" version="1" timestamp="2026-09-02T12:00:00Z" changeset="1" uid="1" user="generator"/>
  <node id="847" lat="43.1437418950" lon="-95.1478223177" version="1" timestamp="2026-09-02T12:00:00Z" changeset="1" uid="1" user="generator"/>
  <node id="848" lat="43.1437418860" lon="-95.1478223054" version="1" timestamp="2026-09-02T12:00:00Z" changeset="1" uid="1" user="generator"/>
  <node id="849" lat="43.1437418050" lon="-95.1478220463" version="1" timestamp="2026-09-02T12:00:00Z" changeset="1" uid="1" user="generator"/>
  <node id="850" lat="43.1437418050" lon="-95.1478220340" version="1" timestamp="2026-09-02T12:00:00Z" changeset="1" uid="1" user="generator"/>
  <node id="851" lat="43.1437414180" lon="-95.1478207758" version="1" timestamp="2026-09-02T12:00:00Z" changeset="1" uid="1" user="generator"/>
  <node id="852" lat="43.1437414090" lon="-95.1478207635" version="1" timestamp="2026-09-02T12:00:00Z" changeset="1" uid="1" user="generator"/>
  <node id="853" lat="43.1437413280" lon="-95.1478205044" version="1" timestamp="2026-09-02T12:00:00Z" changeset="1" uid="1" user="generator"/>
  <node id="854" lat="43.1437413280" lon="-95.1478204921" version="1" timestamp="2026-09-02T12:00:00Z" changeset="1" uid="1" user="generator"/>
  <node id="855" lat="43.1437409590" lon="-95.1478192339" version="1" timestamp="2026-09-02T12:00:00Z" changeset="1" uid="1" user="generator"/>
  <node id="856" lat="43.1437409590" lon="-95.1478192092" version="1" timestamp="2026-09-02T12:00:00Z" changeset="1" uid="1" user="generator"/>
  <node id="857" lat="43.1437408870" lon="-95.1478189502" version="1" timestamp="2026-09-02T12:00:00Z" changeset="1" uid="1" user="generator"/>
  <node id="858" lat="43.1437408780" lon="-95.1478189378" version="1" timestamp="2026-09-02T12:00:00Z" changeset="1" uid="1" user="generator"/>
  <node id="859" lat="43.1437405360" lon="-95.1478176673" version="1" timestamp="2026-09-02T12:00:00Z" changeset="1" uid="1" user="generator"/>
  <node id="860" lat="43.1437405270" lon="-95.1478176550" version="1" timestamp="2026-09-02T12:00:00Z" changeset="1" uid="1" user="generator"/>
  <node id="861" lat="43.1437404550" lon="-95.1478173836" version="1" timestamp="2026-09-02T12:00:00Z" changeset="1" uid="1" user="generator"/>
  <node id="862" lat="43.1437404550" lon="-95.1478173713" version="1" timestamp="2026-09-02T12:00:00Z" changeset="1" uid="1" user="generator"/>
  <node id="863" lat="43.1437401310" lon="-95.1478161007" version="1" timestamp="2026-09-02T12:00:00Z" changeset="1" uid="1" user="generator"/>
  <node id="864" lat="43.1437401220" lon="-95.1478160761" version="1" timestamp="2026-09-02T12:00:00Z" changeset="1" uid="1" user="generator"/>
  <node id="865" lat="43.1437400590" lon="-95.1478158170" version="1" timestamp="2026-09-02T12:00:00Z" changeset="1" uid="1" user="generator"/>
  <node id="866" lat="43.1437400590" lon="-95.1478158047" version="1" timestamp="2026-09-02T12:00:00Z" changeset="1" uid="1" user="generator"/>
  <node id="867" lat="43.1437397440" lon="-95.1478145095" version="1" timestamp="2026-09-02T12:00:00Z" changeset="1" uid="1" user="generator"/>
  <node id="868" lat="43.1437397440" lon="-95.1478144972" version="1" timestamp="2026-09-02T12:00:00Z" changeset="1" uid="1" user="generator"/>
  <node id="869" lat="43.1437397170" lon="-95.1478143738" version="1" timestamp="2026-09-02T12:00:00Z" changeset="1" uid="1" user="generator"/>
  <node id="870" lat="43.1437397170" lon="-95.1478143615" version="1" timestamp="2026-09-02T12:00:00Z" changeset="1" uid="1" user="generator"/>
  <node id="871" lat="43.1436551800" lon="-95.1474462653" version="1" timestamp="2026-09-02T12:00:00Z" changeset="1" uid="1" user="generator"/>
  <node id="872" lat="43.1436551710" lon="-95.1474462530" version="1" timestamp="2026-09-02T12:00:00Z" changeset="1" uid="1" user="generator"/>
  <node id="873" lat="43.1436551260" lon="-95.1474460433" version="1" timestamp="2026-09-02T12:00:00Z" changeset="1" uid="1" user="generator"/>
  <node id="874" lat="43.1436551260" lon="-95.1474460309" version="1" timestamp="2026-09-02T12:00:00Z" changeset="1" uid="1" user="generator"/>
  <node id="875" lat="43.1436546760" lon="-95.1474439710" version="1" timestamp="2026-09-02T12:00:00Z" changeset="1" uid="1" user="generator"/>
  <node id="876" lat="43.1436546760" lon="-95.1474439586" version="1" timestamp="2026-09-02T12:00:00Z" changeset="1" uid="1" user="generator"/>
  <node id="877" lat="43.1436546670" lon="-95.1474439340" version="1" timestamp="2026-09-02T12:00:00Z" changeset="1" uid="1" user="generator"/>
  <node id="878" lat="43.1436545860" lon="-95.1474435146" version="1" timestamp="2026-09-02T12:00:00Z" changeset="1" uid="1" user="generator"/>
  <node id="879" lat="43.1436545860" lon="-95.1474435022" version="1" timestamp="2026-09-02T12:00:00Z" changeset="1" uid="1" user="generator"/>
  <node id="880" lat="43.1436545770" lon="-95.1474434899" version="1" timestamp="2026-09-02T12:00:00Z" changeset="1" uid="1" user="generator"/>
  <node id="881" lat="43.1436543790" lon="-95.1474424414" version="1" timestamp="2026-09-02T12:00:00Z" changeset="1" uid="1" user="generator"/>
  <node id="882" lat="43.1436541900" lon="-95.1474414299" version="1" timestamp="2026-09-02T12:00:00Z" changeset="1" uid="1" user="generator"/>
  <node id="883" lat="43.1436541900" lon="-95.1474414176" version="1" timestamp="2026-09-02T12:00:00Z" changeset="1" uid="1" user="generator"/>
  <node id="884" lat="43.1436541810" lon="-95.1474414052" version="1" timestamp="2026-09-02T12:00:00Z" changeset="1" uid="1" user="generator"/>
  <node id="885" lat="43.1436541360" lon="-95.1474411462" version="1" timestamp="2026-09-02T12:00:00Z" changeset="1" uid="1" user="generator"/>
  <node id="886" lat="43.1436541090" lon="-95.1474409735" version="1" timestamp="2026-09-02T12:00:00Z" changeset="1" uid="1" user="generator"/>
  <node id="887" lat="43.1436541090" lon="-95.1474409612" version="1" timestamp="2026-09-02T12:00:00Z" changeset="1" uid="1" user="generator"/>
  <node id="888" lat="43.1436541090" lon="-95.1474409488" version="1" timestamp="2026-09-02T12:00:00Z" changeset="1" uid="1" user="generator"/>
  <node id="889" lat="43.1436537670" lon="-95.1474388765" version="1" timestamp="2026-09-02T12:00:00Z" changeset="1" uid="1" user="generator"/>
  <node id="890" lat="43.1436537670" lon="-95.1474388642" version="1" timestamp="2026-09-02T12:00:00Z" changeset="1" uid="1" user="generator"/>
  <node id="891" lat="43.1436537670" lon="-95.1474388518" version="1" timestamp="2026-09-02T12:00:00Z" changeset="1" uid="1" user="generator"/>
  <node id="892" lat="43.1436537130" lon="-95.1474385434" version="1" timestamp="2026-09-02T12:00:00Z" changeset="1" uid="1" user="generator"/>
  <node id="893" lat="43.1436536950" lon="-95.1474384201" version="1" timestamp="2026-09-02T12:00:00Z" changeset="1" uid="1" user="generator"/>
  <node id="894" lat="43.1436536950" lon="-95.1474384078" version="1" timestamp="2026-09-02T12:00:00Z" changeset="1" uid="1" user="generator"/>
  <node id="895" lat="43.1436536950" lon="-95.1474383954" version="1" timestamp="2026-09-02T12:00:00Z" changeset="1" uid="1" user="generator"/>
  <node id="896" lat="43.1436535780" lon="-95.1474375443" version="1" timestamp="2026-09-02T12:00:00Z" changeset="1" uid="1" user="generator"/>
  <node id="897" lat="43.1436534070" lon="-95.1474363108" version="1" timestamp="2026-09-02T12:00:00Z" changeset="1" uid="1" user="generator"/>
  <node id="898" lat="43.1436534070" lon="-95.1474362984" version="1" timestamp="2026-09-02T12:00:00Z" changeset="1" uid="1" user="generator"/>
  <node id="899" lat="43.1436534070" lon="-95.1474362861" version="1" timestamp="2026-09-02T12:00:00Z" changeset="1" uid="1" user="generator"/>
  <node id="900" lat="43.1436533800" lon="-95.1474360394" version="1" timestamp="2026-09-02T12:00:00Z" changeset="1" uid="1" user="generator"/>
  <node id="901" lat="43.1436533530" lon="-95.1474358544" version="1" timestamp="2026-09-02T12:00:00Z" changeset="1" uid="1" user="generator"/>
  <node id="902" lat="43.1436533530" lon="-95.1474358420" version="1" timestamp="2026-09-02T12:00:00Z" changeset="1" uid="1" user="generator"/>
  <node id="903" lat="43.1436533530" lon="-95.1474358297" version="1" timestamp="2026-09-02T12:00:00Z" changeset="1" uid="1" user="generator"/>
  <node id="904" lat="43.1436531190" lon="-95.1474337450" version="1" timestamp="2026-09-02T12:00:00Z" changeset="1" uid="1" user="generator"/>
  <node id="905" lat="43.1436531190" lon="-95.1474337204" version="1" timestamp="2026-09-02T12:00:00Z" changeset="1" uid="1" user="generator"/>
  <node id="906" lat="43.1436531190" lon="-95.1474337080" version="1" timestamp="2026-09-02T12:00:00Z" changeset="1" uid="1" user="generator"/>
  <node id="907" lat="43.1436530740" lon="-95.1474333010" version="1" timestamp="2026-09-02T12:00:00Z" changeset="1" uid="1" user="generator"/>
  <node id="908" lat="43.1436530740" lon="-95.1474332763" version="1" timestamp="2026-09-02T12:00:00Z" changeset="1" uid="1" user="generator"/>
  <node id="909" lat="43.1436530740" lon="-95.1474332640" version="1" timestamp="2026-09-02T12:00:00Z" changeset="1" uid="1" user="generator"/>
  <node id="910" lat="43.1436530740" lon="-95.1474332516" version="1" timestamp="2026-09-02T12:00:00Z" changeset="1" uid="1" user="generator"/>
  <node id="911" lat="43.1436530020" lon="-95.1474324005" version="1" timestamp="2026-09-02T12:00:00Z" changeset="1" uid="1" user="generator"/>
  <node id="912" lat="43.1436528940" lon="-95.1474311546" version="1" timestamp="2026-09-02T12:00:00Z" changeset="1" uid="1" user="generator"/>
  <node id="913" lat="43.1436528940" lon="-95.1474311423" version="1" timestamp="2026-09-02T12:00:00Z" changeset="1" uid="1" user="generator"/>
  <node id="914" lat="43.1436528940" lon="-95.1474311300" version="1" timestamp="2026-09-02T12:00:00Z" changeset="1" uid="1" user="generator"/>
  <node id="915" lat="43.1436528580" lon="-95.1474306982" version="1" timestamp="2026-09-02T12:00:00Z" changeset="1" uid="1" user="generator"/>
  <node id="916" lat="43.1436528580" lon="-95.1474306736" version="1" timestamp="2026-09-02T12:00:00Z" changeset="1" uid="1" user="generator"/>
  <node id="917" lat="43.1436528580" lon="-95.1474306612" version="1" timestamp="2026-09-02T12:00:00Z" changeset="1" uid="1" user="generator"/>
  <node id="918" lat="43.1436527860" lon="-95.1474294894" version="1" timestamp="2026-09-02T12:00:00Z" changeset="1" uid="1" user="generator"/>
  <node id="919" lat="43.1436527320" lon="-95.1474285642" version="1" timestamp="2026-09-02T12:00:00Z" changeset="1" uid="1" user="generator"/>
  <node id="920" lat="43.1436527320" lon="-95.1474285396" version="1" timestamp="2026-09-02T12:00:00Z" changeset="1" uid="1" user="generator"/>
  <node id="921" lat="43.1436527320" lon="-95.1474285272" version="1" timestamp="2026-09-02T12:00:00Z" changeset="1" uid="1" user="generator"/>
  <node id="922" lat="43.1436527230" lon="-95.1474284039" version="1" timestamp="2026-09-02T12:00:00Z" changeset="1" uid="1" user="generator"/>
  <node id="923" lat="43.1436527140" lon="-95.1474280955" version="1" timestamp="2026-09-02T12:00:00Z" changeset="1" uid="1" user="generator"/>
  <node id="924" lat="43.1436527140" lon="-95.1474280832" version="1" timestamp="2026-09-02T12:00:00Z" changeset="1" uid="1" user="generator"/>
  <node id="925" lat="43.1436527140" lon="-95.1474280708" version="1" timestamp="2026-09-02T12:00:00Z" changeset="1" uid="1" user="generator"/>
  <node id="926" lat="43.1436527050" lon="-95.1474278981" version="1" timestamp="2026-09-02T12:00:00Z" changeset="1" uid="1" user="generator"/>
  <node id="927" lat="43.1436526420" lon="-95.1474259615" version="1" timestamp="2026-09-02T12:00:00Z" changeset="1" uid="1" user="generator"/>
  <node id="928" lat="43.1436526420" lon="-95.1474259492" version="1" timestamp="2026-09-02T12:00:00Z" changeset="1" uid="1" user="generator"/>
  <node id="929" lat="43.1436526330" lon="-95.1474257271" version="1" timestamp="2026-09-02T12:00:00Z" changeset="1" uid="1" user="generator"/>
  <node id="930" lat="43.1436526330" lon="-95.1474257148" version="1" timestamp="2026-09-02T12:00:00Z" changeset="1" uid="1" user="generator"/>
  <node id="931" lat="43.1436447760" lon="-95.1470538194" version="1" timestamp="2026-09-02T12:00:00Z" changeset="1" uid="1" user="generator"/>
  <node id="932" lat="43.1436447760" lon="-95.1470538070" version="1" timestamp="2026-09-02T12:00:00Z" changeset="1" uid="1" user="generator"/>
  <node id="933" lat="43.1436447400" lon="-95.1470533630" version="1" timestamp="2026-09-02T12:00:00Z" changeset="1" uid="1" user="generator"/>
  <node id="934" lat="43.1435983899" lon="-95.1466737827" version="1" timestamp="2026-09-02T12:00:00Z" changeset="1" uid="1" user="generator"/>
  <node id="935" lat="43.1435983269" lon="-95.1466734126" version="1" timestamp="2026-09-02T12:00:00Z" changeset="1" uid="1" user="generator"/>
  <node id="936" lat="43.1435204318" lon="-95.1462980880" version="1" timestamp="2026-09-02T12:00:00Z" changeset="1" uid="1" user="generator"/>
  <node id="937" lat="43.1435204318" lon="-95.1462980757" version="1" timestamp="2026-09-02T12:00:00Z" changeset="1" uid="1" user="generator"/>
  <node id="938" lat="43.1435204048" lon="-95.1462979400" version="1" timestamp="2026-09-02T12:00:00Z" changeset="1" uid="1" user="generator"/>
  <node id="939" lat="43.1435201348" lon="-95.1462966078" version="1" timestamp="2026-09-02T12:00:00Z" changeset="1" uid="1" user="generator"/>
  <node id="940" lat="43.1435201348" lon="-95.1462965831" version="1" timestamp="2026-09-02T12:00:00Z" changeset="1" uid="1" user="generator"/>
  <node id="941" lat="43.1435200808" lon="-95.1462963117" version="1" timestamp="2026-09-02T12:00:00Z" changeset="1" uid="1" user="generator"/>
  <node id="942" lat="43.1435200808" lon="-95.1462962994" version="1" timestamp="2026-09-02T12:00:00Z" changeset="1" uid="1" user="generator"/>
  <node id="943" lat="43.1435198378" lon="-95.1462949672" version="1" timestamp="2026-09-02T12:00:00Z" changeset="1" uid="1" user="generator"/>
  <node id="944" lat="43.1435198288" lon="-95.1462949425" version="1" timestamp="2026-09-02T12:00:00Z" changeset="1" uid="1" user="generator"/>
  <node id="945" lat="43.1435197838" lon="-95.1462946712" version="1" timestamp="2026-09-02T12:00:00Z" changeset="1" uid="1" user="generator"/>
  <node id="946" lat="43.1435197838" lon="-95.1462946588" version="1" timestamp="2026-09-02T12:00:00Z" changeset="1" uid="1" user="generator"/>
  <node id="947" lat="43.1435195588" lon="-95.1462933143" version="1" timestamp="2026-09-02T12:00:00Z" changeset="1" uid="1" user="generator"/>
  <node id="948" lat="43.1435195588" lon="-95.1462933019" version="1" timestamp="2026-09-02T12:00:00Z" changeset="1" uid="1" user="generator"/>
  <node id="949" lat="43.1435195138" lon="-95.1462930182" version="1" timestamp="2026-09-02T12:00:00Z" changeset="1" uid="1" user="generator"/>
  <node id="950" lat="43.1435195138" lon="-95.1462930059" version="1" timestamp="2026-09-02T12:00:00Z" changeset="1" uid="1" user="generator"/>
  <node id="951" lat="43.1435193158" lon="-95.1462916614" version="1" timestamp="2026-09-02T12:00:00Z" changeset="1" uid="1" user="generator"/>
  <node id="952" lat="43.1435193158" lon="-95.1462916490" version="1" timestamp="2026-09-02T12:00:00Z" changeset="1" uid="1" user="generator"/>
  <node id="953" lat="43.1435192708" lon="-95.1462913653" version="1" timestamp="2026-09-02T12:00:00Z" changeset="1" uid="1" user="generator"/>
  <node id="954" lat="43.1435192708" lon="-95.1462913530" version="1" timestamp="2026-09-02T12:00:00Z" changeset="1" uid="1" user="generator"/>
  <node id="955" lat="43.1435190908" lon="-95.1462900084" version="1" timestamp="2026-09-02T12:00:00Z" changeset="1" uid="1" user="generator"/>
  <node id="956" lat="43.1435190908" lon="-95.1462899961" version="1" timestamp="2026-09-02T12:00:00Z" changeset="1" uid="1" user="generator"/>
  <node id="957" lat="43.1435190548" lon="-95.1462897124" version="1" timestamp="2026-09-02T12:00:00Z" changeset="1" uid="1" user="generator"/>
  <node id="958" lat="43.1435190548" lon="-95.1462897001" version="1" timestamp="2026-09-02T12:00:00Z" changeset="1" uid="1" user="generator"/>
  <node id="959" lat="43.1435189018" lon="-95.1462883432" version="1" timestamp="2026-09-02T12:00:00Z" changeset="1" uid="1" user="generator"/>
  <node id="960" lat="43.1435189018" lon="-95.1462883308" version="1" timestamp="2026-09-02T12:00:00Z" changeset="1" uid="1" user="generator"/>
  <node id="961" lat="43.1435188748" lon="-95.1462880471" version="1" timestamp="2026-09-02T12:00:00Z" changeset="1" uid="1" user="generator"/>
  <node id="962" lat="43.1435188658" lon="-95.1462880348" version="1" timestamp="2026-09-02T12:00:00Z" changeset="1" uid="1" user="generator"/>
  <node id="963" lat="43.1435187398" lon="-95.1462866779" version="1" timestamp="2026-09-02T12:00:00Z" changeset="1" uid="1" user="generator"/>
  <node id="964" lat="43.1435187308" lon="-95.1462866656" version="1" timestamp="2026-09-02T12:00:00Z" changeset="1" uid="1" user="generator"/>
  <node id="965" lat="43.1435187128" lon="-95.1462863819" version="1" timestamp="2026-09-02T12:00:00Z" changeset="1" uid="1" user="generator"/>
  <node id="966" lat="43.1435187038" lon="-95.1462863695" version="1" timestamp="2026-09-02T12:00:00Z" changeset="1" uid="1" user="generator"/>
  <node id="967" lat="43.1435185958" lon="-95.1462850003" version="1" timestamp="2026-09-02T12:00:00Z" changeset="1" uid="1" user="generator"/>
  <node id="968" lat="43.1435185958" lon="-95.1462849880" version="1" timestamp="2026-09-02T12:00:00Z" changeset="1" uid="1" user="generator"/>
  <node id="969" lat="43.1435185868" lon="-95.1462848523" version="1" timestamp="2026-09-02T12:00:00Z" changeset="1" uid="1" user="generator"/>
  <node id="970" lat="43.1435185868" lon="-95.1462848400" version="1" timestamp="2026-09-02T12:00:00Z" changeset="1" uid="1" user="generator"/>
  <node id="971" lat="43.1435101898" lon="-95.1461698138" version="1" timestamp="2026-09-02T12:00:00Z" changeset="1" uid="1" user="generator"/>
  <node id="972" lat="43.1435101898" lon="-95.1461698014" version="1" timestamp="2026-09-02T12:00:00Z" changeset="1" uid="1" user="generator"/>
  <node id="973" lat="43.1435101898" lon="-95.1461697644" version="1" timestamp="2026-09-02T12:00:00Z" changeset="1" uid="1" user="generator"/>
  <node id="974" lat="43.1435100818" lon="-95.1461684569" version="1" timestamp="2026-09-02T12:00:00Z" changeset="1" uid="1" user="generator"/>
  <node id="975" lat="43.1435100728" lon="-95.1461683705" version="1" timestamp="2026-09-02T12:00:00Z" changeset="1" uid="1" user="generator"/>
  <node id="976" lat="43.1435099558" lon="-95.1461671740" version="1" timestamp="2026-09-02T12:00:00Z" changeset="1" uid="1" user="generator"/>
  <node id="977" lat="43.1435099378" lon="-95.1461670877" version="1" timestamp="2026-09-02T12:00:00Z" changeset="1" uid="1" user="generator"/>
  <node id="978" lat="43.1435097938" lon="-95.1461659035" version="1" timestamp="2026-09-02T12:00:00Z" changeset="1" uid="1" user="generator"/>
  <node id="979" lat="43.1435097848" lon="-95.1461658172" version="1" timestamp="2026-09-02T12:00:00Z" changeset="1" uid="1" user="generator"/>
  <node id="980" lat="43.1435096138" lon="-95.1461646453" version="1" timestamp="2026-09-02T12:00:00Z" changeset="1" uid="1" user="generator"/>
  <node id="981" lat="43.1435096048" lon="-95.1461645590" version="1" timestamp="2026-09-02T12:00:00Z" changeset="1" uid="1" user="generator"/>
  <node id="982" lat="43.1435094158" lon="-95.1461633748" version="1" timestamp="2026-09-02T12:00:00Z" changeset="1" uid="1" user="generator"/>
  <node id="983" lat="43.1435093978" lon="-95.1461632884" version="1" timestamp="2026-09-02T12:00:00Z" changeset="1" uid="1" user="generator"/>
  <node id="984" lat="43.1435092178" lon="-95.1461622893" version="1" timestamp="2026-09-02T12:00:00Z" changeset="1" uid="1" user="generator"/>
  <node id="985" lat="43.1435091818" lon="-95.1461621166" version="1" timestamp="2026-09-02T12:00:00Z" changeset="1" uid="1" user="generator"/>
  <node id="986" lat="43.1435091728" lon="-95.1461620302" version="1" timestamp="2026-09-02T12:00:00Z" changeset="1" uid="1" user="generator"/>
  <node id="987" lat="43.1435089298" lon="-95.1461608707" version="1" timestamp="2026-09-02T12:00:00Z" changeset="1" uid="1" user="generator"/>
  <node id="988" lat="43.1435089118" lon="-95.1461607844" version="1" timestamp="2026-09-02T12:00:00Z" changeset="1" uid="1" user="generator"/>
  <node id="989" lat="43.1435087768" lon="-95.1461601676" version="1" timestamp="2026-09-02T12:00:00Z" changeset="1" uid="1" user="generator"/>
  <node id="990" lat="43.1435086328" lon="-95.1461595138" version="1" timestamp="2026-09-02T12:00:00Z" changeset="1" uid="1" user="generator"/>
  <node id="991" lat="43.1435086238" lon="-95.1461594645" version="1" timestamp="2026-09-02T12:00:00Z" changeset="1" uid="1" user="generator"/>
  <node id="992" lat="43.1434577738" lon="-95.1459142274" version="1" timestamp="2026-09-02T12:00:00Z" changeset="1" uid="1" user="generator"/>
  <node id="993" lat="43.1434211257" lon="-95.1455139609" version="1" timestamp="2026-09-02T12:00:00Z" changeset="1" uid="1" user="generator"/>
  <node id="994" lat="43.1434209817" lon="-95.1455125054" version="1" timestamp="2026-09-02T12:00:00Z" changeset="1" uid="1" user="generator"/>
  <node id="995" lat="43.1433925417" lon="-95.1452649863" version="1" timestamp="2026-09-02T12:00:00Z" changeset="1" uid="1" user="generator"/>
  <node id="996" lat="43.1433783667" lon="-95.1451415968" version="1" timestamp="2026-09-02T12:00:00Z" changeset="1" uid="1" user="generator"/>
  <node id="997" lat="43.1433783577" lon="-95.1451414611" version="1" timestamp="2026-09-02T12:00:00Z" changeset="1" uid="1" user="generator"/>
  <node id="998" lat="43.1433778897" lon="-95.1451375385" version="1" timestamp="2026-09-02T12:00:00Z" changeset="1" uid="1" user="generator"/>
  <node id="999" lat="43.1433778537" lon="-95.1451372794" version="1" timestamp="2026-09-02T12:00:00Z" changeset="1" uid="1" user="generator"/>
  <node id="1000" lat="43.1433774037" lon="-95.1451337269" version="1" timestamp="2026-09-02T12:00:00Z" changeset="1" uid="1" user="generator"/>
  <node id="1001" lat="43.1433773677" lon="-95.1451334555" version="1" timestamp="2026-09-02T12:00:00Z" changeset="1" uid="1" user="generator"/>
  <node id="1002" lat="43.1433768997" lon="-95.1451299523" version="1" timestamp="2026-09-02T12:00:00Z" changeset="1" uid="1" user="generator"/>
  <node id="1003" lat="43.1433768637" lon="-95.1451296933" version="1" timestamp="2026-09-02T12:00:00Z" changeset="1" uid="1" user="generator"/>
  <node id="1004" lat="43.1433763687" lon="-95.1451262394" version="1" timestamp="2026-09-02T12:00:00Z" changeset="1" uid="1" user="generator"/>
  <node id="1005" lat="43.1433763327" lon="-95.1451259803" version="1" timestamp="2026-09-02T12:00:00Z" changeset="1" uid="1" user="generator"/>
  <node id="1006" lat="43.1433762157" lon="-95.1451251786" version="1" timestamp="2026-09-02T12:00:00Z" changeset="1" uid="1" user="generator"/>
  <node id="1007" lat="43.1433758197" lon="-95.1451225635" version="1" timestamp="2026-09-02T12:00:00Z" changeset="1" uid="1" user="generator"/>
  <node id="1008" lat="43.1433757747" lon="-95.1451223044" version="1" timestamp="2026-09-02T12:00:00Z" changeset="1" uid="1" user="generator"/>
  <node id="1009" lat="43.1433755047" lon="-95.1451206022" version="1" timestamp="2026-09-02T12:00:00Z" changeset="1" uid="1" user="generator"/>
  <node id="1010" lat="43.1433752347" lon="-95.1451189246" version="1" timestamp="2026-09-02T12:00:00Z" changeset="1" uid="1" user="generator"/>
  <node id="1011" lat="43.1433751987" lon="-95.1451186779" version="1" timestamp="2026-09-02T12:00:00Z" changeset="1" uid="1" user="generator"/>
  <node id="1012" lat="43.1433746317" lon="-95.1451153350" version="1" timestamp="2026-09-02T12:00:00Z" changeset="1" uid="1" user="generator"/>
  <node id="1013" lat="43.1433745867" lon="-95.1451151007" version="1" timestamp="2026-09-02T12:00:00Z" changeset="1" uid="1" user="generator"/>
  <node id="1014" lat="43.1433742177" lon="-95.1451130160" version="1" timestamp="2026-09-02T12:00:00Z" changeset="1" uid="1" user="generator"/>
  <node id="1015" lat="43.1433739477" lon="-95.1451114864" version="1" timestamp="2026-09-02T12:00:00Z" changeset="1" uid="1" user="generator"/>
  <node id="1016" lat="43.1433739297" lon="-95.1451113631" version="1" timestamp="2026-09-02T12:00:00Z" changeset="1" uid="1" user="generator"/>
  <node id="1017" lat="43.1433089226" lon="-95.1447546154" version="1" timestamp="2026-09-02T12:00:00Z" changeset="1" uid="1" user="generator"/>
  <node id="1018" lat="43.1433089226" lon="-95.1447545907" version="1" timestamp="2026-09-02T12:00:00Z" changeset="1" uid="1" user="generator"/>
  <node id="1019" lat="43.1433088326" lon="-95.1447540849" version="1" timestamp="2026-09-02T12:00:00Z" changeset="1" uid="1" user="generator"/>
  <node id="1020" lat="43.1433088236" lon="-95.1447540603" version="1" timestamp="2026-09-02T12:00:00Z" changeset="1" uid="1" user="generator"/>
  <node id="1021" lat="43.1433079506" lon="-95.1447491385" version="1" timestamp="2026-09-02T12:00:00Z" changeset="1" uid="1" user="generator"/>
  <node id="1022" lat="43.1433079506" lon="-95.1447491015" version="1" timestamp="2026-09-02T12:00:00Z" changeset="1" uid="1" user="generator"/>
  <node id="1023" lat="43.1433079416" lon="-95.1447490645" version="1" timestamp="2026-09-02T12:00:00Z" changeset="1" uid="1" user="generator"/>
  <node id="1024" lat="43.1433078696" lon="-95.1447486698" version="1" timestamp="2026-09-02T12:00:00Z" changeset="1" uid="1" user="generator"/>
  <node id="1025" lat="43.1433077706" lon="-95.1447480530" version="1" timestamp="2026-09-02T12:00:00Z" changeset="1" uid="1" user="generator"/>
  <node id="1026" lat="43.1433077616" lon="-95.1447480283" version="1" timestamp="2026-09-02T12:00:00Z" changeset="1" uid="1" user="generator"/>
  <node id="1027" lat="43.1433077526" lon="-95.1447479913" version="1" timestamp="2026-09-02T12:00:00Z" changeset="1" uid="1" user="generator"/>
  <node id="1028" lat="43.1433069246" lon="-95.1447430326" version="1" timestamp="2026-09-02T12:00:00Z" changeset="1" uid="1" user="generator"/>
  <node id="1029" lat="43.1433069246" lon="-95.1447429955" version="1" timestamp="2026-09-02T12:00:00Z" changeset="1" uid="1" user="generator"/>
  <node id="1030" lat="43.1433069156" lon="-95.1447429585" version="1" timestamp="2026-09-02T12:00:00Z" changeset="1" uid="1" user="generator"/>
  <node id="1031" lat="43.1433068436" lon="-95.1447425268" version="1" timestamp="2026-09-02T12:00:00Z" changeset="1" uid="1" user="generator"/>
  <node id="1032" lat="43.1433067446" lon="-95.1447419347" version="1" timestamp="2026-09-02T12:00:00Z" changeset="1" uid="1" user="generator"/>
  <node id="1033" lat="43.1433067446" lon="-95.1447418977" version="1" timestamp="2026-09-02T12:00:00Z" changeset="1" uid="1" user="generator"/>
  <node id="1034" lat="43.1433067356" lon="-95.1447418730" version="1" timestamp="2026-09-02T12:00:00Z" changeset="1" uid="1" user="generator"/>
  <node id="1035" lat="43.1433059436" lon="-95.1447368403" version="1" timestamp="2026-09-02T12:00:00Z" changeset="1" uid="1" user="generator"/>
  <node id="1036" lat="43.1433059436" lon="-95.1447368033" version="1" timestamp="2026-09-02T12:00:00Z" changeset="1" uid="1" user="generator"/>
  <node id="1037" lat="43.1433059346" lon="-95.1447367662" version="1" timestamp="2026-09-02T12:00:00Z" changeset="1" uid="1" user="generator"/>
  <node id="1038" lat="43.1433058716" lon="-95.1447363345" version="1" timestamp="2026-09-02T12:00:00Z" changeset="1" uid="1" user="generator"/>
  <node id="1039" lat="43.1433057726" lon="-95.1447357301" version="1" timestamp="2026-09-02T12:00:00Z" changeset="1" uid="1" user="generator"/>
  <node id="1040" lat="43.1433057726" lon="-95.1447356931" version="1" timestamp="2026-09-02T12:00:00Z" changeset="1" uid="1" user="generator"/>
  <node id="1041" lat="43.1433057636" lon="-95.1447356561" version="1" timestamp="2026-09-02T12:00:00Z" changeset="1" uid="1" user="generator"/>
  <node id="1042" lat="43.1433050076" lon="-95.1447305616" version="1" timestamp="2026-09-02T12:00:00Z" changeset="1" uid="1" user="generator"/>
  <node id="1043" lat="43.1433050076" lon="-95.1447305246" version="1" timestamp="2026-09-02T12:00:00Z" changeset="1" uid="1" user="generator"/>
  <node id="1044" lat="43.1433049986" lon="-95.1447304999" version="1" timestamp="2026-09-02T12:00:00Z" changeset="1" uid="1" user="generator"/>
  <node id="1045" lat="43.1433048456" lon="-95.1447294391" version="1" timestamp="2026-09-02T12:00:00Z" changeset="1" uid="1" user="generator"/>
  <node id="1046" lat="43.1433048456" lon="-95.1447294021" version="1" timestamp="2026-09-02T12:00:00Z" changeset="1" uid="1" user="generator"/>
  <node id="1047" lat="43.1433048366" lon="-95.1447293651" version="1" timestamp="2026-09-02T12:00:00Z" changeset="1" uid="1" user="generator"/>
  <node id="1048" lat="43.1433041166" lon="-95.1447242090" version="1" timestamp="2026-09-02T12:00:00Z" changeset="1" uid="1" user="generator"/>
  <node id="1049" lat="43.1433041166" lon="-95.1447241720" version="1" timestamp="2026-09-02T12:00:00Z" changeset="1" uid="1" user="generator"/>
  <node id="1050" lat="43.1433041076" lon="-95.1447241350" version="1" timestamp="2026-09-02T12:00:00Z" changeset="1" uid="1" user="generator"/>
  <node id="1051" lat="43.1433039636" lon="-95.1447230618" version="1" timestamp="2026-09-02T12:00:00Z" changeset="1" uid="1" user="generator"/>
  <node id="1052" lat="43.1433039636" lon="-95.1447230248" version="1" timestamp="2026-09-02T12:00:00Z" changeset="1" uid="1" user="generator"/>
  <node id="1053" lat="43.1433039546" lon="-95.1447229878" version="1" timestamp="2026-09-02T12:00:00Z" changeset="1" uid="1" user="generator"/>
  <node id="1054" lat="43.1433038916" lon="-95.1447224697" version="1" timestamp="2026-09-02T12:00:00Z" changeset="1" uid="1" user="generator"/>
  <node id="1055" lat="43.1433032796" lon="-95.1447177576" version="1" timestamp="2026-09-02T12:00:00Z" changeset="1" uid="1" user="generator"/>
  <node id="1056" lat="43.1433032706" lon="-95.1447177206" version="1" timestamp="2026-09-02T12:00:00Z" changeset="1" uid="1" user="generator"/>
  <node id="1057" lat="43.1433032616" lon="-95.1447176836" version="1" timestamp="2026-09-02T12:00:00Z" changeset="1" uid="1" user="generator"/>
  <node id="1058" lat="43.1433031986" lon="-95.1447171285" version="1" timestamp="2026-09-02T12:00:00Z" changeset="1" uid="1" user="generator"/>
  <node id="1059" lat="43.1433031266" lon="-95.1447166104" version="1" timestamp="2026-09-02T12:00:00Z" changeset="1" uid="1" user="generator"/>
  <node id="1060" lat="43.1433031266" lon="-95.1447165734" version="1" timestamp="2026-09-02T12:00:00Z" changeset="1" uid="1" user="generator"/>
  <node id="1061" lat="43.1433031176" lon="-95.1447165364" version="1" timestamp="2026-09-02T12:00:00Z" changeset="1" uid="1" user="generator"/>
  <node id="1062" lat="43.1433029466" lon="-95.1447150809" version="1" timestamp="2026-09-02T12:00:00Z" changeset="1" uid="1" user="generator"/>
  <node id="1063" lat="43.1433024786" lon="-95.1447112323" version="1" timestamp="2026-09-02T12:00:00Z" changeset="1" uid="1" user="generator"/>
  <node id="1064" lat="43.1433024696" lon="-95.1447111953" version="1" timestamp="2026-09-02T12:00:00Z" changeset="1" uid="1" user="generator"/>
  <node id="1065" lat="43.1433024696" lon="-95.1447111583" version="1" timestamp="2026-09-02T12:00:00Z" changeset="1" uid="1" user="generator"/>
  <node id="1066" lat="43.1433023436" lon="-95.1447100728" version="1" timestamp="2026-09-02T12:00:00Z" changeset="1" uid="1" user="generator"/>
  <node id="1067" lat="43.1433023346" lon="-95.1447100358" version="1" timestamp="2026-09-02T12:00:00Z" changeset="1" uid="1" user="generator"/>
  <node id="1068" lat="43.1433023346" lon="-95.1447099988" version="1" timestamp="2026-09-02T12:00:00Z" changeset="1" uid="1" user="generator"/>
  <node id="1069" lat="43.1433017226" lon="-95.1447046329" version="1" timestamp="2026-09-02T12:00:00Z" changeset="1" uid="1" user="generator"/>
  <node id="1070" lat="43.1433017226" lon="-95.1447045959" version="1" timestamp="2026-09-02T12:00:00Z" changeset="1" uid="1" user="generator"/>
  <node id="1071" lat="43.1433016596" lon="-95.1447040532" version="1" timestamp="2026-09-02T12:00:00Z" changeset="1" uid="1" user="generator"/>
  <node id="1072" lat="43.1433016596" lon="-95.1447040162" version="1" timestamp="2026-09-02T12:00:00Z" changeset="1" uid="1" user="generator"/>
  <node id="1073" lat="43.1431750925" lon="-95.1435418507" version="1" timestamp="2026-09-02T12:00:00Z" changeset="1" uid="1" user="generator"/>
  <node id="1074" lat="43.1431750745" lon="-95.1435417273" version="1" timestamp="2026-09-02T12:00:00Z" changeset="1" uid="1" user="generator"/>
  <node id="1075" lat="43.1431750655" lon="-95.1435416040" version="1" timestamp="2026-09-02T12:00:00Z" changeset="1" uid="1" user="generator"/>
  <node id="1076" lat="43.1431747055" lon="-95.1435378664" version="1" timestamp="2026-09-02T12:00:00Z" changeset="1" uid="1" user="generator"/>
  <node id="1077" lat="43.1431746965" lon="-95.1435377431" version="1" timestamp="2026-09-02T12:00:00Z" changeset="1" uid="1" user="generator"/>
  <node id="1078" lat="43.1431746875" lon="-95.1435376197" version="1" timestamp="2026-09-02T12:00:00Z" changeset="1" uid="1" user="generator"/>
  <node id="1079" lat="43.1431571285" lon="-95.1433237388" version="1" timestamp="2026-09-02T12:00:00Z" changeset="1" uid="1" user="generator"/>
  <node id="1080" lat="43.1431441775" lon="-95.1431660820" version="1" timestamp="2026-09-02T12:00:00Z" changeset="1" uid="1" user="generator"/>
  <node id="1081" lat="43.1431441775" lon="-95.1431660450" version="1" timestamp="2026-09-02T12:00:00Z" changeset="1" uid="1" user="generator"/>
  <node id="1082" lat="43.1431441325" lon="-95.1431654653" version="1" timestamp="2026-09-02T12:00:00Z" changeset="1" uid="1" user="generator"/>
  <node id="1083" lat="43.1431441325" lon="-95.1431654282" version="1" timestamp="2026-09-02T12:00:00Z" changeset="1" uid="1" user="generator"/>
  <node id="1084" lat="43.1431436825" lon="-95.1431596924" version="1" timestamp="2026-09-02T12:00:00Z" changeset="1" uid="1" user="generator"/>
  <node id="1085" lat="43.1431436735" lon="-95.1431596553" version="1" timestamp="2026-09-02T12:00:00Z" changeset="1" uid="1" user="generator"/>
  <node id="1086" lat="43.1431436735" lon="-95.1431596183" version="1" timestamp="2026-09-02T12:00:00Z" changeset="1" uid="1" user="generator"/>
  <node id="1087" lat="43.1431435925" lon="-95.1431584588" version="1" timestamp="2026-09-02T12:00:00Z" changeset="1" uid="1" user="generator"/>
  <node id="1088" lat="43.1431435835" lon="-95.1431584095" version="1" timestamp="2026-09-02T12:00:00Z" changeset="1" uid="1" user="generator"/>
  <node id="1089" lat="43.1431435835" lon="-95.1431583725" version="1" timestamp="2026-09-02T12:00:00Z" changeset="1" uid="1" user="generator"/>
  <node id="1090" lat="43.1431431785" lon="-95.1431526489" version="1" timestamp="2026-09-02T12:00:00Z" changeset="1" uid="1" user="generator"/>
  <node id="1091" lat="43.1431431785" lon="-95.1431526119" version="1" timestamp="2026-09-02T12:00:00Z" changeset="1" uid="1" user="generator"/>
  <node id="1092" lat="43.1431431785" lon="-95.1431525749" version="1" timestamp="2026-09-02T12:00:00Z" changeset="1" uid="1" user="generator"/>
  <node id="1093" lat="43.1431430975" lon="-95.1431513907" version="1" timestamp="2026-09-02T12:00:00Z" changeset="1" uid="1" user="generator"/>
  <node id="1094" lat="43.1431430975" lon="-95.1431513537" version="1" timestamp="2026-09-02T12:00:00Z" changeset="1" uid="1" user="generator"/>
  <node id="1095" lat="43.1431430885" lon="-95.1431513167" version="1" timestamp="2026-09-02T12:00:00Z" changeset="1" uid="1" user="generator"/>
  <node id="1096" lat="43.1431429355" lon="-95.1431488497" version="1" timestamp="2026-09-02T12:00:00Z" changeset="1" uid="1" user="generator"/>
  <node id="1097" lat="43.1431427285" lon="-95.1431455685" version="1" timestamp="2026-09-02T12:00:00Z" changeset="1" uid="1" user="generator"/>
  <node id="1098" lat="43.1431427285" lon="-95.1431455315" version="1" timestamp="2026-09-02T12:00:00Z" changeset="1" uid="1" user="generator"/>
  <node id="1099" lat="43.1431427285" lon="-95.1431454945" version="1" timestamp="2026-09-02T12:00:00Z" changeset="1" uid="1" user="generator"/>
  <node id="1100" lat="43.1431426565" lon="-95.1431442980" version="1" timestamp="2026-09-02T12:00:00Z" changeset="1" uid="1" user="generator"/>
  <node id="1101" lat="43.1431426565" lon="-95.1431442610" version="1" timestamp="2026-09-02T12:00:00Z" changeset="1" uid="1" user="generator"/>
  <node id="1102" lat="43.1431426565" lon="-95.1431442240" version="1" timestamp="2026-09-02T12:00:00Z" changeset="1" uid="1" user="generator"/>
  <node id="1103" lat="43.1431426295" lon="-95.1431437429" version="1" timestamp="2026-09-02T12:00:00Z" changeset="1" uid="1" user="generator"/>
  <node id="1104" lat="43.1431423414" lon="-95.1431384511" version="1" timestamp="2026-09-02T12:00:00Z" changeset="1" uid="1" user="generator"/>
  <node id="1105" lat="43.1431423324" lon="-95.1431384017" version="1" timestamp="2026-09-02T12:00:00Z" changeset="1" uid="1" user="generator"/>
  <node id="1106" lat="43.1431423324" lon="-95.1431383647" version="1" timestamp="2026-09-02T12:00:00Z" changeset="1" uid="1" user="generator"/>
  <node id="1107" lat="43.1431422784" lon="-95.1431372915" version="1" timestamp="2026-09-02T12:00:00Z" changeset="1" uid="1" user="generator"/>
  <node id="1108" lat="43.1431422694" lon="-95.1431371682" version="1" timestamp="2026-09-02T12:00:00Z" changeset="1" uid="1" user="generator"/>
  <node id="1109" lat="43.1431422694" lon="-95.1431371312" version="1" timestamp="2026-09-02T12:00:00Z" changeset="1" uid="1" user="generator"/>
  <node id="1110" lat="43.1431422694" lon="-95.1431370942" version="1" timestamp="2026-09-02T12:00:00Z" changeset="1" uid="1" user="generator"/>
  <node id="1111" lat="43.1431419994" lon="-95.1431312843" version="1" timestamp="2026-09-02T12:00:00Z" changeset="1" uid="1" user="generator"/>
  <node id="1112" lat="43.1431419904" lon="-95.1431312473" version="1" timestamp="2026-09-02T12:00:00Z" changeset="1" uid="1" user="generator"/>
  <node id="1113" lat="43.1431419904" lon="-95.1431312103" version="1" timestamp="2026-09-02T12:00:00Z" changeset="1" uid="1" user="generator"/>
  <node id="1114" lat="43.1431419724" lon="-95.1431306675" version="1" timestamp="2026-09-02T12:00:00Z" changeset="1" uid="1" user="generator"/>
  <node id="1115" lat="43.1431419364" lon="-95.1431300137" version="1" timestamp="2026-09-02T12:00:00Z" changeset="1" uid="1" user="generator"/>
  <node id="1116" lat="43.1431419364" lon="-95.1431299644" version="1" timestamp="2026-09-02T12:00:00Z" changeset="1" uid="1" user="generator"/>
  <node id="1117" lat="43.1431419364" lon="-95.1431299274" version="1" timestamp="2026-09-02T12:00:00Z" changeset="1" uid="1" user="generator"/>
  <node id="1118" lat="43.1431418734" lon="-95.1431284348" version="1" timestamp="2026-09-02T12:00:00Z" changeset="1" uid="1" user="generator"/>
  <node id="1119" lat="43.1431417024" lon="-95.1431240928" version="1" timestamp="2026-09-02T12:00:00Z" changeset="1" uid="1" user="generator"/>
  <node id="1120" lat="43.1431417024" lon="-95.1431240558" version="1" timestamp="2026-09-02T12:00:00Z" changeset="1" uid="1" user="generator"/>
  <node id="1121" lat="43.1431417024" lon="-95.1431240188" version="1" timestamp="2026-09-02T12:00:00Z" changeset="1" uid="1" user="generator"/>
  <node id="1122" lat="43.1431416844" lon="-95.1431234021" version="1" timestamp="2026-09-02T12:00:00Z" changeset="1" uid="1" user="generator"/>
  <node id="1123" lat="43.1431416574" lon="-95.1431228223" version="1" timestamp="2026-09-02T12:00:00Z" changeset="1" uid="1" user="generator"/>
  <node id="1124" lat="43.1431416574" lon="-95.1431227730" version="1" timestamp="2026-09-02T12:00:00Z" changeset="1" uid="1" user="generator"/>
  <node id="1125" lat="43.1431416574" lon="-95.1431227359" version="1" timestamp="2026-09-02T12:00:00Z" changeset="1" uid="1" user="generator"/>
  <node id="1126" lat="43.1431415134" lon="-95.1431183323" version="1" timestamp="2026-09-02T12:00:00Z" changeset="1" uid="1" user="generator"/>
  <node id="1127" lat="43.1431414684" lon="-95.1431168767" version="1" timestamp="2026-09-02T12:00:00Z" changeset="1" uid="1" user="generator"/>
  <node id="1128" lat="43.1431414684" lon="-95.1431168397" version="1" timestamp="2026-09-02T12:00:00Z" changeset="1" uid="1" user="generator"/>
  <node id="1129" lat="43.1431414684" lon="-95.1431168027" version="1" timestamp="2026-09-02T12:00:00Z" changeset="1" uid="1" user="generator"/>
  <node id="1130" lat="43.1431414414" lon="-95.1431160256" version="1" timestamp="2026-09-02T12:00:00Z" changeset="1" uid="1" user="generator"/>
  <node id="1131" lat="43.1431414324" lon="-95.1431155938" version="1" timestamp="2026-09-02T12:00:00Z" changeset="1" uid="1" user="generator"/>
  <node id="1132" lat="43.1431414324" lon="-95.1431155568" version="1" timestamp="2026-09-02T12:00:00Z" changeset="1" uid="1" user="generator"/>
  <node id="1133" lat="43.1431414324" lon="-95.1431155198" version="1" timestamp="2026-09-02T12:00:00Z" changeset="1" uid="1" user="generator"/>
  <node id="1134" lat="43.1431413604" lon="-95.1431126704" version="1" timestamp="2026-09-02T12:00:00Z" changeset="1" uid="1" user="generator"/>
  <node id="1135" lat="43.1431412884" lon="-95.1431096236" version="1" timestamp="2026-09-02T12:00:00Z" changeset="1" uid="1" user="generator"/>
  <node id="1136" lat="43.1431412884" lon="-95.1431095866" version="1" timestamp="2026-09-02T12:00:00Z" changeset="1" uid="1" user="generator"/>
  <node id="1137" lat="43.1431412704" lon="-95.1431089821" version="1" timestamp="2026-09-02T12:00:00Z" changeset="1" uid="1" user="generator"/>
  <node id="1138" lat="43.1431412704" lon="-95.1431089451" version="1" timestamp="2026-09-02T12:00:00Z" changeset="1" uid="1" user="generator"/>
  <node id="1139" lat="43.1431253584" lon="-95.1423469845" version="1" timestamp="2026-09-02T12:00:00Z" changeset="1" uid="1" user="generator"/>
  <node id="1140" lat="43.1431253494" lon="-95.1423469845" version="1" timestamp="2026-09-02T12:00:00Z" changeset="1" uid="1" user="generator"/>
  <node id="1141" lat="43.1431253044" lon="-95.1423455906" version="1" timestamp="2026-09-02T12:00:00Z" changeset="1" uid="1" user="generator"/>
  <node id="1142" lat="43.1430898264" lon="-95.1418518599" version="1" timestamp="2026-09-02T12:00:00Z" changeset="1" uid="1" user="generator"/>
  <node id="1143" lat="43.1430841744" lon="-95.1418132629" version="1" timestamp="2026-09-02T12:00:00Z" changeset="1" uid="1" user="generator"/>
  <node id="1144" lat="43.1430841654" lon="-95.1418132506" version="1" timestamp="2026-09-02T12:00:00Z" changeset="1" uid="1" user="generator"/>
  <node id="1145" lat="43.1430841384" lon="-95.1418130779" version="1" timestamp="2026-09-02T12:00:00Z" changeset="1" uid="1" user="generator"/>
  <node id="1146" lat="43.1430841384" lon="-95.1418130656" version="1" timestamp="2026-09-02T12:00:00Z" changeset="1" uid="1" user="generator"/>
  <node id="1147" lat="43.1430838774" lon="-95.1418112893" version="1" timestamp="2026-09-02T12:00:00Z" changeset="1" uid="1" user="generator"/>
  <node id="1148" lat="43.1430838774" lon="-95.1418112770" version="1" timestamp="2026-09-02T12:00:00Z" changeset="1" uid="1" user="generator"/>
  <node id="1149" lat="43.1430838774" lon="-95.1418112646" version="1" timestamp="2026-09-02T12:00:00Z" changeset="1" uid="1" user="generator"/>
  <node id="1150" lat="43.1430838234" lon="-95.1418109069" version="1" timestamp="2026-09-02T12:00:00Z" changeset="1" uid="1" user="generator"/>
  <node id="1151" lat="43.1430838234" lon="-95.1418108946" version="1" timestamp="2026-09-02T12:00:00Z" changeset="1" uid="1" user="generator"/>
  <node id="1152" lat="43.1430838234" lon="-95.1418108822" version="1" timestamp="2026-09-02T12:00:00Z" changeset="1" uid="1" user="generator"/>
  <node id="1153" lat="43.1430835984" lon="-95.1418091306" version="1" timestamp="2026-09-02T12:00:00Z" changeset="1" uid="1" user="generator"/>
  <node id="1154" lat="43.1430835894" lon="-95.1418091183" version="1" timestamp="2026-09-02T12:00:00Z" changeset="1" uid="1" user="generator"/>
  <node id="1155" lat="43.1430835894" lon="-95.1418091060" version="1" timestamp="2026-09-02T12:00:00Z" changeset="1" uid="1" user="generator"/>
  <node id="1156" lat="43.1430835534" lon="-95.1418087482" version="1" timestamp="2026-09-02T12:00:00Z" changeset="1" uid="1" user="generator"/>
  <node id="1157" lat="43.1430835444" lon="-95.1418087359" version="1" timestamp="2026-09-02T12:00:00Z" changeset="1" uid="1" user="generator"/>
  <node id="1158" lat="43.1430835444" lon="-95.1418087236" version="1" timestamp="2026-09-02T12:00:00Z" changeset="1" uid="1" user="generator"/>
  <node id="1159" lat="43.1430834724" lon="-95.1418080451" version="1" timestamp="2026-09-02T12:00:00Z" changeset="1" uid="1" user="generator"/>
  <node id="1160" lat="43.1430833554" lon="-95.1418069720" version="1" timestamp="2026-09-02T12:00:00Z" changeset="1" uid="1" user="generator"/>
  <node id="1161" lat="43.1430833554" lon="-95.1418069596" version="1" timestamp="2026-09-02T12:00:00Z" changeset="1" uid="1" user="generator"/>
  <node id="1162" lat="43.1430833554" lon="-95.1418069473" version="1" timestamp="2026-09-02T12:00:00Z" changeset="1" uid="1" user="generator"/>
  <node id="1163" lat="43.1430833194" lon="-95.1418065896" version="1" timestamp="2026-09-02T12:00:00Z" changeset="1" uid="1" user="generator"/>
  <node id="1164" lat="43.1430833104" lon="-95.1418065772" version="1" timestamp="2026-09-02T12:00:00Z" changeset="1" uid="1" user="generator"/>
  <node id="1165" lat="43.1430833104" lon="-95.1418065649" version="1" timestamp="2026-09-02T12:00:00Z" changeset="1" uid="1" user="generator"/>
  <node id="1166" lat="43.1430832474" lon="-95.1418058248" version="1" timestamp="2026-09-02T12:00:00Z" changeset="1" uid="1" user="generator"/>
  <node id="1167" lat="43.1430831574" lon="-95.1418048256" version="1" timestamp="2026-09-02T12:00:00Z" changeset="1" uid="1" user="generator"/>
  <node id="1168" lat="43.1430831574" lon="-95.1418048133" version="1" timestamp="2026-09-02T12:00:00Z" changeset="1" uid="1" user="generator"/>
  <node id="1169" lat="43.1430831574" lon="-95.1418048010" version="1" timestamp="2026-09-02T12:00:00Z" changeset="1" uid="1" user="generator"/>
  <node id="1170" lat="43.1430831214" lon="-95.1418044432" version="1" timestamp="2026-09-02T12:00:00Z" changeset="1" uid="1" user="generator"/>
  <node id="1171" lat="43.1430831214" lon="-95.1418044309" version="1" timestamp="2026-09-02T12:00:00Z" changeset="1" uid="1" user="generator"/>
  <node id="1172" lat="43.1430831214" lon="-95.1418044186" version="1" timestamp="2026-09-02T12:00:00Z" changeset="1" uid="1" user="generator"/>
  <node id="1173" lat="43.1430830404" lon="-95.1418032221" version="1" timestamp="2026-09-02T12:00:00Z" changeset="1" uid="1" user="generator"/>
  <node id="1174" lat="43.1430829954" lon="-95.1418026793" version="1" timestamp="2026-09-02T12:00:00Z" changeset="1" uid="1" user="generator"/>
  <node id="1175" lat="43.1430829954" lon="-95.1418026670" version="1" timestamp="2026-09-02T12:00:00Z" changeset="1" uid="1" user="generator"/>
  <node id="1176" lat="43.1430829954" lon="-95.1418026546" version="1" timestamp="2026-09-02T12:00:00Z" changeset="1" uid="1" user="generator"/>
  <node id="1177" lat="43.1430829864" lon="-95.1418024943" version="1" timestamp="2026-09-02T12:00:00Z" changeset="1" uid="1" user="generator"/>
  <node id="1178" lat="43.1430829774" lon="-95.1418022969" version="1" timestamp="2026-09-02T12:00:00Z" changeset="1" uid="1" user="generator"/>
  <node id="1179" lat="43.1430829774" lon="-95.1418022846" version="1" timestamp="2026-09-02T12:00:00Z" changeset="1" uid="1" user="generator"/>
  <node id="1180" lat="43.1430829774" lon="-95.1418022722" version="1" timestamp="2026-09-02T12:00:00Z" changeset="1" uid="1" user="generator"/>
  <node id="1181" lat="43.1430828874" lon="-95.1418005453" version="1" timestamp="2026-09-02T12:00:00Z" changeset="1" uid="1" user="generator"/>
  <node id="1182" lat="43.1430828874" lon="-95.1418005330" version="1" timestamp="2026-09-02T12:00:00Z" changeset="1" uid="1" user="generator"/>
  <node id="1183" lat="43.1430828874" lon="-95.1418005206" version="1" timestamp="2026-09-02T12:00:00Z" changeset="1" uid="1" user="generator"/>
  <node id="1184" lat="43.1430828694" lon="-95.1418001629" version="1" timestamp="2026-09-02T12:00:00Z" changeset="1" uid="1" user="generator"/>
  <node id="1185" lat="43.1430828694" lon="-95.1418001506" version="1" timestamp="2026-09-02T12:00:00Z" changeset="1" uid="1" user="generator"/>
  <node id="1186" lat="43.1430828694" lon="-95.1418001382" version="1" timestamp="2026-09-02T12:00:00Z" changeset="1" uid="1" user="generator"/>
  <node id="1187" lat="43.1430828154" lon="-95.1417984113" version="1" timestamp="2026-09-02T12:00:00Z" changeset="1" uid="1" user="generator"/>
  <node id="1188" lat="43.1430828154" lon="-95.1417983990" version="1" timestamp="2026-09-02T12:00:00Z" changeset="1" uid="1" user="generator"/>
  <node id="1189" lat="43.1430828154" lon="-95.1417983866" version="1" timestamp="2026-09-02T12:00:00Z" changeset="1" uid="1" user="generator"/>
  <node id="1190" lat="43.1430828064" lon="-95.1417980289" version="1" timestamp="2026-09-02T12:00:00Z" changeset="1" uid="1" user="generator"/>
  <node id="1191" lat="43.1430828064" lon="-95.1417980166" version="1" timestamp="2026-09-02T12:00:00Z" changeset="1" uid="1" user="generator"/>
  <node id="1192" lat="43.1430828064" lon="-95.1417979302" version="1" timestamp="2026-09-02T12:00:00Z" changeset="1" uid="1" user="generator"/>
  <node id="1193" lat="43.1430827884" lon="-95.1417962773" version="1" timestamp="2026-09-02T12:00:00Z" changeset="1" uid="1" user="generator"/>
  <node id="1194" lat="43.1430827794" lon="-95.1417960923" version="1" timestamp="2026-09-02T12:00:00Z" changeset="1" uid="1" user="generator"/>
  <node id="1195" lat="43.1430827794" lon="-95.1417960799" version="1" timestamp="2026-09-02T12:00:00Z" changeset="1" uid="1" user="generator"/>
  <node id="1196" lat="43.1430820324" lon="-95.1414286129" version="1" timestamp="2026-09-02T12:00:00Z" changeset="1" uid="1" user="generator"/>
  <node id="1197" lat="43.1430820324" lon="-95.1414286005" version="1" timestamp="2026-09-02T12:00:00Z" changeset="1" uid="1" user="generator"/>
  <node id="1198" lat="43.1430820324" lon="-95.1414284155" version="1" timestamp="2026-09-02T12:00:00Z" changeset="1" uid="1" user="generator"/>
  <node id="1199" lat="43.1430820324" lon="-95.1414284032" version="1" timestamp="2026-09-02T12:00:00Z" changeset="1" uid="1" user="generator"/>
  <node id="1200" lat="43.1430820504" lon="-95.1414265529" version="1" timestamp="2026-09-02T12:00:00Z" changeset="1" uid="1" user="generator"/>
  <node id="1201" lat="43.1430820504" lon="-95.1414265406" version="1" timestamp="2026-09-02T12:00:00Z" changeset="1" uid="1" user="generator"/>
  <node id="1202" lat="43.1430820504" lon="-95.1414265282" version="1" timestamp="2026-09-02T12:00:00Z" changeset="1" uid="1" user="generator"/>
  <node id="1203" lat="43.1430820594" lon="-95.1414261582" version="1" timestamp="2026-09-02T12:00:00Z" changeset="1" uid="1" user="generator"/>
  <node id="1204" lat="43.1430820594" lon="-95.1414261458" version="1" timestamp="2026-09-02T12:00:00Z" changeset="1" uid="1" user="generator"/>
  <node id="1205" lat="43.1430820594" lon="-95.1414261335" version="1" timestamp="2026-09-02T12:00:00Z" changeset="1" uid="1" user="generator"/>
  <node id="1206" lat="43.1430821134" lon="-95.1414243079" version="1" timestamp="2026-09-02T12:00:00Z" changeset="1" uid="1" user="generator"/>
  <node id="1207" lat="43.1430821224" lon="-95.1414242955" version="1" timestamp="2026-09-02T12:00:00Z" changeset="1" uid="1" user="generator"/>
  <node id="1208" lat="43.1430821224" lon="-95.1414242832" version="1" timestamp="2026-09-02T12:00:00Z" changeset="1" uid="1" user="generator"/>
  <node id="1209" lat="43.1430821314" lon="-95.1414240118" version="1" timestamp="2026-09-02T12:00:00Z" changeset="1" uid="1" user="generator"/>
  <node id="1210" lat="43.1430821314" lon="-95.1414239132" version="1" timestamp="2026-09-02T12:00:00Z" changeset="1" uid="1" user="generator"/>
  <node id="1211" lat="43.1430821314" lon="-95.1414239008" version="1" timestamp="2026-09-02T12:00:00Z" changeset="1" uid="1" user="generator"/>
  <node id="1212" lat="43.1430821314" lon="-95.1414238885" version="1" timestamp="2026-09-02T12:00:00Z" changeset="1" uid="1" user="generator"/>
  <node id="1213" lat="43.1430822304" lon="-95.1414220629" version="1" timestamp="2026-09-02T12:00:00Z" changeset="1" uid="1" user="generator"/>
  <node id="1214" lat="43.1430822304" lon="-95.1414220505" version="1" timestamp="2026-09-02T12:00:00Z" changeset="1" uid="1" user="generator"/>
  <node id="1215" lat="43.1430822304" lon="-95.1414220382" version="1" timestamp="2026-09-02T12:00:00Z" changeset="1" uid="1" user="generator"/>
  <node id="1216" lat="43.1430822574" lon="-95.1414216681" version="1" timestamp="2026-09-02T12:00:00Z" changeset="1" uid="1" user="generator"/>
  <node id="1217" lat="43.1430822574" lon="-95.1414216558" version="1" timestamp="2026-09-02T12:00:00Z" changeset="1" uid="1" user="generator"/>
  <node id="1218" lat="43.1430822574" lon="-95.1414216435" version="1" timestamp="2026-09-02T12:00:00Z" changeset="1" uid="1" user="generator"/>
  <node id="1219" lat="43.1430823924" lon="-95.1414198302" version="1" timestamp="2026-09-02T12:00:00Z" changeset="1" uid="1" user="generator"/>
  <node id="1220" lat="43.1430823924" lon="-95.1414198179" version="1" timestamp="2026-09-02T12:00:00Z" changeset="1" uid="1" user="generator"/>
  <node id="1221" lat="43.1430824014" lon="-95.1414198055" version="1" timestamp="2026-09-02T12:00:00Z" changeset="1" uid="1" user="generator"/>
  <node id="1222" lat="43.1430824284" lon="-95.1414194231" version="1" timestamp="2026-09-02T12:00:00Z" changeset="1" uid="1" user="generator"/>
  <node id="1223" lat="43.1430824284" lon="-95.1414194108" version="1" timestamp="2026-09-02T12:00:00Z" changeset="1" uid="1" user="generator"/>
  <node id="1224" lat="43.1430824284" lon="-95.1414193985" version="1" timestamp="2026-09-02T12:00:00Z" changeset="1" uid="1" user="generator"/>
  <node id="1225" lat="43.1430826084" lon="-95.1414175852" version="1" timestamp="2026-09-02T12:00:00Z" changeset="1" uid="1" user="generator"/>
  <node id="1226" lat="43.1430826084" lon="-95.1414175728" version="1" timestamp="2026-09-02T12:00:00Z" changeset="1" uid="1" user="generator"/>
  <node id="1227" lat="43.1430826084" lon="-95.1414175605" version="1" timestamp="2026-09-02T12:00:00Z" changeset="1" uid="1" user="generator"/>
  <node id="1228" lat="43.1430826534" lon="-95.1414171904" version="1" timestamp="2026-09-02T12:00:00Z" changeset="1" uid="1" user="generator"/>
  <node id="1229" lat="43.1430826534" lon="-95.1414171781" version="1" timestamp="2026-09-02T12:00:00Z" changeset="1" uid="1" user="generator"/>
  <node id="1230" lat="43.1430826534" lon="-95.1414171658" version="1" timestamp="2026-09-02T12:00:00Z" changeset="1" uid="1" user="generator"/>
  <node id="1231" lat="43.1430828154" lon="-95.1414158089" version="1" timestamp="2026-09-02T12:00:00Z" changeset="1" uid="1" user="generator"/>
  <node id="1232" lat="43.1430828694" lon="-95.1414153648" version="1" timestamp="2026-09-02T12:00:00Z" changeset="1" uid="1" user="generator"/>
  <node id="1233" lat="43.1430828694" lon="-95.1414153525" version="1" timestamp="2026-09-02T12:00:00Z" changeset="1" uid="1" user="generator"/>
  <node id="1234" lat="43.1430828694" lon="-95.1414153402" version="1" timestamp="2026-09-02T12:00:00Z" changeset="1" uid="1" user="generator"/>
  <node id="1235" lat="43.1430828874" lon="-95.1414152538" version="1" timestamp="2026-09-02T12:00:00Z" changeset="1" uid="1" user="generator"/>
  <node id="1236" lat="43.1430829234" lon="-95.1414149701" version="1" timestamp="2026-09-02T12:00:00Z" changeset="1" uid="1" user="generator"/>
  <node id="1237" lat="43.1430829234" lon="-95.1414149578" version="1" timestamp="2026-09-02T12:00:00Z" changeset="1" uid="1" user="generator"/>
  <node id="1238" lat="43.1430829234" lon="-95.1414149454" version="1" timestamp="2026-09-02T12:00:00Z" changeset="1" uid="1" user="generator"/>
  <node id="1239" lat="43.1430829954" lon="-95.1414144273" version="1" timestamp="2026-09-02T12:00:00Z" changeset="1" uid="1" user="generator"/>
  <node id="1240" lat="43.1430831844" lon="-95.1414131445" version="1" timestamp="2026-09-02T12:00:00Z" changeset="1" uid="1" user="generator"/>
  <node id="1241" lat="43.1430831844" lon="-95.1414131321" version="1" timestamp="2026-09-02T12:00:00Z" changeset="1" uid="1" user="generator"/>
  <node id="1242" lat="43.1430831844" lon="-95.1414131198" version="1" timestamp="2026-09-02T12:00:00Z" changeset="1" uid="1" user="generator"/>
  <node id="1243" lat="43.1430832294" lon="-95.1414128238" version="1" timestamp="2026-09-02T12:00:00Z" changeset="1" uid="1" user="generator"/>
  <node id="1244" lat="43.1430832384" lon="-95.1414127498" version="1" timestamp="2026-09-02T12:00:00Z" changeset="1" uid="1" user="generator"/>
  <node id="1245" lat="43.1430832474" lon="-95.1414127374" version="1" timestamp="2026-09-02T12:00:00Z" changeset="1" uid="1" user="generator"/>
  <node id="1246" lat="43.1430832474" lon="-95.1414127251" version="1" timestamp="2026-09-02T12:00:00Z" changeset="1" uid="1" user="generator"/>
  <node id="1247" lat="43.1430833374" lon="-95.1414121577" version="1" timestamp="2026-09-02T12:00:00Z" changeset="1" uid="1" user="generator"/>
  <node id="1248" lat="43.1430835444" lon="-95.1414109241" version="1" timestamp="2026-09-02T12:00:00Z" changeset="1" uid="1" user="generator"/>
  <node id="1249" lat="43.1430835444" lon="-95.1414109118" version="1" timestamp="2026-09-02T12:00:00Z" changeset="1" uid="1" user="generator"/>
  <node id="1250" lat="43.1430835714" lon="-95.1414107268" version="1" timestamp="2026-09-02T12:00:00Z" changeset="1" uid="1" user="generator"/>
  <node id="1251" lat="43.1430835804" lon="-95.1414107144" version="1" timestamp="2026-09-02T12:00:00Z" changeset="1" uid="1" user="generator"/>
  <node id="1252" lat="43.1431044784" lon="-95.1412921234" version="1" timestamp="2026-09-02T12:00:00Z" changeset="1" uid="1" user="generator"/>
  <node id="1253" lat="43.1431045414" lon="-95.1412915806" version="1" timestamp="2026-09-02T12:00:00Z" changeset="1" uid="1" user="generator"/>
  <node id="1254" lat="43.1431249714" lon="-95.1409113836" version="1" timestamp="2026-09-02T12:00:00Z" changeset="1" uid="1" user="generator"/>
  <node id="1255" lat="43.1431249714" lon="-95.1409113219" version="1" timestamp="2026-09-02T12:00:00Z" changeset="1" uid="1" user="generator"/>
  <node id="1256" lat="43.1431249804" lon="-95.1409112602" version="1" timestamp="2026-09-02T12:00:00Z" changeset="1" uid="1" user="generator"/>
  <node id="1257" lat="43.1431251964" lon="-95.1409093606" version="1" timestamp="2026-09-02T12:00:00Z" changeset="1" uid="1" user="generator"/>
  <node id="1258" lat="43.1431251964" lon="-95.1409092989" version="1" timestamp="2026-09-02T12:00:00Z" changeset="1" uid="1" user="generator"/>
  <node id="1259" lat="43.1431252054" lon="-95.1409092372" version="1" timestamp="2026-09-02T12:00:00Z" changeset="1" uid="1" user="generator"/>
  <node id="1260" lat="43.1431357444" lon="-95.1408465495" version="1" timestamp="2026-09-02T12:00:00Z" changeset="1" uid="1" user="generator"/>
  <node id="1261" lat="43.1432105075" lon="-95.1404015554" version="1" timestamp="2026-09-02T12:00:00Z" changeset="1" uid="1" user="generator"/>
  <node id="1262" lat="43.1432105615" lon="-95.1404011113" version="1" timestamp="2026-09-02T12:00:00Z" changeset="1" uid="1" user="generator"/>
  <node id="1263" lat="43.1432449056" lon="-95.1399013364" version="1" timestamp="2026-09-02T12:00:00Z" changeset="1" uid="1" user="generator"/>
  <node id="1264" lat="43.1432449056" lon="-95.1399012747" version="1" timestamp="2026-09-02T12:00:00Z" changeset="1" uid="1" user="generator"/>
  <node id="1265" lat="43.1432449416" lon="-95.1399007196" version="1" timestamp="2026-09-02T12:00:00Z" changeset="1" uid="1" user="generator"/>
  <node id="1266" lat="43.1432449956" lon="-95.1398997205" version="1" timestamp="2026-09-02T12:00:00Z" changeset="1" uid="1" user="generator"/>
  <node id="1267" lat="43.1432450046" lon="-95.1398996095" version="1" timestamp="2026-09-02T12:00:00Z" changeset="1" uid="1" user="generator"/>
  <node id="1268" lat="43.1432450226" lon="-95.1398990174" version="1" timestamp="2026-09-02T12:00:00Z" changeset="1" uid="1" user="generator"/>
  <node id="1269" lat="43.1432450496" lon="-95.1398981909" version="1" timestamp="2026-09-02T12:00:00Z" changeset="1" uid="1" user="generator"/>
  <node id="1270" lat="43.1432450496" lon="-95.1398980799" version="1" timestamp="2026-09-02T12:00:00Z" changeset="1" uid="1" user="generator"/>
  <node id="1271" lat="43.1432450586" lon="-95.1398971424" version="1" timestamp="2026-09-02T12:00:00Z" changeset="1" uid="1" user="generator"/>
  <node id="1272" lat="43.1432450676" lon="-95.1398966613" version="1" timestamp="2026-09-02T12:00:00Z" changeset="1" uid="1" user="generator"/>
  <node id="1273" lat="43.1432450676" lon="-95.1398965503" version="1" timestamp="2026-09-02T12:00:00Z" changeset="1" uid="1" user="generator"/>
  <node id="1274" lat="43.1432450496" lon="-95.1398953538" version="1" timestamp="2026-09-02T12:00:00Z" changeset="1" uid="1" user="generator"/>
  <node id="1275" lat="43.1432450496" lon="-95.1398951318" version="1" timestamp="2026-09-02T12:00:00Z" changeset="1" uid="1" user="generator"/>
  <node id="1276" lat="43.1432450496" lon="-95.1398950207" version="1" timestamp="2026-09-02T12:00:00Z" changeset="1" uid="1" user="generator"/>
  <node id="1277" lat="43.1432449956" lon="-95.1398936022" version="1" timestamp="2026-09-02T12:00:00Z" changeset="1" uid="1" user="generator"/>
  <node id="1278" lat="43.1432449866" lon="-95.1398935035" version="1" timestamp="2026-09-02T12:00:00Z" changeset="1" uid="1" user="generator"/>
  <node id="1279" lat="43.1432449236" lon="-95.1398924550" version="1" timestamp="2026-09-02T12:00:00Z" changeset="1" uid="1" user="generator"/>
  <node id="1280" lat="43.1432449056" lon="-95.1398920726" version="1" timestamp="2026-09-02T12:00:00Z" changeset="1" uid="1" user="generator"/>
  <node id="1281" lat="43.1432448966" lon="-95.1398919739" version="1" timestamp="2026-09-02T12:00:00Z" changeset="1" uid="1" user="generator"/>
  <node id="1282" lat="43.1432448426" lon="-95.1398912832" version="1" timestamp="2026-09-02T12:00:00Z" changeset="1" uid="1" user="generator"/>
  <node id="1283" lat="43.1432447796" lon="-95.1398905554" version="1" timestamp="2026-09-02T12:00:00Z" changeset="1" uid="1" user="generator"/>
  <node id="1284" lat="43.1432447706" lon="-95.1398904444" version="1" timestamp="2026-09-02T12:00:00Z" changeset="1" uid="1" user="generator"/>
  <node id="1285" lat="43.1432446086" lon="-95.1398888901" version="1" timestamp="2026-09-02T12:00:00Z" changeset="1" uid="1" user="generator"/>
  <node id="1286" lat="43.1432445996" lon="-95.1398888408" version="1" timestamp="2026-09-02T12:00:00Z" changeset="1" uid="1" user="generator"/>
  <node id="1287" lat="43.1432165915" lon="-95.1396515229" version="1" timestamp="2026-09-02T12:00:00Z" changeset="1" uid="1" user="generator"/>
  <node id="1288" lat="43.1432165915" lon="-95.1396515106" version="1" timestamp="2026-09-02T12:00:00Z" changeset="1" uid="1" user="generator"/>
  <node id="1289" lat="43.1432165645" lon="-95.1396512762" version="1" timestamp="2026-09-02T12:00:00Z" changeset="1" uid="1" user="generator"/>
  <node id="1290" lat="43.1432165645" lon="-95.1396512639" version="1" timestamp="2026-09-02T12:00:00Z" changeset="1" uid="1" user="generator"/>
  <node id="1291" lat="43.1432163215" lon="-95.1396489819" version="1" timestamp="2026-09-02T12:00:00Z" changeset="1" uid="1" user="generator"/>
  <node id="1292" lat="43.1432163215" lon="-95.1396489695" version="1" timestamp="2026-09-02T12:00:00Z" changeset="1" uid="1" user="generator"/>
  <node id="1293" lat="43.1432163215" lon="-95.1396489449" version="1" timestamp="2026-09-02T12:00:00Z" changeset="1" uid="1" user="generator"/>
  <node id="1294" lat="43.1432162765" lon="-95.1396484885" version="1" timestamp="2026-09-02T12:00:00Z" changeset="1" uid="1" user="generator"/>
  <node id="1295" lat="43.1432162765" lon="-95.1396484761" version="1" timestamp="2026-09-02T12:00:00Z" changeset="1" uid="1" user="generator"/>
  <node id="1296" lat="43.1432162765" lon="-95.1396484515" version="1" timestamp="2026-09-02T12:00:00Z" changeset="1" uid="1" user="generator"/>
  <node id="1297" lat="43.1432161055" lon="-95.1396461941" version="1" timestamp="2026-09-02T12:00:00Z" changeset="1" uid="1" user="generator"/>
  <node id="1298" lat="43.1432160965" lon="-95.1396461818" version="1" timestamp="2026-09-02T12:00:00Z" changeset="1" uid="1" user="generator"/>
  <node id="1299" lat="43.1432160965" lon="-95.1396461571" version="1" timestamp="2026-09-02T12:00:00Z" changeset="1" uid="1" user="generator"/>
  <node id="1300" lat="43.1432160785" lon="-95.1396458857" version="1" timestamp="2026-09-02T12:00:00Z" changeset="1" uid="1" user="generator"/>
  <node id="1301" lat="43.1432160695" lon="-95.1396457007" version="1" timestamp="2026-09-02T12:00:00Z" changeset="1" uid="1" user="generator"/>
  <node id="1302" lat="43.1432160695" lon="-95.1396456760" version="1" timestamp="2026-09-02T12:00:00Z" changeset="1" uid="1" user="generator"/>
  <node id="1303" lat="43.1432160695" lon="-95.1396456637" version="1" timestamp="2026-09-02T12:00:00Z" changeset="1" uid="1" user="generator"/>
  <node id="1304" lat="43.1432160245" lon="-95.1396447262" version="1" timestamp="2026-09-02T12:00:00Z" changeset="1" uid="1" user="generator"/>
  <node id="1305" lat="43.1432159615" lon="-95.1396433940" version="1" timestamp="2026-09-02T12:00:00Z" changeset="1" uid="1" user="generator"/>
  <node id="1306" lat="43.1432159615" lon="-95.1396433817" version="1" timestamp="2026-09-02T12:00:00Z" changeset="1" uid="1" user="generator"/>
  <node id="1307" lat="43.1432159525" lon="-95.1396433693" version="1" timestamp="2026-09-02T12:00:00Z" changeset="1" uid="1" user="generator"/>
  <node id="1308" lat="43.1432159435" lon="-95.1396429869" version="1" timestamp="2026-09-02T12:00:00Z" changeset="1" uid="1" user="generator"/>
  <node id="1309" lat="43.1432159435" lon="-95.1396429006" version="1" timestamp="2026-09-02T12:00:00Z" changeset="1" uid="1" user="generator"/>
  <node id="1310" lat="43.1432159435" lon="-95.1396428883" version="1" timestamp="2026-09-02T12:00:00Z" changeset="1" uid="1" user="generator"/>
  <node id="1311" lat="43.1432159435" lon="-95.1396428636" version="1" timestamp="2026-09-02T12:00:00Z" changeset="1" uid="1" user="generator"/>
  <node id="1312" lat="43.1432159345" lon="-95.1396426292" version="1" timestamp="2026-09-02T12:00:00Z" changeset="1" uid="1" user="generator"/>
  <node id="1313" lat="43.1432158895" lon="-95.1396406062" version="1" timestamp="2026-09-02T12:00:00Z" changeset="1" uid="1" user="generator"/>
  <node id="1314" lat="43.1432158895" lon="-95.1396405816" version="1" timestamp="2026-09-02T12:00:00Z" changeset="1" uid="1" user="generator"/>
  <node id="1315" lat="43.1432158895" lon="-95.1396405692" version="1" timestamp="2026-09-02T12:00:00Z" changeset="1" uid="1" user="generator"/>
  <node id="1316" lat="43.1432158895" lon="-95.1396401005" version="1" timestamp="2026-09-02T12:00:00Z" changeset="1" uid="1" user="generator"/>
  <node id="1317" lat="43.1432158895" lon="-95.1396400882" version="1" timestamp="2026-09-02T12:00:00Z" changeset="1" uid="1" user="generator"/>
  <node id="1318" lat="43.1432158895" lon="-95.1396400758" version="1" timestamp="2026-09-02T12:00:00Z" changeset="1" uid="1" user="generator"/>
  <node id="1319" lat="43.1432158985" lon="-95.1396378061" version="1" timestamp="2026-09-02T12:00:00Z" changeset="1" uid="1" user="generator"/>
  <node id="1320" lat="43.1432158985" lon="-95.1396377938" version="1" timestamp="2026-09-02T12:00:00Z" changeset="1" uid="1" user="generator"/>
  <node id="1321" lat="43.1432158985" lon="-95.1396377691" version="1" timestamp="2026-09-02T12:00:00Z" changeset="1" uid="1" user="generator"/>
  <node id="1322" lat="43.1432159075" lon="-95.1396375471" version="1" timestamp="2026-09-02T12:00:00Z" changeset="1" uid="1" user="generator"/>
  <node id="1323" lat="43.1432159075" lon="-95.1396373004" version="1" timestamp="2026-09-02T12:00:00Z" changeset="1" uid="1" user="generator"/>
  <node id="1324" lat="43.1432159075" lon="-95.1396372881" version="1" timestamp="2026-09-02T12:00:00Z" changeset="1" uid="1" user="generator"/>
  <node id="1325" lat="43.1432159075" lon="-95.1396372757" version="1" timestamp="2026-09-02T12:00:00Z" changeset="1" uid="1" user="generator"/>
  <node id="1326" lat="43.1432159885" lon="-95.1396350060" version="1" timestamp="2026-09-02T12:00:00Z" changeset="1" uid="1" user="generator"/>
  <node id="1327" lat="43.1432159885" lon="-95.1396349937" version="1" timestamp="2026-09-02T12:00:00Z" changeset="1" uid="1" user="generator"/>
  <node id="1328" lat="43.1432159885" lon="-95.1396349814" version="1" timestamp="2026-09-02T12:00:00Z" changeset="1" uid="1" user="generator"/>
  <node id="1329" lat="43.1432160065" lon="-95.1396345496" version="1" timestamp="2026-09-02T12:00:00Z" changeset="1" uid="1" user="generator"/>
  <node id="1330" lat="43.1432160155" lon="-95.1396345126" version="1" timestamp="2026-09-02T12:00:00Z" changeset="1" uid="1" user="generator"/>
  <node id="1331" lat="43.1432160155" lon="-95.1396344880" version="1" timestamp="2026-09-02T12:00:00Z" changeset="1" uid="1" user="generator"/>
  <node id="1332" lat="43.1432160155" lon="-95.1396344756" version="1" timestamp="2026-09-02T12:00:00Z" changeset="1" uid="1" user="generator"/>
  <node id="1333" lat="43.1432160515" lon="-95.1396338465" version="1" timestamp="2026-09-02T12:00:00Z" changeset="1" uid="1" user="generator"/>
  <node id="1334" lat="43.1432161505" lon="-95.1396322059" version="1" timestamp="2026-09-02T12:00:00Z" changeset="1" uid="1" user="generator"/>
  <node id="1335" lat="43.1432161505" lon="-95.1396321936" version="1" timestamp="2026-09-02T12:00:00Z" changeset="1" uid="1" user="generator"/>
  <node id="1336" lat="43.1432161505" lon="-95.1396321813" version="1" timestamp="2026-09-02T12:00:00Z" changeset="1" uid="1" user="generator"/>
  <node id="1337" lat="43.1432161865" lon="-95.1396317125" version="1" timestamp="2026-09-02T12:00:00Z" changeset="1" uid="1" user="generator"/>
  <node id="1338" lat="43.1432161865" lon="-95.1396317002" version="1" timestamp="2026-09-02T12:00:00Z" changeset="1" uid="1" user="generator"/>
  <node id="1339" lat="43.1432161955" lon="-95.1396316879" version="1" timestamp="2026-09-02T12:00:00Z" changeset="1" uid="1" user="generator"/>
  <node id="1340" lat="43.1432162765" lon="-95.1396307627" version="1" timestamp="2026-09-02T12:00:00Z" changeset="1" uid="1" user="generator"/>
  <node id="1341" lat="43.1432163935" lon="-95.1396294182" version="1" timestamp="2026-09-02T12:00:00Z" changeset="1" uid="1" user="generator"/>
  <node id="1342" lat="43.1432163935" lon="-95.1396294058" version="1" timestamp="2026-09-02T12:00:00Z" changeset="1" uid="1" user="generator"/>
  <node id="1343" lat="43.1432164115" lon="-95.1396291715" version="1" timestamp="2026-09-02T12:00:00Z" changeset="1" uid="1" user="generator"/>
  <node id="1344" lat="43.1432164205" lon="-95.1396291591" version="1" timestamp="2026-09-02T12:00:00Z" changeset="1" uid="1" user="generator"/>
  <node id="1345" lat="43.1432272655" lon="-95.1395233350" version="1" timestamp="2026-09-02T12:00:00Z" changeset="1" uid="1" user="generator"/>
  <node id="1346" lat="43.1432272745" lon="-95.1395233227" version="1" timestamp="2026-09-02T12:00:00Z" changeset="1" uid="1" user="generator"/>
  <node id="1347" lat="43.1432272745" lon="-95.1395233104" version="1" timestamp="2026-09-02T12:00:00Z" changeset="1" uid="1" user="generator"/>
  <node id="1348" lat="43.1432273015" lon="-95.1395230143" version="1" timestamp="2026-09-02T12:00:00Z" changeset="1" uid="1" user="generator"/>
  <node id="1349" lat="43.1432273105" lon="-95.1395230020" version="1" timestamp="2026-09-02T12:00:00Z" changeset="1" uid="1" user="generator"/>
  <node id="1350" lat="43.1432273105" lon="-95.1395229896" version="1" timestamp="2026-09-02T12:00:00Z" changeset="1" uid="1" user="generator"/>
  <node id="1351" lat="43.1432274995" lon="-95.1395213737" version="1" timestamp="2026-09-02T12:00:00Z" changeset="1" uid="1" user="generator"/>
  <node id="1352" lat="43.1432276705" lon="-95.1395199922" version="1" timestamp="2026-09-02T12:00:00Z" changeset="1" uid="1" user="generator"/>
  <node id="1353" lat="43.1432276705" lon="-95.1395199675" version="1" timestamp="2026-09-02T12:00:00Z" changeset="1" uid="1" user="generator"/>
  <node id="1354" lat="43.1432276705" lon="-95.1395199552" version="1" timestamp="2026-09-02T12:00:00Z" changeset="1" uid="1" user="generator"/>
  <node id="1355" lat="43.1432276795" lon="-95.1395199182" version="1" timestamp="2026-09-02T12:00:00Z" changeset="1" uid="1" user="generator"/>
  <node id="1356" lat="43.1432277605" lon="-95.1395193507" version="1" timestamp="2026-09-02T12:00:00Z" changeset="1" uid="1" user="generator"/>
  <node id="1357" lat="43.1432277605" lon="-95.1395193261" version="1" timestamp="2026-09-02T12:00:00Z" changeset="1" uid="1" user="generator"/>
  <node id="1358" lat="43.1432277605" lon="-95.1395193014" version="1" timestamp="2026-09-02T12:00:00Z" changeset="1" uid="1" user="generator"/>
  <node id="1359" lat="43.1432280215" lon="-95.1395176485" version="1" timestamp="2026-09-02T12:00:00Z" changeset="1" uid="1" user="generator"/>
  <node id="1360" lat="43.1432282285" lon="-95.1395163533" version="1" timestamp="2026-09-02T12:00:00Z" changeset="1" uid="1" user="generator"/>
  <node id="1361" lat="43.1432282375" lon="-95.1395163409" version="1" timestamp="2026-09-02T12:00:00Z" changeset="1" uid="1" user="generator"/>
  <node id="1362" lat="43.1432282375" lon="-95.1395163163" version="1" timestamp="2026-09-02T12:00:00Z" changeset="1" uid="1" user="generator"/>
  <node id="1363" lat="43.1432282735" lon="-95.1395161312" version="1" timestamp="2026-09-02T12:00:00Z" changeset="1" uid="1" user="generator"/>
  <node id="1364" lat="43.1432283455" lon="-95.1395157118" version="1" timestamp="2026-09-02T12:00:00Z" changeset="1" uid="1" user="generator"/>
  <node id="1365" lat="43.1432283455" lon="-95.1395156872" version="1" timestamp="2026-09-02T12:00:00Z" changeset="1" uid="1" user="generator"/>
  <node id="1366" lat="43.1432283545" lon="-95.1395156625" version="1" timestamp="2026-09-02T12:00:00Z" changeset="1" uid="1" user="generator"/>
  <node id="1367" lat="43.1432289215" lon="-95.1395127514" version="1" timestamp="2026-09-02T12:00:00Z" changeset="1" uid="1" user="generator"/>
  <node id="1368" lat="43.1432289215" lon="-95.1395127267" version="1" timestamp="2026-09-02T12:00:00Z" changeset="1" uid="1" user="generator"/>
  <node id="1369" lat="43.1432289305" lon="-95.1395127144" version="1" timestamp="2026-09-02T12:00:00Z" changeset="1" uid="1" user="generator"/>
  <node id="1370" lat="43.1432290565" lon="-95.1395121100" version="1" timestamp="2026-09-02T12:00:00Z" changeset="1" uid="1" user="generator"/>
  <node id="1371" lat="43.1432290655" lon="-95.1395120853" version="1" timestamp="2026-09-02T12:00:00Z" changeset="1" uid="1" user="generator"/>
  <node id="1372" lat="43.1432290655" lon="-95.1395120606" version="1" timestamp="2026-09-02T12:00:00Z" changeset="1" uid="1" user="generator"/>
  <node id="1373" lat="43.1432295425" lon="-95.1395100500" version="1" timestamp="2026-09-02T12:00:00Z" changeset="1" uid="1" user="generator"/>
  <node id="1374" lat="43.1432297405" lon="-95.1395091865" version="1" timestamp="2026-09-02T12:00:00Z" changeset="1" uid="1" user="generator"/>
  <node id="1375" lat="43.1432297495" lon="-95.1395091618" version="1" timestamp="2026-09-02T12:00:00Z" changeset="1" uid="1" user="generator"/>
  <node id="1376" lat="43.1432297585" lon="-95.1395091495" version="1" timestamp="2026-09-02T12:00:00Z" changeset="1" uid="1" user="generator"/>
  <node id="1377" lat="43.1432299025" lon="-95.1395085451" version="1" timestamp="2026-09-02T12:00:00Z" changeset="1" uid="1" user="generator"/>
  <node id="1378" lat="43.1432299115" lon="-95.1395085327" version="1" timestamp="2026-09-02T12:00:00Z" changeset="1" uid="1" user="generator"/>
  <node id="1379" lat="43.1432299205" lon="-95.1395085081" version="1" timestamp="2026-09-02T12:00:00Z" changeset="1" uid="1" user="generator"/>
  <node id="1380" lat="43.1432301995" lon="-95.1395074966" version="1" timestamp="2026-09-02T12:00:00Z" changeset="1" uid="1" user="generator"/>
  <node id="1381" lat="43.1432306945" lon="-95.1395056586" version="1" timestamp="2026-09-02T12:00:00Z" changeset="1" uid="1" user="generator"/>
  <node id="1382" lat="43.1432307035" lon="-95.1395056463" version="1" timestamp="2026-09-02T12:00:00Z" changeset="1" uid="1" user="generator"/>
  <node id="1383" lat="43.1432307125" lon="-95.1395056216" version="1" timestamp="2026-09-02T12:00:00Z" changeset="1" uid="1" user="generator"/>
  <node id="1384" lat="43.1432307395" lon="-95.1395055229" version="1" timestamp="2026-09-02T12:00:00Z" changeset="1" uid="1" user="generator"/>
  <node id="1385" lat="43.1432308835" lon="-95.1395050295" version="1" timestamp="2026-09-02T12:00:00Z" changeset="1" uid="1" user="generator"/>
  <node id="1386" lat="43.1432308835" lon="-95.1395050172" version="1" timestamp="2026-09-02T12:00:00Z" changeset="1" uid="1" user="generator"/>
  <node id="1387" lat="43.1432308925" lon="-95.1395049925" version="1" timestamp="2026-09-02T12:00:00Z" changeset="1" uid="1" user="generator"/>
  <node id="1388" lat="43.1432317745" lon="-95.1395021801" version="1" timestamp="2026-09-02T12:00:00Z" changeset="1" uid="1" user="generator"/>
  <node id="1389" lat="43.1432317835" lon="-95.1395021677" version="1" timestamp="2026-09-02T12:00:00Z" changeset="1" uid="1" user="generator"/>
  <node id="1390" lat="43.1432317925" lon="-95.1395021431" version="1" timestamp="2026-09-02T12:00:00Z" changeset="1" uid="1" user="generator"/>
  <node id="1391" lat="43.1432319815" lon="-95.1395015633" version="1" timestamp="2026-09-02T12:00:00Z" changeset="1" uid="1" user="generator"/>
  <node id="1392" lat="43.1432319905" lon="-95.1395015510" version="1" timestamp="2026-09-02T12:00:00Z" changeset="1" uid="1" user="generator"/>
  <node id="1393" lat="43.1432319995" lon="-95.1395015263" version="1" timestamp="2026-09-02T12:00:00Z" changeset="1" uid="1" user="generator"/>
  <node id="1394" lat="43.1432325755" lon="-95.1394999104" version="1" timestamp="2026-09-02T12:00:00Z" changeset="1" uid="1" user="generator"/>
  <node id="1395" lat="43.1432329895" lon="-95.1394987509" version="1" timestamp="2026-09-02T12:00:00Z" changeset="1" uid="1" user="generator"/>
  <node id="1396" lat="43.1432329985" lon="-95.1394987385" version="1" timestamp="2026-09-02T12:00:00Z" changeset="1" uid="1" user="generator"/>
  <node id="1397" lat="43.1432329985" lon="-95.1394987139" version="1" timestamp="2026-09-02T12:00:00Z" changeset="1" uid="1" user="generator"/>
  <node id="1398" lat="43.1432331695" lon="-95.1394982698" version="1" timestamp="2026-09-02T12:00:00Z" changeset="1" uid="1" user="generator"/>
  <node id="1399" lat="43.1432332145" lon="-95.1394981465" version="1" timestamp="2026-09-02T12:00:00Z" changeset="1" uid="1" user="generator"/>
  <node id="1400" lat="43.1432332235" lon="-95.1394981341" version="1" timestamp="2026-09-02T12:00:00Z" changeset="1" uid="1" user="generator"/>
  <node id="1401" lat="43.1432332325" lon="-95.1394981094" version="1" timestamp="2026-09-02T12:00:00Z" changeset="1" uid="1" user="generator"/>
  <node id="1402" lat="43.1432332775" lon="-95.1394979984" version="1" timestamp="2026-09-02T12:00:00Z" changeset="1" uid="1" user="generator"/>
  <node id="1403" lat="43.1432343305" lon="-95.1394953587" version="1" timestamp="2026-09-02T12:00:00Z" changeset="1" uid="1" user="generator"/>
  <node id="1404" lat="43.1432343395" lon="-95.1394953464" version="1" timestamp="2026-09-02T12:00:00Z" changeset="1" uid="1" user="generator"/>
  <node id="1405" lat="43.1432344115" lon="-95.1394951737" version="1" timestamp="2026-09-02T12:00:00Z" changeset="1" uid="1" user="generator"/>
  <node id="1406" lat="43.1432344475" lon="-95.1394950750" version="1" timestamp="2026-09-02T12:00:00Z" changeset="1" uid="1" user="generator"/>
  <node id="1407" lat="43.1432344565" lon="-95.1394950626" version="1" timestamp="2026-09-02T12:00:00Z" changeset="1" uid="1" user="generator"/>
  <node id="1408" lat="43.1432344565" lon="-95.1394950503" version="1" timestamp="2026-09-02T12:00:00Z" changeset="1" uid="1" user="generator"/>
  <node id="1409" lat="43.1434409707" lon="-95.1390049709" version="1" timestamp="2026-09-02T12:00:00Z" changeset="1" uid="1" user="generator"/>
  <node id="1410" lat="43.1434409887" lon="-95.1390049215" version="1" timestamp="2026-09-02T12:00:00Z" changeset="1" uid="1" user="generator"/>
  <node id="1411" lat="43.1434416097" lon="-95.1390034043" version="1" timestamp="2026-09-02T12:00:00Z" changeset="1" uid="1" user="generator"/>
  <node id="1412" lat="43.1434416457" lon="-95.1390033056" version="1" timestamp="2026-09-02T12:00:00Z" changeset="1" uid="1" user="generator"/>
  <node id="1413" lat="43.1434421767" lon="-95.1390018994" version="1" timestamp="2026-09-02T12:00:00Z" changeset="1" uid="1" user="generator"/>
  <node id="1414" lat="43.1434422127" lon="-95.1390017884" version="1" timestamp="2026-09-02T12:00:00Z" changeset="1" uid="1" user="generator"/>
  <node id="1415" lat="43.1434427078" lon="-95.1390003698" version="1" timestamp="2026-09-02T12:00:00Z" changeset="1" uid="1" user="generator"/>
  <node id="1416" lat="43.1434427438" lon="-95.1390002588" version="1" timestamp="2026-09-02T12:00:00Z" changeset="1" uid="1" user="generator"/>
  <node id="1417" lat="43.1434431938" lon="-95.1389988279" version="1" timestamp="2026-09-02T12:00:00Z" changeset="1" uid="1" user="generator"/>
  <node id="1418" lat="43.1434432298" lon="-95.1389987292" version="1" timestamp="2026-09-02T12:00:00Z" changeset="1" uid="1" user="generator"/>
  <node id="1419" lat="43.1434433378" lon="-95.1389983468" version="1" timestamp="2026-09-02T12:00:00Z" changeset="1" uid="1" user="generator"/>
  <node id="1420" lat="43.1434436528" lon="-95.1389972737" version="1" timestamp="2026-09-02T12:00:00Z" changeset="1" uid="1" user="generator"/>
  <node id="1421" lat="43.1434436798" lon="-95.1389971750" version="1" timestamp="2026-09-02T12:00:00Z" changeset="1" uid="1" user="generator"/>
  <node id="1422" lat="43.1434440668" lon="-95.1389957071" version="1" timestamp="2026-09-02T12:00:00Z" changeset="1" uid="1" user="generator"/>
  <node id="1423" lat="43.1434440938" lon="-95.1389955961" version="1" timestamp="2026-09-02T12:00:00Z" changeset="1" uid="1" user="generator"/>
  <node id="1424" lat="43.1434444358" lon="-95.1389941282" version="1" timestamp="2026-09-02T12:00:00Z" changeset="1" uid="1" user="generator"/>
  <node id="1425" lat="43.1434444628" lon="-95.1389940172" version="1" timestamp="2026-09-02T12:00:00Z" changeset="1" uid="1" user="generator"/>
  <node id="1426" lat="43.1434445438" lon="-95.1389936224" version="1" timestamp="2026-09-02T12:00:00Z" changeset="1" uid="1" user="generator"/>
  <node id="1427" lat="43.1434448048" lon="-95.1389923766" version="1" timestamp="2026-09-02T12:00:00Z" changeset="1" uid="1" user="generator"/>
  <node id="1428" lat="43.1434448138" lon="-95.1389923272" version="1" timestamp="2026-09-02T12:00:00Z" changeset="1" uid="1" user="generator"/>
  <node id="1429" lat="43.1434669268" lon="-95.1388796324" version="1" timestamp="2026-09-02T12:00:00Z" changeset="1" uid="1" user="generator"/>
  <node id="1430" lat="43.1434669358" lon="-95.1388795954" version="1" timestamp="2026-09-02T12:00:00Z" changeset="1" uid="1" user="generator"/>
  <node id="1431" lat="43.1434671608" lon="-95.1388783865" version="1" timestamp="2026-09-02T12:00:00Z" changeset="1" uid="1" user="generator"/>
  <node id="1432" lat="43.1434671698" lon="-95.1388783002" version="1" timestamp="2026-09-02T12:00:00Z" changeset="1" uid="1" user="generator"/>
  <node id="1433" lat="43.1434673588" lon="-95.1388771900" version="1" timestamp="2026-09-02T12:00:00Z" changeset="1" uid="1" user="generator"/>
  <node id="1434" lat="43.1434673678" lon="-95.1388771037" version="1" timestamp="2026-09-02T12:00:00Z" changeset="1" uid="1" user="generator"/>
  <node id="1435" lat="43.1434675388" lon="-95.1388759935" version="1" timestamp="2026-09-02T12:00:00Z" changeset="1" uid="1" user="generator"/>
  <node id="1436" lat="43.1434675478" lon="-95.1388759072" version="1" timestamp="2026-09-02T12:00:00Z" changeset="1" uid="1" user="generator"/>
  <node id="1437" lat="43.1434676198" lon="-95.1388753644" version="1" timestamp="2026-09-02T12:00:00Z" changeset="1" uid="1" user="generator"/>
  <node id="1438" lat="43.1434676918" lon="-95.1388747970" version="1" timestamp="2026-09-02T12:00:00Z" changeset="1" uid="1" user="generator"/>
  <node id="1439" lat="43.1434677008" lon="-95.1388747106" version="1" timestamp="2026-09-02T12:00:00Z" changeset="1" uid="1" user="generator"/>
  <node id="1440" lat="43.1434678268" lon="-95.1388735881" version="1" timestamp="2026-09-02T12:00:00Z" changeset="1" uid="1" user="generator"/>
  <node id="1441" lat="43.1434678358" lon="-95.1388735018" version="1" timestamp="2026-09-02T12:00:00Z" changeset="1" uid="1" user="generator"/>
  <node id="1442" lat="43.1434679348" lon="-95.1388723793" version="1" timestamp="2026-09-02T12:00:00Z" changeset="1" uid="1" user="generator"/>
  <node id="1443" lat="43.1434679438" lon="-95.1388722929" version="1" timestamp="2026-09-02T12:00:00Z" changeset="1" uid="1" user="generator"/>
  <node id="1444" lat="43.1434680248" lon="-95.1388711704" version="1" timestamp="2026-09-02T12:00:00Z" changeset="1" uid="1" user="generator"/>
  <node id="1445" lat="43.1434680338" lon="-95.1388710841" version="1" timestamp="2026-09-02T12:00:00Z" changeset="1" uid="1" user="generator"/>
  <node id="1446" lat="43.1434680608" lon="-95.1388706030" version="1" timestamp="2026-09-02T12:00:00Z" changeset="1" uid="1" user="generator"/>
  <node id="1447" lat="43.1434681058" lon="-95.1388698506" version="1" timestamp="2026-09-02T12:00:00Z" changeset="1" uid="1" user="generator"/>
  <node id="1448" lat="43.1434681058" lon="-95.1388698012" version="1" timestamp="2026-09-02T12:00:00Z" changeset="1" uid="1" user="generator"/>
  <node id="1449" lat="43.1434733258" lon="-95.1387555645" version="1" timestamp="2026-09-02T12:00:00Z" changeset="1" uid="1" user="generator"/>
  <node id="1450" lat="43.1434733348" lon="-95.1387555151" version="1" timestamp="2026-09-02T12:00:00Z" changeset="1" uid="1" user="generator"/>
  <node id="1451" lat="43.1434733798" lon="-95.1387542076" version="1" timestamp="2026-09-02T12:00:00Z" changeset="1" uid="1" user="generator"/>
  <node id="1452" lat="43.1434733798" lon="-95.1387541213" version="1" timestamp="2026-09-02T12:00:00Z" changeset="1" uid="1" user="generator"/>
  <node id="1453" lat="43.1434733978" lon="-95.1387529247" version="1" timestamp="2026-09-02T12:00:00Z" changeset="1" uid="1" user="generator"/>
  <node id="1454" lat="43.1434733978" lon="-95.1387528384" version="1" timestamp="2026-09-02T12:00:00Z" changeset="1" uid="1" user="generator"/>
  <node id="1455" lat="43.1434733978" lon="-95.1387516542" version="1" timestamp="2026-09-02T12:00:00Z" changeset="1" uid="1" user="generator"/>
  <node id="1456" lat="43.1434733978" lon="-95.1387515679" version="1" timestamp="2026-09-02T12:00:00Z" changeset="1" uid="1" user="generator"/>
  <node id="1457" lat="43.1434733888" lon="-95.1387513705" version="1" timestamp="2026-09-02T12:00:00Z" changeset="1" uid="1" user="generator"/>
  <node id="1458" lat="43.1434733708" lon="-95.1387503713" version="1" timestamp="2026-09-02T12:00:00Z" changeset="1" uid="1" user="generator"/>
  <node id="1459" lat="43.1434733708" lon="-95.1387502850" version="1" timestamp="2026-09-02T12:00:00Z" changeset="1" uid="1" user="generator"/>
  <node id="1460" lat="43.1434733168" lon="-95.1387491008" version="1" timestamp="2026-09-02T12:00:00Z" changeset="1" uid="1" user="generator"/>
  <node id="1461" lat="43.1434733168" lon="-95.1387490021" version="1" timestamp="2026-09-02T12:00:00Z" changeset="1" uid="1" user="generator"/>
  <node id="1462" lat="43.1434732448" lon="-95.1387478179" version="1" timestamp="2026-09-02T12:00:00Z" changeset="1" uid="1" user="generator"/>
  <node id="1463" lat="43.1434732358" lon="-95.1387477316" version="1" timestamp="2026-09-02T12:00:00Z" changeset="1" uid="1" user="generator"/>
  <node id="1464" lat="43.1434731818" lon="-95.1387470655" version="1" timestamp="2026-09-02T12:00:00Z" changeset="1" uid="1" user="generator"/>
  <node id="1465" lat="43.1434731368" lon="-95.1387465474" version="1" timestamp="2026-09-02T12:00:00Z" changeset="1" uid="1" user="generator"/>
  <node id="1466" lat="43.1434731278" lon="-95.1387464611" version="1" timestamp="2026-09-02T12:00:00Z" changeset="1" uid="1" user="generator"/>
  <node id="1467" lat="43.1434730018" lon="-95.1387451535" version="1" timestamp="2026-09-02T12:00:00Z" changeset="1" uid="1" user="generator"/>
  <node id="1468" lat="43.1434729928" lon="-95.1387451165" version="1" timestamp="2026-09-02T12:00:00Z" changeset="1" uid="1" user="generator"/>
  <node id="1469" lat="43.1434457228" lon="-95.1384973630" version="1" timestamp="2026-09-02T12:00:00Z" changeset="1" uid="1" user="generator"/>
  <node id="1470" lat="43.1434457138" lon="-95.1384973014" version="1" timestamp="2026-09-02T12:00:00Z" changeset="1" uid="1" user="generator"/>
  <node id="1471" lat="43.1434457138" lon="-95.1384972397" version="1" timestamp="2026-09-02T12:00:00Z" changeset="1" uid="1" user="generator"/>
  <node id="1472" lat="43.1434456778" lon="-95.1384965366" version="1" timestamp="2026-09-02T12:00:00Z" changeset="1" uid="1" user="generator"/>
  <node id="1473" lat="43.1434456148" lon="-95.1384953031" version="1" timestamp="2026-09-02T12:00:00Z" changeset="1" uid="1" user="generator"/>
  <node id="1474" lat="43.1434456058" lon="-95.1384952414" version="1" timestamp="2026-09-02T12:00:00Z" changeset="1" uid="1" user="generator"/>
  <node id="1475" lat="43.1434456058" lon="-95.1384951797" version="1" timestamp="2026-09-02T12:00:00Z" changeset="1" uid="1" user="generator"/>
  <node id="1476" lat="43.1434478738" lon="-95.1379864617" version="1" timestamp="2026-09-02T12:00:00Z" changeset="1" uid="1" user="generator"/>
  <node id="1477" lat="43.1434478738" lon="-95.1379864000" version="1" timestamp="2026-09-02T12:00:00Z" changeset="1" uid="1" user="generator"/>
  <node id="1478" lat="43.1434478828" lon="-95.1379863384" version="1" timestamp="2026-09-02T12:00:00Z" changeset="1" uid="1" user="generator"/>
  <node id="1479" lat="43.1434479908" lon="-95.1379844757" version="1" timestamp="2026-09-02T12:00:00Z" changeset="1" uid="1" user="generator"/>
  <node id="1480" lat="43.1434479908" lon="-95.1379844141" version="1" timestamp="2026-09-02T12:00:00Z" changeset="1" uid="1" user="generator"/>
  <node id="1481" lat="43.1434479998" lon="-95.1379843524" version="1" timestamp="2026-09-02T12:00:00Z" changeset="1" uid="1" user="generator"/>
  <node id="1482" lat="43.1434553978" lon="-95.1379199747" version="1" timestamp="2026-09-02T12:00:00Z" changeset="1" uid="1" user="generator"/>
  <node id="1483" lat="43.1434918118" lon="-95.1376028355" version="1" timestamp="2026-09-02T12:00:00Z" changeset="1" uid="1" user="generator"/>
  <node id="1484" lat="43.1434918208" lon="-95.1376027861" version="1" timestamp="2026-09-02T12:00:00Z" changeset="1" uid="1" user="generator"/>
  <node id="1485" lat="43.1434918298" lon="-95.1376027368" version="1" timestamp="2026-09-02T12:00:00Z" changeset="1" uid="1" user="generator"/>
  <node id="1486" lat="43.1434918748" lon="-95.1376024408" version="1" timestamp="2026-09-02T12:00:00Z" changeset="1" uid="1" user="generator"/>
  <node id="1487" lat="43.1434920908" lon="-95.1376011332" version="1" timestamp="2026-09-02T12:00:00Z" changeset="1" uid="1" user="generator"/>
  <node id="1488" lat="43.1434920998" lon="-95.1376010839" version="1" timestamp="2026-09-02T12:00:00Z" changeset="1" uid="1" user="generator"/>
  <node id="1489" lat="43.1434921088" lon="-95.1376010345" version="1" timestamp="2026-09-02T12:00:00Z" changeset="1" uid="1" user="generator"/>
  <node id="1490" lat="43.1435462709" lon="-95.1373475945" version="1" timestamp="2026-09-02T12:00:00Z" changeset="1" uid="1" user="generator"/>
  <node id="1491" lat="43.1435463339" lon="-95.1373472121" version="1" timestamp="2026-09-02T12:00:00Z" changeset="1" uid="1" user="generator"/>
  <node id="1492" lat="43.1435936559" lon="-95.1369736021" version="1" timestamp="2026-09-02T12:00:00Z" changeset="1" uid="1" user="generator"/>
  <node id="1493" lat="43.1435936649" lon="-95.1369735528" version="1" timestamp="2026-09-02T12:00:00Z" changeset="1" uid="1" user="generator"/>
  <node id="1494" lat="43.1435938269" lon="-95.1369721589" version="1" timestamp="2026-09-02T12:00:00Z" changeset="1" uid="1" user="generator"/>
  <node id="1495" lat="43.1435938359" lon="-95.1369720725" version="1" timestamp="2026-09-02T12:00:00Z" changeset="1" uid="1" user="generator"/>
  <node id="1496" lat="43.1435939439" lon="-95.1369709377" version="1" timestamp="2026-09-02T12:00:00Z" changeset="1" uid="1" user="generator"/>
  <node id="1497" lat="43.1435939529" lon="-95.1369708020" version="1" timestamp="2026-09-02T12:00:00Z" changeset="1" uid="1" user="generator"/>
  <node id="1498" lat="43.1435939619" lon="-95.1369707033" version="1" timestamp="2026-09-02T12:00:00Z" changeset="1" uid="1" user="generator"/>
  <node id="1499" lat="43.1435940609" lon="-95.1369694328" version="1" timestamp="2026-09-02T12:00:00Z" changeset="1" uid="1" user="generator"/>
  <node id="1500" lat="43.1435940609" lon="-95.1369693341" version="1" timestamp="2026-09-02T12:00:00Z" changeset="1" uid="1" user="generator"/>
  <node id="1501" lat="43.1435940879" lon="-95.1369688407" version="1" timestamp="2026-09-02T12:00:00Z" changeset="1" uid="1" user="generator"/>
  <node id="1502" lat="43.1435941329" lon="-95.1369680636" version="1" timestamp="2026-09-02T12:00:00Z" changeset="1" uid="1" user="generator"/>
  <node id="1503" lat="43.1435941329" lon="-95.1369679649" version="1" timestamp="2026-09-02T12:00:00Z" changeset="1" uid="1" user="generator"/>
  <node id="1504" lat="43.1435941689" lon="-95.1369671014" version="1" timestamp="2026-09-02T12:00:00Z" changeset="1" uid="1" user="generator"/>
  <node id="1505" lat="43.1435941779" lon="-95.1369666944" version="1" timestamp="2026-09-02T12:00:00Z" changeset="1" uid="1" user="generator"/>
  <node id="1506" lat="43.1435941779" lon="-95.1369666080" version="1" timestamp="2026-09-02T12:00:00Z" changeset="1" uid="1" user="generator"/>
  <node id="1507" lat="43.1435941869" lon="-95.1369661269" version="1" timestamp="2026-09-02T12:00:00Z" changeset="1" uid="1" user="generator"/>
  <node id="1508" lat="43.1435941959" lon="-95.1369653252" version="1" timestamp="2026-09-02T12:00:00Z" changeset="1" uid="1" user="generator"/>
  <node id="1509" lat="43.1435941959" lon="-95.1369652265" version="1" timestamp="2026-09-02T12:00:00Z" changeset="1" uid="1" user="generator"/>
  <node id="1510" lat="43.1435941779" lon="-95.1369639559" version="1" timestamp="2026-09-02T12:00:00Z" changeset="1" uid="1" user="generator"/>
  <node id="1511" lat="43.1435941779" lon="-95.1369638573" version="1" timestamp="2026-09-02T12:00:00Z" changeset="1" uid="1" user="generator"/>
  <node id="1512" lat="43.1435941689" lon="-95.1369635365" version="1" timestamp="2026-09-02T12:00:00Z" changeset="1" uid="1" user="generator"/>
  <node id="1513" lat="43.1435941419" lon="-95.1369624634" version="1" timestamp="2026-09-02T12:00:00Z" changeset="1" uid="1" user="generator"/>
  <node id="1514" lat="43.1435941329" lon="-95.1369624140" version="1" timestamp="2026-09-02T12:00:00Z" changeset="1" uid="1" user="generator"/>
  <node id="1515" lat="43.1435897319" lon="-95.1368539132" version="1" timestamp="2026-09-02T12:00:00Z" changeset="1" uid="1" user="generator"/>
  <node id="1516" lat="43.1435897229" lon="-95.1368538392" version="1" timestamp="2026-09-02T12:00:00Z" changeset="1" uid="1" user="generator"/>
  <node id="1517" lat="43.1435895969" lon="-95.1368515695" version="1" timestamp="2026-09-02T12:00:00Z" changeset="1" uid="1" user="generator"/>
  <node id="1518" lat="43.1435895879" lon="-95.1368514215" version="1" timestamp="2026-09-02T12:00:00Z" changeset="1" uid="1" user="generator"/>
  <node id="1519" lat="43.1435893989" lon="-95.1368493738" version="1" timestamp="2026-09-02T12:00:00Z" changeset="1" uid="1" user="generator"/>
  <node id="1520" lat="43.1435893809" lon="-95.1368492135" version="1" timestamp="2026-09-02T12:00:00Z" changeset="1" uid="1" user="generator"/>
  <node id="1521" lat="43.1435891289" lon="-95.1368471905" version="1" timestamp="2026-09-02T12:00:00Z" changeset="1" uid="1" user="generator"/>
  <node id="1522" lat="43.1435891019" lon="-95.1368470301" version="1" timestamp="2026-09-02T12:00:00Z" changeset="1" uid="1" user="generator"/>
  <node id="1523" lat="43.1435887779" lon="-95.1368450195" version="1" timestamp="2026-09-02T12:00:00Z" changeset="1" uid="1" user="generator"/>
  <node id="1524" lat="43.1435887509" lon="-95.1368448714" version="1" timestamp="2026-09-02T12:00:00Z" changeset="1" uid="1" user="generator"/>
  <node id="1525" lat="43.1435883639" lon="-95.1368428731" version="1" timestamp="2026-09-02T12:00:00Z" changeset="1" uid="1" user="generator"/>
  <node id="1526" lat="43.1435883279" lon="-95.1368427251" version="1" timestamp="2026-09-02T12:00:00Z" changeset="1" uid="1" user="generator"/>
  <node id="1527" lat="43.1435878689" lon="-95.1368407391" version="1" timestamp="2026-09-02T12:00:00Z" changeset="1" uid="1" user="generator"/>
  <node id="1528" lat="43.1435878329" lon="-95.1368405911" version="1" timestamp="2026-09-02T12:00:00Z" changeset="1" uid="1" user="generator"/>
  <node id="1529" lat="43.1435873019" lon="-95.1368386175" version="1" timestamp="2026-09-02T12:00:00Z" changeset="1" uid="1" user="generator"/>
  <node id="1530" lat="43.1435872659" lon="-95.1368384695" version="1" timestamp="2026-09-02T12:00:00Z" changeset="1" uid="1" user="generator"/>
  <node id="1531" lat="43.1435866089" lon="-95.1368363355" version="1" timestamp="2026-09-02T12:00:00Z" changeset="1" uid="1" user="generator"/>
  <node id="1532" lat="43.1435865819" lon="-95.1368362614" version="1" timestamp="2026-09-02T12:00:00Z" changeset="1" uid="1" user="generator"/>
  <node id="1533" lat="43.1434733978" lon="-95.1364876796" version="1" timestamp="2026-09-02T12:00:00Z" changeset="1" uid="1" user="generator"/>
  <node id="1534" lat="43.1434733528" lon="-95.1364875316" version="1" timestamp="2026-09-02T12:00:00Z" changeset="1" uid="1" user="generator"/>
  <node id="1535" lat="43.1434717598" lon="-95.1364831526" version="1" timestamp="2026-09-02T12:00:00Z" changeset="1" uid="1" user="generator"/>
  <node id="1536" lat="43.1434716428" lon="-95.1364828689" version="1" timestamp="2026-09-02T12:00:00Z" changeset="1" uid="1" user="generator"/>
  <node id="1537" lat="43.1434714088" lon="-95.1364823508" version="1" timestamp="2026-09-02T12:00:00Z" changeset="1" uid="1" user="generator"/>
  <node id="1538" lat="43.1434699778" lon="-95.1364791313" version="1" timestamp="2026-09-02T12:00:00Z" changeset="1" uid="1" user="generator"/>
  <node id="1539" lat="43.1434698338" lon="-95.1364788476" version="1" timestamp="2026-09-02T12:00:00Z" changeset="1" uid="1" user="generator"/>
  <node id="1540" lat="43.1434679618" lon="-95.1364753937" version="1" timestamp="2026-09-02T12:00:00Z" changeset="1" uid="1" user="generator"/>
  <node id="1541" lat="43.1434677998" lon="-95.1364751224" version="1" timestamp="2026-09-02T12:00:00Z" changeset="1" uid="1" user="generator"/>
  <node id="1542" lat="43.1434657118" lon="-95.1364719029" version="1" timestamp="2026-09-02T12:00:00Z" changeset="1" uid="1" user="generator"/>
  <node id="1543" lat="43.1434655318" lon="-95.1364716438" version="1" timestamp="2026-09-02T12:00:00Z" changeset="1" uid="1" user="generator"/>
  <node id="1544" lat="43.1434632188" lon="-95.1364686340" version="1" timestamp="2026-09-02T12:00:00Z" changeset="1" uid="1" user="generator"/>
  <node id="1545" lat="43.1434630118" lon="-95.1364683997" version="1" timestamp="2026-09-02T12:00:00Z" changeset="1" uid="1" user="generator"/>
  <node id="1546" lat="43.1434610498" lon="-95.1364662410" version="1" timestamp="2026-09-02T12:00:00Z" changeset="1" uid="1" user="generator"/>
  <node id="1547" lat="43.1434604468" lon="-95.1364655749" version="1" timestamp="2026-09-02T12:00:00Z" changeset="1" uid="1" user="generator"/>
  <node id="1548" lat="43.1434602398" lon="-95.1364653652" version="1" timestamp="2026-09-02T12:00:00Z" changeset="1" uid="1" user="generator"/>
  <node id="1549" lat="43.1434573958" lon="-95.1364627131" version="1" timestamp="2026-09-02T12:00:00Z" changeset="1" uid="1" user="generator"/>
  <node id="1550" lat="43.1434571798" lon="-95.1364625281" version="1" timestamp="2026-09-02T12:00:00Z" changeset="1" uid="1" user="generator"/>
  <node id="1551" lat="43.1434548578" lon="-95.1364607025" version="1" timestamp="2026-09-02T12:00:00Z" changeset="1" uid="1" user="generator"/>
  <node id="1552" lat="43.1434537688" lon="-95.1364598390" version="1" timestamp="2026-09-02T12:00:00Z" changeset="1" uid="1" user="generator"/>
  <node id="1553" lat="43.1434536608" lon="-95.1364597526" version="1" timestamp="2026-09-02T12:00:00Z" changeset="1" uid="1" user="generator"/>
  <node id="1554" lat="43.1434039807" lon="-95.1364236720" version="1" timestamp="2026-09-02T12:00:00Z" changeset="1" uid="1" user="generator"/>
  <node id="1555" lat="43.1434038367" lon="-95.1364235610" version="1" timestamp="2026-09-02T12:00:00Z" changeset="1" uid="1" user="generator"/>
  <node id="1556" lat="43.1433989767" lon="-95.1364204155" version="1" timestamp="2026-09-02T12:00:00Z" changeset="1" uid="1" user="generator"/>
  <node id="1557" lat="43.1433969427" lon="-95.1364190957" version="1" timestamp="2026-09-02T12:00:00Z" changeset="1" uid="1" user="generator"/>
  <node id="1558" lat="43.1433965557" lon="-95.1364188860" version="1" timestamp="2026-09-02T12:00:00Z" changeset="1" uid="1" user="generator"/>
  <node id="1559" lat="43.1433913087" lon="-95.1364164066" version="1" timestamp="2026-09-02T12:00:00Z" changeset="1" uid="1" user="generator"/>
  <node id="1560" lat="43.1433910387" lon="-95.1364162956" version="1" timestamp="2026-09-02T12:00:00Z" changeset="1" uid="1" user="generator"/>
  <node id="1561" lat="43.1433907687" lon="-95.1364162092" version="1" timestamp="2026-09-02T12:00:00Z" changeset="1" uid="1" user="generator"/>
  <node id="1562" lat="43.1433870517" lon="-95.1364152347" version="1" timestamp="2026-09-02T12:00:00Z" changeset="1" uid="1" user="generator"/>
  <node id="1563" lat="43.1433866917" lon="-95.1364151607" version="1" timestamp="2026-09-02T12:00:00Z" changeset="1" uid="1" user="generator"/>
  <node id="1564" lat="43.1433863137" lon="-95.1364151361" version="1" timestamp="2026-09-02T12:00:00Z" changeset="1" uid="1" user="generator"/>
  <node id="1565" lat="43.1433860077" lon="-95.1364151361" version="1" timestamp="2026-09-02T12:00:00Z" changeset="1" uid="1" user="generator"/>
  <node id="1566" lat="43.1433841807" lon="-95.1364151114" version="1" timestamp="2026-09-02T12:00:00Z" changeset="1" uid="1" user="generator"/>
  <node id="1567" lat="43.1433838837" lon="-95.1364151237" version="1" timestamp="2026-09-02T12:00:00Z" changeset="1" uid="1" user="generator"/>
  <node id="1568" lat="43.1433835777" lon="-95.1364151731" version="1" timestamp="2026-09-02T12:00:00Z" changeset="1" uid="1" user="generator"/>
  <node id="1569" lat="43.1433832807" lon="-95.1364152471" version="1" timestamp="2026-09-02T12:00:00Z" changeset="1" uid="1" user="generator"/>
  <node id="1570" lat="43.1433822367" lon="-95.1364155555" version="1" timestamp="2026-09-02T12:00:00Z" changeset="1" uid="1" user="generator"/>
  <node id="1571" lat="43.1433819307" lon="-95.1364156665" version="1" timestamp="2026-09-02T12:00:00Z" changeset="1" uid="1" user="generator"/>
  <node id="1572" lat="43.1433816247" lon="-95.1364158145" version="1" timestamp="2026-09-02T12:00:00Z" changeset="1" uid="1" user="generator"/>
  <node id="1573" lat="43.1433813367" lon="-95.1364159872" version="1" timestamp="2026-09-02T12:00:00Z" changeset="1" uid="1" user="generator"/>
  <node id="1574" lat="43.1433804097" lon="-95.1364166163" version="1" timestamp="2026-09-02T12:00:00Z" changeset="1" uid="1" user="generator"/>
  <node id="1575" lat="43.1433801577" lon="-95.1364168136" version="1" timestamp="2026-09-02T12:00:00Z" changeset="1" uid="1" user="generator"/>
  <node id="1576" lat="43.1433799237" lon="-95.1364170233" version="1" timestamp="2026-09-02T12:00:00Z" changeset="1" uid="1" user="generator"/>
  <node id="1577" lat="43.1433796987" lon="-95.1364172700" version="1" timestamp="2026-09-02T12:00:00Z" changeset="1" uid="1" user="generator"/>
  <node id="1578" lat="43.1433782137" lon="-95.1364190217" version="1" timestamp="2026-09-02T12:00:00Z" changeset="1" uid="1" user="generator"/>
  <node id="1579" lat="43.1433779707" lon="-95.1364193424" version="1" timestamp="2026-09-02T12:00:00Z" changeset="1" uid="1" user="generator"/>
  <node id="1580" lat="43.1433777547" lon="-95.1364197001" version="1" timestamp="2026-09-02T12:00:00Z" changeset="1" uid="1" user="generator"/>
  <node id="1581" lat="43.1433776557" lon="-95.1364198851" version="1" timestamp="2026-09-02T12:00:00Z" changeset="1" uid="1" user="generator"/>
  <node id="1582" lat="43.1433757567" lon="-95.1364234130" version="1" timestamp="2026-09-02T12:00:00Z" changeset="1" uid="1" user="generator"/>
  <node id="1583" lat="43.1433756127" lon="-95.1364236967" version="1" timestamp="2026-09-02T12:00:00Z" changeset="1" uid="1" user="generator"/>
  <node id="1584" lat="43.1433754957" lon="-95.1364239928" version="1" timestamp="2026-09-02T12:00:00Z" changeset="1" uid="1" user="generator"/>
  <node id="1585" lat="43.1433746857" lon="-95.1364262624" version="1" timestamp="2026-09-02T12:00:00Z" changeset="1" uid="1" user="generator"/>
  <node id="1586" lat="43.1433733447" lon="-95.1364300124" version="1" timestamp="2026-09-02T12:00:00Z" changeset="1" uid="1" user="generator"/>
  <node id="1587" lat="43.1433732097" lon="-95.1364304811" version="1" timestamp="2026-09-02T12:00:00Z" changeset="1" uid="1" user="generator"/>
  <node id="1588" lat="43.1433711397" lon="-95.1364392391" version="1" timestamp="2026-09-02T12:00:00Z" changeset="1" uid="1" user="generator"/>
  <node id="1589" lat="43.1433711037" lon="-95.1364394242" version="1" timestamp="2026-09-02T12:00:00Z" changeset="1" uid="1" user="generator"/>
  <node id="1590" lat="43.1433702217" lon="-95.1364440745" version="1" timestamp="2026-09-02T12:00:00Z" changeset="1" uid="1" user="generator"/>
  <node id="1591" lat="43.1433687097" lon="-95.1364520184" version="1" timestamp="2026-09-02T12:00:00Z" changeset="1" uid="1" user="generator"/>
  <node id="1592" lat="43.1433687007" lon="-95.1364520925" version="1" timestamp="2026-09-02T12:00:00Z" changeset="1" uid="1" user="generator"/>
  <node id="1593" lat="43.1433686287" lon="-95.1364525119" version="1" timestamp="2026-09-02T12:00:00Z" changeset="1" uid="1" user="generator"/>
  <node id="1594" lat="43.1433683137" lon="-95.1364543251" version="1" timestamp="2026-09-02T12:00:00Z" changeset="1" uid="1" user="generator"/>
  <node id="1595" lat="43.1433682957" lon="-95.1364544732" version="1" timestamp="2026-09-02T12:00:00Z" changeset="1" uid="1" user="generator"/>
  <node id="1596" lat="43.1433682147" lon="-95.1364550406" version="1" timestamp="2026-09-02T12:00:00Z" changeset="1" uid="1" user="generator"/>
  <node id="1597" lat="43.1433680167" lon="-95.1364565085" version="1" timestamp="2026-09-02T12:00:00Z" changeset="1" uid="1" user="generator"/>
  <node id="1598" lat="43.1433679987" lon="-95.1364566565" version="1" timestamp="2026-09-02T12:00:00Z" changeset="1" uid="1" user="generator"/>
  <node id="1599" lat="43.1433679087" lon="-95.1364574706" version="1" timestamp="2026-09-02T12:00:00Z" changeset="1" uid="1" user="generator"/>
  <node id="1600" lat="43.1433677827" lon="-95.1364586918" version="1" timestamp="2026-09-02T12:00:00Z" changeset="1" uid="1" user="generator"/>
  <node id="1601" lat="43.1433677737" lon="-95.1364588522" version="1" timestamp="2026-09-02T12:00:00Z" changeset="1" uid="1" user="generator"/>
  <node id="1602" lat="43.1433676297" lon="-95.1364608875" version="1" timestamp="2026-09-02T12:00:00Z" changeset="1" uid="1" user="generator"/>
  <node id="1603" lat="43.1433676207" lon="-95.1364610355" version="1" timestamp="2026-09-02T12:00:00Z" changeset="1" uid="1" user="generator"/>
  <node id="1604" lat="43.1433675487" lon="-95.1364630832" version="1" timestamp="2026-09-02T12:00:00Z" changeset="1" uid="1" user="generator"/>
  <node id="1605" lat="43.1433675487" lon="-95.1364632312" version="1" timestamp="2026-09-02T12:00:00Z" changeset="1" uid="1" user="generator"/>
  <node id="1606" lat="43.1433675487" lon="-95.1364634286" version="1" timestamp="2026-09-02T12:00:00Z" changeset="1" uid="1" user="generator"/>
  <node id="1607" lat="43.1433675487" lon="-95.1364652788" version="1" timestamp="2026-09-02T12:00:00Z" changeset="1" uid="1" user="generator"/>
  <node id="1608" lat="43.1433675487" lon="-95.1364654392" version="1" timestamp="2026-09-02T12:00:00Z" changeset="1" uid="1" user="generator"/>
  <node id="1609" lat="43.1433676207" lon="-95.1364674992" version="1" timestamp="2026-09-02T12:00:00Z" changeset="1" uid="1" user="generator"/>
  <node id="1610" lat="43.1433676297" lon="-95.1364676472" version="1" timestamp="2026-09-02T12:00:00Z" changeset="1" uid="1" user="generator"/>
  <node id="1611" lat="43.1433677737" lon="-95.1364699169" version="1" timestamp="2026-09-02T12:00:00Z" changeset="1" uid="1" user="generator"/>
  <node id="1612" lat="43.1433677827" lon="-95.1364699909" version="1" timestamp="2026-09-02T12:00:00Z" changeset="1" uid="1" user="generator"/>
  <node id="1613" lat="43.1433766387" lon="-95.1365761110" version="1" timestamp="2026-09-02T12:00:00Z" changeset="1" uid="1" user="generator"/>
  <node id="1614" lat="43.1433766387" lon="-95.1365761234" version="1" timestamp="2026-09-02T12:00:00Z" changeset="1" uid="1" user="generator"/>
  <node id="1615" lat="43.1433766567" lon="-95.1365763578" version="1" timestamp="2026-09-02T12:00:00Z" changeset="1" uid="1" user="generator"/>
  <node id="1616" lat="43.1433766567" lon="-95.1365763824" version="1" timestamp="2026-09-02T12:00:00Z" changeset="1" uid="1" user="generator"/>
  <node id="1617" lat="43.1433768277" lon="-95.1365787508" version="1" timestamp="2026-09-02T12:00:00Z" changeset="1" uid="1" user="generator"/>
  <node id="1618" lat="43.1433768277" lon="-95.1365787631" version="1" timestamp="2026-09-02T12:00:00Z" changeset="1" uid="1" user="generator"/>
  <node id="1619" lat="43.1433768277" lon="-95.1365787755" version="1" timestamp="2026-09-02T12:00:00Z" changeset="1" uid="1" user="generator"/>
  <node id="1620" lat="43.1433768457" lon="-95.1365791455" version="1" timestamp="2026-09-02T12:00:00Z" changeset="1" uid="1" user="generator"/>
  <node id="1621" lat="43.1433768547" lon="-95.1365792565" version="1" timestamp="2026-09-02T12:00:00Z" changeset="1" uid="1" user="generator"/>
  <node id="1622" lat="43.1433768547" lon="-95.1365792812" version="1" timestamp="2026-09-02T12:00:00Z" changeset="1" uid="1" user="generator"/>
  <node id="1623" lat="43.1433768547" lon="-95.1365792935" version="1" timestamp="2026-09-02T12:00:00Z" changeset="1" uid="1" user="generator"/>
  <node id="1624" lat="43.1433768727" lon="-95.1365798116" version="1" timestamp="2026-09-02T12:00:00Z" changeset="1" uid="1" user="generator"/>
  <node id="1625" lat="43.1433769537" lon="-95.1365816372" version="1" timestamp="2026-09-02T12:00:00Z" changeset="1" uid="1" user="generator"/>
  <node id="1626" lat="43.1433769537" lon="-95.1365816619" version="1" timestamp="2026-09-02T12:00:00Z" changeset="1" uid="1" user="generator"/>
  <node id="1627" lat="43.1433769537" lon="-95.1365816742" version="1" timestamp="2026-09-02T12:00:00Z" changeset="1" uid="1" user="generator"/>
  <node id="1628" lat="43.1433769627" lon="-95.1365821553" version="1" timestamp="2026-09-02T12:00:00Z" changeset="1" uid="1" user="generator"/>
  <node id="1629" lat="43.1433769627" lon="-95.1365821800" version="1" timestamp="2026-09-02T12:00:00Z" changeset="1" uid="1" user="generator"/>
  <node id="1630" lat="43.1433769627" lon="-95.1365821923" version="1" timestamp="2026-09-02T12:00:00Z" changeset="1" uid="1" user="generator"/>
  <node id="1631" lat="43.1433769807" lon="-95.1365834012" version="1" timestamp="2026-09-02T12:00:00Z" changeset="1" uid="1" user="generator"/>
  <node id="1632" lat="43.1433769897" lon="-95.1365845360" version="1" timestamp="2026-09-02T12:00:00Z" changeset="1" uid="1" user="generator"/>
  <node id="1633" lat="43.1433769897" lon="-95.1365845607" version="1" timestamp="2026-09-02T12:00:00Z" changeset="1" uid="1" user="generator"/>
  <node id="1634" lat="43.1433769897" lon="-95.1365845730" version="1" timestamp="2026-09-02T12:00:00Z" changeset="1" uid="1" user="generator"/>
  <node id="1635" lat="43.1433769897" lon="-95.1365848567" version="1" timestamp="2026-09-02T12:00:00Z" changeset="1" uid="1" user="generator"/>
  <node id="1636" lat="43.1433769897" lon="-95.1365850541" version="1" timestamp="2026-09-02T12:00:00Z" changeset="1" uid="1" user="generator"/>
  <node id="1637" lat="43.1433769897" lon="-95.1365850788" version="1" timestamp="2026-09-02T12:00:00Z" changeset="1" uid="1" user="generator"/>
  <node id="1638" lat="43.1433769897" lon="-95.1365850911" version="1" timestamp="2026-09-02T12:00:00Z" changeset="1" uid="1" user="generator"/>
  <node id="1639" lat="43.1433769717" lon="-95.1365861396" version="1" timestamp="2026-09-02T12:00:00Z" changeset="1" uid="1" user="generator"/>
  <node id="1640" lat="43.1433769537" lon="-95.1365874348" version="1" timestamp="2026-09-02T12:00:00Z" changeset="1" uid="1" user="generator"/>
  <node id="1641" lat="43.1433769537" lon="-95.1365874471" version="1" timestamp="2026-09-02T12:00:00Z" changeset="1" uid="1" user="generator"/>
  <node id="1642" lat="43.1433769537" lon="-95.1365874718" version="1" timestamp="2026-09-02T12:00:00Z" changeset="1" uid="1" user="generator"/>
  <node id="1643" lat="43.1433769357" lon="-95.1365879529" version="1" timestamp="2026-09-02T12:00:00Z" changeset="1" uid="1" user="generator"/>
  <node id="1644" lat="43.1433769357" lon="-95.1365879652" version="1" timestamp="2026-09-02T12:00:00Z" changeset="1" uid="1" user="generator"/>
  <node id="1645" lat="43.1433769357" lon="-95.1365879899" version="1" timestamp="2026-09-02T12:00:00Z" changeset="1" uid="1" user="generator"/>
  <node id="1646" lat="43.1433768367" lon="-95.1365903336" version="1" timestamp="2026-09-02T12:00:00Z" changeset="1" uid="1" user="generator"/>
  <node id="1647" lat="43.1433768367" lon="-95.1365903459" version="1" timestamp="2026-09-02T12:00:00Z" changeset="1" uid="1" user="generator"/>
  <node id="1648" lat="43.1433768277" lon="-95.1365903583" version="1" timestamp="2026-09-02T12:00:00Z" changeset="1" uid="1" user="generator"/>
  <node id="1649" lat="43.1433768007" lon="-95.1365908393" version="1" timestamp="2026-09-02T12:00:00Z" changeset="1" uid="1" user="generator"/>
  <node id="1650" lat="43.1433768007" lon="-95.1365908640" version="1" timestamp="2026-09-02T12:00:00Z" changeset="1" uid="1" user="generator"/>
  <node id="1651" lat="43.1433768007" lon="-95.1365908763" version="1" timestamp="2026-09-02T12:00:00Z" changeset="1" uid="1" user="generator"/>
  <node id="1652" lat="43.1433766297" lon="-95.1365932200" version="1" timestamp="2026-09-02T12:00:00Z" changeset="1" uid="1" user="generator"/>
  <node id="1653" lat="43.1433766297" lon="-95.1365932324" version="1" timestamp="2026-09-02T12:00:00Z" changeset="1" uid="1" user="generator"/>
  <node id="1654" lat="43.1433766297" lon="-95.1365932447" version="1" timestamp="2026-09-02T12:00:00Z" changeset="1" uid="1" user="generator"/>
  <node id="1655" lat="43.1433765847" lon="-95.1365937258" version="1" timestamp="2026-09-02T12:00:00Z" changeset="1" uid="1" user="generator"/>
  <node id="1656" lat="43.1433765847" lon="-95.1365937505" version="1" timestamp="2026-09-02T12:00:00Z" changeset="1" uid="1" user="generator"/>
  <node id="1657" lat="43.1433765847" lon="-95.1365937628" version="1" timestamp="2026-09-02T12:00:00Z" changeset="1" uid="1" user="generator"/>
  <node id="1658" lat="43.1433764587" lon="-95.1365949963" version="1" timestamp="2026-09-02T12:00:00Z" changeset="1" uid="1" user="generator"/>
  <node id="1659" lat="43.1433763417" lon="-95.1365961065" version="1" timestamp="2026-09-02T12:00:00Z" changeset="1" uid="1" user="generator"/>
  <node id="1660" lat="43.1433763417" lon="-95.1365961188" version="1" timestamp="2026-09-02T12:00:00Z" changeset="1" uid="1" user="generator"/>
  <node id="1661" lat="43.1433763417" lon="-95.1365961312" version="1" timestamp="2026-09-02T12:00:00Z" changeset="1" uid="1" user="generator"/>
  <node id="1662" lat="43.1433762787" lon="-95.1365966122" version="1" timestamp="2026-09-02T12:00:00Z" changeset="1" uid="1" user="generator"/>
  <node id="1663" lat="43.1433762787" lon="-95.1365966246" version="1" timestamp="2026-09-02T12:00:00Z" changeset="1" uid="1" user="generator"/>
  <node id="1664" lat="43.1433762787" lon="-95.1365966369" version="1" timestamp="2026-09-02T12:00:00Z" changeset="1" uid="1" user="generator"/>
  <node id="1665" lat="43.1433759727" lon="-95.1365989806" version="1" timestamp="2026-09-02T12:00:00Z" changeset="1" uid="1" user="generator"/>
  <node id="1666" lat="43.1433759727" lon="-95.1365989929" version="1" timestamp="2026-09-02T12:00:00Z" changeset="1" uid="1" user="generator"/>
  <node id="1667" lat="43.1433759367" lon="-95.1365992273" version="1" timestamp="2026-09-02T12:00:00Z" changeset="1" uid="1" user="generator"/>
  <node id="1668" lat="43.1433759367" lon="-95.1365992396" version="1" timestamp="2026-09-02T12:00:00Z" changeset="1" uid="1" user="generator"/>
  <node id="1669" lat="43.1433597907" lon="-95.1367103432" version="1" timestamp="2026-09-02T12:00:00Z" changeset="1" uid="1" user="generator"/>
  <node id="1670" lat="43.1433597637" lon="-95.1367105159" version="1" timestamp="2026-09-02T12:00:00Z" changeset="1" uid="1" user="generator"/>
  <node id="1671" lat="43.1433597637" lon="-95.1367105283" version="1" timestamp="2026-09-02T12:00:00Z" changeset="1" uid="1" user="generator"/>
  <node id="1672" lat="43.1433595027" lon="-95.1367121688" version="1" timestamp="2026-09-02T12:00:00Z" changeset="1" uid="1" user="generator"/>
  <node id="1673" lat="43.1433595027" lon="-95.1367121812" version="1" timestamp="2026-09-02T12:00:00Z" changeset="1" uid="1" user="generator"/>
  <node id="1674" lat="43.1433595027" lon="-95.1367121935" version="1" timestamp="2026-09-02T12:00:00Z" changeset="1" uid="1" user="generator"/>
  <node id="1675" lat="43.1433594757" lon="-95.1367123415" version="1" timestamp="2026-09-02T12:00:00Z" changeset="1" uid="1" user="generator"/>
  <node id="1676" lat="43.1433594487" lon="-95.1367125266" version="1" timestamp="2026-09-02T12:00:00Z" changeset="1" uid="1" user="generator"/>
  <node id="1677" lat="43.1433594487" lon="-95.1367125389" version="1" timestamp="2026-09-02T12:00:00Z" changeset="1" uid="1" user="generator"/>
  <node id="1678" lat="43.1433594397" lon="-95.1367125512" version="1" timestamp="2026-09-02T12:00:00Z" changeset="1" uid="1" user="generator"/>
  <node id="1679" lat="43.1433592507" lon="-95.1367136244" version="1" timestamp="2026-09-02T12:00:00Z" changeset="1" uid="1" user="generator"/>
  <node id="1680" lat="43.1433591607" lon="-95.1367141672" version="1" timestamp="2026-09-02T12:00:00Z" changeset="1" uid="1" user="generator"/>
  <node id="1681" lat="43.1433591517" lon="-95.1367141795" version="1" timestamp="2026-09-02T12:00:00Z" changeset="1" uid="1" user="generator"/>
  <node id="1682" lat="43.1433591517" lon="-95.1367141918" version="1" timestamp="2026-09-02T12:00:00Z" changeset="1" uid="1" user="generator"/>
  <node id="1683" lat="43.1433591247" lon="-95.1367143275" version="1" timestamp="2026-09-02T12:00:00Z" changeset="1" uid="1" user="generator"/>
  <node id="1684" lat="43.1433590887" lon="-95.1367145249" version="1" timestamp="2026-09-02T12:00:00Z" changeset="1" uid="1" user="generator"/>
  <node id="1685" lat="43.1433590887" lon="-95.1367145372" version="1" timestamp="2026-09-02T12:00:00Z" changeset="1" uid="1" user="generator"/>
  <node id="1686" lat="43.1433590887" lon="-95.1367145495" version="1" timestamp="2026-09-02T12:00:00Z" changeset="1" uid="1" user="generator"/>
  <node id="1687" lat="43.1433589627" lon="-95.1367151540" version="1" timestamp="2026-09-02T12:00:00Z" changeset="1" uid="1" user="generator"/>
  <node id="1688" lat="43.1433587647" lon="-95.1367161655" version="1" timestamp="2026-09-02T12:00:00Z" changeset="1" uid="1" user="generator"/>
  <node id="1689" lat="43.1433587647" lon="-95.1367161778" version="1" timestamp="2026-09-02T12:00:00Z" changeset="1" uid="1" user="generator"/>
  <node id="1690" lat="43.1433587647" lon="-95.1367161901" version="1" timestamp="2026-09-02T12:00:00Z" changeset="1" uid="1" user="generator"/>
  <node id="1691" lat="43.1433587017" lon="-95.1367164738" version="1" timestamp="2026-09-02T12:00:00Z" changeset="1" uid="1" user="generator"/>
  <node id="1692" lat="43.1433586927" lon="-95.1367165232" version="1" timestamp="2026-09-02T12:00:00Z" changeset="1" uid="1" user="generator"/>
  <node id="1693" lat="43.1433586927" lon="-95.1367165355" version="1" timestamp="2026-09-02T12:00:00Z" changeset="1" uid="1" user="generator"/>
  <node id="1694" lat="43.1433585577" lon="-95.1367171399" version="1" timestamp="2026-09-02T12:00:00Z" changeset="1" uid="1" user="generator"/>
  <node id="1695" lat="43.1433583417" lon="-95.1367181514" version="1" timestamp="2026-09-02T12:00:00Z" changeset="1" uid="1" user="generator"/>
  <node id="1696" lat="43.1433583327" lon="-95.1367181638" version="1" timestamp="2026-09-02T12:00:00Z" changeset="1" uid="1" user="generator"/>
  <node id="1697" lat="43.1433582967" lon="-95.1367183241" version="1" timestamp="2026-09-02T12:00:00Z" changeset="1" uid="1" user="generator"/>
  <node id="1698" lat="43.1433582607" lon="-95.1367184968" version="1" timestamp="2026-09-02T12:00:00Z" changeset="1" uid="1" user="generator"/>
  <node id="1699" lat="43.1433582607" lon="-95.1367185092" version="1" timestamp="2026-09-02T12:00:00Z" changeset="1" uid="1" user="generator"/>
  <node id="1700" lat="43.1433582517" lon="-95.1367185215" version="1" timestamp="2026-09-02T12:00:00Z" changeset="1" uid="1" user="generator"/>
  <node id="1701" lat="43.1433579817" lon="-95.1367196563" version="1" timestamp="2026-09-02T12:00:00Z" changeset="1" uid="1" user="generator"/>
  <node id="1702" lat="43.1433578737" lon="-95.1367201127" version="1" timestamp="2026-09-02T12:00:00Z" changeset="1" uid="1" user="generator"/>
  <node id="1703" lat="43.1433578737" lon="-95.1367201251" version="1" timestamp="2026-09-02T12:00:00Z" changeset="1" uid="1" user="generator"/>
  <node id="1704" lat="43.1433578647" lon="-95.1367201374" version="1" timestamp="2026-09-02T12:00:00Z" changeset="1" uid="1" user="generator"/>
  <node id="1705" lat="43.1433578287" lon="-95.1367202731" version="1" timestamp="2026-09-02T12:00:00Z" changeset="1" uid="1" user="generator"/>
  <node id="1706" lat="43.1433577837" lon="-95.1367204581" version="1" timestamp="2026-09-02T12:00:00Z" changeset="1" uid="1" user="generator"/>
  <node id="1707" lat="43.1433577837" lon="-95.1367204705" version="1" timestamp="2026-09-02T12:00:00Z" changeset="1" uid="1" user="generator"/>
  <node id="1708" lat="43.1433577747" lon="-95.1367204828" version="1" timestamp="2026-09-02T12:00:00Z" changeset="1" uid="1" user="generator"/>
  <node id="1709" lat="43.1433573607" lon="-95.1367220740" version="1" timestamp="2026-09-02T12:00:00Z" changeset="1" uid="1" user="generator"/>
  <node id="1710" lat="43.1433573607" lon="-95.1367220864" version="1" timestamp="2026-09-02T12:00:00Z" changeset="1" uid="1" user="generator"/>
  <node id="1711" lat="43.1433573607" lon="-95.1367220987" version="1" timestamp="2026-09-02T12:00:00Z" changeset="1" uid="1" user="generator"/>
  <node id="1712" lat="43.1433573157" lon="-95.1367222467" version="1" timestamp="2026-09-02T12:00:00Z" changeset="1" uid="1" user="generator"/>
  <node id="1713" lat="43.1433572707" lon="-95.1367224194" version="1" timestamp="2026-09-02T12:00:00Z" changeset="1" uid="1" user="generator"/>
  <node id="1714" lat="43.1433572707" lon="-95.1367224318" version="1" timestamp="2026-09-02T12:00:00Z" changeset="1" uid="1" user="generator"/>
  <node id="1715" lat="43.1433572617" lon="-95.1367224441" version="1" timestamp="2026-09-02T12:00:00Z" changeset="1" uid="1" user="generator"/>
  <node id="1716" lat="43.1433568207" lon="-95.1367240107" version="1" timestamp="2026-09-02T12:00:00Z" changeset="1" uid="1" user="generator"/>
  <node id="1717" lat="43.1433568117" lon="-95.1367240230" version="1" timestamp="2026-09-02T12:00:00Z" changeset="1" uid="1" user="generator"/>
  <node id="1718" lat="43.1433568117" lon="-95.1367240354" version="1" timestamp="2026-09-02T12:00:00Z" changeset="1" uid="1" user="generator"/>
  <node id="1719" lat="43.1433567217" lon="-95.1367243561" version="1" timestamp="2026-09-02T12:00:00Z" changeset="1" uid="1" user="generator"/>
  <node id="1720" lat="43.1433567127" lon="-95.1367243684" version="1" timestamp="2026-09-02T12:00:00Z" changeset="1" uid="1" user="generator"/>
  <node id="1721" lat="43.1433567127" lon="-95.1367243807" version="1" timestamp="2026-09-02T12:00:00Z" changeset="1" uid="1" user="generator"/>
  <node id="1722" lat="43.1433562357" lon="-95.1367259473" version="1" timestamp="2026-09-02T12:00:00Z" changeset="1" uid="1" user="generator"/>
  <node id="1723" lat="43.1433562267" lon="-95.1367259597" version="1" timestamp="2026-09-02T12:00:00Z" changeset="1" uid="1" user="generator"/>
  <node id="1724" lat="43.1433561817" lon="-95.1367261200" version="1" timestamp="2026-09-02T12:00:00Z" changeset="1" uid="1" user="generator"/>
  <node id="1725" lat="43.1433561727" lon="-95.1367261323" version="1" timestamp="2026-09-02T12:00:00Z" changeset="1" uid="1" user="generator"/>
  <node id="1726" lat="43.1433211896" lon="-95.1368366562" version="1" timestamp="2026-09-02T12:00:00Z" changeset="1" uid="1" user="generator"/>
  <node id="1727" lat="43.1433211896" lon="-95.1368366685" version="1" timestamp="2026-09-02T12:00:00Z" changeset="1" uid="1" user="generator"/>
  <node id="1728" lat="43.1433210996" lon="-95.1368369275" version="1" timestamp="2026-09-02T12:00:00Z" changeset="1" uid="1" user="generator"/>
  <node id="1729" lat="43.1433210996" lon="-95.1368369399" version="1" timestamp="2026-09-02T12:00:00Z" changeset="1" uid="1" user="generator"/>
  <node id="1730" lat="43.1433202446" lon="-95.1368394933" version="1" timestamp="2026-09-02T12:00:00Z" changeset="1" uid="1" user="generator"/>
  <node id="1731" lat="43.1433202446" lon="-95.1368395056" version="1" timestamp="2026-09-02T12:00:00Z" changeset="1" uid="1" user="generator"/>
  <node id="1732" lat="43.1433202356" lon="-95.1368395180" version="1" timestamp="2026-09-02T12:00:00Z" changeset="1" uid="1" user="generator"/>
  <node id="1733" lat="43.1433200556" lon="-95.1368400360" version="1" timestamp="2026-09-02T12:00:00Z" changeset="1" uid="1" user="generator"/>
  <node id="1734" lat="43.1433200466" lon="-95.1368400484" version="1" timestamp="2026-09-02T12:00:00Z" changeset="1" uid="1" user="generator"/>
  <node id="1735" lat="43.1433200376" lon="-95.1368400607" version="1" timestamp="2026-09-02T12:00:00Z" changeset="1" uid="1" user="generator"/>
  <node id="1736" lat="43.1433197766" lon="-95.1368407885" version="1" timestamp="2026-09-02T12:00:00Z" changeset="1" uid="1" user="generator"/>
  <node id="1737" lat="43.1433191196" lon="-95.1368425401" version="1" timestamp="2026-09-02T12:00:00Z" changeset="1" uid="1" user="generator"/>
  <node id="1738" lat="43.1433191106" lon="-95.1368425648" version="1" timestamp="2026-09-02T12:00:00Z" changeset="1" uid="1" user="generator"/>
  <node id="1739" lat="43.1433191106" lon="-95.1368425771" version="1" timestamp="2026-09-02T12:00:00Z" changeset="1" uid="1" user="generator"/>
  <node id="1740" lat="43.1433189126" lon="-95.1368430828" version="1" timestamp="2026-09-02T12:00:00Z" changeset="1" uid="1" user="generator"/>
  <node id="1741" lat="43.1433189036" lon="-95.1368430952" version="1" timestamp="2026-09-02T12:00:00Z" changeset="1" uid="1" user="generator"/>
  <node id="1742" lat="43.1433188946" lon="-95.1368431198" version="1" timestamp="2026-09-02T12:00:00Z" changeset="1" uid="1" user="generator"/>
  <node id="1743" lat="43.1433178956" lon="-95.1368455376" version="1" timestamp="2026-09-02T12:00:00Z" changeset="1" uid="1" user="generator"/>
  <node id="1744" lat="43.1433178866" lon="-95.1368455622" version="1" timestamp="2026-09-02T12:00:00Z" changeset="1" uid="1" user="generator"/>
  <node id="1745" lat="43.1433178776" lon="-95.1368455746" version="1" timestamp="2026-09-02T12:00:00Z" changeset="1" uid="1" user="generator"/>
  <node id="1746" lat="43.1433178416" lon="-95.1368456732" version="1" timestamp="2026-09-02T12:00:00Z" changeset="1" uid="1" user="generator"/>
  <node id="1747" lat="43.1433176616" lon="-95.1368460803" version="1" timestamp="2026-09-02T12:00:00Z" changeset="1" uid="1" user="generator"/>
  <node id="1748" lat="43.1433176616" lon="-95.1368460926" version="1" timestamp="2026-09-02T12:00:00Z" changeset="1" uid="1" user="generator"/>
  <node id="1749" lat="43.1433176526" lon="-95.1368461050" version="1" timestamp="2026-09-02T12:00:00Z" changeset="1" uid="1" user="generator"/>
  <node id="1750" lat="43.1433165726" lon="-95.1368484857" version="1" timestamp="2026-09-02T12:00:00Z" changeset="1" uid="1" user="generator"/>
  <node id="1751" lat="43.1433165636" lon="-95.1368485103" version="1" timestamp="2026-09-02T12:00:00Z" changeset="1" uid="1" user="generator"/>
  <node id="1752" lat="43.1433165546" lon="-95.1368485227" version="1" timestamp="2026-09-02T12:00:00Z" changeset="1" uid="1" user="generator"/>
  <node id="1753" lat="43.1433163836" lon="-95.1368488927" version="1" timestamp="2026-09-02T12:00:00Z" changeset="1" uid="1" user="generator"/>
  <node id="1754" lat="43.1433163296" lon="-95.1368490161" version="1" timestamp="2026-09-02T12:00:00Z" changeset="1" uid="1" user="generator"/>
  <node id="1755" lat="43.1433163206" lon="-95.1368490284" version="1" timestamp="2026-09-02T12:00:00Z" changeset="1" uid="1" user="generator"/>
  <node id="1756" lat="43.1433163116" lon="-95.1368490408" version="1" timestamp="2026-09-02T12:00:00Z" changeset="1" uid="1" user="generator"/>
  <node id="1757" lat="43.1433151596" lon="-95.1368513721" version="1" timestamp="2026-09-02T12:00:00Z" changeset="1" uid="1" user="generator"/>
  <node id="1758" lat="43.1433151506" lon="-95.1368513968" version="1" timestamp="2026-09-02T12:00:00Z" changeset="1" uid="1" user="generator"/>
  <node id="1759" lat="43.1433151416" lon="-95.1368514091" version="1" timestamp="2026-09-02T12:00:00Z" changeset="1" uid="1" user="generator"/>
  <node id="1760" lat="43.1433148896" lon="-95.1368518902" version="1" timestamp="2026-09-02T12:00:00Z" changeset="1" uid="1" user="generator"/>
  <node id="1761" lat="43.1433148806" lon="-95.1368519025" version="1" timestamp="2026-09-02T12:00:00Z" changeset="1" uid="1" user="generator"/>
  <node id="1762" lat="43.1433148716" lon="-95.1368519149" version="1" timestamp="2026-09-02T12:00:00Z" changeset="1" uid="1" user="generator"/>
  <node id="1763" lat="43.1433136476" lon="-95.1368541969" version="1" timestamp="2026-09-02T12:00:00Z" changeset="1" uid="1" user="generator"/>
  <node id="1764" lat="43.1433136386" lon="-95.1368542216" version="1" timestamp="2026-09-02T12:00:00Z" changeset="1" uid="1" user="generator"/>
  <node id="1765" lat="43.1433136296" lon="-95.1368542339" version="1" timestamp="2026-09-02T12:00:00Z" changeset="1" uid="1" user="generator"/>
  <node id="1766" lat="43.1433135126" lon="-95.1368544436" version="1" timestamp="2026-09-02T12:00:00Z" changeset="1" uid="1" user="generator"/>
  <node id="1767" lat="43.1433133686" lon="-95.1368547026" version="1" timestamp="2026-09-02T12:00:00Z" changeset="1" uid="1" user="generator"/>
  <node id="1768" lat="43.1433133596" lon="-95.1368547150" version="1" timestamp="2026-09-02T12:00:00Z" changeset="1" uid="1" user="generator"/>
  <node id="1769" lat="43.1433133506" lon="-95.1368547273" version="1" timestamp="2026-09-02T12:00:00Z" changeset="1" uid="1" user="generator"/>
  <node id="1770" lat="43.1433120366" lon="-95.1368569723" version="1" timestamp="2026-09-02T12:00:00Z" changeset="1" uid="1" user="generator"/>
  <node id="1771" lat="43.1433120276" lon="-95.1368569847" version="1" timestamp="2026-09-02T12:00:00Z" changeset="1" uid="1" user="generator"/>
  <node id="1772" lat="43.1433120186" lon="-95.1368569970" version="1" timestamp="2026-09-02T12:00:00Z" changeset="1" uid="1" user="generator"/>
  <node id="1773" lat="43.1433118926" lon="-95.1368572190" version="1" timestamp="2026-09-02T12:00:00Z" changeset="1" uid="1" user="generator"/>
  <node id="1774" lat="43.1433117486" lon="-95.1368574534" version="1" timestamp="2026-09-02T12:00:00Z" changeset="1" uid="1" user="generator"/>
  <node id="1775" lat="43.1433117396" lon="-95.1368574657" version="1" timestamp="2026-09-02T12:00:00Z" changeset="1" uid="1" user="generator"/>
  <node id="1776" lat="43.1433117306" lon="-95.1368574781" version="1" timestamp="2026-09-02T12:00:00Z" changeset="1" uid="1" user="generator"/>
  <node id="1777" lat="43.1433103446" lon="-95.1368596737" version="1" timestamp="2026-09-02T12:00:00Z" changeset="1" uid="1" user="generator"/>
  <node id="1778" lat="43.1433103356" lon="-95.1368596861" version="1" timestamp="2026-09-02T12:00:00Z" changeset="1" uid="1" user="generator"/>
  <node id="1779" lat="43.1433101916" lon="-95.1368599081" version="1" timestamp="2026-09-02T12:00:00Z" changeset="1" uid="1" user="generator"/>
  <node id="1780" lat="43.1433101826" lon="-95.1368599205" version="1" timestamp="2026-09-02T12:00:00Z" changeset="1" uid="1" user="generator"/>
  <node id="1781" lat="43.1430650674" lon="-95.1372321983" version="1" timestamp="2026-09-02T12:00:00Z" changeset="1" uid="1" user="generator"/>
  <node id="1782" lat="43.1430649234" lon="-95.1372324326" version="1" timestamp="2026-09-02T12:00:00Z" changeset="1" uid="1" user="generator"/>
  <node id="1783" lat="43.1429255492" lon="-95.1374797790" version="1" timestamp="2026-09-02T12:00:00Z" changeset="1" uid="1" user="generator"/>
  <node id="1784" lat="43.1429255222" lon="-95.1374798160" version="1" timestamp="2026-09-02T12:00:00Z" changeset="1" uid="1" user="generator"/>
  <node id="1785" lat="43.1429251982" lon="-95.1374804205" version="1" timestamp="2026-09-02T12:00:00Z" changeset="1" uid="1" user="generator"/>
  <node id="1786" lat="43.1429248202" lon="-95.1374810989" version="1" timestamp="2026-09-02T12:00:00Z" changeset="1" uid="1" user="generator"/>
  <node id="1787" lat="43.1429247752" lon="-95.1374811853" version="1" timestamp="2026-09-02T12:00:00Z" changeset="1" uid="1" user="generator"/>
  <node id="1788" lat="43.1429241632" lon="-95.1374823694" version="1" timestamp="2026-09-02T12:00:00Z" changeset="1" uid="1" user="generator"/>
  <node id="1789" lat="43.1429241182" lon="-95.1374824558" version="1" timestamp="2026-09-02T12:00:00Z" changeset="1" uid="1" user="generator"/>
  <node id="1790" lat="43.1429235332" lon="-95.1374836523" version="1" timestamp="2026-09-02T12:00:00Z" changeset="1" uid="1" user="generator"/>
  <node id="1791" lat="43.1429234972" lon="-95.1374837510" version="1" timestamp="2026-09-02T12:00:00Z" changeset="1" uid="1" user="generator"/>
  <node id="1792" lat="43.1429229392" lon="-95.1374849598" version="1" timestamp="2026-09-02T12:00:00Z" changeset="1" uid="1" user="generator"/>
  <node id="1793" lat="43.1429228942" lon="-95.1374850585" version="1" timestamp="2026-09-02T12:00:00Z" changeset="1" uid="1" user="generator"/>
  <node id="1794" lat="43.1429227232" lon="-95.1374854656" version="1" timestamp="2026-09-02T12:00:00Z" changeset="1" uid="1" user="generator"/>
  <node id="1795" lat="43.1429223632" lon="-95.1374862797" version="1" timestamp="2026-09-02T12:00:00Z" changeset="1" uid="1" user="generator"/>
  <node id="1796" lat="43.1429223272" lon="-95.1374863784" version="1" timestamp="2026-09-02T12:00:00Z" changeset="1" uid="1" user="generator"/>
  <node id="1797" lat="43.1429218232" lon="-95.1374876243" version="1" timestamp="2026-09-02T12:00:00Z" changeset="1" uid="1" user="generator"/>
  <node id="1798" lat="43.1429217872" lon="-95.1374877229" version="1" timestamp="2026-09-02T12:00:00Z" changeset="1" uid="1" user="generator"/>
  <node id="1799" lat="43.1429213192" lon="-95.1374889811" version="1" timestamp="2026-09-02T12:00:00Z" changeset="1" uid="1" user="generator"/>
  <node id="1800" lat="43.1429212832" lon="-95.1374890798" version="1" timestamp="2026-09-02T12:00:00Z" changeset="1" uid="1" user="generator"/>
  <node id="1801" lat="43.1429207882" lon="-95.1374904860" version="1" timestamp="2026-09-02T12:00:00Z" changeset="1" uid="1" user="generator"/>
  <node id="1802" lat="43.1429207792" lon="-95.1374905230" version="1" timestamp="2026-09-02T12:00:00Z" changeset="1" uid="1" user="generator"/>
  <node id="1803" lat="43.1428605422" lon="-95.1376696925" version="1" timestamp="2026-09-02T12:00:00Z" changeset="1" uid="1" user="generator"/>
  <node id="1804" lat="43.1427967861" lon="-95.1378592976" version="1" timestamp="2026-09-02T12:00:00Z" changeset="1" uid="1" user="generator"/>
  <node id="1805" lat="43.1427967861" lon="-95.1378593100" version="1" timestamp="2026-09-02T12:00:00Z" changeset="1" uid="1" user="generator"/>
  <node id="1806" lat="43.1427967321" lon="-95.1378594580" version="1" timestamp="2026-09-02T12:00:00Z" changeset="1" uid="1" user="generator"/>
  <node id="1807" lat="43.1427962461" lon="-95.1378608642" version="1" timestamp="2026-09-02T12:00:00Z" changeset="1" uid="1" user="generator"/>
  <node id="1808" lat="43.1427962371" lon="-95.1378608765" version="1" timestamp="2026-09-02T12:00:00Z" changeset="1" uid="1" user="generator"/>
  <node id="1809" lat="43.1427962011" lon="-95.1378609876" version="1" timestamp="2026-09-02T12:00:00Z" changeset="1" uid="1" user="generator"/>
  <node id="1810" lat="43.1427961381" lon="-95.1378611603" version="1" timestamp="2026-09-02T12:00:00Z" changeset="1" uid="1" user="generator"/>
  <node id="1811" lat="43.1427961381" lon="-95.1378611726" version="1" timestamp="2026-09-02T12:00:00Z" changeset="1" uid="1" user="generator"/>
  <node id="1812" lat="43.1427961291" lon="-95.1378611849" version="1" timestamp="2026-09-02T12:00:00Z" changeset="1" uid="1" user="generator"/>
  <node id="1813" lat="43.1427958591" lon="-95.1378619374" version="1" timestamp="2026-09-02T12:00:00Z" changeset="1" uid="1" user="generator"/>
  <node id="1814" lat="43.1427956251" lon="-95.1378625541" version="1" timestamp="2026-09-02T12:00:00Z" changeset="1" uid="1" user="generator"/>
  <node id="1815" lat="43.1427956251" lon="-95.1378625665" version="1" timestamp="2026-09-02T12:00:00Z" changeset="1" uid="1" user="generator"/>
  <node id="1816" lat="43.1427956161" lon="-95.1378625788" version="1" timestamp="2026-09-02T12:00:00Z" changeset="1" uid="1" user="generator"/>
  <node id="1817" lat="43.1427955171" lon="-95.1378628625" version="1" timestamp="2026-09-02T12:00:00Z" changeset="1" uid="1" user="generator"/>
  <node id="1818" lat="43.1427955081" lon="-95.1378628625" version="1" timestamp="2026-09-02T12:00:00Z" changeset="1" uid="1" user="generator"/>
  <node id="1819" lat="43.1427955081" lon="-95.1378628749" version="1" timestamp="2026-09-02T12:00:00Z" changeset="1" uid="1" user="generator"/>
  <node id="1820" lat="43.1427949771" lon="-95.1378642441" version="1" timestamp="2026-09-02T12:00:00Z" changeset="1" uid="1" user="generator"/>
  <node id="1821" lat="43.1427949681" lon="-95.1378642564" version="1" timestamp="2026-09-02T12:00:00Z" changeset="1" uid="1" user="generator"/>
  <node id="1822" lat="43.1427948601" lon="-95.1378645401" version="1" timestamp="2026-09-02T12:00:00Z" changeset="1" uid="1" user="generator"/>
  <node id="1823" lat="43.1427948511" lon="-95.1378645401" version="1" timestamp="2026-09-02T12:00:00Z" changeset="1" uid="1" user="generator"/>
  <node id="1824" lat="43.1427948511" lon="-95.1378645525" version="1" timestamp="2026-09-02T12:00:00Z" changeset="1" uid="1" user="generator"/>
  <node id="1825" lat="43.1427942931" lon="-95.1378659093" version="1" timestamp="2026-09-02T12:00:00Z" changeset="1" uid="1" user="generator"/>
  <node id="1826" lat="43.1427942931" lon="-95.1378659217" version="1" timestamp="2026-09-02T12:00:00Z" changeset="1" uid="1" user="generator"/>
  <node id="1827" lat="43.1427941761" lon="-95.1378661930" version="1" timestamp="2026-09-02T12:00:00Z" changeset="1" uid="1" user="generator"/>
  <node id="1828" lat="43.1427941671" lon="-95.1378662054" version="1" timestamp="2026-09-02T12:00:00Z" changeset="1" uid="1" user="generator"/>
  <node id="1829" lat="43.1427941671" lon="-95.1378662177" version="1" timestamp="2026-09-02T12:00:00Z" changeset="1" uid="1" user="generator"/>
  <node id="1830" lat="43.1427935821" lon="-95.1378675499" version="1" timestamp="2026-09-02T12:00:00Z" changeset="1" uid="1" user="generator"/>
  <node id="1831" lat="43.1427935821" lon="-95.1378675623" version="1" timestamp="2026-09-02T12:00:00Z" changeset="1" uid="1" user="generator"/>
  <node id="1832" lat="43.1427935821" lon="-95.1378675746" version="1" timestamp="2026-09-02T12:00:00Z" changeset="1" uid="1" user="generator"/>
  <node id="1833" lat="43.1427935731" lon="-95.1378675869" version="1" timestamp="2026-09-02T12:00:00Z" changeset="1" uid="1" user="generator"/>
  <node id="1834" lat="43.1427934561" lon="-95.1378678460" version="1" timestamp="2026-09-02T12:00:00Z" changeset="1" uid="1" user="generator"/>
  <node id="1835" lat="43.1427934561" lon="-95.1378678583" version="1" timestamp="2026-09-02T12:00:00Z" changeset="1" uid="1" user="generator"/>
  <node id="1836" lat="43.1427934471" lon="-95.1378678583" version="1" timestamp="2026-09-02T12:00:00Z" changeset="1" uid="1" user="generator"/>
  <node id="1837" lat="43.1427931411" lon="-95.1378685367" version="1" timestamp="2026-09-02T12:00:00Z" changeset="1" uid="1" user="generator"/>
  <node id="1838" lat="43.1427928441" lon="-95.1378691905" version="1" timestamp="2026-09-02T12:00:00Z" changeset="1" uid="1" user="generator"/>
  <node id="1839" lat="43.1427928351" lon="-95.1378692028" version="1" timestamp="2026-09-02T12:00:00Z" changeset="1" uid="1" user="generator"/>
  <node id="1840" lat="43.1427927271" lon="-95.1378694372" version="1" timestamp="2026-09-02T12:00:00Z" changeset="1" uid="1" user="generator"/>
  <node id="1841" lat="43.1427927091" lon="-95.1378694742" version="1" timestamp="2026-09-02T12:00:00Z" changeset="1" uid="1" user="generator"/>
  <node id="1842" lat="43.1427927091" lon="-95.1378694866" version="1" timestamp="2026-09-02T12:00:00Z" changeset="1" uid="1" user="generator"/>
  <node id="1843" lat="43.1427927001" lon="-95.1378694866" version="1" timestamp="2026-09-02T12:00:00Z" changeset="1" uid="1" user="generator"/>
  <node id="1844" lat="43.1427920791" lon="-95.1378708064" version="1" timestamp="2026-09-02T12:00:00Z" changeset="1" uid="1" user="generator"/>
  <node id="1845" lat="43.1427920701" lon="-95.1378708064" version="1" timestamp="2026-09-02T12:00:00Z" changeset="1" uid="1" user="generator"/>
  <node id="1846" lat="43.1427920701" lon="-95.1378708188" version="1" timestamp="2026-09-02T12:00:00Z" changeset="1" uid="1" user="generator"/>
  <node id="1847" lat="43.1427919351" lon="-95.1378710901" version="1" timestamp="2026-09-02T12:00:00Z" changeset="1" uid="1" user="generator"/>
  <node id="1848" lat="43.1427919261" lon="-95.1378711025" version="1" timestamp="2026-09-02T12:00:00Z" changeset="1" uid="1" user="generator"/>
  <node id="1849" lat="43.1427912781" lon="-95.1378723977" version="1" timestamp="2026-09-02T12:00:00Z" changeset="1" uid="1" user="generator"/>
  <node id="1850" lat="43.1427912691" lon="-95.1378724100" version="1" timestamp="2026-09-02T12:00:00Z" changeset="1" uid="1" user="generator"/>
  <node id="1851" lat="43.1427912061" lon="-95.1378725457" version="1" timestamp="2026-09-02T12:00:00Z" changeset="1" uid="1" user="generator"/>
  <node id="1852" lat="43.1427200610" lon="-95.1380108855" version="1" timestamp="2026-09-02T12:00:00Z" changeset="1" uid="1" user="generator"/>
  <node id="1853" lat="43.1427200340" lon="-95.1380109225" version="1" timestamp="2026-09-02T12:00:00Z" changeset="1" uid="1" user="generator"/>
  <node id="1854" lat="43.1427194400" lon="-95.1380121190" version="1" timestamp="2026-09-02T12:00:00Z" changeset="1" uid="1" user="generator"/>
  <node id="1855" lat="43.1427193950" lon="-95.1380122054" version="1" timestamp="2026-09-02T12:00:00Z" changeset="1" uid="1" user="generator"/>
  <node id="1856" lat="43.1427192240" lon="-95.1380125754" version="1" timestamp="2026-09-02T12:00:00Z" changeset="1" uid="1" user="generator"/>
  <node id="1857" lat="43.1427188730" lon="-95.1380133156" version="1" timestamp="2026-09-02T12:00:00Z" changeset="1" uid="1" user="generator"/>
  <node id="1858" lat="43.1427188370" lon="-95.1380133896" version="1" timestamp="2026-09-02T12:00:00Z" changeset="1" uid="1" user="generator"/>
  <node id="1859" lat="43.1427183330" lon="-95.1380145121" version="1" timestamp="2026-09-02T12:00:00Z" changeset="1" uid="1" user="generator"/>
  <node id="1860" lat="43.1427182970" lon="-95.1380145984" version="1" timestamp="2026-09-02T12:00:00Z" changeset="1" uid="1" user="generator"/>
  <node id="1861" lat="43.1427178200" lon="-95.1380157333" version="1" timestamp="2026-09-02T12:00:00Z" changeset="1" uid="1" user="generator"/>
  <node id="1862" lat="43.1427177840" lon="-95.1380158196" version="1" timestamp="2026-09-02T12:00:00Z" changeset="1" uid="1" user="generator"/>
  <node id="1863" lat="43.1427173340" lon="-95.1380169545" version="1" timestamp="2026-09-02T12:00:00Z" changeset="1" uid="1" user="generator"/>
  <node id="1864" lat="43.1427172980" lon="-95.1380170408" version="1" timestamp="2026-09-02T12:00:00Z" changeset="1" uid="1" user="generator"/>
  <node id="1865" lat="43.1427171180" lon="-95.1380175219" version="1" timestamp="2026-09-02T12:00:00Z" changeset="1" uid="1" user="generator"/>
  <node id="1866" lat="43.1427168660" lon="-95.1380182003" version="1" timestamp="2026-09-02T12:00:00Z" changeset="1" uid="1" user="generator"/>
  <node id="1867" lat="43.1427168390" lon="-95.1380182867" version="1" timestamp="2026-09-02T12:00:00Z" changeset="1" uid="1" user="generator"/>
  <node id="1868" lat="43.1427164340" lon="-95.1380194585" version="1" timestamp="2026-09-02T12:00:00Z" changeset="1" uid="1" user="generator"/>
  <node id="1869" lat="43.1427163980" lon="-95.1380195449" version="1" timestamp="2026-09-02T12:00:00Z" changeset="1" uid="1" user="generator"/>
  <node id="1870" lat="43.1427159840" lon="-95.1380208401" version="1" timestamp="2026-09-02T12:00:00Z" changeset="1" uid="1" user="generator"/>
  <node id="1871" lat="43.1427159660" lon="-95.1380208771" version="1" timestamp="2026-09-02T12:00:00Z" changeset="1" uid="1" user="generator"/>
  <node id="1872" lat="43.1426822070" lon="-95.1381286748" version="1" timestamp="2026-09-02T12:00:00Z" changeset="1" uid="1" user="generator"/>
  <node id="1873" lat="43.1426078849" lon="-95.1383659556" version="1" timestamp="2026-09-02T12:00:00Z" changeset="1" uid="1" user="generator"/>
  <node id="1874" lat="43.1426078669" lon="-95.1383660050" version="1" timestamp="2026-09-02T12:00:00Z" changeset="1" uid="1" user="generator"/>
  <node id="1875" lat="43.1426074259" lon="-95.1383674852" version="1" timestamp="2026-09-02T12:00:00Z" changeset="1" uid="1" user="generator"/>
  <node id="1876" lat="43.1426073989" lon="-95.1383675839" version="1" timestamp="2026-09-02T12:00:00Z" changeset="1" uid="1" user="generator"/>
  <node id="1877" lat="43.1426070209" lon="-95.1383689531" version="1" timestamp="2026-09-02T12:00:00Z" changeset="1" uid="1" user="generator"/>
  <node id="1878" lat="43.1426069939" lon="-95.1383690518" version="1" timestamp="2026-09-02T12:00:00Z" changeset="1" uid="1" user="generator"/>
  <node id="1879" lat="43.1426066519" lon="-95.1383704210" version="1" timestamp="2026-09-02T12:00:00Z" changeset="1" uid="1" user="generator"/>
  <node id="1880" lat="43.1426066339" lon="-95.1383705197" version="1" timestamp="2026-09-02T12:00:00Z" changeset="1" uid="1" user="generator"/>
  <node id="1881" lat="43.1426063189" lon="-95.1383719012" version="1" timestamp="2026-09-02T12:00:00Z" changeset="1" uid="1" user="generator"/>
  <node id="1882" lat="43.1426063009" lon="-95.1383719999" version="1" timestamp="2026-09-02T12:00:00Z" changeset="1" uid="1" user="generator"/>
  <node id="1883" lat="43.1426062919" lon="-95.1383720616" version="1" timestamp="2026-09-02T12:00:00Z" changeset="1" uid="1" user="generator"/>
  <node id="1884" lat="43.1426060219" lon="-95.1383733815" version="1" timestamp="2026-09-02T12:00:00Z" changeset="1" uid="1" user="generator"/>
  <node id="1885" lat="43.1426060039" lon="-95.1383734925" version="1" timestamp="2026-09-02T12:00:00Z" changeset="1" uid="1" user="generator"/>
  <node id="1886" lat="43.1426057609" lon="-95.1383748864" version="1" timestamp="2026-09-02T12:00:00Z" changeset="1" uid="1" user="generator"/>
  <node id="1887" lat="43.1426057429" lon="-95.1383749850" version="1" timestamp="2026-09-02T12:00:00Z" changeset="1" uid="1" user="generator"/>
  <node id="1888" lat="43.1426055269" lon="-95.1383763913" version="1" timestamp="2026-09-02T12:00:00Z" changeset="1" uid="1" user="generator"/>
  <node id="1889" lat="43.1426055179" lon="-95.1383765023" version="1" timestamp="2026-09-02T12:00:00Z" changeset="1" uid="1" user="generator"/>
  <node id="1890" lat="43.1426053199" lon="-95.1383780442" version="1" timestamp="2026-09-02T12:00:00Z" changeset="1" uid="1" user="generator"/>
  <node id="1891" lat="43.1426053109" lon="-95.1383780935" version="1" timestamp="2026-09-02T12:00:00Z" changeset="1" uid="1" user="generator"/>
  <node id="1892" lat="43.1425629569" lon="-95.1387446108" version="1" timestamp="2026-09-02T12:00:00Z" changeset="1" uid="1" user="generator"/>
  <node id="1893" lat="43.1425629569" lon="-95.1387446231" version="1" timestamp="2026-09-02T12:00:00Z" changeset="1" uid="1" user="generator"/>
  <node id="1894" lat="43.1425629389" lon="-95.1387447958" version="1" timestamp="2026-09-02T12:00:00Z" changeset="1" uid="1" user="generator"/>
  <node id="1895" lat="43.1425629389" lon="-95.1387448081" version="1" timestamp="2026-09-02T12:00:00Z" changeset="1" uid="1" user="generator"/>
  <node id="1896" lat="43.1425627139" lon="-95.1387465968" version="1" timestamp="2026-09-02T12:00:00Z" changeset="1" uid="1" user="generator"/>
  <node id="1897" lat="43.1425627139" lon="-95.1387466091" version="1" timestamp="2026-09-02T12:00:00Z" changeset="1" uid="1" user="generator"/>
  <node id="1898" lat="43.1425627049" lon="-95.1387466214" version="1" timestamp="2026-09-02T12:00:00Z" changeset="1" uid="1" user="generator"/>
  <node id="1899" lat="43.1425626599" lon="-95.1387469791" version="1" timestamp="2026-09-02T12:00:00Z" changeset="1" uid="1" user="generator"/>
  <node id="1900" lat="43.1425626599" lon="-95.1387469915" version="1" timestamp="2026-09-02T12:00:00Z" changeset="1" uid="1" user="generator"/>
  <node id="1901" lat="43.1425626509" lon="-95.1387470038" version="1" timestamp="2026-09-02T12:00:00Z" changeset="1" uid="1" user="generator"/>
  <node id="1902" lat="43.1425625879" lon="-95.1387474355" version="1" timestamp="2026-09-02T12:00:00Z" changeset="1" uid="1" user="generator"/>
  <node id="1903" lat="43.1425623899" lon="-95.1387487678" version="1" timestamp="2026-09-02T12:00:00Z" changeset="1" uid="1" user="generator"/>
  <node id="1904" lat="43.1425623899" lon="-95.1387487801" version="1" timestamp="2026-09-02T12:00:00Z" changeset="1" uid="1" user="generator"/>
  <node id="1905" lat="43.1425623899" lon="-95.1387487924" version="1" timestamp="2026-09-02T12:00:00Z" changeset="1" uid="1" user="generator"/>
  <node id="1906" lat="43.1425623359" lon="-95.1387491501" version="1" timestamp="2026-09-02T12:00:00Z" changeset="1" uid="1" user="generator"/>
  <node id="1907" lat="43.1425623269" lon="-95.1387491625" version="1" timestamp="2026-09-02T12:00:00Z" changeset="1" uid="1" user="generator"/>
  <node id="1908" lat="43.1425623269" lon="-95.1387491748" version="1" timestamp="2026-09-02T12:00:00Z" changeset="1" uid="1" user="generator"/>
  <node id="1909" lat="43.1425620299" lon="-95.1387509264" version="1" timestamp="2026-09-02T12:00:00Z" changeset="1" uid="1" user="generator"/>
  <node id="1910" lat="43.1425620299" lon="-95.1387509388" version="1" timestamp="2026-09-02T12:00:00Z" changeset="1" uid="1" user="generator"/>
  <node id="1911" lat="43.1425620209" lon="-95.1387509511" version="1" timestamp="2026-09-02T12:00:00Z" changeset="1" uid="1" user="generator"/>
  <node id="1912" lat="43.1425619669" lon="-95.1387512595" version="1" timestamp="2026-09-02T12:00:00Z" changeset="1" uid="1" user="generator"/>
  <node id="1913" lat="43.1425619579" lon="-95.1387513088" version="1" timestamp="2026-09-02T12:00:00Z" changeset="1" uid="1" user="generator"/>
  <node id="1914" lat="43.1425619579" lon="-95.1387513212" version="1" timestamp="2026-09-02T12:00:00Z" changeset="1" uid="1" user="generator"/>
  <node id="1915" lat="43.1425619579" lon="-95.1387513335" version="1" timestamp="2026-09-02T12:00:00Z" changeset="1" uid="1" user="generator"/>
  <node id="1916" lat="43.1425616429" lon="-95.1387529247" version="1" timestamp="2026-09-02T12:00:00Z" changeset="1" uid="1" user="generator"/>
  <node id="1917" lat="43.1425616159" lon="-95.1387530728" version="1" timestamp="2026-09-02T12:00:00Z" changeset="1" uid="1" user="generator"/>
  <node id="1918" lat="43.1425616159" lon="-95.1387530851" version="1" timestamp="2026-09-02T12:00:00Z" changeset="1" uid="1" user="generator"/>
  <node id="1919" lat="43.1425616159" lon="-95.1387530974" version="1" timestamp="2026-09-02T12:00:00Z" changeset="1" uid="1" user="generator"/>
  <node id="1920" lat="43.1425615439" lon="-95.1387534551" version="1" timestamp="2026-09-02T12:00:00Z" changeset="1" uid="1" user="generator"/>
  <node id="1921" lat="43.1425615349" lon="-95.1387534675" version="1" timestamp="2026-09-02T12:00:00Z" changeset="1" uid="1" user="generator"/>
  <node id="1922" lat="43.1425615349" lon="-95.1387534798" version="1" timestamp="2026-09-02T12:00:00Z" changeset="1" uid="1" user="generator"/>
  <node id="1923" lat="43.1425613639" lon="-95.1387542939" version="1" timestamp="2026-09-02T12:00:00Z" changeset="1" uid="1" user="generator"/>
  <node id="1924" lat="43.1425611659" lon="-95.1387552068" version="1" timestamp="2026-09-02T12:00:00Z" changeset="1" uid="1" user="generator"/>
  <node id="1925" lat="43.1425611569" lon="-95.1387552191" version="1" timestamp="2026-09-02T12:00:00Z" changeset="1" uid="1" user="generator"/>
  <node id="1926" lat="43.1425611569" lon="-95.1387552314" version="1" timestamp="2026-09-02T12:00:00Z" changeset="1" uid="1" user="generator"/>
  <node id="1927" lat="43.1425610759" lon="-95.1387555891" version="1" timestamp="2026-09-02T12:00:00Z" changeset="1" uid="1" user="generator"/>
  <node id="1928" lat="43.1425610759" lon="-95.1387556015" version="1" timestamp="2026-09-02T12:00:00Z" changeset="1" uid="1" user="generator"/>
  <node id="1929" lat="43.1425610669" lon="-95.1387556138" version="1" timestamp="2026-09-02T12:00:00Z" changeset="1" uid="1" user="generator"/>
  <node id="1930" lat="43.1425609499" lon="-95.1387560949" version="1" timestamp="2026-09-02T12:00:00Z" changeset="1" uid="1" user="generator"/>
  <node id="1931" lat="43.1425606619" lon="-95.1387573284" version="1" timestamp="2026-09-02T12:00:00Z" changeset="1" uid="1" user="generator"/>
  <node id="1932" lat="43.1425606529" lon="-95.1387573408" version="1" timestamp="2026-09-02T12:00:00Z" changeset="1" uid="1" user="generator"/>
  <node id="1933" lat="43.1425606529" lon="-95.1387573531" version="1" timestamp="2026-09-02T12:00:00Z" changeset="1" uid="1" user="generator"/>
  <node id="1934" lat="43.1425605629" lon="-95.1387577108" version="1" timestamp="2026-09-02T12:00:00Z" changeset="1" uid="1" user="generator"/>
  <node id="1935" lat="43.1425605629" lon="-95.1387577231" version="1" timestamp="2026-09-02T12:00:00Z" changeset="1" uid="1" user="generator"/>
  <node id="1936" lat="43.1425605629" lon="-95.1387577355" version="1" timestamp="2026-09-02T12:00:00Z" changeset="1" uid="1" user="generator"/>
  <node id="1937" lat="43.1425601129" lon="-95.1387594377" version="1" timestamp="2026-09-02T12:00:00Z" changeset="1" uid="1" user="generator"/>
  <node id="1938" lat="43.1425601039" lon="-95.1387594501" version="1" timestamp="2026-09-02T12:00:00Z" changeset="1" uid="1" user="generator"/>
  <node id="1939" lat="43.1425601039" lon="-95.1387594624" version="1" timestamp="2026-09-02T12:00:00Z" changeset="1" uid="1" user="generator"/>
  <node id="1940" lat="43.1425600049" lon="-95.1387598078" version="1" timestamp="2026-09-02T12:00:00Z" changeset="1" uid="1" user="generator"/>
  <node id="1941" lat="43.1425600049" lon="-95.1387598201" version="1" timestamp="2026-09-02T12:00:00Z" changeset="1" uid="1" user="generator"/>
  <node id="1942" lat="43.1425600049" lon="-95.1387598325" version="1" timestamp="2026-09-02T12:00:00Z" changeset="1" uid="1" user="generator"/>
  <node id="1943" lat="43.1425595189" lon="-95.1387615347" version="1" timestamp="2026-09-02T12:00:00Z" changeset="1" uid="1" user="generator"/>
  <node id="1944" lat="43.1425595099" lon="-95.1387615471" version="1" timestamp="2026-09-02T12:00:00Z" changeset="1" uid="1" user="generator"/>
  <node id="1945" lat="43.1425594649" lon="-95.1387617198" version="1" timestamp="2026-09-02T12:00:00Z" changeset="1" uid="1" user="generator"/>
  <node id="1946" lat="43.1425594559" lon="-95.1387617321" version="1" timestamp="2026-09-02T12:00:00Z" changeset="1" uid="1" user="generator"/>
  <node id="1947" lat="43.1425239868" lon="-95.1388808289" version="1" timestamp="2026-09-02T12:00:00Z" changeset="1" uid="1" user="generator"/>
  <node id="1948" lat="43.1425238698" lon="-95.1388813347" version="1" timestamp="2026-09-02T12:00:00Z" changeset="1" uid="1" user="generator"/>
  <node id="1949" lat="43.1424366777" lon="-95.1393834656" version="1" timestamp="2026-09-02T12:00:00Z" changeset="1" uid="1" user="generator"/>
  <node id="1950" lat="43.1424366687" lon="-95.1393835027" version="1" timestamp="2026-09-02T12:00:00Z" changeset="1" uid="1" user="generator"/>
  <node id="1951" lat="43.1424364977" lon="-95.1393845635" version="1" timestamp="2026-09-02T12:00:00Z" changeset="1" uid="1" user="generator"/>
  <node id="1952" lat="43.1424364887" lon="-95.1393846375" version="1" timestamp="2026-09-02T12:00:00Z" changeset="1" uid="1" user="generator"/>
  <node id="1953" lat="43.1424363447" lon="-95.1393856120" version="1" timestamp="2026-09-02T12:00:00Z" changeset="1" uid="1" user="generator"/>
  <node id="1954" lat="43.1424363267" lon="-95.1393856860" version="1" timestamp="2026-09-02T12:00:00Z" changeset="1" uid="1" user="generator"/>
  <node id="1955" lat="43.1424362007" lon="-95.1393866605" version="1" timestamp="2026-09-02T12:00:00Z" changeset="1" uid="1" user="generator"/>
  <node id="1956" lat="43.1424361917" lon="-95.1393867345" version="1" timestamp="2026-09-02T12:00:00Z" changeset="1" uid="1" user="generator"/>
  <node id="1957" lat="43.1424360747" lon="-95.1393877090" version="1" timestamp="2026-09-02T12:00:00Z" changeset="1" uid="1" user="generator"/>
  <node id="1958" lat="43.1424360747" lon="-95.1393877830" version="1" timestamp="2026-09-02T12:00:00Z" changeset="1" uid="1" user="generator"/>
  <node id="1959" lat="43.1424359757" lon="-95.1393887698" version="1" timestamp="2026-09-02T12:00:00Z" changeset="1" uid="1" user="generator"/>
  <node id="1960" lat="43.1424359667" lon="-95.1393888438" version="1" timestamp="2026-09-02T12:00:00Z" changeset="1" uid="1" user="generator"/>
  <node id="1961" lat="43.1424358857" lon="-95.1393898306" version="1" timestamp="2026-09-02T12:00:00Z" changeset="1" uid="1" user="generator"/>
  <node id="1962" lat="43.1424358767" lon="-95.1393898923" version="1" timestamp="2026-09-02T12:00:00Z" changeset="1" uid="1" user="generator"/>
  <node id="1963" lat="43.1424358137" lon="-95.1393908791" version="1" timestamp="2026-09-02T12:00:00Z" changeset="1" uid="1" user="generator"/>
  <node id="1964" lat="43.1424358047" lon="-95.1393909531" version="1" timestamp="2026-09-02T12:00:00Z" changeset="1" uid="1" user="generator"/>
  <node id="1965" lat="43.1424357867" lon="-95.1393913725" version="1" timestamp="2026-09-02T12:00:00Z" changeset="1" uid="1" user="generator"/>
  <node id="1966" lat="43.1424357507" lon="-95.1393920386" version="1" timestamp="2026-09-02T12:00:00Z" changeset="1" uid="1" user="generator"/>
  <node id="1967" lat="43.1424357507" lon="-95.1393920756" version="1" timestamp="2026-09-02T12:00:00Z" changeset="1" uid="1" user="generator"/>
  <node id="1968" lat="43.1424196317" lon="-95.1397676716" version="1" timestamp="2026-09-02T12:00:00Z" changeset="1" uid="1" user="generator"/>
  <node id="1969" lat="43.1424143937" lon="-95.1398896919" version="1" timestamp="2026-09-02T12:00:00Z" changeset="1" uid="1" user="generator"/>
  <node id="1970" lat="43.1424143937" lon="-95.1398897043" version="1" timestamp="2026-09-02T12:00:00Z" changeset="1" uid="1" user="generator"/>
  <node id="1971" lat="43.1424143847" lon="-95.1398898523" version="1" timestamp="2026-09-02T12:00:00Z" changeset="1" uid="1" user="generator"/>
  <node id="1972" lat="43.1424143127" lon="-95.1398912585" version="1" timestamp="2026-09-02T12:00:00Z" changeset="1" uid="1" user="generator"/>
  <node id="1973" lat="43.1424143127" lon="-95.1398912832" version="1" timestamp="2026-09-02T12:00:00Z" changeset="1" uid="1" user="generator"/>
  <node id="1974" lat="43.1424142947" lon="-95.1398915669" version="1" timestamp="2026-09-02T12:00:00Z" changeset="1" uid="1" user="generator"/>
  <node id="1975" lat="43.1424142947" lon="-95.1398915915" version="1" timestamp="2026-09-02T12:00:00Z" changeset="1" uid="1" user="generator"/>
  <node id="1976" lat="43.1424142047" lon="-95.1398929854" version="1" timestamp="2026-09-02T12:00:00Z" changeset="1" uid="1" user="generator"/>
  <node id="1977" lat="43.1424141957" lon="-95.1398930101" version="1" timestamp="2026-09-02T12:00:00Z" changeset="1" uid="1" user="generator"/>
  <node id="1978" lat="43.1424141777" lon="-95.1398932938" version="1" timestamp="2026-09-02T12:00:00Z" changeset="1" uid="1" user="generator"/>
  <node id="1979" lat="43.1424141777" lon="-95.1398933061" version="1" timestamp="2026-09-02T12:00:00Z" changeset="1" uid="1" user="generator"/>
  <node id="1980" lat="43.1424140607" lon="-95.1398947124" version="1" timestamp="2026-09-02T12:00:00Z" changeset="1" uid="1" user="generator"/>
  <node id="1981" lat="43.1424140517" lon="-95.1398947247" version="1" timestamp="2026-09-02T12:00:00Z" changeset="1" uid="1" user="generator"/>
  <node id="1982" lat="43.1424140247" lon="-95.1398950084" version="1" timestamp="2026-09-02T12:00:00Z" changeset="1" uid="1" user="generator"/>
  <node id="1983" lat="43.1424140247" lon="-95.1398950331" version="1" timestamp="2026-09-02T12:00:00Z" changeset="1" uid="1" user="generator"/>
  <node id="1984" lat="43.1424138807" lon="-95.1398964270" version="1" timestamp="2026-09-02T12:00:00Z" changeset="1" uid="1" user="generator"/>
  <node id="1985" lat="43.1424138807" lon="-95.1398964393" version="1" timestamp="2026-09-02T12:00:00Z" changeset="1" uid="1" user="generator"/>
  <node id="1986" lat="43.1424138537" lon="-95.1398967353" version="1" timestamp="2026-09-02T12:00:00Z" changeset="1" uid="1" user="generator"/>
  <node id="1987" lat="43.1424138447" lon="-95.1398967477" version="1" timestamp="2026-09-02T12:00:00Z" changeset="1" uid="1" user="generator"/>
  <node id="1988" lat="43.1424136827" lon="-95.1398981416" version="1" timestamp="2026-09-02T12:00:00Z" changeset="1" uid="1" user="generator"/>
  <node id="1989" lat="43.1424136827" lon="-95.1398981539" version="1" timestamp="2026-09-02T12:00:00Z" changeset="1" uid="1" user="generator"/>
  <node id="1990" lat="43.1424136467" lon="-95.1398984376" version="1" timestamp="2026-09-02T12:00:00Z" changeset="1" uid="1" user="generator"/>
  <node id="1991" lat="43.1424136377" lon="-95.1398984623" version="1" timestamp="2026-09-02T12:00:00Z" changeset="1" uid="1" user="generator"/>
  <node id="1992" lat="43.1424134487" lon="-95.1398998438" version="1" timestamp="2026-09-02T12:00:00Z" changeset="1" uid="1" user="generator"/>
  <node id="1993" lat="43.1424134487" lon="-95.1398998685" version="1" timestamp="2026-09-02T12:00:00Z" changeset="1" uid="1" user="generator"/>
  <node id="1994" lat="43.1424134037" lon="-95.1399001522" version="1" timestamp="2026-09-02T12:00:00Z" changeset="1" uid="1" user="generator"/>
  <node id="1995" lat="43.1424134037" lon="-95.1399001645" version="1" timestamp="2026-09-02T12:00:00Z" changeset="1" uid="1" user="generator"/>
  <node id="1996" lat="43.1424131877" lon="-95.1399015461" version="1" timestamp="2026-09-02T12:00:00Z" changeset="1" uid="1" user="generator"/>
  <node id="1997" lat="43.1424131877" lon="-95.1399015708" version="1" timestamp="2026-09-02T12:00:00Z" changeset="1" uid="1" user="generator"/>
  <node id="1998" lat="43.1424131427" lon="-95.1399018545" version="1" timestamp="2026-09-02T12:00:00Z" changeset="1" uid="1" user="generator"/>
  <node id="1999" lat="43.1424131427" lon="-95.1399018668" version="1" timestamp="2026-09-02T12:00:00Z" changeset="1" uid="1" user="generator"/>
  <node id="2000" lat="43.1424128997" lon="-95.1399032607" version="1" timestamp="2026-09-02T12:00:00Z" changeset="1" uid="1" user="generator"/>
  <node id="2001" lat="43.1424128997" lon="-95.1399032730" version="1" timestamp="2026-09-02T12:00:00Z" changeset="1" uid="1" user="generator"/>
  <node id="2002" lat="43.1424128727" lon="-95.1399034087" version="1" timestamp="2026-09-02T12:00:00Z" changeset="1" uid="1" user="generator"/>
  <node id="2003" lat="43.1424128727" lon="-95.1399034211" version="1" timestamp="2026-09-02T12:00:00Z" changeset="1" uid="1" user="generator"/>
  <node id="2004" lat="43.1423690517" lon="-95.1401461541" version="1" timestamp="2026-09-02T12:00:00Z" changeset="1" uid="1" user="generator"/>
  <node id="2005" lat="43.1423690517" lon="-95.1401461664" version="1" timestamp="2026-09-02T12:00:00Z" changeset="1" uid="1" user="generator"/>
  <node id="2006" lat="43.1423690427" lon="-95.1401462034" version="1" timestamp="2026-09-02T12:00:00Z" changeset="1" uid="1" user="generator"/>
  <node id="2007" lat="43.1423689437" lon="-95.1401467832" version="1" timestamp="2026-09-02T12:00:00Z" changeset="1" uid="1" user="generator"/>
  <node id="2008" lat="43.1423688357" lon="-95.1401473999" version="1" timestamp="2026-09-02T12:00:00Z" changeset="1" uid="1" user="generator"/>
  <node id="2009" lat="43.1423688267" lon="-95.1401474863" version="1" timestamp="2026-09-02T12:00:00Z" changeset="1" uid="1" user="generator"/>
  <node id="2010" lat="43.1423686557" lon="-95.1401485841" version="1" timestamp="2026-09-02T12:00:00Z" changeset="1" uid="1" user="generator"/>
  <node id="2011" lat="43.1423686467" lon="-95.1401486581" version="1" timestamp="2026-09-02T12:00:00Z" changeset="1" uid="1" user="generator"/>
  <node id="2012" lat="43.1423685837" lon="-95.1401491145" version="1" timestamp="2026-09-02T12:00:00Z" changeset="1" uid="1" user="generator"/>
  <node id="2013" lat="43.1423684937" lon="-95.1401497560" version="1" timestamp="2026-09-02T12:00:00Z" changeset="1" uid="1" user="generator"/>
  <node id="2014" lat="43.1423684847" lon="-95.1401498423" version="1" timestamp="2026-09-02T12:00:00Z" changeset="1" uid="1" user="generator"/>
  <node id="2015" lat="43.1423683587" lon="-95.1401509402" version="1" timestamp="2026-09-02T12:00:00Z" changeset="1" uid="1" user="generator"/>
  <node id="2016" lat="43.1423683497" lon="-95.1401510265" version="1" timestamp="2026-09-02T12:00:00Z" changeset="1" uid="1" user="generator"/>
  <node id="2017" lat="43.1423682867" lon="-95.1401516679" version="1" timestamp="2026-09-02T12:00:00Z" changeset="1" uid="1" user="generator"/>
  <node id="2018" lat="43.1423682417" lon="-95.1401521367" version="1" timestamp="2026-09-02T12:00:00Z" changeset="1" uid="1" user="generator"/>
  <node id="2019" lat="43.1423682417" lon="-95.1401522107" version="1" timestamp="2026-09-02T12:00:00Z" changeset="1" uid="1" user="generator"/>
  <node id="2020" lat="43.1423681517" lon="-95.1401533209" version="1" timestamp="2026-09-02T12:00:00Z" changeset="1" uid="1" user="generator"/>
  <node id="2021" lat="43.1423681427" lon="-95.1401534072" version="1" timestamp="2026-09-02T12:00:00Z" changeset="1" uid="1" user="generator"/>
  <node id="2022" lat="43.1423681067" lon="-95.1401540363" version="1" timestamp="2026-09-02T12:00:00Z" changeset="1" uid="1" user="generator"/>
  <node id="2023" lat="43.1423680797" lon="-95.1401545174" version="1" timestamp="2026-09-02T12:00:00Z" changeset="1" uid="1" user="generator"/>
  <node id="2024" lat="43.1423680707" lon="-95.1401546037" version="1" timestamp="2026-09-02T12:00:00Z" changeset="1" uid="1" user="generator"/>
  <node id="2025" lat="43.1423680617" lon="-95.1401549368" version="1" timestamp="2026-09-02T12:00:00Z" changeset="1" uid="1" user="generator"/>
  <node id="2026" lat="43.1423680257" lon="-95.1401558126" version="1" timestamp="2026-09-02T12:00:00Z" changeset="1" uid="1" user="generator"/>
  <node id="2027" lat="43.1423680167" lon="-95.1401558619" version="1" timestamp="2026-09-02T12:00:00Z" changeset="1" uid="1" user="generator"/>
  <node id="2028" lat="43.1423547237" lon="-95.1405572879" version="1" timestamp="2026-09-02T12:00:00Z" changeset="1" uid="1" user="generator"/>
  <node id="2029" lat="43.1423513757" lon="-95.1406584246" version="1" timestamp="2026-09-02T12:00:00Z" changeset="1" uid="1" user="generator"/>
  <node id="2030" lat="43.1423513757" lon="-95.1406584740" version="1" timestamp="2026-09-02T12:00:00Z" changeset="1" uid="1" user="generator"/>
  <node id="2031" lat="43.1423513757" lon="-95.1406585356" version="1" timestamp="2026-09-02T12:00:00Z" changeset="1" uid="1" user="generator"/>
  <node id="2032" lat="43.1423512587" lon="-95.1406600405" version="1" timestamp="2026-09-02T12:00:00Z" changeset="1" uid="1" user="generator"/>
  <node id="2033" lat="43.1423512497" lon="-95.1406600899" version="1" timestamp="2026-09-02T12:00:00Z" changeset="1" uid="1" user="generator"/>
  <node id="2034" lat="43.1423512407" lon="-95.1406601392" version="1" timestamp="2026-09-02T12:00:00Z" changeset="1" uid="1" user="generator"/>
  <node id="2035" lat="43.1423200916" lon="-95.1409131105" version="1" timestamp="2026-09-02T12:00:00Z" changeset="1" uid="1" user="generator"/>
  <node id="2036" lat="43.1423200556" lon="-95.1409136779" version="1" timestamp="2026-09-02T12:00:00Z" changeset="1" uid="1" user="generator"/>
  <node id="2037" lat="43.1423205326" lon="-95.1411387222" version="1" timestamp="2026-09-02T12:00:00Z" changeset="1" uid="1" user="generator"/>
  <node id="2038" lat="43.1423211176" lon="-95.1414149948" version="1" timestamp="2026-09-02T12:00:00Z" changeset="1" uid="1" user="generator"/>
  <node id="2039" lat="43.1423211176" lon="-95.1414150071" version="1" timestamp="2026-09-02T12:00:00Z" changeset="1" uid="1" user="generator"/>
  <node id="2040" lat="43.1423211176" lon="-95.1414151551" version="1" timestamp="2026-09-02T12:00:00Z" changeset="1" uid="1" user="generator"/>
  <node id="2041" lat="43.1423211176" lon="-95.1414151675" version="1" timestamp="2026-09-02T12:00:00Z" changeset="1" uid="1" user="generator"/>
  <node id="2042" lat="43.1423211086" lon="-95.1414166724" version="1" timestamp="2026-09-02T12:00:00Z" changeset="1" uid="1" user="generator"/>
  <node id="2043" lat="43.1423211086" lon="-95.1414166847" version="1" timestamp="2026-09-02T12:00:00Z" changeset="1" uid="1" user="generator"/>
  <node id="2044" lat="43.1423211086" lon="-95.1414166970" version="1" timestamp="2026-09-02T12:00:00Z" changeset="1" uid="1" user="generator"/>
  <node id="2045" lat="43.1423210996" lon="-95.1414170054" version="1" timestamp="2026-09-02T12:00:00Z" changeset="1" uid="1" user="generator"/>
  <node id="2046" lat="43.1423210996" lon="-95.1414170178" version="1" timestamp="2026-09-02T12:00:00Z" changeset="1" uid="1" user="generator"/>
  <node id="2047" lat="43.1423210996" lon="-95.1414170301" version="1" timestamp="2026-09-02T12:00:00Z" changeset="1" uid="1" user="generator"/>
  <node id="2048" lat="43.1423210906" lon="-95.1414174001" version="1" timestamp="2026-09-02T12:00:00Z" changeset="1" uid="1" user="generator"/>
  <node id="2049" lat="43.1423210636" lon="-95.1414185227" version="1" timestamp="2026-09-02T12:00:00Z" changeset="1" uid="1" user="generator"/>
  <node id="2050" lat="43.1423210636" lon="-95.1414185350" version="1" timestamp="2026-09-02T12:00:00Z" changeset="1" uid="1" user="generator"/>
  <node id="2051" lat="43.1423210636" lon="-95.1414185473" version="1" timestamp="2026-09-02T12:00:00Z" changeset="1" uid="1" user="generator"/>
  <node id="2052" lat="43.1423210546" lon="-95.1414188310" version="1" timestamp="2026-09-02T12:00:00Z" changeset="1" uid="1" user="generator"/>
  <node id="2053" lat="43.1423210546" lon="-95.1414188557" version="1" timestamp="2026-09-02T12:00:00Z" changeset="1" uid="1" user="generator"/>
  <node id="2054" lat="43.1423210546" lon="-95.1414188680" version="1" timestamp="2026-09-02T12:00:00Z" changeset="1" uid="1" user="generator"/>
  <node id="2055" lat="43.1423209916" lon="-95.1414203729" version="1" timestamp="2026-09-02T12:00:00Z" changeset="1" uid="1" user="generator"/>
  <node id="2056" lat="43.1423209916" lon="-95.1414203853" version="1" timestamp="2026-09-02T12:00:00Z" changeset="1" uid="1" user="generator"/>
  <node id="2057" lat="43.1423209826" lon="-95.1414205210" version="1" timestamp="2026-09-02T12:00:00Z" changeset="1" uid="1" user="generator"/>
  <node id="2058" lat="43.1423209736" lon="-95.1414206937" version="1" timestamp="2026-09-02T12:00:00Z" changeset="1" uid="1" user="generator"/>
  <node id="2059" lat="43.1423209736" lon="-95.1414207060" version="1" timestamp="2026-09-02T12:00:00Z" changeset="1" uid="1" user="generator"/>
  <node id="2060" lat="43.1423209736" lon="-95.1414207183" version="1" timestamp="2026-09-02T12:00:00Z" changeset="1" uid="1" user="generator"/>
  <node id="2061" lat="43.1423208836" lon="-95.1414222109" version="1" timestamp="2026-09-02T12:00:00Z" changeset="1" uid="1" user="generator"/>
  <node id="2062" lat="43.1423208836" lon="-95.1414222232" version="1" timestamp="2026-09-02T12:00:00Z" changeset="1" uid="1" user="generator"/>
  <node id="2063" lat="43.1423208746" lon="-95.1414222356" version="1" timestamp="2026-09-02T12:00:00Z" changeset="1" uid="1" user="generator"/>
  <node id="2064" lat="43.1423208656" lon="-95.1414224453" version="1" timestamp="2026-09-02T12:00:00Z" changeset="1" uid="1" user="generator"/>
  <node id="2065" lat="43.1423208566" lon="-95.1414225439" version="1" timestamp="2026-09-02T12:00:00Z" changeset="1" uid="1" user="generator"/>
  <node id="2066" lat="43.1423208566" lon="-95.1414225563" version="1" timestamp="2026-09-02T12:00:00Z" changeset="1" uid="1" user="generator"/>
  <node id="2067" lat="43.1423208386" lon="-95.1414227783" version="1" timestamp="2026-09-02T12:00:00Z" changeset="1" uid="1" user="generator"/>
  <node id="2068" lat="43.1423207396" lon="-95.1414240488" version="1" timestamp="2026-09-02T12:00:00Z" changeset="1" uid="1" user="generator"/>
  <node id="2069" lat="43.1423207396" lon="-95.1414240612" version="1" timestamp="2026-09-02T12:00:00Z" changeset="1" uid="1" user="generator"/>
  <node id="2070" lat="43.1423207396" lon="-95.1414240735" version="1" timestamp="2026-09-02T12:00:00Z" changeset="1" uid="1" user="generator"/>
  <node id="2071" lat="43.1423207126" lon="-95.1414243819" version="1" timestamp="2026-09-02T12:00:00Z" changeset="1" uid="1" user="generator"/>
  <node id="2072" lat="43.1423207036" lon="-95.1414243942" version="1" timestamp="2026-09-02T12:00:00Z" changeset="1" uid="1" user="generator"/>
  <node id="2073" lat="43.1423205596" lon="-95.1414258868" version="1" timestamp="2026-09-02T12:00:00Z" changeset="1" uid="1" user="generator"/>
  <node id="2074" lat="43.1423205596" lon="-95.1414258991" version="1" timestamp="2026-09-02T12:00:00Z" changeset="1" uid="1" user="generator"/>
  <node id="2075" lat="43.1423205596" lon="-95.1414259115" version="1" timestamp="2026-09-02T12:00:00Z" changeset="1" uid="1" user="generator"/>
  <node id="2076" lat="43.1423205236" lon="-95.1414262198" version="1" timestamp="2026-09-02T12:00:00Z" changeset="1" uid="1" user="generator"/>
  <node id="2077" lat="43.1423205236" lon="-95.1414262322" version="1" timestamp="2026-09-02T12:00:00Z" changeset="1" uid="1" user="generator"/>
  <node id="2078" lat="43.1423204336" lon="-95.1414269846" version="1" timestamp="2026-09-02T12:00:00Z" changeset="1" uid="1" user="generator"/>
  <node id="2079" lat="43.1423203526" lon="-95.1414277247" version="1" timestamp="2026-09-02T12:00:00Z" changeset="1" uid="1" user="generator"/>
  <node id="2080" lat="43.1423203526" lon="-95.1414277371" version="1" timestamp="2026-09-02T12:00:00Z" changeset="1" uid="1" user="generator"/>
  <node id="2081" lat="43.1423203076" lon="-95.1414280455" version="1" timestamp="2026-09-02T12:00:00Z" changeset="1" uid="1" user="generator"/>
  <node id="2082" lat="43.1423203076" lon="-95.1414280578" version="1" timestamp="2026-09-02T12:00:00Z" changeset="1" uid="1" user="generator"/>
  <node id="2083" lat="43.1423203076" lon="-95.1414280701" version="1" timestamp="2026-09-02T12:00:00Z" changeset="1" uid="1" user="generator"/>
  <node id="2084" lat="43.1423201456" lon="-95.1414292913" version="1" timestamp="2026-09-02T12:00:00Z" changeset="1" uid="1" user="generator"/>
  <node id="2085" lat="43.1423201096" lon="-95.1414295504" version="1" timestamp="2026-09-02T12:00:00Z" changeset="1" uid="1" user="generator"/>
  <node id="2086" lat="43.1423201096" lon="-95.1414295627" version="1" timestamp="2026-09-02T12:00:00Z" changeset="1" uid="1" user="generator"/>
  <node id="2087" lat="43.1423200916" lon="-95.1414297107" version="1" timestamp="2026-09-02T12:00:00Z" changeset="1" uid="1" user="generator"/>
  <node id="2088" lat="43.1423200826" lon="-95.1414297231" version="1" timestamp="2026-09-02T12:00:00Z" changeset="1" uid="1" user="generator"/>
  <node id="2089" lat="43.1422675766" lon="-95.1417956112" version="1" timestamp="2026-09-02T12:00:00Z" changeset="1" uid="1" user="generator"/>
  <node id="2090" lat="43.1422675766" lon="-95.1417956235" version="1" timestamp="2026-09-02T12:00:00Z" changeset="1" uid="1" user="generator"/>
  <node id="2091" lat="43.1422675406" lon="-95.1417958702" version="1" timestamp="2026-09-02T12:00:00Z" changeset="1" uid="1" user="generator"/>
  <node id="2092" lat="43.1422675406" lon="-95.1417958949" version="1" timestamp="2026-09-02T12:00:00Z" changeset="1" uid="1" user="generator"/>
  <node id="2093" lat="43.1422671536" lon="-95.1417983743" version="1" timestamp="2026-09-02T12:00:00Z" changeset="1" uid="1" user="generator"/>
  <node id="2094" lat="43.1422671446" lon="-95.1417983866" version="1" timestamp="2026-09-02T12:00:00Z" changeset="1" uid="1" user="generator"/>
  <node id="2095" lat="43.1422671446" lon="-95.1417984113" version="1" timestamp="2026-09-02T12:00:00Z" changeset="1" uid="1" user="generator"/>
  <node id="2096" lat="43.1422670906" lon="-95.1417987074" version="1" timestamp="2026-09-02T12:00:00Z" changeset="1" uid="1" user="generator"/>
  <node id="2097" lat="43.1422670546" lon="-95.1417989047" version="1" timestamp="2026-09-02T12:00:00Z" changeset="1" uid="1" user="generator"/>
  <node id="2098" lat="43.1422670546" lon="-95.1417989294" version="1" timestamp="2026-09-02T12:00:00Z" changeset="1" uid="1" user="generator"/>
  <node id="2099" lat="43.1422670546" lon="-95.1417989417" version="1" timestamp="2026-09-02T12:00:00Z" changeset="1" uid="1" user="generator"/>
  <node id="2100" lat="43.1422665956" lon="-95.1418014088" version="1" timestamp="2026-09-02T12:00:00Z" changeset="1" uid="1" user="generator"/>
  <node id="2101" lat="43.1422665956" lon="-95.1418014211" version="1" timestamp="2026-09-02T12:00:00Z" changeset="1" uid="1" user="generator"/>
  <node id="2102" lat="43.1422665956" lon="-95.1418014334" version="1" timestamp="2026-09-02T12:00:00Z" changeset="1" uid="1" user="generator"/>
  <node id="2103" lat="43.1422665776" lon="-95.1418015321" version="1" timestamp="2026-09-02T12:00:00Z" changeset="1" uid="1" user="generator"/>
  <node id="2104" lat="43.1422664966" lon="-95.1418019392" version="1" timestamp="2026-09-02T12:00:00Z" changeset="1" uid="1" user="generator"/>
  <node id="2105" lat="43.1422664876" lon="-95.1418019639" version="1" timestamp="2026-09-02T12:00:00Z" changeset="1" uid="1" user="generator"/>
  <node id="2106" lat="43.1422664876" lon="-95.1418019762" version="1" timestamp="2026-09-02T12:00:00Z" changeset="1" uid="1" user="generator"/>
  <node id="2107" lat="43.1422663886" lon="-95.1418024449" version="1" timestamp="2026-09-02T12:00:00Z" changeset="1" uid="1" user="generator"/>
  <node id="2108" lat="43.1422659656" lon="-95.1418044309" version="1" timestamp="2026-09-02T12:00:00Z" changeset="1" uid="1" user="generator"/>
  <node id="2109" lat="43.1422659566" lon="-95.1418044432" version="1" timestamp="2026-09-02T12:00:00Z" changeset="1" uid="1" user="generator"/>
  <node id="2110" lat="43.1422659566" lon="-95.1418044556" version="1" timestamp="2026-09-02T12:00:00Z" changeset="1" uid="1" user="generator"/>
  <node id="2111" lat="43.1422659026" lon="-95.1418046776" version="1" timestamp="2026-09-02T12:00:00Z" changeset="1" uid="1" user="generator"/>
  <node id="2112" lat="43.1422658396" lon="-95.1418049613" version="1" timestamp="2026-09-02T12:00:00Z" changeset="1" uid="1" user="generator"/>
  <node id="2113" lat="43.1422658396" lon="-95.1418049860" version="1" timestamp="2026-09-02T12:00:00Z" changeset="1" uid="1" user="generator"/>
  <node id="2114" lat="43.1422658306" lon="-95.1418049983" version="1" timestamp="2026-09-02T12:00:00Z" changeset="1" uid="1" user="generator"/>
  <node id="2115" lat="43.1422654166" lon="-95.1418067006" version="1" timestamp="2026-09-02T12:00:00Z" changeset="1" uid="1" user="generator"/>
  <node id="2116" lat="43.1422652366" lon="-95.1418074284" version="1" timestamp="2026-09-02T12:00:00Z" changeset="1" uid="1" user="generator"/>
  <node id="2117" lat="43.1422652366" lon="-95.1418074530" version="1" timestamp="2026-09-02T12:00:00Z" changeset="1" uid="1" user="generator"/>
  <node id="2118" lat="43.1422652276" lon="-95.1418074654" version="1" timestamp="2026-09-02T12:00:00Z" changeset="1" uid="1" user="generator"/>
  <node id="2119" lat="43.1422651916" lon="-95.1418076381" version="1" timestamp="2026-09-02T12:00:00Z" changeset="1" uid="1" user="generator"/>
  <node id="2120" lat="43.1422651016" lon="-95.1418079711" version="1" timestamp="2026-09-02T12:00:00Z" changeset="1" uid="1" user="generator"/>
  <node id="2121" lat="43.1422650926" lon="-95.1418079958" version="1" timestamp="2026-09-02T12:00:00Z" changeset="1" uid="1" user="generator"/>
  <node id="2122" lat="43.1422650926" lon="-95.1418080081" version="1" timestamp="2026-09-02T12:00:00Z" changeset="1" uid="1" user="generator"/>
  <node id="2123" lat="43.1422645436" lon="-95.1418100311" version="1" timestamp="2026-09-02T12:00:00Z" changeset="1" uid="1" user="generator"/>
  <node id="2124" lat="43.1422644266" lon="-95.1418104382" version="1" timestamp="2026-09-02T12:00:00Z" changeset="1" uid="1" user="generator"/>
  <node id="2125" lat="43.1422644266" lon="-95.1418104628" version="1" timestamp="2026-09-02T12:00:00Z" changeset="1" uid="1" user="generator"/>
  <node id="2126" lat="43.1422644176" lon="-95.1418104752" version="1" timestamp="2026-09-02T12:00:00Z" changeset="1" uid="1" user="generator"/>
  <node id="2127" lat="43.1422642736" lon="-95.1418109809" version="1" timestamp="2026-09-02T12:00:00Z" changeset="1" uid="1" user="generator"/>
  <node id="2128" lat="43.1422642736" lon="-95.1418109933" version="1" timestamp="2026-09-02T12:00:00Z" changeset="1" uid="1" user="generator"/>
  <node id="2129" lat="43.1422642646" lon="-95.1418110056" version="1" timestamp="2026-09-02T12:00:00Z" changeset="1" uid="1" user="generator"/>
  <node id="2130" lat="43.1422638686" lon="-95.1418123378" version="1" timestamp="2026-09-02T12:00:00Z" changeset="1" uid="1" user="generator"/>
  <node id="2131" lat="43.1422635356" lon="-95.1418134356" version="1" timestamp="2026-09-02T12:00:00Z" changeset="1" uid="1" user="generator"/>
  <node id="2132" lat="43.1422635266" lon="-95.1418134603" version="1" timestamp="2026-09-02T12:00:00Z" changeset="1" uid="1" user="generator"/>
  <node id="2133" lat="43.1422635266" lon="-95.1418134726" version="1" timestamp="2026-09-02T12:00:00Z" changeset="1" uid="1" user="generator"/>
  <node id="2134" lat="43.1422634636" lon="-95.1418136577" version="1" timestamp="2026-09-02T12:00:00Z" changeset="1" uid="1" user="generator"/>
  <node id="2135" lat="43.1422633646" lon="-95.1418139784" version="1" timestamp="2026-09-02T12:00:00Z" changeset="1" uid="1" user="generator"/>
  <node id="2136" lat="43.1422633646" lon="-95.1418139907" version="1" timestamp="2026-09-02T12:00:00Z" changeset="1" uid="1" user="generator"/>
  <node id="2137" lat="43.1422633556" lon="-95.1418140031" version="1" timestamp="2026-09-02T12:00:00Z" changeset="1" uid="1" user="generator"/>
  <node id="2138" lat="43.1422625546" lon="-95.1418164208" version="1" timestamp="2026-09-02T12:00:00Z" changeset="1" uid="1" user="generator"/>
  <node id="2139" lat="43.1422625456" lon="-95.1418164454" version="1" timestamp="2026-09-02T12:00:00Z" changeset="1" uid="1" user="generator"/>
  <node id="2140" lat="43.1422625456" lon="-95.1418164578" version="1" timestamp="2026-09-02T12:00:00Z" changeset="1" uid="1" user="generator"/>
  <node id="2141" lat="43.1422624826" lon="-95.1418166181" version="1" timestamp="2026-09-02T12:00:00Z" changeset="1" uid="1" user="generator"/>
  <node id="2142" lat="43.1422623746" lon="-95.1418169512" version="1" timestamp="2026-09-02T12:00:00Z" changeset="1" uid="1" user="generator"/>
  <node id="2143" lat="43.1422623656" lon="-95.1418169759" version="1" timestamp="2026-09-02T12:00:00Z" changeset="1" uid="1" user="generator"/>
  <node id="2144" lat="43.1422623566" lon="-95.1418169882" version="1" timestamp="2026-09-02T12:00:00Z" changeset="1" uid="1" user="generator"/>
  <node id="2145" lat="43.1422614926" lon="-95.1418194059" version="1" timestamp="2026-09-02T12:00:00Z" changeset="1" uid="1" user="generator"/>
  <node id="2146" lat="43.1422614836" lon="-95.1418194182" version="1" timestamp="2026-09-02T12:00:00Z" changeset="1" uid="1" user="generator"/>
  <node id="2147" lat="43.1422613936" lon="-95.1418196649" version="1" timestamp="2026-09-02T12:00:00Z" changeset="1" uid="1" user="generator"/>
  <node id="2148" lat="43.1422613846" lon="-95.1418196773" version="1" timestamp="2026-09-02T12:00:00Z" changeset="1" uid="1" user="generator"/>
  <node id="2149" lat="43.1420564904" lon="-95.1431692645" version="1" timestamp="2026-09-02T12:00:00Z" changeset="1" uid="1" user="generator"/>
  <node id="2150" lat="43.1420564904" lon="-95.1431693015" version="1" timestamp="2026-09-02T12:00:00Z" changeset="1" uid="1" user="generator"/>
  <node id="2151" lat="43.1420564274" lon="-95.1431697332" version="1" timestamp="2026-09-02T12:00:00Z" changeset="1" uid="1" user="generator"/>
  <node id="2152" lat="43.1420564274" lon="-95.1431697703" version="1" timestamp="2026-09-02T12:00:00Z" changeset="1" uid="1" user="generator"/>
  <node id="2153" lat="43.1420558424" lon="-95.1431740876" version="1" timestamp="2026-09-02T12:00:00Z" changeset="1" uid="1" user="generator"/>
  <node id="2154" lat="43.1420558424" lon="-95.1431741246" version="1" timestamp="2026-09-02T12:00:00Z" changeset="1" uid="1" user="generator"/>
  <node id="2155" lat="43.1420558334" lon="-95.1431741493" version="1" timestamp="2026-09-02T12:00:00Z" changeset="1" uid="1" user="generator"/>
  <node id="2156" lat="43.1420557884" lon="-95.1431744947" version="1" timestamp="2026-09-02T12:00:00Z" changeset="1" uid="1" user="generator"/>
  <node id="2157" lat="43.1420557164" lon="-95.1431750251" version="1" timestamp="2026-09-02T12:00:00Z" changeset="1" uid="1" user="generator"/>
  <node id="2158" lat="43.1420557164" lon="-95.1431750497" version="1" timestamp="2026-09-02T12:00:00Z" changeset="1" uid="1" user="generator"/>
  <node id="2159" lat="43.1420557074" lon="-95.1431750744" version="1" timestamp="2026-09-02T12:00:00Z" changeset="1" uid="1" user="generator"/>
  <node id="2160" lat="43.1420551044" lon="-95.1431793177" version="1" timestamp="2026-09-02T12:00:00Z" changeset="1" uid="1" user="generator"/>
  <node id="2161" lat="43.1420551044" lon="-95.1431793547" version="1" timestamp="2026-09-02T12:00:00Z" changeset="1" uid="1" user="generator"/>
  <node id="2162" lat="43.1420550954" lon="-95.1431793794" version="1" timestamp="2026-09-02T12:00:00Z" changeset="1" uid="1" user="generator"/>
  <node id="2163" lat="43.1420549784" lon="-95.1431802429" version="1" timestamp="2026-09-02T12:00:00Z" changeset="1" uid="1" user="generator"/>
  <node id="2164" lat="43.1420549694" lon="-95.1431802799" version="1" timestamp="2026-09-02T12:00:00Z" changeset="1" uid="1" user="generator"/>
  <node id="2165" lat="43.1420549694" lon="-95.1431803046" version="1" timestamp="2026-09-02T12:00:00Z" changeset="1" uid="1" user="generator"/>
  <node id="2166" lat="43.1420543394" lon="-95.1431844985" version="1" timestamp="2026-09-02T12:00:00Z" changeset="1" uid="1" user="generator"/>
  <node id="2167" lat="43.1420543394" lon="-95.1431845232" version="1" timestamp="2026-09-02T12:00:00Z" changeset="1" uid="1" user="generator"/>
  <node id="2168" lat="43.1420543304" lon="-95.1431845602" version="1" timestamp="2026-09-02T12:00:00Z" changeset="1" uid="1" user="generator"/>
  <node id="2169" lat="43.1420542044" lon="-95.1431854113" version="1" timestamp="2026-09-02T12:00:00Z" changeset="1" uid="1" user="generator"/>
  <node id="2170" lat="43.1420541954" lon="-95.1431854360" version="1" timestamp="2026-09-02T12:00:00Z" changeset="1" uid="1" user="generator"/>
  <node id="2171" lat="43.1420541954" lon="-95.1431854730" version="1" timestamp="2026-09-02T12:00:00Z" changeset="1" uid="1" user="generator"/>
  <node id="2172" lat="43.1420535384" lon="-95.1431896177" version="1" timestamp="2026-09-02T12:00:00Z" changeset="1" uid="1" user="generator"/>
  <node id="2173" lat="43.1420535384" lon="-95.1431896423" version="1" timestamp="2026-09-02T12:00:00Z" changeset="1" uid="1" user="generator"/>
  <node id="2174" lat="43.1420535384" lon="-95.1431896670" version="1" timestamp="2026-09-02T12:00:00Z" changeset="1" uid="1" user="generator"/>
  <node id="2175" lat="43.1420534304" lon="-95.1431903084" version="1" timestamp="2026-09-02T12:00:00Z" changeset="1" uid="1" user="generator"/>
  <node id="2176" lat="43.1420533944" lon="-95.1431905181" version="1" timestamp="2026-09-02T12:00:00Z" changeset="1" uid="1" user="generator"/>
  <node id="2177" lat="43.1420533944" lon="-95.1431905428" version="1" timestamp="2026-09-02T12:00:00Z" changeset="1" uid="1" user="generator"/>
  <node id="2178" lat="43.1420533854" lon="-95.1431905798" version="1" timestamp="2026-09-02T12:00:00Z" changeset="1" uid="1" user="generator"/>
  <node id="2179" lat="43.1420531514" lon="-95.1431920107" version="1" timestamp="2026-09-02T12:00:00Z" changeset="1" uid="1" user="generator"/>
  <node id="2180" lat="43.1420527104" lon="-95.1431946628" version="1" timestamp="2026-09-02T12:00:00Z" changeset="1" uid="1" user="generator"/>
  <node id="2181" lat="43.1420527104" lon="-95.1431946998" version="1" timestamp="2026-09-02T12:00:00Z" changeset="1" uid="1" user="generator"/>
  <node id="2182" lat="43.1420527014" lon="-95.1431947245" version="1" timestamp="2026-09-02T12:00:00Z" changeset="1" uid="1" user="generator"/>
  <node id="2183" lat="43.1420526654" lon="-95.1431949588" version="1" timestamp="2026-09-02T12:00:00Z" changeset="1" uid="1" user="generator"/>
  <node id="2184" lat="43.1420525664" lon="-95.1431955633" version="1" timestamp="2026-09-02T12:00:00Z" changeset="1" uid="1" user="generator"/>
  <node id="2185" lat="43.1420525574" lon="-95.1431955879" version="1" timestamp="2026-09-02T12:00:00Z" changeset="1" uid="1" user="generator"/>
  <node id="2186" lat="43.1420525574" lon="-95.1431956126" version="1" timestamp="2026-09-02T12:00:00Z" changeset="1" uid="1" user="generator"/>
  <node id="2187" lat="43.1420525124" lon="-95.1431958470" version="1" timestamp="2026-09-02T12:00:00Z" changeset="1" uid="1" user="generator"/>
  <node id="2188" lat="43.1420518554" lon="-95.1431996586" version="1" timestamp="2026-09-02T12:00:00Z" changeset="1" uid="1" user="generator"/>
  <node id="2189" lat="43.1420518554" lon="-95.1431996832" version="1" timestamp="2026-09-02T12:00:00Z" changeset="1" uid="1" user="generator"/>
  <node id="2190" lat="43.1420518464" lon="-95.1431997202" version="1" timestamp="2026-09-02T12:00:00Z" changeset="1" uid="1" user="generator"/>
  <node id="2191" lat="43.1420517024" lon="-95.1432005467" version="1" timestamp="2026-09-02T12:00:00Z" changeset="1" uid="1" user="generator"/>
  <node id="2192" lat="43.1420516934" lon="-95.1432005714" version="1" timestamp="2026-09-02T12:00:00Z" changeset="1" uid="1" user="generator"/>
  <node id="2193" lat="43.1420516934" lon="-95.1432005960" version="1" timestamp="2026-09-02T12:00:00Z" changeset="1" uid="1" user="generator"/>
  <node id="2194" lat="43.1420510904" lon="-95.1432039266" version="1" timestamp="2026-09-02T12:00:00Z" changeset="1" uid="1" user="generator"/>
  <node id="2195" lat="43.1420509644" lon="-95.1432045927" version="1" timestamp="2026-09-02T12:00:00Z" changeset="1" uid="1" user="generator"/>
  <node id="2196" lat="43.1420509644" lon="-95.1432046173" version="1" timestamp="2026-09-02T12:00:00Z" changeset="1" uid="1" user="generator"/>
  <node id="2197" lat="43.1420509554" lon="-95.1432046420" version="1" timestamp="2026-09-02T12:00:00Z" changeset="1" uid="1" user="generator"/>
  <node id="2198" lat="43.1420508384" lon="-95.1432052711" version="1" timestamp="2026-09-02T12:00:00Z" changeset="1" uid="1" user="generator"/>
  <node id="2199" lat="43.1420508114" lon="-95.1432054561" version="1" timestamp="2026-09-02T12:00:00Z" changeset="1" uid="1" user="generator"/>
  <node id="2200" lat="43.1420508024" lon="-95.1432054808" version="1" timestamp="2026-09-02T12:00:00Z" changeset="1" uid="1" user="generator"/>
  <node id="2201" lat="43.1420507934" lon="-95.1432055055" version="1" timestamp="2026-09-02T12:00:00Z" changeset="1" uid="1" user="generator"/>
  <node id="2202" lat="43.1420500464" lon="-95.1432094527" version="1" timestamp="2026-09-02T12:00:00Z" changeset="1" uid="1" user="generator"/>
  <node id="2203" lat="43.1420500464" lon="-95.1432094774" version="1" timestamp="2026-09-02T12:00:00Z" changeset="1" uid="1" user="generator"/>
  <node id="2204" lat="43.1420499654" lon="-95.1432098845" version="1" timestamp="2026-09-02T12:00:00Z" changeset="1" uid="1" user="generator"/>
  <node id="2205" lat="43.1420499654" lon="-95.1432099092" version="1" timestamp="2026-09-02T12:00:00Z" changeset="1" uid="1" user="generator"/>
  <node id="2206" lat="43.1419455743" lon="-95.1437484908" version="1" timestamp="2026-09-02T12:00:00Z" changeset="1" uid="1" user="generator"/>
  <node id="2207" lat="43.1419455743" lon="-95.1437485155" version="1" timestamp="2026-09-02T12:00:00Z" changeset="1" uid="1" user="generator"/>
  <node id="2208" lat="43.1419454933" lon="-95.1437489102" version="1" timestamp="2026-09-02T12:00:00Z" changeset="1" uid="1" user="generator"/>
  <node id="2209" lat="43.1419454843" lon="-95.1437489349" version="1" timestamp="2026-09-02T12:00:00Z" changeset="1" uid="1" user="generator"/>
  <node id="2210" lat="43.1419447103" lon="-95.1437528575" version="1" timestamp="2026-09-02T12:00:00Z" changeset="1" uid="1" user="generator"/>
  <node id="2211" lat="43.1419447013" lon="-95.1437528945" version="1" timestamp="2026-09-02T12:00:00Z" changeset="1" uid="1" user="generator"/>
  <node id="2212" lat="43.1419447013" lon="-95.1437529191" version="1" timestamp="2026-09-02T12:00:00Z" changeset="1" uid="1" user="generator"/>
  <node id="2213" lat="43.1419446383" lon="-95.1437532028" version="1" timestamp="2026-09-02T12:00:00Z" changeset="1" uid="1" user="generator"/>
  <node id="2214" lat="43.1419445393" lon="-95.1437537086" version="1" timestamp="2026-09-02T12:00:00Z" changeset="1" uid="1" user="generator"/>
  <node id="2215" lat="43.1419445303" lon="-95.1437537333" version="1" timestamp="2026-09-02T12:00:00Z" changeset="1" uid="1" user="generator"/>
  <node id="2216" lat="43.1419445303" lon="-95.1437537579" version="1" timestamp="2026-09-02T12:00:00Z" changeset="1" uid="1" user="generator"/>
  <node id="2217" lat="43.1419437293" lon="-95.1437575942" version="1" timestamp="2026-09-02T12:00:00Z" changeset="1" uid="1" user="generator"/>
  <node id="2218" lat="43.1419437293" lon="-95.1437576189" version="1" timestamp="2026-09-02T12:00:00Z" changeset="1" uid="1" user="generator"/>
  <node id="2219" lat="43.1419437203" lon="-95.1437576435" version="1" timestamp="2026-09-02T12:00:00Z" changeset="1" uid="1" user="generator"/>
  <node id="2220" lat="43.1419435583" lon="-95.1437584207" version="1" timestamp="2026-09-02T12:00:00Z" changeset="1" uid="1" user="generator"/>
  <node id="2221" lat="43.1419435493" lon="-95.1437584453" version="1" timestamp="2026-09-02T12:00:00Z" changeset="1" uid="1" user="generator"/>
  <node id="2222" lat="43.1419435493" lon="-95.1437584700" version="1" timestamp="2026-09-02T12:00:00Z" changeset="1" uid="1" user="generator"/>
  <node id="2223" lat="43.1419427303" lon="-95.1437622446" version="1" timestamp="2026-09-02T12:00:00Z" changeset="1" uid="1" user="generator"/>
  <node id="2224" lat="43.1419427213" lon="-95.1437622693" version="1" timestamp="2026-09-02T12:00:00Z" changeset="1" uid="1" user="generator"/>
  <node id="2225" lat="43.1419427213" lon="-95.1437622939" version="1" timestamp="2026-09-02T12:00:00Z" changeset="1" uid="1" user="generator"/>
  <node id="2226" lat="43.1419426223" lon="-95.1437627257" version="1" timestamp="2026-09-02T12:00:00Z" changeset="1" uid="1" user="generator"/>
  <node id="2227" lat="43.1419425503" lon="-95.1437630587" version="1" timestamp="2026-09-02T12:00:00Z" changeset="1" uid="1" user="generator"/>
  <node id="2228" lat="43.1419425413" lon="-95.1437630834" version="1" timestamp="2026-09-02T12:00:00Z" changeset="1" uid="1" user="generator"/>
  <node id="2229" lat="43.1419425413" lon="-95.1437631081" version="1" timestamp="2026-09-02T12:00:00Z" changeset="1" uid="1" user="generator"/>
  <node id="2230" lat="43.1419416952" lon="-95.1437668210" version="1" timestamp="2026-09-02T12:00:00Z" changeset="1" uid="1" user="generator"/>
  <node id="2231" lat="43.1419416952" lon="-95.1437668456" version="1" timestamp="2026-09-02T12:00:00Z" changeset="1" uid="1" user="generator"/>
  <node id="2232" lat="43.1419416862" lon="-95.1437668703" version="1" timestamp="2026-09-02T12:00:00Z" changeset="1" uid="1" user="generator"/>
  <node id="2233" lat="43.1419415152" lon="-95.1437676228" version="1" timestamp="2026-09-02T12:00:00Z" changeset="1" uid="1" user="generator"/>
  <node id="2234" lat="43.1419415062" lon="-95.1437676474" version="1" timestamp="2026-09-02T12:00:00Z" changeset="1" uid="1" user="generator"/>
  <node id="2235" lat="43.1419414972" lon="-95.1437676721" version="1" timestamp="2026-09-02T12:00:00Z" changeset="1" uid="1" user="generator"/>
  <node id="2236" lat="43.1419406422" lon="-95.1437713110" version="1" timestamp="2026-09-02T12:00:00Z" changeset="1" uid="1" user="generator"/>
  <node id="2237" lat="43.1419406332" lon="-95.1437713357" version="1" timestamp="2026-09-02T12:00:00Z" changeset="1" uid="1" user="generator"/>
  <node id="2238" lat="43.1419406332" lon="-95.1437713603" version="1" timestamp="2026-09-02T12:00:00Z" changeset="1" uid="1" user="generator"/>
  <node id="2239" lat="43.1419404532" lon="-95.1437721005" version="1" timestamp="2026-09-02T12:00:00Z" changeset="1" uid="1" user="generator"/>
  <node id="2240" lat="43.1419404442" lon="-95.1437721251" version="1" timestamp="2026-09-02T12:00:00Z" changeset="1" uid="1" user="generator"/>
  <node id="2241" lat="43.1419404352" lon="-95.1437721498" version="1" timestamp="2026-09-02T12:00:00Z" changeset="1" uid="1" user="generator"/>
  <node id="2242" lat="43.1419398232" lon="-95.1437746538" version="1" timestamp="2026-09-02T12:00:00Z" changeset="1" uid="1" user="generator"/>
  <node id="2243" lat="43.1419395532" lon="-95.1437757270" version="1" timestamp="2026-09-02T12:00:00Z" changeset="1" uid="1" user="generator"/>
  <node id="2244" lat="43.1419395532" lon="-95.1437757517" version="1" timestamp="2026-09-02T12:00:00Z" changeset="1" uid="1" user="generator"/>
  <node id="2245" lat="43.1419395442" lon="-95.1437757764" version="1" timestamp="2026-09-02T12:00:00Z" changeset="1" uid="1" user="generator"/>
  <node id="2246" lat="43.1419393642" lon="-95.1437765041" version="1" timestamp="2026-09-02T12:00:00Z" changeset="1" uid="1" user="generator"/>
  <node id="2247" lat="43.1419393552" lon="-95.1437765288" version="1" timestamp="2026-09-02T12:00:00Z" changeset="1" uid="1" user="generator"/>
  <node id="2248" lat="43.1419393462" lon="-95.1437765535" version="1" timestamp="2026-09-02T12:00:00Z" changeset="1" uid="1" user="generator"/>
  <node id="2249" lat="43.1419384462" lon="-95.1437800690" version="1" timestamp="2026-09-02T12:00:00Z" changeset="1" uid="1" user="generator"/>
  <node id="2250" lat="43.1419384372" lon="-95.1437800937" version="1" timestamp="2026-09-02T12:00:00Z" changeset="1" uid="1" user="generator"/>
  <node id="2251" lat="43.1419384282" lon="-95.1437801184" version="1" timestamp="2026-09-02T12:00:00Z" changeset="1" uid="1" user="generator"/>
  <node id="2252" lat="43.1419382482" lon="-95.1437808215" version="1" timestamp="2026-09-02T12:00:00Z" changeset="1" uid="1" user="generator"/>
  <node id="2253" lat="43.1419382392" lon="-95.1437808461" version="1" timestamp="2026-09-02T12:00:00Z" changeset="1" uid="1" user="generator"/>
  <node id="2254" lat="43.1419382302" lon="-95.1437808708" version="1" timestamp="2026-09-02T12:00:00Z" changeset="1" uid="1" user="generator"/>
  <node id="2255" lat="43.1419373032" lon="-95.1437843247" version="1" timestamp="2026-09-02T12:00:00Z" changeset="1" uid="1" user="generator"/>
  <node id="2256" lat="43.1419373032" lon="-95.1437843494" version="1" timestamp="2026-09-02T12:00:00Z" changeset="1" uid="1" user="generator"/>
  <node id="2257" lat="43.1419372042" lon="-95.1437846947" version="1" timestamp="2026-09-02T12:00:00Z" changeset="1" uid="1" user="generator"/>
  <node id="2258" lat="43.1419371952" lon="-95.1437847194" version="1" timestamp="2026-09-02T12:00:00Z" changeset="1" uid="1" user="generator"/>
  <node id="2259" lat="43.1417867331" lon="-95.1443333913" version="1" timestamp="2026-09-02T12:00:00Z" changeset="1" uid="1" user="generator"/>
  <node id="2260" lat="43.1417867061" lon="-95.1443334900" version="1" timestamp="2026-09-02T12:00:00Z" changeset="1" uid="1" user="generator"/>
  <node id="2261" lat="43.1417863551" lon="-95.1443348098" version="1" timestamp="2026-09-02T12:00:00Z" changeset="1" uid="1" user="generator"/>
  <node id="2262" lat="43.1417859501" lon="-95.1443363394" version="1" timestamp="2026-09-02T12:00:00Z" changeset="1" uid="1" user="generator"/>
  <node id="2263" lat="43.1417858961" lon="-95.1443365244" version="1" timestamp="2026-09-02T12:00:00Z" changeset="1" uid="1" user="generator"/>
  <node id="2264" lat="43.1417852121" lon="-95.1443391765" version="1" timestamp="2026-09-02T12:00:00Z" changeset="1" uid="1" user="generator"/>
  <node id="2265" lat="43.1417851671" lon="-95.1443393739" version="1" timestamp="2026-09-02T12:00:00Z" changeset="1" uid="1" user="generator"/>
  <node id="2266" lat="43.1417845011" lon="-95.1443420753" version="1" timestamp="2026-09-02T12:00:00Z" changeset="1" uid="1" user="generator"/>
  <node id="2267" lat="43.1417844471" lon="-95.1443422727" version="1" timestamp="2026-09-02T12:00:00Z" changeset="1" uid="1" user="generator"/>
  <node id="2268" lat="43.1417838081" lon="-95.1443450234" version="1" timestamp="2026-09-02T12:00:00Z" changeset="1" uid="1" user="generator"/>
  <node id="2269" lat="43.1417837541" lon="-95.1443452331" version="1" timestamp="2026-09-02T12:00:00Z" changeset="1" uid="1" user="generator"/>
  <node id="2270" lat="43.1417831241" lon="-95.1443480209" version="1" timestamp="2026-09-02T12:00:00Z" changeset="1" uid="1" user="generator"/>
  <node id="2271" lat="43.1417830791" lon="-95.1443482306" version="1" timestamp="2026-09-02T12:00:00Z" changeset="1" uid="1" user="generator"/>
  <node id="2272" lat="43.1417824671" lon="-95.1443510800" version="1" timestamp="2026-09-02T12:00:00Z" changeset="1" uid="1" user="generator"/>
  <node id="2273" lat="43.1417824221" lon="-95.1443512897" version="1" timestamp="2026-09-02T12:00:00Z" changeset="1" uid="1" user="generator"/>
  <node id="2274" lat="43.1417820891" lon="-95.1443529056" version="1" timestamp="2026-09-02T12:00:00Z" changeset="1" uid="1" user="generator"/>
  <node id="2275" lat="43.1417818281" lon="-95.1443541885" version="1" timestamp="2026-09-02T12:00:00Z" changeset="1" uid="1" user="generator"/>
  <node id="2276" lat="43.1417817831" lon="-95.1443544105" version="1" timestamp="2026-09-02T12:00:00Z" changeset="1" uid="1" user="generator"/>
  <node id="2277" lat="43.1417811441" lon="-95.1443576300" version="1" timestamp="2026-09-02T12:00:00Z" changeset="1" uid="1" user="generator"/>
  <node id="2278" lat="43.1417811261" lon="-95.1443577411" version="1" timestamp="2026-09-02T12:00:00Z" changeset="1" uid="1" user="generator"/>
  <node id="2279" lat="43.1417108810" lon="-95.1447226794" version="1" timestamp="2026-09-02T12:00:00Z" changeset="1" uid="1" user="generator"/>
  <node id="2280" lat="43.1416326889" lon="-95.1451289161" version="1" timestamp="2026-09-02T12:00:00Z" changeset="1" uid="1" user="generator"/>
  <node id="2281" lat="43.1416325629" lon="-95.1451296192" version="1" timestamp="2026-09-02T12:00:00Z" changeset="1" uid="1" user="generator"/>
  <node id="2282" lat="43.1412823006" lon="-95.1463434447" version="1" timestamp="2026-09-02T12:00:00Z" changeset="1" uid="1" user="generator"/>
  <node id="2283" lat="43.1412823006" lon="-95.1463434571" version="1" timestamp="2026-09-02T12:00:00Z" changeset="1" uid="1" user="generator"/>
  <node id="2284" lat="43.1412822376" lon="-95.1463435804" version="1" timestamp="2026-09-02T12:00:00Z" changeset="1" uid="1" user="generator"/>
  <node id="2285" lat="43.1412822286" lon="-95.1463435928" version="1" timestamp="2026-09-02T12:00:00Z" changeset="1" uid="1" user="generator"/>
  <node id="2286" lat="43.1412815626" lon="-95.1463448633" version="1" timestamp="2026-09-02T12:00:00Z" changeset="1" uid="1" user="generator"/>
  <node id="2287" lat="43.1412815536" lon="-95.1463448756" version="1" timestamp="2026-09-02T12:00:00Z" changeset="1" uid="1" user="generator"/>
  <node id="2288" lat="43.1412814996" lon="-95.1463449620" version="1" timestamp="2026-09-02T12:00:00Z" changeset="1" uid="1" user="generator"/>
  <node id="2289" lat="43.1412814096" lon="-95.1463451347" version="1" timestamp="2026-09-02T12:00:00Z" changeset="1" uid="1" user="generator"/>
  <node id="2290" lat="43.1412814096" lon="-95.1463451470" version="1" timestamp="2026-09-02T12:00:00Z" changeset="1" uid="1" user="generator"/>
  <node id="2291" lat="43.1412814006" lon="-95.1463451593" version="1" timestamp="2026-09-02T12:00:00Z" changeset="1" uid="1" user="generator"/>
  <node id="2292" lat="43.1412807166" lon="-95.1463464052" version="1" timestamp="2026-09-02T12:00:00Z" changeset="1" uid="1" user="generator"/>
  <node id="2293" lat="43.1412807076" lon="-95.1463464175" version="1" timestamp="2026-09-02T12:00:00Z" changeset="1" uid="1" user="generator"/>
  <node id="2294" lat="43.1412805636" lon="-95.1463466766" version="1" timestamp="2026-09-02T12:00:00Z" changeset="1" uid="1" user="generator"/>
  <node id="2295" lat="43.1412805546" lon="-95.1463466889" version="1" timestamp="2026-09-02T12:00:00Z" changeset="1" uid="1" user="generator"/>
  <node id="2296" lat="43.1412799426" lon="-95.1463477621" version="1" timestamp="2026-09-02T12:00:00Z" changeset="1" uid="1" user="generator"/>
  <node id="2297" lat="43.1412798436" lon="-95.1463479224" version="1" timestamp="2026-09-02T12:00:00Z" changeset="1" uid="1" user="generator"/>
  <node id="2298" lat="43.1412798436" lon="-95.1463479348" version="1" timestamp="2026-09-02T12:00:00Z" changeset="1" uid="1" user="generator"/>
  <node id="2299" lat="43.1412798346" lon="-95.1463479471" version="1" timestamp="2026-09-02T12:00:00Z" changeset="1" uid="1" user="generator"/>
  <node id="2300" lat="43.1412796906" lon="-95.1463481938" version="1" timestamp="2026-09-02T12:00:00Z" changeset="1" uid="1" user="generator"/>
  <node id="2301" lat="43.1412796816" lon="-95.1463482061" version="1" timestamp="2026-09-02T12:00:00Z" changeset="1" uid="1" user="generator"/>
  <node id="2302" lat="43.1412796726" lon="-95.1463482061" version="1" timestamp="2026-09-02T12:00:00Z" changeset="1" uid="1" user="generator"/>
  <node id="2303" lat="43.1412789436" lon="-95.1463494273" version="1" timestamp="2026-09-02T12:00:00Z" changeset="1" uid="1" user="generator"/>
  <node id="2304" lat="43.1412789346" lon="-95.1463494397" version="1" timestamp="2026-09-02T12:00:00Z" changeset="1" uid="1" user="generator"/>
  <node id="2305" lat="43.1412788986" lon="-95.1463495013" version="1" timestamp="2026-09-02T12:00:00Z" changeset="1" uid="1" user="generator"/>
  <node id="2306" lat="43.1412787816" lon="-95.1463496864" version="1" timestamp="2026-09-02T12:00:00Z" changeset="1" uid="1" user="generator"/>
  <node id="2307" lat="43.1412787816" lon="-95.1463496987" version="1" timestamp="2026-09-02T12:00:00Z" changeset="1" uid="1" user="generator"/>
  <node id="2308" lat="43.1412787726" lon="-95.1463496987" version="1" timestamp="2026-09-02T12:00:00Z" changeset="1" uid="1" user="generator"/>
  <node id="2309" lat="43.1412780256" lon="-95.1463508952" version="1" timestamp="2026-09-02T12:00:00Z" changeset="1" uid="1" user="generator"/>
  <node id="2310" lat="43.1412780166" lon="-95.1463509076" version="1" timestamp="2026-09-02T12:00:00Z" changeset="1" uid="1" user="generator"/>
  <node id="2311" lat="43.1412780166" lon="-95.1463509199" version="1" timestamp="2026-09-02T12:00:00Z" changeset="1" uid="1" user="generator"/>
  <node id="2312" lat="43.1412778546" lon="-95.1463511666" version="1" timestamp="2026-09-02T12:00:00Z" changeset="1" uid="1" user="generator"/>
  <node id="2313" lat="43.1412778456" lon="-95.1463511789" version="1" timestamp="2026-09-02T12:00:00Z" changeset="1" uid="1" user="generator"/>
  <node id="2314" lat="43.1412776476" lon="-95.1463514750" version="1" timestamp="2026-09-02T12:00:00Z" changeset="1" uid="1" user="generator"/>
  <node id="2315" lat="43.1412770716" lon="-95.1463523631" version="1" timestamp="2026-09-02T12:00:00Z" changeset="1" uid="1" user="generator"/>
  <node id="2316" lat="43.1412770626" lon="-95.1463523631" version="1" timestamp="2026-09-02T12:00:00Z" changeset="1" uid="1" user="generator"/>
  <node id="2317" lat="43.1412770626" lon="-95.1463523755" version="1" timestamp="2026-09-02T12:00:00Z" changeset="1" uid="1" user="generator"/>
  <node id="2318" lat="43.1412769276" lon="-95.1463525728" version="1" timestamp="2026-09-02T12:00:00Z" changeset="1" uid="1" user="generator"/>
  <node id="2319" lat="43.1412769006" lon="-95.1463526098" version="1" timestamp="2026-09-02T12:00:00Z" changeset="1" uid="1" user="generator"/>
  <node id="2320" lat="43.1412768916" lon="-95.1463526222" version="1" timestamp="2026-09-02T12:00:00Z" changeset="1" uid="1" user="generator"/>
  <node id="2321" lat="43.1412768916" lon="-95.1463526345" version="1" timestamp="2026-09-02T12:00:00Z" changeset="1" uid="1" user="generator"/>
  <node id="2322" lat="43.1412760996" lon="-95.1463537940" version="1" timestamp="2026-09-02T12:00:00Z" changeset="1" uid="1" user="generator"/>
  <node id="2323" lat="43.1412760906" lon="-95.1463537940" version="1" timestamp="2026-09-02T12:00:00Z" changeset="1" uid="1" user="generator"/>
  <node id="2324" lat="43.1412760816" lon="-95.1463538063" version="1" timestamp="2026-09-02T12:00:00Z" changeset="1" uid="1" user="generator"/>
  <node id="2325" lat="43.1412759196" lon="-95.1463540407" version="1" timestamp="2026-09-02T12:00:00Z" changeset="1" uid="1" user="generator"/>
  <node id="2326" lat="43.1412759106" lon="-95.1463540530" version="1" timestamp="2026-09-02T12:00:00Z" changeset="1" uid="1" user="generator"/>
  <node id="2327" lat="43.1412751906" lon="-95.1463550645" version="1" timestamp="2026-09-02T12:00:00Z" changeset="1" uid="1" user="generator"/>
  <node id="2328" lat="43.1412750916" lon="-95.1463552002" version="1" timestamp="2026-09-02T12:00:00Z" changeset="1" uid="1" user="generator"/>
  <node id="2329" lat="43.1412750916" lon="-95.1463552126" version="1" timestamp="2026-09-02T12:00:00Z" changeset="1" uid="1" user="generator"/>
  <node id="2330" lat="43.1412750016" lon="-95.1463553236" version="1" timestamp="2026-09-02T12:00:00Z" changeset="1" uid="1" user="generator"/>
  <node id="2331" lat="43.1412750016" lon="-95.1463553359" version="1" timestamp="2026-09-02T12:00:00Z" changeset="1" uid="1" user="generator"/>
  <node id="2332" lat="43.1412264735" lon="-95.1464220326" version="1" timestamp="2026-09-02T12:00:00Z" changeset="1" uid="1" user="generator"/>
  <node id="2333" lat="43.1412264645" lon="-95.1464220449" version="1" timestamp="2026-09-02T12:00:00Z" changeset="1" uid="1" user="generator"/>
  <node id="2334" lat="43.1412263835" lon="-95.1464221560" version="1" timestamp="2026-09-02T12:00:00Z" changeset="1" uid="1" user="generator"/>
  <node id="2335" lat="43.1412255915" lon="-95.1464232168" version="1" timestamp="2026-09-02T12:00:00Z" changeset="1" uid="1" user="generator"/>
  <node id="2336" lat="43.1412255825" lon="-95.1464232415" version="1" timestamp="2026-09-02T12:00:00Z" changeset="1" uid="1" user="generator"/>
  <node id="2337" lat="43.1412254205" lon="-95.1464234512" version="1" timestamp="2026-09-02T12:00:00Z" changeset="1" uid="1" user="generator"/>
  <node id="2338" lat="43.1412254115" lon="-95.1464234635" version="1" timestamp="2026-09-02T12:00:00Z" changeset="1" uid="1" user="generator"/>
  <node id="2339" lat="43.1412246015" lon="-95.1464245120" version="1" timestamp="2026-09-02T12:00:00Z" changeset="1" uid="1" user="generator"/>
  <node id="2340" lat="43.1412245925" lon="-95.1464245243" version="1" timestamp="2026-09-02T12:00:00Z" changeset="1" uid="1" user="generator"/>
  <node id="2341" lat="43.1412244215" lon="-95.1464247340" version="1" timestamp="2026-09-02T12:00:00Z" changeset="1" uid="1" user="generator"/>
  <node id="2342" lat="43.1412244125" lon="-95.1464247464" version="1" timestamp="2026-09-02T12:00:00Z" changeset="1" uid="1" user="generator"/>
  <node id="2343" lat="43.1412235935" lon="-95.1464257825" version="1" timestamp="2026-09-02T12:00:00Z" changeset="1" uid="1" user="generator"/>
  <node id="2344" lat="43.1412235845" lon="-95.1464257949" version="1" timestamp="2026-09-02T12:00:00Z" changeset="1" uid="1" user="generator"/>
  <node id="2345" lat="43.1412234135" lon="-95.1464260046" version="1" timestamp="2026-09-02T12:00:00Z" changeset="1" uid="1" user="generator"/>
  <node id="2346" lat="43.1412233955" lon="-95.1464260169" version="1" timestamp="2026-09-02T12:00:00Z" changeset="1" uid="1" user="generator"/>
  <node id="2347" lat="43.1412225585" lon="-95.1464270160" version="1" timestamp="2026-09-02T12:00:00Z" changeset="1" uid="1" user="generator"/>
  <node id="2348" lat="43.1412225495" lon="-95.1464270284" version="1" timestamp="2026-09-02T12:00:00Z" changeset="1" uid="1" user="generator"/>
  <node id="2349" lat="43.1412223695" lon="-95.1464272381" version="1" timestamp="2026-09-02T12:00:00Z" changeset="1" uid="1" user="generator"/>
  <node id="2350" lat="43.1412223605" lon="-95.1464272504" version="1" timestamp="2026-09-02T12:00:00Z" changeset="1" uid="1" user="generator"/>
  <node id="2351" lat="43.1412215055" lon="-95.1464282372" version="1" timestamp="2026-09-02T12:00:00Z" changeset="1" uid="1" user="generator"/>
  <node id="2352" lat="43.1412214965" lon="-95.1464282496" version="1" timestamp="2026-09-02T12:00:00Z" changeset="1" uid="1" user="generator"/>
  <node id="2353" lat="43.1412213165" lon="-95.1464284593" version="1" timestamp="2026-09-02T12:00:00Z" changeset="1" uid="1" user="generator"/>
  <node id="2354" lat="43.1412213075" lon="-95.1464284716" version="1" timestamp="2026-09-02T12:00:00Z" changeset="1" uid="1" user="generator"/>
  <node id="2355" lat="43.1412204345" lon="-95.1464294338" version="1" timestamp="2026-09-02T12:00:00Z" changeset="1" uid="1" user="generator"/>
  <node id="2356" lat="43.1412204255" lon="-95.1464294461" version="1" timestamp="2026-09-02T12:00:00Z" changeset="1" uid="1" user="generator"/>
  <node id="2357" lat="43.1412202365" lon="-95.1464296435" version="1" timestamp="2026-09-02T12:00:00Z" changeset="1" uid="1" user="generator"/>
  <node id="2358" lat="43.1412202275" lon="-95.1464296558" version="1" timestamp="2026-09-02T12:00:00Z" changeset="1" uid="1" user="generator"/>
  <node id="2359" lat="43.1412193365" lon="-95.1464306179" version="1" timestamp="2026-09-02T12:00:00Z" changeset="1" uid="1" user="generator"/>
  <node id="2360" lat="43.1412193275" lon="-95.1464306303" version="1" timestamp="2026-09-02T12:00:00Z" changeset="1" uid="1" user="generator"/>
  <node id="2361" lat="43.1412191475" lon="-95.1464308153" version="1" timestamp="2026-09-02T12:00:00Z" changeset="1" uid="1" user="generator"/>
  <node id="2362" lat="43.1412191295" lon="-95.1464308276" version="1" timestamp="2026-09-02T12:00:00Z" changeset="1" uid="1" user="generator"/>
  <node id="2363" lat="43.1412182205" lon="-95.1464317651" version="1" timestamp="2026-09-02T12:00:00Z" changeset="1" uid="1" user="generator"/>
  <node id="2364" lat="43.1412182115" lon="-95.1464317774" version="1" timestamp="2026-09-02T12:00:00Z" changeset="1" uid="1" user="generator"/>
  <node id="2365" lat="43.1412181215" lon="-95.1464318638" version="1" timestamp="2026-09-02T12:00:00Z" changeset="1" uid="1" user="generator"/>
  <node id="2366" lat="43.1412181125" lon="-95.1464318761" version="1" timestamp="2026-09-02T12:00:00Z" changeset="1" uid="1" user="generator"/>
  <node id="2367" lat="43.1408479962" lon="-95.1468053998" version="1" timestamp="2026-09-02T12:00:00Z" changeset="1" uid="1" user="generator"/>
  <node id="2368" lat="43.1408479692" lon="-95.1468054368" version="1" timestamp="2026-09-02T12:00:00Z" changeset="1" uid="1" user="generator"/>
  <node id="2369" lat="43.1408471232" lon="-95.1468063003" version="1" timestamp="2026-09-02T12:00:00Z" changeset="1" uid="1" user="generator"/>
  <node id="2370" lat="43.1408470692" lon="-95.1468063619" version="1" timestamp="2026-09-02T12:00:00Z" changeset="1" uid="1" user="generator"/>
  <node id="2371" lat="43.1408465832" lon="-95.1468068924" version="1" timestamp="2026-09-02T12:00:00Z" changeset="1" uid="1" user="generator"/>
  <node id="2372" lat="43.1408463222" lon="-95.1468071637" version="1" timestamp="2026-09-02T12:00:00Z" changeset="1" uid="1" user="generator"/>
  <node id="2373" lat="43.1408462682" lon="-95.1468072254" version="1" timestamp="2026-09-02T12:00:00Z" changeset="1" uid="1" user="generator"/>
  <node id="2374" lat="43.1408458902" lon="-95.1468076571" version="1" timestamp="2026-09-02T12:00:00Z" changeset="1" uid="1" user="generator"/>
  <node id="2375" lat="43.1408455302" lon="-95.1468080519" version="1" timestamp="2026-09-02T12:00:00Z" changeset="1" uid="1" user="generator"/>
  <node id="2376" lat="43.1408454762" lon="-95.1468081136" version="1" timestamp="2026-09-02T12:00:00Z" changeset="1" uid="1" user="generator"/>
  <node id="2377" lat="43.1408447562" lon="-95.1468089647" version="1" timestamp="2026-09-02T12:00:00Z" changeset="1" uid="1" user="generator"/>
  <node id="2378" lat="43.1408447112" lon="-95.1468090264" version="1" timestamp="2026-09-02T12:00:00Z" changeset="1" uid="1" user="generator"/>
  <node id="2379" lat="43.1408440092" lon="-95.1468098898" version="1" timestamp="2026-09-02T12:00:00Z" changeset="1" uid="1" user="generator"/>
  <node id="2380" lat="43.1408439552" lon="-95.1468099515" version="1" timestamp="2026-09-02T12:00:00Z" changeset="1" uid="1" user="generator"/>
  <node id="2381" lat="43.1408432712" lon="-95.1468108273" version="1" timestamp="2026-09-02T12:00:00Z" changeset="1" uid="1" user="generator"/>
  <node id="2382" lat="43.1408432172" lon="-95.1468109013" version="1" timestamp="2026-09-02T12:00:00Z" changeset="1" uid="1" user="generator"/>
  <node id="2383" lat="43.1408425512" lon="-95.1468118018" version="1" timestamp="2026-09-02T12:00:00Z" changeset="1" uid="1" user="generator"/>
  <node id="2384" lat="43.1408425062" lon="-95.1468118635" version="1" timestamp="2026-09-02T12:00:00Z" changeset="1" uid="1" user="generator"/>
  <node id="2385" lat="43.1408417951" lon="-95.1468128626" version="1" timestamp="2026-09-02T12:00:00Z" changeset="1" uid="1" user="generator"/>
  <node id="2386" lat="43.1408417681" lon="-95.1468128996" version="1" timestamp="2026-09-02T12:00:00Z" changeset="1" uid="1" user="generator"/>
  <node id="2387" lat="43.1407766981" lon="-95.1469065118" version="1" timestamp="2026-09-02T12:00:00Z" changeset="1" uid="1" user="generator"/>
  <node id="2388" lat="43.1407257670" lon="-95.1469797955" version="1" timestamp="2026-09-02T12:00:00Z" changeset="1" uid="1" user="generator"/>
  <node id="2389" lat="43.1407257400" lon="-95.1469798326" version="1" timestamp="2026-09-02T12:00:00Z" changeset="1" uid="1" user="generator"/>
  <node id="2390" lat="43.1407257130" lon="-95.1469798696" version="1" timestamp="2026-09-02T12:00:00Z" changeset="1" uid="1" user="generator"/>
  <node id="2391" lat="43.1407248400" lon="-95.1469809921" version="1" timestamp="2026-09-02T12:00:00Z" changeset="1" uid="1" user="generator"/>
  <node id="2392" lat="43.1407248130" lon="-95.1469810291" version="1" timestamp="2026-09-02T12:00:00Z" changeset="1" uid="1" user="generator"/>
  <node id="2393" lat="43.1407247860" lon="-95.1469810661" version="1" timestamp="2026-09-02T12:00:00Z" changeset="1" uid="1" user="generator"/>
  <node id="2394" lat="43.1407036720" lon="-95.1470058476" version="1" timestamp="2026-09-02T12:00:00Z" changeset="1" uid="1" user="generator"/>
  <node id="2395" lat="43.1405040518" lon="-95.1472400446" version="1" timestamp="2026-09-02T12:00:00Z" changeset="1" uid="1" user="generator"/>
  <node id="2396" lat="43.1405039078" lon="-95.1472402173" version="1" timestamp="2026-09-02T12:00:00Z" changeset="1" uid="1" user="generator"/>
  <node id="2397" lat="43.1402582796" lon="-95.1475645974" version="1" timestamp="2026-09-02T12:00:00Z" changeset="1" uid="1" user="generator"/>
  <node id="2398" lat="43.1397719281" lon="-95.1482068444" version="1" timestamp="2026-09-02T12:00:00Z" changeset="1" uid="1" user="generator"/>
  <node id="2399" lat="43.1397717211" lon="-95.1482071405" version="1" timestamp="2026-09-02T12:00:00Z" changeset="1" uid="1" user="generator"/>
  <node id="2400" lat="43.1396182079" lon="-95.1484539194" version="1" timestamp="2026-09-02T12:00:00Z" changeset="1" uid="1" user="generator"/>
  <node id="2401" lat="43.1396181719" lon="-95.1484539565" version="1" timestamp="2026-09-02T12:00:00Z" changeset="1" uid="1" user="generator"/>
  <node id="2402" lat="43.1396173529" lon="-95.1484553257" version="1" timestamp="2026-09-02T12:00:00Z" changeset="1" uid="1" user="generator"/>
  <node id="2403" lat="43.1396172989" lon="-95.1484554120" version="1" timestamp="2026-09-02T12:00:00Z" changeset="1" uid="1" user="generator"/>
  <node id="2404" lat="43.1396165789" lon="-95.1484566825" version="1" timestamp="2026-09-02T12:00:00Z" changeset="1" uid="1" user="generator"/>
  <node id="2405" lat="43.1396165249" lon="-95.1484567812" version="1" timestamp="2026-09-02T12:00:00Z" changeset="1" uid="1" user="generator"/>
  <node id="2406" lat="43.1396158409" lon="-95.1484580641" version="1" timestamp="2026-09-02T12:00:00Z" changeset="1" uid="1" user="generator"/>
  <node id="2407" lat="43.1396157959" lon="-95.1484581504" version="1" timestamp="2026-09-02T12:00:00Z" changeset="1" uid="1" user="generator"/>
  <node id="2408" lat="43.1396151389" lon="-95.1484594580" version="1" timestamp="2026-09-02T12:00:00Z" changeset="1" uid="1" user="generator"/>
  <node id="2409" lat="43.1396150939" lon="-95.1484595567" version="1" timestamp="2026-09-02T12:00:00Z" changeset="1" uid="1" user="generator"/>
  <node id="2410" lat="43.1396144729" lon="-95.1484608765" version="1" timestamp="2026-09-02T12:00:00Z" changeset="1" uid="1" user="generator"/>
  <node id="2411" lat="43.1396144279" lon="-95.1484609752" version="1" timestamp="2026-09-02T12:00:00Z" changeset="1" uid="1" user="generator"/>
  <node id="2412" lat="43.1396138429" lon="-95.1484623198" version="1" timestamp="2026-09-02T12:00:00Z" changeset="1" uid="1" user="generator"/>
  <node id="2413" lat="43.1396137979" lon="-95.1484624308" version="1" timestamp="2026-09-02T12:00:00Z" changeset="1" uid="1" user="generator"/>
  <node id="2414" lat="43.1396132399" lon="-95.1484638000" version="1" timestamp="2026-09-02T12:00:00Z" changeset="1" uid="1" user="generator"/>
  <node id="2415" lat="43.1396132039" lon="-95.1484638987" version="1" timestamp="2026-09-02T12:00:00Z" changeset="1" uid="1" user="generator"/>
  <node id="2416" lat="43.1396126279" lon="-95.1484654159" version="1" timestamp="2026-09-02T12:00:00Z" changeset="1" uid="1" user="generator"/>
  <node id="2417" lat="43.1396126099" lon="-95.1484654652" version="1" timestamp="2026-09-02T12:00:00Z" changeset="1" uid="1" user="generator"/>
  <node id="2418" lat="43.1395175608" lon="-95.1487275893" version="1" timestamp="2026-09-02T12:00:00Z" changeset="1" uid="1" user="generator"/>
  <node id="2419" lat="43.1394810838" lon="-95.1488281832" version="1" timestamp="2026-09-02T12:00:00Z" changeset="1" uid="1" user="generator"/>
  <node id="2420" lat="43.1394810568" lon="-95.1488282572" version="1" timestamp="2026-09-02T12:00:00Z" changeset="1" uid="1" user="generator"/>
  <node id="2421" lat="43.1394803008" lon="-95.1488304529" version="1" timestamp="2026-09-02T12:00:00Z" changeset="1" uid="1" user="generator"/>
  <node id="2422" lat="43.1394802558" lon="-95.1488306009" version="1" timestamp="2026-09-02T12:00:00Z" changeset="1" uid="1" user="generator"/>
  <node id="2423" lat="43.1394798148" lon="-95.1488320565" version="1" timestamp="2026-09-02T12:00:00Z" changeset="1" uid="1" user="generator"/>
  <node id="2424" lat="43.1394796438" lon="-95.1488326239" version="1" timestamp="2026-09-02T12:00:00Z" changeset="1" uid="1" user="generator"/>
  <node id="2425" lat="43.1394795988" lon="-95.1488327719" version="1" timestamp="2026-09-02T12:00:00Z" changeset="1" uid="1" user="generator"/>
  <node id="2426" lat="43.1394790588" lon="-95.1488348073" version="1" timestamp="2026-09-02T12:00:00Z" changeset="1" uid="1" user="generator"/>
  <node id="2427" lat="43.1394790228" lon="-95.1488349676" version="1" timestamp="2026-09-02T12:00:00Z" changeset="1" uid="1" user="generator"/>
  <node id="2428" lat="43.1394785548" lon="-95.1488370153" version="1" timestamp="2026-09-02T12:00:00Z" changeset="1" uid="1" user="generator"/>
  <node id="2429" lat="43.1394785278" lon="-95.1488371756" version="1" timestamp="2026-09-02T12:00:00Z" changeset="1" uid="1" user="generator"/>
  <node id="2430" lat="43.1394784918" lon="-95.1488373730" version="1" timestamp="2026-09-02T12:00:00Z" changeset="1" uid="1" user="generator"/>
  <node id="2431" lat="43.1394781318" lon="-95.1488392480" version="1" timestamp="2026-09-02T12:00:00Z" changeset="1" uid="1" user="generator"/>
  <node id="2432" lat="43.1394781048" lon="-95.1488394083" version="1" timestamp="2026-09-02T12:00:00Z" changeset="1" uid="1" user="generator"/>
  <node id="2433" lat="43.1394780058" lon="-95.1488400621" version="1" timestamp="2026-09-02T12:00:00Z" changeset="1" uid="1" user="generator"/>
  <node id="2434" lat="43.1394777898" lon="-95.1488415053" version="1" timestamp="2026-09-02T12:00:00Z" changeset="1" uid="1" user="generator"/>
  <node id="2435" lat="43.1394777718" lon="-95.1488416657" version="1" timestamp="2026-09-02T12:00:00Z" changeset="1" uid="1" user="generator"/>
  <node id="2436" lat="43.1394776548" lon="-95.1488426648" version="1" timestamp="2026-09-02T12:00:00Z" changeset="1" uid="1" user="generator"/>
  <node id="2437" lat="43.1394775198" lon="-95.1488437873" version="1" timestamp="2026-09-02T12:00:00Z" changeset="1" uid="1" user="generator"/>
  <node id="2438" lat="43.1394775108" lon="-95.1488439477" version="1" timestamp="2026-09-02T12:00:00Z" changeset="1" uid="1" user="generator"/>
  <node id="2439" lat="43.1394774208" lon="-95.1488450085" version="1" timestamp="2026-09-02T12:00:00Z" changeset="1" uid="1" user="generator"/>
  <node id="2440" lat="43.1394773218" lon="-95.1488462914" version="1" timestamp="2026-09-02T12:00:00Z" changeset="1" uid="1" user="generator"/>
  <node id="2441" lat="43.1394773128" lon="-95.1488463654" version="1" timestamp="2026-09-02T12:00:00Z" changeset="1" uid="1" user="generator"/>
  <node id="2442" lat="43.1394620218" lon="-95.1490887160" version="1" timestamp="2026-09-02T12:00:00Z" changeset="1" uid="1" user="generator"/>
  <node id="2443" lat="43.1394620128" lon="-95.1490887777" version="1" timestamp="2026-09-02T12:00:00Z" changeset="1" uid="1" user="generator"/>
  <node id="2444" lat="43.1394620128" lon="-95.1490888394" version="1" timestamp="2026-09-02T12:00:00Z" changeset="1" uid="1" user="generator"/>
  <node id="2445" lat="43.1394617788" lon="-95.1490907513" version="1" timestamp="2026-09-02T12:00:00Z" changeset="1" uid="1" user="generator"/>
  <node id="2446" lat="43.1394617698" lon="-95.1490908130" version="1" timestamp="2026-09-02T12:00:00Z" changeset="1" uid="1" user="generator"/>
  <node id="2447" lat="43.1394617608" lon="-95.1490908747" version="1" timestamp="2026-09-02T12:00:00Z" changeset="1" uid="1" user="generator"/>
  <node id="2448" lat="43.1394075447" lon="-95.1493945932" version="1" timestamp="2026-09-02T12:00:00Z" changeset="1" uid="1" user="generator"/>
  <node id="2449" lat="43.1393937747" lon="-95.1494717502" version="1" timestamp="2026-09-02T12:00:00Z" changeset="1" uid="1" user="generator"/>
  <node id="2450" lat="43.1393937297" lon="-95.1494720215" version="1" timestamp="2026-09-02T12:00:00Z" changeset="1" uid="1" user="generator"/>
  <node id="2451" lat="43.1393647677" lon="-95.1497256959" version="1" timestamp="2026-09-02T12:00:00Z" changeset="1" uid="1" user="generator"/>
  <node id="2452" lat="43.1393647677" lon="-95.1497257453" version="1" timestamp="2026-09-02T12:00:00Z" changeset="1" uid="1" user="generator"/>
  <node id="2453" lat="43.1393647587" lon="-95.1497257823" version="1" timestamp="2026-09-02T12:00:00Z" changeset="1" uid="1" user="generator"/>
  <node id="2454" lat="43.1393646237" lon="-95.1497266704" version="1" timestamp="2026-09-02T12:00:00Z" changeset="1" uid="1" user="generator"/>
  <node id="2455" lat="43.1393645517" lon="-95.1497271268" version="1" timestamp="2026-09-02T12:00:00Z" changeset="1" uid="1" user="generator"/>
  <node id="2456" lat="43.1393645427" lon="-95.1497271762" version="1" timestamp="2026-09-02T12:00:00Z" changeset="1" uid="1" user="generator"/>
  <node id="2457" lat="43.1393645337" lon="-95.1497272255" version="1" timestamp="2026-09-02T12:00:00Z" changeset="1" uid="1" user="generator"/>
  <node id="2458" lat="43.1393207756" lon="-95.1499492230" version="1" timestamp="2026-09-02T12:00:00Z" changeset="1" uid="1" user="generator"/>
  <node id="2459" lat="43.1392908506" lon="-95.1501010452" version="1" timestamp="2026-09-02T12:00:00Z" changeset="1" uid="1" user="generator"/>
  <node id="2460" lat="43.1392908326" lon="-95.1501010946" version="1" timestamp="2026-09-02T12:00:00Z" changeset="1" uid="1" user="generator"/>
  <node id="2461" lat="43.1392905536" lon="-95.1501026241" version="1" timestamp="2026-09-02T12:00:00Z" changeset="1" uid="1" user="generator"/>
  <node id="2462" lat="43.1392905356" lon="-95.1501027228" version="1" timestamp="2026-09-02T12:00:00Z" changeset="1" uid="1" user="generator"/>
  <node id="2463" lat="43.1392903106" lon="-95.1501041290" version="1" timestamp="2026-09-02T12:00:00Z" changeset="1" uid="1" user="generator"/>
  <node id="2464" lat="43.1392902926" lon="-95.1501042277" version="1" timestamp="2026-09-02T12:00:00Z" changeset="1" uid="1" user="generator"/>
  <node id="2465" lat="43.1392902746" lon="-95.1501043757" version="1" timestamp="2026-09-02T12:00:00Z" changeset="1" uid="1" user="generator"/>
  <node id="2466" lat="43.1392901036" lon="-95.1501056339" version="1" timestamp="2026-09-02T12:00:00Z" changeset="1" uid="1" user="generator"/>
  <node id="2467" lat="43.1392900946" lon="-95.1501057326" version="1" timestamp="2026-09-02T12:00:00Z" changeset="1" uid="1" user="generator"/>
  <node id="2468" lat="43.1392899326" lon="-95.1501071388" version="1" timestamp="2026-09-02T12:00:00Z" changeset="1" uid="1" user="generator"/>
  <node id="2469" lat="43.1392899236" lon="-95.1501072498" version="1" timestamp="2026-09-02T12:00:00Z" changeset="1" uid="1" user="generator"/>
  <node id="2470" lat="43.1392897976" lon="-95.1501086561" version="1" timestamp="2026-09-02T12:00:00Z" changeset="1" uid="1" user="generator"/>
  <node id="2471" lat="43.1392897886" lon="-95.1501087671" version="1" timestamp="2026-09-02T12:00:00Z" changeset="1" uid="1" user="generator"/>
  <node id="2472" lat="43.1392896896" lon="-95.1501101733" version="1" timestamp="2026-09-02T12:00:00Z" changeset="1" uid="1" user="generator"/>
  <node id="2473" lat="43.1392896896" lon="-95.1501102843" version="1" timestamp="2026-09-02T12:00:00Z" changeset="1" uid="1" user="generator"/>
  <node id="2474" lat="43.1392896266" lon="-95.1501117029" version="1" timestamp="2026-09-02T12:00:00Z" changeset="1" uid="1" user="generator"/>
  <node id="2475" lat="43.1392896176" lon="-95.1501118016" version="1" timestamp="2026-09-02T12:00:00Z" changeset="1" uid="1" user="generator"/>
  <node id="2476" lat="43.1392895996" lon="-95.1501129734" version="1" timestamp="2026-09-02T12:00:00Z" changeset="1" uid="1" user="generator"/>
  <node id="2477" lat="43.1392895906" lon="-95.1501133681" version="1" timestamp="2026-09-02T12:00:00Z" changeset="1" uid="1" user="generator"/>
  <node id="2478" lat="43.1392895906" lon="-95.1501134175" version="1" timestamp="2026-09-02T12:00:00Z" changeset="1" uid="1" user="generator"/>
  <node id="2479" lat="43.1392874936" lon="-95.1503588149" version="1" timestamp="2026-09-02T12:00:00Z" changeset="1" uid="1" user="generator"/>
  <node id="2480" lat="43.1392875116" lon="-95.1503592466" version="1" timestamp="2026-09-02T12:00:00Z" changeset="1" uid="1" user="generator"/>
  <node id="2481" lat="43.1392951796" lon="-95.1504486155" version="1" timestamp="2026-09-02T12:00:00Z" changeset="1" uid="1" user="generator"/>
  <node id="2482" lat="43.1393091656" lon="-95.1506116258" version="1" timestamp="2026-09-02T12:00:00Z" changeset="1" uid="1" user="generator"/>
  <node id="2483" lat="43.1393092106" lon="-95.1506120082" version="1" timestamp="2026-09-02T12:00:00Z" changeset="1" uid="1" user="generator"/>
  <node id="2484" lat="43.1393439867" lon="-95.1508114692" version="1" timestamp="2026-09-02T12:00:00Z" changeset="1" uid="1" user="generator"/>
  <node id="2485" lat="43.1393531667" lon="-95.1508641407" version="1" timestamp="2026-09-02T12:00:00Z" changeset="1" uid="1" user="generator"/>
  <node id="2486" lat="43.1393532927" lon="-95.1508646588" version="1" timestamp="2026-09-02T12:00:00Z" changeset="1" uid="1" user="generator"/>
  <node id="2487" lat="43.1394012357" lon="-95.1510231667" version="1" timestamp="2026-09-02T12:00:00Z" changeset="1" uid="1" user="generator"/>
  <node id="2488" lat="43.1394296217" lon="-95.1511170256" version="1" timestamp="2026-09-02T12:00:00Z" changeset="1" uid="1" user="generator"/>
  <node id="2489" lat="43.1394297297" lon="-95.1511173217" version="1" timestamp="2026-09-02T12:00:00Z" changeset="1" uid="1" user="generator"/>
  <node id="2490" lat="43.1395232128" lon="-95.1513593023" version="1" timestamp="2026-09-02T12:00:00Z" changeset="1" uid="1" user="generator"/>
  <node id="2491" lat="43.1395232398" lon="-95.1513593763" version="1" timestamp="2026-09-02T12:00:00Z" changeset="1" uid="1" user="generator"/>
  <node id="2492" lat="43.1395241668" lon="-95.1513616460" version="1" timestamp="2026-09-02T12:00:00Z" changeset="1" uid="1" user="generator"/>
  <node id="2493" lat="43.1395242298" lon="-95.1513617940" version="1" timestamp="2026-09-02T12:00:00Z" changeset="1" uid="1" user="generator"/>
  <node id="2494" lat="43.1395251478" lon="-95.1513638170" version="1" timestamp="2026-09-02T12:00:00Z" changeset="1" uid="1" user="generator"/>
  <node id="2495" lat="43.1395252198" lon="-95.1513639650" version="1" timestamp="2026-09-02T12:00:00Z" changeset="1" uid="1" user="generator"/>
  <node id="2496" lat="43.1395262008" lon="-95.1513659140" version="1" timestamp="2026-09-02T12:00:00Z" changeset="1" uid="1" user="generator"/>
  <node id="2497" lat="43.1395262818" lon="-95.1513660620" version="1" timestamp="2026-09-02T12:00:00Z" changeset="1" uid="1" user="generator"/>
  <node id="2498" lat="43.1395273258" lon="-95.1513679616" version="1" timestamp="2026-09-02T12:00:00Z" changeset="1" uid="1" user="generator"/>
  <node id="2499" lat="43.1395274158" lon="-95.1513680973" version="1" timestamp="2026-09-02T12:00:00Z" changeset="1" uid="1" user="generator"/>
  <node id="2500" lat="43.1395285318" lon="-95.1513699353" version="1" timestamp="2026-09-02T12:00:00Z" changeset="1" uid="1" user="generator"/>
  <node id="2501" lat="43.1395286218" lon="-95.1513700833" version="1" timestamp="2026-09-02T12:00:00Z" changeset="1" uid="1" user="generator"/>
  <node id="2502" lat="43.1395298188" lon="-95.1513718719" version="1" timestamp="2026-09-02T12:00:00Z" changeset="1" uid="1" user="generator"/>
  <node id="2503" lat="43.1395299088" lon="-95.1513720076" version="1" timestamp="2026-09-02T12:00:00Z" changeset="1" uid="1" user="generator"/>
  <node id="2504" lat="43.1395311778" lon="-95.1513737468" version="1" timestamp="2026-09-02T12:00:00Z" changeset="1" uid="1" user="generator"/>
  <node id="2505" lat="43.1395312768" lon="-95.1513738702" version="1" timestamp="2026-09-02T12:00:00Z" changeset="1" uid="1" user="generator"/>
  <node id="2506" lat="43.1395327438" lon="-95.1513757328" version="1" timestamp="2026-09-02T12:00:00Z" changeset="1" uid="1" user="generator"/>
  <node id="2507" lat="43.1395327888" lon="-95.1513757945" version="1" timestamp="2026-09-02T12:00:00Z" changeset="1" uid="1" user="generator"/>
  <node id="2508" lat="43.1398342891" lon="-95.1517587053" version="1" timestamp="2026-09-02T12:00:00Z" changeset="1" uid="1" user="generator"/>
  <node id="2509" lat="43.1398343341" lon="-95.1517587793" version="1" timestamp="2026-09-02T12:00:00Z" changeset="1" uid="1" user="generator"/>
  <node id="2510" lat="43.1398355671" lon="-95.1517610243" version="1" timestamp="2026-09-02T12:00:00Z" changeset="1" uid="1" user="generator"/>
  <node id="2511" lat="43.1398356481" lon="-95.1517611600" version="1" timestamp="2026-09-02T12:00:00Z" changeset="1" uid="1" user="generator"/>
  <node id="2512" lat="43.1398368091" lon="-95.1517631460" version="1" timestamp="2026-09-02T12:00:00Z" changeset="1" uid="1" user="generator"/>
  <node id="2513" lat="43.1398368991" lon="-95.1517632817" version="1" timestamp="2026-09-02T12:00:00Z" changeset="1" uid="1" user="generator"/>
  <node id="2514" lat="43.1398380871" lon="-95.1517652183" version="1" timestamp="2026-09-02T12:00:00Z" changeset="1" uid="1" user="generator"/>
  <node id="2515" lat="43.1398381861" lon="-95.1517653663" version="1" timestamp="2026-09-02T12:00:00Z" changeset="1" uid="1" user="generator"/>
  <node id="2516" lat="43.1398386091" lon="-95.1517660078" version="1" timestamp="2026-09-02T12:00:00Z" changeset="1" uid="1" user="generator"/>
  <node id="2517" lat="43.1398394101" lon="-95.1517672166" version="1" timestamp="2026-09-02T12:00:00Z" changeset="1" uid="1" user="generator"/>
  <node id="2518" lat="43.1398395001" lon="-95.1517673523" version="1" timestamp="2026-09-02T12:00:00Z" changeset="1" uid="1" user="generator"/>
  <node id="2519" lat="43.1398407601" lon="-95.1517691286" version="1" timestamp="2026-09-02T12:00:00Z" changeset="1" uid="1" user="generator"/>
  <node id="2520" lat="43.1398408591" lon="-95.1517692643" version="1" timestamp="2026-09-02T12:00:00Z" changeset="1" uid="1" user="generator"/>
  <node id="2521" lat="43.1398421551" lon="-95.1517710035" version="1" timestamp="2026-09-02T12:00:00Z" changeset="1" uid="1" user="generator"/>
  <node id="2522" lat="43.1398422451" lon="-95.1517711392" version="1" timestamp="2026-09-02T12:00:00Z" changeset="1" uid="1" user="generator"/>
  <node id="2523" lat="43.1398435862" lon="-95.1517728045" version="1" timestamp="2026-09-02T12:00:00Z" changeset="1" uid="1" user="generator"/>
  <node id="2524" lat="43.1398436852" lon="-95.1517729278" version="1" timestamp="2026-09-02T12:00:00Z" changeset="1" uid="1" user="generator"/>
  <node id="2525" lat="43.1398451792" lon="-95.1517746671" version="1" timestamp="2026-09-02T12:00:00Z" changeset="1" uid="1" user="generator"/>
  <node id="2526" lat="43.1398452332" lon="-95.1517747164" version="1" timestamp="2026-09-02T12:00:00Z" changeset="1" uid="1" user="generator"/>
  <node id="2527" lat="43.1399104112" lon="-95.1518601257" version="1" timestamp="2026-09-02T12:00:00Z" changeset="1" uid="1" user="generator"/>
  <node id="2528" lat="43.1399471493" lon="-95.1519189155" version="1" timestamp="2026-09-02T12:00:00Z" changeset="1" uid="1" user="generator"/>
  <node id="2529" lat="43.1399475363" lon="-95.1519194706" version="1" timestamp="2026-09-02T12:00:00Z" changeset="1" uid="1" user="generator"/>
  <node id="2530" lat="43.1403016416" lon="-95.1524502193" version="1" timestamp="2026-09-02T12:00:00Z" changeset="1" uid="1" user="generator"/>
  <node id="2531" lat="43.1403020196" lon="-95.1524507251" version="1" timestamp="2026-09-02T12:00:00Z" changeset="1" uid="1" user="generator"/>
  <node id="2532" lat="43.1404520048" lon="-95.1526138711" version="1" timestamp="2026-09-02T12:00:00Z" changeset="1" uid="1" user="generator"/>
  <node id="2533" lat="43.1407185400" lon="-95.1529038111" version="1" timestamp="2026-09-02T12:00:00Z" changeset="1" uid="1" user="generator"/>
  <node id="2534" lat="43.1407187200" lon="-95.1529039838" version="1" timestamp="2026-09-02T12:00:00Z" changeset="1" uid="1" user="generator"/>
  <node id="2535" lat="43.1408981262" lon="-95.1530636266" version="1" timestamp="2026-09-02T12:00:00Z" changeset="1" uid="1" user="generator"/>
  <node id="2536" lat="43.1410499384" lon="-95.1531987099" version="1" timestamp="2026-09-02T12:00:00Z" changeset="1" uid="1" user="generator"/>
  <node id="2537" lat="43.1410499654" lon="-95.1531987346" version="1" timestamp="2026-09-02T12:00:00Z" changeset="1" uid="1" user="generator"/>
  <node id="2538" lat="43.1410500014" lon="-95.1531987716" version="1" timestamp="2026-09-02T12:00:00Z" changeset="1" uid="1" user="generator"/>
  <node id="2539" lat="43.1410509104" lon="-95.1531997214" version="1" timestamp="2026-09-02T12:00:00Z" changeset="1" uid="1" user="generator"/>
  <node id="2540" lat="43.1410509464" lon="-95.1531997461" version="1" timestamp="2026-09-02T12:00:00Z" changeset="1" uid="1" user="generator"/>
  <node id="2541" lat="43.1410509734" lon="-95.1531997831" version="1" timestamp="2026-09-02T12:00:00Z" changeset="1" uid="1" user="generator"/>
  <node id="2542" lat="43.1414931618" lon="-95.1537188750" version="1" timestamp="2026-09-02T12:00:00Z" changeset="1" uid="1" user="generator"/>
  <node id="2543" lat="43.1414931888" lon="-95.1537189120" version="1" timestamp="2026-09-02T12:00:00Z" changeset="1" uid="1" user="generator"/>
  <node id="2544" lat="43.1414932158" lon="-95.1537189490" version="1" timestamp="2026-09-02T12:00:00Z" changeset="1" uid="1" user="generator"/>
  <node id="2545" lat="43.1414936118" lon="-95.1537194671" version="1" timestamp="2026-09-02T12:00:00Z" changeset="1" uid="1" user="generator"/>
  <node id="2546" lat="43.1414940708" lon="-95.1537200715" version="1" timestamp="2026-09-02T12:00:00Z" changeset="1" uid="1" user="generator"/>
  <node id="2547" lat="43.1414940978" lon="-95.1537201085" version="1" timestamp="2026-09-02T12:00:00Z" changeset="1" uid="1" user="generator"/>
  <node id="2548" lat="43.1414941248" lon="-95.1537201455" version="1" timestamp="2026-09-02T12:00:00Z" changeset="1" uid="1" user="generator"/>
  <node id="2549" lat="43.1417151830" lon="-95.1540424532" version="1" timestamp="2026-09-02T12:00:00Z" changeset="1" uid="1" user="generator"/>
  <node id="2550" lat="43.1417152190" lon="-95.1540425149" version="1" timestamp="2026-09-02T12:00:00Z" changeset="1" uid="1" user="generator"/>
  <node id="2551" lat="43.1417152640" lon="-95.1540425766" version="1" timestamp="2026-09-02T12:00:00Z" changeset="1" uid="1" user="generator"/>
  <node id="2552" lat="43.1417164160" lon="-95.1540445009" version="1" timestamp="2026-09-02T12:00:00Z" changeset="1" uid="1" user="generator"/>
  <node id="2553" lat="43.1417164520" lon="-95.1540445749" version="1" timestamp="2026-09-02T12:00:00Z" changeset="1" uid="1" user="generator"/>
  <node id="2554" lat="43.1417164970" lon="-95.1540446366" version="1" timestamp="2026-09-02T12:00:00Z" changeset="1" uid="1" user="generator"/>
  <node id="2555" lat="43.1420481114" lon="-95.1546702311" version="1" timestamp="2026-09-02T12:00:00Z" changeset="1" uid="1" user="generator"/>
  <node id="2556" lat="43.1420481384" lon="-95.1546702804" version="1" timestamp="2026-09-02T12:00:00Z" changeset="1" uid="1" user="generator"/>
  <node id="2557" lat="43.1420481654" lon="-95.1546703421" version="1" timestamp="2026-09-02T12:00:00Z" changeset="1" uid="1" user="generator"/>
  <node id="2558" lat="43.1420486784" lon="-95.1546714029" version="1" timestamp="2026-09-02T12:00:00Z" changeset="1" uid="1" user="generator"/>
  <node id="2559" lat="43.1420490024" lon="-95.1546720567" version="1" timestamp="2026-09-02T12:00:00Z" changeset="1" uid="1" user="generator"/>
  <node id="2560" lat="43.1420490294" lon="-95.1546721184" version="1" timestamp="2026-09-02T12:00:00Z" changeset="1" uid="1" user="generator"/>
  <node id="2561" lat="43.1420490564" lon="-95.1546721800" version="1" timestamp="2026-09-02T12:00:00Z" changeset="1" uid="1" user="generator"/>
  <node id="2562" lat="43.1423806797" lon="-95.1554147373" version="1" timestamp="2026-09-02T12:00:00Z" changeset="1" uid="1" user="generator"/>
  <node id="2563" lat="43.1423807157" lon="-95.1554148237" version="1" timestamp="2026-09-02T12:00:00Z" changeset="1" uid="1" user="generator"/>
  <node id="2564" lat="43.1423807517" lon="-95.1554149100" version="1" timestamp="2026-09-02T12:00:00Z" changeset="1" uid="1" user="generator"/>
  <node id="2565" lat="43.1423812467" lon="-95.1554161189" version="1" timestamp="2026-09-02T12:00:00Z" changeset="1" uid="1" user="generator"/>
  <node id="2566" lat="43.1423818047" lon="-95.1554175004" version="1" timestamp="2026-09-02T12:00:00Z" changeset="1" uid="1" user="generator"/>
  <node id="2567" lat="43.1423818407" lon="-95.1554175868" version="1" timestamp="2026-09-02T12:00:00Z" changeset="1" uid="1" user="generator"/>
  <node id="2568" lat="43.1423818677" lon="-95.1554176731" version="1" timestamp="2026-09-02T12:00:00Z" changeset="1" uid="1" user="generator"/>
  <node id="2569" lat="43.1424202797" lon="-95.1555200557" version="1" timestamp="2026-09-02T12:00:00Z" changeset="1" uid="1" user="generator"/>
  <node id="2570" lat="43.1424881308" lon="-95.1556789090" version="1" timestamp="2026-09-02T12:00:00Z" changeset="1" uid="1" user="generator"/>
  <node id="2571" lat="43.1424881398" lon="-95.1556789214" version="1" timestamp="2026-09-02T12:00:00Z" changeset="1" uid="1" user="generator"/>
  <node id="2572" lat="43.1424882388" lon="-95.1556791434" version="1" timestamp="2026-09-02T12:00:00Z" changeset="1" uid="1" user="generator"/>
  <node id="2573" lat="43.1424882478" lon="-95.1556791557" version="1" timestamp="2026-09-02T12:00:00Z" changeset="1" uid="1" user="generator"/>
  <node id="2574" lat="43.1424893008" lon="-95.1556813637" version="1" timestamp="2026-09-02T12:00:00Z" changeset="1" uid="1" user="generator"/>
  <node id="2575" lat="43.1424893098" lon="-95.1556813761" version="1" timestamp="2026-09-02T12:00:00Z" changeset="1" uid="1" user="generator"/>
  <node id="2576" lat="43.1424893098" lon="-95.1556813884" version="1" timestamp="2026-09-02T12:00:00Z" changeset="1" uid="1" user="generator"/>
  <node id="2577" lat="43.1424893638" lon="-95.1556814994" version="1" timestamp="2026-09-02T12:00:00Z" changeset="1" uid="1" user="generator"/>
  <node id="2578" lat="43.1424895258" lon="-95.1556818448" version="1" timestamp="2026-09-02T12:00:00Z" changeset="1" uid="1" user="generator"/>
  <node id="2579" lat="43.1424895348" lon="-95.1556818571" version="1" timestamp="2026-09-02T12:00:00Z" changeset="1" uid="1" user="generator"/>
  <node id="2580" lat="43.1424895348" lon="-95.1556818695" version="1" timestamp="2026-09-02T12:00:00Z" changeset="1" uid="1" user="generator"/>
  <node id="2581" lat="43.1424905608" lon="-95.1556840775" version="1" timestamp="2026-09-02T12:00:00Z" changeset="1" uid="1" user="generator"/>
  <node id="2582" lat="43.1424905698" lon="-95.1556840898" version="1" timestamp="2026-09-02T12:00:00Z" changeset="1" uid="1" user="generator"/>
  <node id="2583" lat="43.1424905788" lon="-95.1556841022" version="1" timestamp="2026-09-02T12:00:00Z" changeset="1" uid="1" user="generator"/>
  <node id="2584" lat="43.1424907858" lon="-95.1556845586" version="1" timestamp="2026-09-02T12:00:00Z" changeset="1" uid="1" user="generator"/>
  <node id="2585" lat="43.1424907858" lon="-95.1556845832" version="1" timestamp="2026-09-02T12:00:00Z" changeset="1" uid="1" user="generator"/>
  <node id="2586" lat="43.1424907948" lon="-95.1556845956" version="1" timestamp="2026-09-02T12:00:00Z" changeset="1" uid="1" user="generator"/>
  <node id="2587" lat="43.1424918028" lon="-95.1556868529" version="1" timestamp="2026-09-02T12:00:00Z" changeset="1" uid="1" user="generator"/>
  <node id="2588" lat="43.1424918028" lon="-95.1556868653" version="1" timestamp="2026-09-02T12:00:00Z" changeset="1" uid="1" user="generator"/>
  <node id="2589" lat="43.1424918118" lon="-95.1556868776" version="1" timestamp="2026-09-02T12:00:00Z" changeset="1" uid="1" user="generator"/>
  <node id="2590" lat="43.1424919918" lon="-95.1556872847" version="1" timestamp="2026-09-02T12:00:00Z" changeset="1" uid="1" user="generator"/>
  <node id="2591" lat="43.1424920188" lon="-95.1556873463" version="1" timestamp="2026-09-02T12:00:00Z" changeset="1" uid="1" user="generator"/>
  <node id="2592" lat="43.1424920278" lon="-95.1556873587" version="1" timestamp="2026-09-02T12:00:00Z" changeset="1" uid="1" user="generator"/>
  <node id="2593" lat="43.1424920278" lon="-95.1556873833" version="1" timestamp="2026-09-02T12:00:00Z" changeset="1" uid="1" user="generator"/>
  <node id="2594" lat="43.1424927658" lon="-95.1556890979" version="1" timestamp="2026-09-02T12:00:00Z" changeset="1" uid="1" user="generator"/>
  <node id="2595" lat="43.1424930178" lon="-95.1556896900" version="1" timestamp="2026-09-02T12:00:00Z" changeset="1" uid="1" user="generator"/>
  <node id="2596" lat="43.1424930268" lon="-95.1556897024" version="1" timestamp="2026-09-02T12:00:00Z" changeset="1" uid="1" user="generator"/>
  <node id="2597" lat="43.1424930268" lon="-95.1556897147" version="1" timestamp="2026-09-02T12:00:00Z" changeset="1" uid="1" user="generator"/>
  <node id="2598" lat="43.1424932158" lon="-95.1556901711" version="1" timestamp="2026-09-02T12:00:00Z" changeset="1" uid="1" user="generator"/>
  <node id="2599" lat="43.1424932338" lon="-95.1556901958" version="1" timestamp="2026-09-02T12:00:00Z" changeset="1" uid="1" user="generator"/>
  <node id="2600" lat="43.1424932338" lon="-95.1556902204" version="1" timestamp="2026-09-02T12:00:00Z" changeset="1" uid="1" user="generator"/>
  <node id="2601" lat="43.1424932428" lon="-95.1556902328" version="1" timestamp="2026-09-02T12:00:00Z" changeset="1" uid="1" user="generator"/>
  <node id="2602" lat="43.1424936658" lon="-95.1556912689" version="1" timestamp="2026-09-02T12:00:00Z" changeset="1" uid="1" user="generator"/>
  <node id="2603" lat="43.1424942058" lon="-95.1556925518" version="1" timestamp="2026-09-02T12:00:00Z" changeset="1" uid="1" user="generator"/>
  <node id="2604" lat="43.1424942148" lon="-95.1556925641" version="1" timestamp="2026-09-02T12:00:00Z" changeset="1" uid="1" user="generator"/>
  <node id="2605" lat="43.1424942238" lon="-95.1556925888" version="1" timestamp="2026-09-02T12:00:00Z" changeset="1" uid="1" user="generator"/>
  <node id="2606" lat="43.1424944218" lon="-95.1556930699" version="1" timestamp="2026-09-02T12:00:00Z" changeset="1" uid="1" user="generator"/>
  <node id="2607" lat="43.1424944218" lon="-95.1556930822" version="1" timestamp="2026-09-02T12:00:00Z" changeset="1" uid="1" user="generator"/>
  <node id="2608" lat="43.1424944308" lon="-95.1556930946" version="1" timestamp="2026-09-02T12:00:00Z" changeset="1" uid="1" user="generator"/>
  <node id="2609" lat="43.1424948628" lon="-95.1556941677" version="1" timestamp="2026-09-02T12:00:00Z" changeset="1" uid="1" user="generator"/>
  <node id="2610" lat="43.1424953758" lon="-95.1556954629" version="1" timestamp="2026-09-02T12:00:00Z" changeset="1" uid="1" user="generator"/>
  <node id="2611" lat="43.1424953848" lon="-95.1556954753" version="1" timestamp="2026-09-02T12:00:00Z" changeset="1" uid="1" user="generator"/>
  <node id="2612" lat="43.1424953938" lon="-95.1556954876" version="1" timestamp="2026-09-02T12:00:00Z" changeset="1" uid="1" user="generator"/>
  <node id="2613" lat="43.1424955828" lon="-95.1556959810" version="1" timestamp="2026-09-02T12:00:00Z" changeset="1" uid="1" user="generator"/>
  <node id="2614" lat="43.1424955918" lon="-95.1556959933" version="1" timestamp="2026-09-02T12:00:00Z" changeset="1" uid="1" user="generator"/>
  <node id="2615" lat="43.1424956008" lon="-95.1556960180" version="1" timestamp="2026-09-02T12:00:00Z" changeset="1" uid="1" user="generator"/>
  <node id="2616" lat="43.1424959968" lon="-95.1556970542" version="1" timestamp="2026-09-02T12:00:00Z" changeset="1" uid="1" user="generator"/>
  <node id="2617" lat="43.1424965278" lon="-95.1556984357" version="1" timestamp="2026-09-02T12:00:00Z" changeset="1" uid="1" user="generator"/>
  <node id="2618" lat="43.1424965278" lon="-95.1556984481" version="1" timestamp="2026-09-02T12:00:00Z" changeset="1" uid="1" user="generator"/>
  <node id="2619" lat="43.1424965368" lon="-95.1556984604" version="1" timestamp="2026-09-02T12:00:00Z" changeset="1" uid="1" user="generator"/>
  <node id="2620" lat="43.1424965998" lon="-95.1556986207" version="1" timestamp="2026-09-02T12:00:00Z" changeset="1" uid="1" user="generator"/>
  <node id="2621" lat="43.1424967258" lon="-95.1556989661" version="1" timestamp="2026-09-02T12:00:00Z" changeset="1" uid="1" user="generator"/>
  <node id="2622" lat="43.1424967348" lon="-95.1556989785" version="1" timestamp="2026-09-02T12:00:00Z" changeset="1" uid="1" user="generator"/>
  <node id="2623" lat="43.1424967348" lon="-95.1556989908" version="1" timestamp="2026-09-02T12:00:00Z" changeset="1" uid="1" user="generator"/>
  <node id="2624" lat="43.1424976438" lon="-95.1557014209" version="1" timestamp="2026-09-02T12:00:00Z" changeset="1" uid="1" user="generator"/>
  <node id="2625" lat="43.1424976528" lon="-95.1557014332" version="1" timestamp="2026-09-02T12:00:00Z" changeset="1" uid="1" user="generator"/>
  <node id="2626" lat="43.1424977428" lon="-95.1557016799" version="1" timestamp="2026-09-02T12:00:00Z" changeset="1" uid="1" user="generator"/>
  <node id="2627" lat="43.1424977518" lon="-95.1557017046" version="1" timestamp="2026-09-02T12:00:00Z" changeset="1" uid="1" user="generator"/>
  <node id="2628" lat="43.1426646210" lon="-95.1559742395" version="1" timestamp="2026-09-02T12:00:00Z" changeset="1" uid="1" user="generator"/>
  <node id="2629" lat="43.1426646300" lon="-95.1559742395" version="1" timestamp="2026-09-02T12:00:00Z" changeset="1" uid="1" user="generator"/>
  <node id="2630" lat="43.1426647470" lon="-95.1559743999" version="1" timestamp="2026-09-02T12:00:00Z" changeset="1" uid="1" user="generator"/>
  <node id="2631" lat="43.1426647560" lon="-95.1559743999" version="1" timestamp="2026-09-02T12:00:00Z" changeset="1" uid="1" user="generator"/>
  <node id="2632" lat="43.1426659080" lon="-95.1559758925" version="1" timestamp="2026-09-02T12:00:00Z" changeset="1" uid="1" user="generator"/>
  <node id="2633" lat="43.1426659170" lon="-95.1559759048" version="1" timestamp="2026-09-02T12:00:00Z" changeset="1" uid="1" user="generator"/>
  <node id="2634" lat="43.1426659260" lon="-95.1559759171" version="1" timestamp="2026-09-02T12:00:00Z" changeset="1" uid="1" user="generator"/>
  <node id="2635" lat="43.1426661600" lon="-95.1559762255" version="1" timestamp="2026-09-02T12:00:00Z" changeset="1" uid="1" user="generator"/>
  <node id="2636" lat="43.1426661690" lon="-95.1559762379" version="1" timestamp="2026-09-02T12:00:00Z" changeset="1" uid="1" user="generator"/>
  <node id="2637" lat="43.1426672850" lon="-95.1559777551" version="1" timestamp="2026-09-02T12:00:00Z" changeset="1" uid="1" user="generator"/>
  <node id="2638" lat="43.1426672940" lon="-95.1559777674" version="1" timestamp="2026-09-02T12:00:00Z" changeset="1" uid="1" user="generator"/>
  <node id="2639" lat="43.1426673030" lon="-95.1559777798" version="1" timestamp="2026-09-02T12:00:00Z" changeset="1" uid="1" user="generator"/>
  <node id="2640" lat="43.1426673750" lon="-95.1559778784" version="1" timestamp="2026-09-02T12:00:00Z" changeset="1" uid="1" user="generator"/>
  <node id="2641" lat="43.1426675280" lon="-95.1559780881" version="1" timestamp="2026-09-02T12:00:00Z" changeset="1" uid="1" user="generator"/>
  <node id="2642" lat="43.1426675370" lon="-95.1559781005" version="1" timestamp="2026-09-02T12:00:00Z" changeset="1" uid="1" user="generator"/>
  <node id="2643" lat="43.1426675370" lon="-95.1559781128" version="1" timestamp="2026-09-02T12:00:00Z" changeset="1" uid="1" user="generator"/>
  <node id="2644" lat="43.1426678160" lon="-95.1559785075" version="1" timestamp="2026-09-02T12:00:00Z" changeset="1" uid="1" user="generator"/>
  <node id="2645" lat="43.1426686170" lon="-95.1559796547" version="1" timestamp="2026-09-02T12:00:00Z" changeset="1" uid="1" user="generator"/>
  <node id="2646" lat="43.1426686260" lon="-95.1559796671" version="1" timestamp="2026-09-02T12:00:00Z" changeset="1" uid="1" user="generator"/>
  <node id="2647" lat="43.1426686260" lon="-95.1559796794" version="1" timestamp="2026-09-02T12:00:00Z" changeset="1" uid="1" user="generator"/>
  <node id="2648" lat="43.1426687880" lon="-95.1559799138" version="1" timestamp="2026-09-02T12:00:00Z" changeset="1" uid="1" user="generator"/>
  <node id="2649" lat="43.1426688510" lon="-95.1559800001" version="1" timestamp="2026-09-02T12:00:00Z" changeset="1" uid="1" user="generator"/>
  <node id="2650" lat="43.1426688510" lon="-95.1559800124" version="1" timestamp="2026-09-02T12:00:00Z" changeset="1" uid="1" user="generator"/>
  <node id="2651" lat="43.1426688600" lon="-95.1559800248" version="1" timestamp="2026-09-02T12:00:00Z" changeset="1" uid="1" user="generator"/>
  <node id="2652" lat="43.1426698950" lon="-95.1559816037" version="1" timestamp="2026-09-02T12:00:00Z" changeset="1" uid="1" user="generator"/>
  <node id="2653" lat="43.1426699040" lon="-95.1559816160" version="1" timestamp="2026-09-02T12:00:00Z" changeset="1" uid="1" user="generator"/>
  <node id="2654" lat="43.1426699130" lon="-95.1559816160" version="1" timestamp="2026-09-02T12:00:00Z" changeset="1" uid="1" user="generator"/>
  <node id="2655" lat="43.1426700210" lon="-95.1559817887" version="1" timestamp="2026-09-02T12:00:00Z" changeset="1" uid="1" user="generator"/>
  <node id="2656" lat="43.1426701200" lon="-95.1559819491" version="1" timestamp="2026-09-02T12:00:00Z" changeset="1" uid="1" user="generator"/>
  <node id="2657" lat="43.1426701290" lon="-95.1559819614" version="1" timestamp="2026-09-02T12:00:00Z" changeset="1" uid="1" user="generator"/>
  <node id="2658" lat="43.1426701380" lon="-95.1559819737" version="1" timestamp="2026-09-02T12:00:00Z" changeset="1" uid="1" user="generator"/>
  <node id="2659" lat="43.1426711370" lon="-95.1559835773" version="1" timestamp="2026-09-02T12:00:00Z" changeset="1" uid="1" user="generator"/>
  <node id="2660" lat="43.1426711460" lon="-95.1559835897" version="1" timestamp="2026-09-02T12:00:00Z" changeset="1" uid="1" user="generator"/>
  <node id="2661" lat="43.1426711460" lon="-95.1559836020" version="1" timestamp="2026-09-02T12:00:00Z" changeset="1" uid="1" user="generator"/>
  <node id="2662" lat="43.1426713530" lon="-95.1559839351" version="1" timestamp="2026-09-02T12:00:00Z" changeset="1" uid="1" user="generator"/>
  <node id="2663" lat="43.1426713620" lon="-95.1559839474" version="1" timestamp="2026-09-02T12:00:00Z" changeset="1" uid="1" user="generator"/>
  <node id="2664" lat="43.1426713620" lon="-95.1559839597" version="1" timestamp="2026-09-02T12:00:00Z" changeset="1" uid="1" user="generator"/>
  <node id="2665" lat="43.1426723250" lon="-95.1559856003" version="1" timestamp="2026-09-02T12:00:00Z" changeset="1" uid="1" user="generator"/>
  <node id="2666" lat="43.1426723340" lon="-95.1559856126" version="1" timestamp="2026-09-02T12:00:00Z" changeset="1" uid="1" user="generator"/>
  <node id="2667" lat="43.1426723340" lon="-95.1559856250" version="1" timestamp="2026-09-02T12:00:00Z" changeset="1" uid="1" user="generator"/>
  <node id="2668" lat="43.1426724510" lon="-95.1559858223" version="1" timestamp="2026-09-02T12:00:00Z" changeset="1" uid="1" user="generator"/>
  <node id="2669" lat="43.1426725320" lon="-95.1559859704" version="1" timestamp="2026-09-02T12:00:00Z" changeset="1" uid="1" user="generator"/>
  <node id="2670" lat="43.1426725410" lon="-95.1559859827" version="1" timestamp="2026-09-02T12:00:00Z" changeset="1" uid="1" user="generator"/>
  <node id="2671" lat="43.1426725410" lon="-95.1559859950" version="1" timestamp="2026-09-02T12:00:00Z" changeset="1" uid="1" user="generator"/>
  <node id="2672" lat="43.1426734680" lon="-95.1559876603" version="1" timestamp="2026-09-02T12:00:00Z" changeset="1" uid="1" user="generator"/>
  <node id="2673" lat="43.1426734680" lon="-95.1559876726" version="1" timestamp="2026-09-02T12:00:00Z" changeset="1" uid="1" user="generator"/>
  <node id="2674" lat="43.1426734770" lon="-95.1559876850" version="1" timestamp="2026-09-02T12:00:00Z" changeset="1" uid="1" user="generator"/>
  <node id="2675" lat="43.1426735130" lon="-95.1559877466" version="1" timestamp="2026-09-02T12:00:00Z" changeset="1" uid="1" user="generator"/>
  <node id="2676" lat="43.1426736660" lon="-95.1559880304" version="1" timestamp="2026-09-02T12:00:00Z" changeset="1" uid="1" user="generator"/>
  <node id="2677" lat="43.1426736660" lon="-95.1559880427" version="1" timestamp="2026-09-02T12:00:00Z" changeset="1" uid="1" user="generator"/>
  <node id="2678" lat="43.1426736750" lon="-95.1559880550" version="1" timestamp="2026-09-02T12:00:00Z" changeset="1" uid="1" user="generator"/>
  <node id="2679" lat="43.1426745570" lon="-95.1559897573" version="1" timestamp="2026-09-02T12:00:00Z" changeset="1" uid="1" user="generator"/>
  <node id="2680" lat="43.1426745660" lon="-95.1559897696" version="1" timestamp="2026-09-02T12:00:00Z" changeset="1" uid="1" user="generator"/>
  <node id="2681" lat="43.1426746560" lon="-95.1559899423" version="1" timestamp="2026-09-02T12:00:00Z" changeset="1" uid="1" user="generator"/>
  <node id="2682" lat="43.1426746560" lon="-95.1559899547" version="1" timestamp="2026-09-02T12:00:00Z" changeset="1" uid="1" user="generator"/>
  <node id="2683" lat="43.1427320760" lon="-95.1561042407" version="1" timestamp="2026-09-02T12:00:00Z" changeset="1" uid="1" user="generator"/>
  <node id="2684" lat="43.1427320760" lon="-95.1561042531" version="1" timestamp="2026-09-02T12:00:00Z" changeset="1" uid="1" user="generator"/>
  <node id="2685" lat="43.1427321570" lon="-95.1561044011" version="1" timestamp="2026-09-02T12:00:00Z" changeset="1" uid="1" user="generator"/>
  <node id="2686" lat="43.1427321570" lon="-95.1561044134" version="1" timestamp="2026-09-02T12:00:00Z" changeset="1" uid="1" user="generator"/>
  <node id="2687" lat="43.1427328860" lon="-95.1561058937" version="1" timestamp="2026-09-02T12:00:00Z" changeset="1" uid="1" user="generator"/>
  <node id="2688" lat="43.1427328860" lon="-95.1561059060" version="1" timestamp="2026-09-02T12:00:00Z" changeset="1" uid="1" user="generator"/>
  <node id="2689" lat="43.1427328950" lon="-95.1561059183" version="1" timestamp="2026-09-02T12:00:00Z" changeset="1" uid="1" user="generator"/>
  <node id="2690" lat="43.1427330390" lon="-95.1561062144" version="1" timestamp="2026-09-02T12:00:00Z" changeset="1" uid="1" user="generator"/>
  <node id="2691" lat="43.1427330390" lon="-95.1561062267" version="1" timestamp="2026-09-02T12:00:00Z" changeset="1" uid="1" user="generator"/>
  <node id="2692" lat="43.1427330480" lon="-95.1561062390" version="1" timestamp="2026-09-02T12:00:00Z" changeset="1" uid="1" user="generator"/>
  <node id="2693" lat="43.1427337320" lon="-95.1561077193" version="1" timestamp="2026-09-02T12:00:00Z" changeset="1" uid="1" user="generator"/>
  <node id="2694" lat="43.1427337410" lon="-95.1561077316" version="1" timestamp="2026-09-02T12:00:00Z" changeset="1" uid="1" user="generator"/>
  <node id="2695" lat="43.1427337410" lon="-95.1561077439" version="1" timestamp="2026-09-02T12:00:00Z" changeset="1" uid="1" user="generator"/>
  <node id="2696" lat="43.1427338850" lon="-95.1561080523" version="1" timestamp="2026-09-02T12:00:00Z" changeset="1" uid="1" user="generator"/>
  <node id="2697" lat="43.1427338850" lon="-95.1561080647" version="1" timestamp="2026-09-02T12:00:00Z" changeset="1" uid="1" user="generator"/>
  <node id="2698" lat="43.1427338940" lon="-95.1561080770" version="1" timestamp="2026-09-02T12:00:00Z" changeset="1" uid="1" user="generator"/>
  <node id="2699" lat="43.1427345510" lon="-95.1561095819" version="1" timestamp="2026-09-02T12:00:00Z" changeset="1" uid="1" user="generator"/>
  <node id="2700" lat="43.1427345600" lon="-95.1561095942" version="1" timestamp="2026-09-02T12:00:00Z" changeset="1" uid="1" user="generator"/>
  <node id="2701" lat="43.1427346950" lon="-95.1561099149" version="1" timestamp="2026-09-02T12:00:00Z" changeset="1" uid="1" user="generator"/>
  <node id="2702" lat="43.1427346950" lon="-95.1561099273" version="1" timestamp="2026-09-02T12:00:00Z" changeset="1" uid="1" user="generator"/>
  <node id="2703" lat="43.1427351540" lon="-95.1561110251" version="1" timestamp="2026-09-02T12:00:00Z" changeset="1" uid="1" user="generator"/>
  <node id="2704" lat="43.1427353250" lon="-95.1561114569" version="1" timestamp="2026-09-02T12:00:00Z" changeset="1" uid="1" user="generator"/>
  <node id="2705" lat="43.1427353340" lon="-95.1561114569" version="1" timestamp="2026-09-02T12:00:00Z" changeset="1" uid="1" user="generator"/>
  <node id="2706" lat="43.1427353340" lon="-95.1561114692" version="1" timestamp="2026-09-02T12:00:00Z" changeset="1" uid="1" user="generator"/>
  <node id="2707" lat="43.1427354150" lon="-95.1561116666" version="1" timestamp="2026-09-02T12:00:00Z" changeset="1" uid="1" user="generator"/>
  <node id="2708" lat="43.1427354600" lon="-95.1561117899" version="1" timestamp="2026-09-02T12:00:00Z" changeset="1" uid="1" user="generator"/>
  <node id="2709" lat="43.1427354600" lon="-95.1561118022" version="1" timestamp="2026-09-02T12:00:00Z" changeset="1" uid="1" user="generator"/>
  <node id="2710" lat="43.1427354690" lon="-95.1561118022" version="1" timestamp="2026-09-02T12:00:00Z" changeset="1" uid="1" user="generator"/>
  <node id="2711" lat="43.1427356040" lon="-95.1561121600" version="1" timestamp="2026-09-02T12:00:00Z" changeset="1" uid="1" user="generator"/>
  <node id="2712" lat="43.1427360630" lon="-95.1561133441" version="1" timestamp="2026-09-02T12:00:00Z" changeset="1" uid="1" user="generator"/>
  <node id="2713" lat="43.1427360720" lon="-95.1561133565" version="1" timestamp="2026-09-02T12:00:00Z" changeset="1" uid="1" user="generator"/>
  <node id="2714" lat="43.1427360720" lon="-95.1561133688" version="1" timestamp="2026-09-02T12:00:00Z" changeset="1" uid="1" user="generator"/>
  <node id="2715" lat="43.1427361890" lon="-95.1561136895" version="1" timestamp="2026-09-02T12:00:00Z" changeset="1" uid="1" user="generator"/>
  <node id="2716" lat="43.1427361980" lon="-95.1561136895" version="1" timestamp="2026-09-02T12:00:00Z" changeset="1" uid="1" user="generator"/>
  <node id="2717" lat="43.1427361980" lon="-95.1561137019" version="1" timestamp="2026-09-02T12:00:00Z" changeset="1" uid="1" user="generator"/>
  <node id="2718" lat="43.1427367650" lon="-95.1561152561" version="1" timestamp="2026-09-02T12:00:00Z" changeset="1" uid="1" user="generator"/>
  <node id="2719" lat="43.1427367650" lon="-95.1561152684" version="1" timestamp="2026-09-02T12:00:00Z" changeset="1" uid="1" user="generator"/>
  <node id="2720" lat="43.1427367740" lon="-95.1561152808" version="1" timestamp="2026-09-02T12:00:00Z" changeset="1" uid="1" user="generator"/>
  <node id="2721" lat="43.1427368820" lon="-95.1561155892" version="1" timestamp="2026-09-02T12:00:00Z" changeset="1" uid="1" user="generator"/>
  <node id="2722" lat="43.1427368820" lon="-95.1561156015" version="1" timestamp="2026-09-02T12:00:00Z" changeset="1" uid="1" user="generator"/>
  <node id="2723" lat="43.1427368910" lon="-95.1561156138" version="1" timestamp="2026-09-02T12:00:00Z" changeset="1" uid="1" user="generator"/>
  <node id="2724" lat="43.1427368910" lon="-95.1561156262" version="1" timestamp="2026-09-02T12:00:00Z" changeset="1" uid="1" user="generator"/>
  <node id="2725" lat="43.1427372330" lon="-95.1561166253" version="1" timestamp="2026-09-02T12:00:00Z" changeset="1" uid="1" user="generator"/>
  <node id="2726" lat="43.1427374220" lon="-95.1561171927" version="1" timestamp="2026-09-02T12:00:00Z" changeset="1" uid="1" user="generator"/>
  <node id="2727" lat="43.1427374310" lon="-95.1561172051" version="1" timestamp="2026-09-02T12:00:00Z" changeset="1" uid="1" user="generator"/>
  <node id="2728" lat="43.1427374310" lon="-95.1561172174" version="1" timestamp="2026-09-02T12:00:00Z" changeset="1" uid="1" user="generator"/>
  <node id="2729" lat="43.1427375390" lon="-95.1561175381" version="1" timestamp="2026-09-02T12:00:00Z" changeset="1" uid="1" user="generator"/>
  <node id="2730" lat="43.1427375390" lon="-95.1561175505" version="1" timestamp="2026-09-02T12:00:00Z" changeset="1" uid="1" user="generator"/>
  <node id="2731" lat="43.1427375480" lon="-95.1561175628" version="1" timestamp="2026-09-02T12:00:00Z" changeset="1" uid="1" user="generator"/>
  <node id="2732" lat="43.1427379530" lon="-95.1561188457" version="1" timestamp="2026-09-02T12:00:00Z" changeset="1" uid="1" user="generator"/>
  <node id="2733" lat="43.1427380430" lon="-95.1561191417" version="1" timestamp="2026-09-02T12:00:00Z" changeset="1" uid="1" user="generator"/>
  <node id="2734" lat="43.1427380520" lon="-95.1561191541" version="1" timestamp="2026-09-02T12:00:00Z" changeset="1" uid="1" user="generator"/>
  <node id="2735" lat="43.1427380970" lon="-95.1561193144" version="1" timestamp="2026-09-02T12:00:00Z" changeset="1" uid="1" user="generator"/>
  <node id="2736" lat="43.1427381060" lon="-95.1561193267" version="1" timestamp="2026-09-02T12:00:00Z" changeset="1" uid="1" user="generator"/>
  <node id="2737" lat="43.1427749251" lon="-95.1562400148" version="1" timestamp="2026-09-02T12:00:00Z" changeset="1" uid="1" user="generator"/>
  <node id="2738" lat="43.1427749431" lon="-95.1562400765" version="1" timestamp="2026-09-02T12:00:00Z" changeset="1" uid="1" user="generator"/>
  <node id="2739" lat="43.1427749611" lon="-95.1562401258" version="1" timestamp="2026-09-02T12:00:00Z" changeset="1" uid="1" user="generator"/>
  <node id="2740" lat="43.1427753841" lon="-95.1562418528" version="1" timestamp="2026-09-02T12:00:00Z" changeset="1" uid="1" user="generator"/>
  <node id="2741" lat="43.1427754021" lon="-95.1562419144" version="1" timestamp="2026-09-02T12:00:00Z" changeset="1" uid="1" user="generator"/>
  <node id="2742" lat="43.1427754111" lon="-95.1562419638" version="1" timestamp="2026-09-02T12:00:00Z" changeset="1" uid="1" user="generator"/>
  <node id="2743" lat="43.1427984151" lon="-95.1563621708" version="1" timestamp="2026-09-02T12:00:00Z" changeset="1" uid="1" user="generator"/>
  <node id="2744" lat="43.1427984151" lon="-95.1563621831" version="1" timestamp="2026-09-02T12:00:00Z" changeset="1" uid="1" user="generator"/>
  <node id="2745" lat="43.1427984511" lon="-95.1563623558" version="1" timestamp="2026-09-02T12:00:00Z" changeset="1" uid="1" user="generator"/>
  <node id="2746" lat="43.1427984511" lon="-95.1563623681" version="1" timestamp="2026-09-02T12:00:00Z" changeset="1" uid="1" user="generator"/>
  <node id="2747" lat="43.1427987571" lon="-95.1563640951" version="1" timestamp="2026-09-02T12:00:00Z" changeset="1" uid="1" user="generator"/>
  <node id="2748" lat="43.1427987661" lon="-95.1563641074" version="1" timestamp="2026-09-02T12:00:00Z" changeset="1" uid="1" user="generator"/>
  <node id="2749" lat="43.1427987661" lon="-95.1563641198" version="1" timestamp="2026-09-02T12:00:00Z" changeset="1" uid="1" user="generator"/>
  <node id="2750" lat="43.1427988021" lon="-95.1563643295" version="1" timestamp="2026-09-02T12:00:00Z" changeset="1" uid="1" user="generator"/>
  <node id="2751" lat="43.1427988291" lon="-95.1563644651" version="1" timestamp="2026-09-02T12:00:00Z" changeset="1" uid="1" user="generator"/>
  <node id="2752" lat="43.1427988291" lon="-95.1563644775" version="1" timestamp="2026-09-02T12:00:00Z" changeset="1" uid="1" user="generator"/>
  <node id="2753" lat="43.1427988291" lon="-95.1563644898" version="1" timestamp="2026-09-02T12:00:00Z" changeset="1" uid="1" user="generator"/>
  <node id="2754" lat="43.1427990361" lon="-95.1563658097" version="1" timestamp="2026-09-02T12:00:00Z" changeset="1" uid="1" user="generator"/>
  <node id="2755" lat="43.1427990991" lon="-95.1563662044" version="1" timestamp="2026-09-02T12:00:00Z" changeset="1" uid="1" user="generator"/>
  <node id="2756" lat="43.1427990991" lon="-95.1563662167" version="1" timestamp="2026-09-02T12:00:00Z" changeset="1" uid="1" user="generator"/>
  <node id="2757" lat="43.1427991081" lon="-95.1563662291" version="1" timestamp="2026-09-02T12:00:00Z" changeset="1" uid="1" user="generator"/>
  <node id="2758" lat="43.1427991531" lon="-95.1563665868" version="1" timestamp="2026-09-02T12:00:00Z" changeset="1" uid="1" user="generator"/>
  <node id="2759" lat="43.1427991621" lon="-95.1563665991" version="1" timestamp="2026-09-02T12:00:00Z" changeset="1" uid="1" user="generator"/>
  <node id="2760" lat="43.1427991621" lon="-95.1563666115" version="1" timestamp="2026-09-02T12:00:00Z" changeset="1" uid="1" user="generator"/>
  <node id="2761" lat="43.1427991711" lon="-95.1563666978" version="1" timestamp="2026-09-02T12:00:00Z" changeset="1" uid="1" user="generator"/>
  <node id="2762" lat="43.1427993961" lon="-95.1563683384" version="1" timestamp="2026-09-02T12:00:00Z" changeset="1" uid="1" user="generator"/>
  <node id="2763" lat="43.1427993961" lon="-95.1563683507" version="1" timestamp="2026-09-02T12:00:00Z" changeset="1" uid="1" user="generator"/>
  <node id="2764" lat="43.1427994051" lon="-95.1563684248" version="1" timestamp="2026-09-02T12:00:00Z" changeset="1" uid="1" user="generator"/>
  <node id="2765" lat="43.1427994411" lon="-95.1563687085" version="1" timestamp="2026-09-02T12:00:00Z" changeset="1" uid="1" user="generator"/>
  <node id="2766" lat="43.1427994411" lon="-95.1563687208" version="1" timestamp="2026-09-02T12:00:00Z" changeset="1" uid="1" user="generator"/>
  <node id="2767" lat="43.1427994501" lon="-95.1563687331" version="1" timestamp="2026-09-02T12:00:00Z" changeset="1" uid="1" user="generator"/>
  <node id="2768" lat="43.1427995311" lon="-95.1563694362" version="1" timestamp="2026-09-02T12:00:00Z" changeset="1" uid="1" user="generator"/>
  <node id="2769" lat="43.1427996481" lon="-95.1563704601" version="1" timestamp="2026-09-02T12:00:00Z" changeset="1" uid="1" user="generator"/>
  <node id="2770" lat="43.1427996481" lon="-95.1563704724" version="1" timestamp="2026-09-02T12:00:00Z" changeset="1" uid="1" user="generator"/>
  <node id="2771" lat="43.1427996481" lon="-95.1563704847" version="1" timestamp="2026-09-02T12:00:00Z" changeset="1" uid="1" user="generator"/>
  <node id="2772" lat="43.1427996841" lon="-95.1563708425" version="1" timestamp="2026-09-02T12:00:00Z" changeset="1" uid="1" user="generator"/>
  <node id="2773" lat="43.1427996841" lon="-95.1563708548" version="1" timestamp="2026-09-02T12:00:00Z" changeset="1" uid="1" user="generator"/>
  <node id="2774" lat="43.1427996931" lon="-95.1563708671" version="1" timestamp="2026-09-02T12:00:00Z" changeset="1" uid="1" user="generator"/>
  <node id="2775" lat="43.1427998551" lon="-95.1563725941" version="1" timestamp="2026-09-02T12:00:00Z" changeset="1" uid="1" user="generator"/>
  <node id="2776" lat="43.1427998551" lon="-95.1563726064" version="1" timestamp="2026-09-02T12:00:00Z" changeset="1" uid="1" user="generator"/>
  <node id="2777" lat="43.1427998551" lon="-95.1563726187" version="1" timestamp="2026-09-02T12:00:00Z" changeset="1" uid="1" user="generator"/>
  <node id="2778" lat="43.1427998821" lon="-95.1563729765" version="1" timestamp="2026-09-02T12:00:00Z" changeset="1" uid="1" user="generator"/>
  <node id="2779" lat="43.1427998821" lon="-95.1563729888" version="1" timestamp="2026-09-02T12:00:00Z" changeset="1" uid="1" user="generator"/>
  <node id="2780" lat="43.1427998821" lon="-95.1563730011" version="1" timestamp="2026-09-02T12:00:00Z" changeset="1" uid="1" user="generator"/>
  <node id="2781" lat="43.1428000081" lon="-95.1563747404" version="1" timestamp="2026-09-02T12:00:00Z" changeset="1" uid="1" user="generator"/>
  <node id="2782" lat="43.1428000171" lon="-95.1563747527" version="1" timestamp="2026-09-02T12:00:00Z" changeset="1" uid="1" user="generator"/>
  <node id="2783" lat="43.1428000171" lon="-95.1563747651" version="1" timestamp="2026-09-02T12:00:00Z" changeset="1" uid="1" user="generator"/>
  <node id="2784" lat="43.1428000351" lon="-95.1563751228" version="1" timestamp="2026-09-02T12:00:00Z" changeset="1" uid="1" user="generator"/>
  <node id="2785" lat="43.1428000351" lon="-95.1563751351" version="1" timestamp="2026-09-02T12:00:00Z" changeset="1" uid="1" user="generator"/>
  <node id="2786" lat="43.1428000351" lon="-95.1563751475" version="1" timestamp="2026-09-02T12:00:00Z" changeset="1" uid="1" user="generator"/>
  <node id="2787" lat="43.1428001251" lon="-95.1563768867" version="1" timestamp="2026-09-02T12:00:00Z" changeset="1" uid="1" user="generator"/>
  <node id="2788" lat="43.1428001251" lon="-95.1563768991" version="1" timestamp="2026-09-02T12:00:00Z" changeset="1" uid="1" user="generator"/>
  <node id="2789" lat="43.1428001251" lon="-95.1563769114" version="1" timestamp="2026-09-02T12:00:00Z" changeset="1" uid="1" user="generator"/>
  <node id="2790" lat="43.1428001341" lon="-95.1563771088" version="1" timestamp="2026-09-02T12:00:00Z" changeset="1" uid="1" user="generator"/>
  <node id="2791" lat="43.1428001431" lon="-95.1563772691" version="1" timestamp="2026-09-02T12:00:00Z" changeset="1" uid="1" user="generator"/>
  <node id="2792" lat="43.1428001431" lon="-95.1563772815" version="1" timestamp="2026-09-02T12:00:00Z" changeset="1" uid="1" user="generator"/>
  <node id="2793" lat="43.1428001431" lon="-95.1563772938" version="1" timestamp="2026-09-02T12:00:00Z" changeset="1" uid="1" user="generator"/>
  <node id="2794" lat="43.1428001881" lon="-95.1563787740" version="1" timestamp="2026-09-02T12:00:00Z" changeset="1" uid="1" user="generator"/>
  <node id="2795" lat="43.1428001971" lon="-95.1563790454" version="1" timestamp="2026-09-02T12:00:00Z" changeset="1" uid="1" user="generator"/>
  <node id="2796" lat="43.1428002061" lon="-95.1563792304" version="1" timestamp="2026-09-02T12:00:00Z" changeset="1" uid="1" user="generator"/>
  <node id="2797" lat="43.1428002061" lon="-95.1563792428" version="1" timestamp="2026-09-02T12:00:00Z" changeset="1" uid="1" user="generator"/>
  <node id="2798" lat="43.1428052101" lon="-95.1566264905" version="1" timestamp="2026-09-02T12:00:00Z" changeset="1" uid="1" user="generator"/>
  <node id="2799" lat="43.1428052101" lon="-95.1566265645" version="1" timestamp="2026-09-02T12:00:00Z" changeset="1" uid="1" user="generator"/>
  <node id="2800" lat="43.1428052101" lon="-95.1566266262" version="1" timestamp="2026-09-02T12:00:00Z" changeset="1" uid="1" user="generator"/>
  <node id="2801" lat="43.1428051291" lon="-95.1566286615" version="1" timestamp="2026-09-02T12:00:00Z" changeset="1" uid="1" user="generator"/>
  <node id="2802" lat="43.1428051291" lon="-95.1566287355" version="1" timestamp="2026-09-02T12:00:00Z" changeset="1" uid="1" user="generator"/>
  <node id="2803" lat="43.1428051201" lon="-95.1566287972" version="1" timestamp="2026-09-02T12:00:00Z" changeset="1" uid="1" user="generator"/>
  <node id="2804" lat="43.1427931321" lon="-95.1567491275" version="1" timestamp="2026-09-02T12:00:00Z" changeset="1" uid="1" user="generator"/>
  <node id="2805" lat="43.1427931321" lon="-95.1567491399" version="1" timestamp="2026-09-02T12:00:00Z" changeset="1" uid="1" user="generator"/>
  <node id="2806" lat="43.1427931141" lon="-95.1567493126" version="1" timestamp="2026-09-02T12:00:00Z" changeset="1" uid="1" user="generator"/>
  <node id="2807" lat="43.1427929251" lon="-95.1567510025" version="1" timestamp="2026-09-02T12:00:00Z" changeset="1" uid="1" user="generator"/>
  <node id="2808" lat="43.1427929251" lon="-95.1567510148" version="1" timestamp="2026-09-02T12:00:00Z" changeset="1" uid="1" user="generator"/>
  <node id="2809" lat="43.1427929251" lon="-95.1567510272" version="1" timestamp="2026-09-02T12:00:00Z" changeset="1" uid="1" user="generator"/>
  <node id="2810" lat="43.1427928981" lon="-95.1567512122" version="1" timestamp="2026-09-02T12:00:00Z" changeset="1" uid="1" user="generator"/>
  <node id="2811" lat="43.1427928801" lon="-95.1567513726" version="1" timestamp="2026-09-02T12:00:00Z" changeset="1" uid="1" user="generator"/>
  <node id="2812" lat="43.1427928801" lon="-95.1567513849" version="1" timestamp="2026-09-02T12:00:00Z" changeset="1" uid="1" user="generator"/>
  <node id="2813" lat="43.1427926641" lon="-95.1567530625" version="1" timestamp="2026-09-02T12:00:00Z" changeset="1" uid="1" user="generator"/>
  <node id="2814" lat="43.1427926551" lon="-95.1567530748" version="1" timestamp="2026-09-02T12:00:00Z" changeset="1" uid="1" user="generator"/>
  <node id="2815" lat="43.1427926371" lon="-95.1567532475" version="1" timestamp="2026-09-02T12:00:00Z" changeset="1" uid="1" user="generator"/>
  <node id="2816" lat="43.1427926101" lon="-95.1567534202" version="1" timestamp="2026-09-02T12:00:00Z" changeset="1" uid="1" user="generator"/>
  <node id="2817" lat="43.1427926101" lon="-95.1567534325" version="1" timestamp="2026-09-02T12:00:00Z" changeset="1" uid="1" user="generator"/>
  <node id="2818" lat="43.1427926101" lon="-95.1567534449" version="1" timestamp="2026-09-02T12:00:00Z" changeset="1" uid="1" user="generator"/>
  <node id="2819" lat="43.1427924031" lon="-95.1567547894" version="1" timestamp="2026-09-02T12:00:00Z" changeset="1" uid="1" user="generator"/>
  <node id="2820" lat="43.1427923581" lon="-95.1567550978" version="1" timestamp="2026-09-02T12:00:00Z" changeset="1" uid="1" user="generator"/>
  <node id="2821" lat="43.1427923581" lon="-95.1567551101" version="1" timestamp="2026-09-02T12:00:00Z" changeset="1" uid="1" user="generator"/>
  <node id="2822" lat="43.1427923491" lon="-95.1567551225" version="1" timestamp="2026-09-02T12:00:00Z" changeset="1" uid="1" user="generator"/>
  <node id="2823" lat="43.1427922951" lon="-95.1567554679" version="1" timestamp="2026-09-02T12:00:00Z" changeset="1" uid="1" user="generator"/>
  <node id="2824" lat="43.1427922951" lon="-95.1567554802" version="1" timestamp="2026-09-02T12:00:00Z" changeset="1" uid="1" user="generator"/>
  <node id="2825" lat="43.1427922951" lon="-95.1567554925" version="1" timestamp="2026-09-02T12:00:00Z" changeset="1" uid="1" user="generator"/>
  <node id="2826" lat="43.1427921331" lon="-95.1567564300" version="1" timestamp="2026-09-02T12:00:00Z" changeset="1" uid="1" user="generator"/>
  <node id="2827" lat="43.1427920071" lon="-95.1567571331" version="1" timestamp="2026-09-02T12:00:00Z" changeset="1" uid="1" user="generator"/>
  <node id="2828" lat="43.1427920071" lon="-95.1567571455" version="1" timestamp="2026-09-02T12:00:00Z" changeset="1" uid="1" user="generator"/>
  <node id="2829" lat="43.1427920071" lon="-95.1567571578" version="1" timestamp="2026-09-02T12:00:00Z" changeset="1" uid="1" user="generator"/>
  <node id="2830" lat="43.1427919441" lon="-95.1567575032" version="1" timestamp="2026-09-02T12:00:00Z" changeset="1" uid="1" user="generator"/>
  <node id="2831" lat="43.1427919351" lon="-95.1567575155" version="1" timestamp="2026-09-02T12:00:00Z" changeset="1" uid="1" user="generator"/>
  <node id="2832" lat="43.1427918631" lon="-95.1567579349" version="1" timestamp="2026-09-02T12:00:00Z" changeset="1" uid="1" user="generator"/>
  <node id="2833" lat="43.1427916201" lon="-95.1567591561" version="1" timestamp="2026-09-02T12:00:00Z" changeset="1" uid="1" user="generator"/>
  <node id="2834" lat="43.1427916201" lon="-95.1567591684" version="1" timestamp="2026-09-02T12:00:00Z" changeset="1" uid="1" user="generator"/>
  <node id="2835" lat="43.1427916201" lon="-95.1567591808" version="1" timestamp="2026-09-02T12:00:00Z" changeset="1" uid="1" user="generator"/>
  <node id="2836" lat="43.1427915481" lon="-95.1567595262" version="1" timestamp="2026-09-02T12:00:00Z" changeset="1" uid="1" user="generator"/>
  <node id="2837" lat="43.1427915391" lon="-95.1567595385" version="1" timestamp="2026-09-02T12:00:00Z" changeset="1" uid="1" user="generator"/>
  <node id="2838" lat="43.1427914311" lon="-95.1567600689" version="1" timestamp="2026-09-02T12:00:00Z" changeset="1" uid="1" user="generator"/>
  <node id="2839" lat="43.1427911881" lon="-95.1567611791" version="1" timestamp="2026-09-02T12:00:00Z" changeset="1" uid="1" user="generator"/>
  <node id="2840" lat="43.1427911881" lon="-95.1567611914" version="1" timestamp="2026-09-02T12:00:00Z" changeset="1" uid="1" user="generator"/>
  <node id="2841" lat="43.1427911881" lon="-95.1567612037" version="1" timestamp="2026-09-02T12:00:00Z" changeset="1" uid="1" user="generator"/>
  <node id="2842" lat="43.1427911521" lon="-95.1567613394" version="1" timestamp="2026-09-02T12:00:00Z" changeset="1" uid="1" user="generator"/>
  <node id="2843" lat="43.1427911161" lon="-95.1567615368" version="1" timestamp="2026-09-02T12:00:00Z" changeset="1" uid="1" user="generator"/>
  <node id="2844" lat="43.1427911071" lon="-95.1567615491" version="1" timestamp="2026-09-02T12:00:00Z" changeset="1" uid="1" user="generator"/>
  <node id="2845" lat="43.1427911071" lon="-95.1567615615" version="1" timestamp="2026-09-02T12:00:00Z" changeset="1" uid="1" user="generator"/>
  <node id="2846" lat="43.1427907201" lon="-95.1567631774" version="1" timestamp="2026-09-02T12:00:00Z" changeset="1" uid="1" user="generator"/>
  <node id="2847" lat="43.1427907201" lon="-95.1567631897" version="1" timestamp="2026-09-02T12:00:00Z" changeset="1" uid="1" user="generator"/>
  <node id="2848" lat="43.1427907201" lon="-95.1567632021" version="1" timestamp="2026-09-02T12:00:00Z" changeset="1" uid="1" user="generator"/>
  <node id="2849" lat="43.1427906391" lon="-95.1567635351" version="1" timestamp="2026-09-02T12:00:00Z" changeset="1" uid="1" user="generator"/>
  <node id="2850" lat="43.1427906301" lon="-95.1567635474" version="1" timestamp="2026-09-02T12:00:00Z" changeset="1" uid="1" user="generator"/>
  <node id="2851" lat="43.1427906301" lon="-95.1567635598" version="1" timestamp="2026-09-02T12:00:00Z" changeset="1" uid="1" user="generator"/>
  <node id="2852" lat="43.1427902071" lon="-95.1567651757" version="1" timestamp="2026-09-02T12:00:00Z" changeset="1" uid="1" user="generator"/>
  <node id="2853" lat="43.1427902071" lon="-95.1567651880" version="1" timestamp="2026-09-02T12:00:00Z" changeset="1" uid="1" user="generator"/>
  <node id="2854" lat="43.1427901621" lon="-95.1567653484" version="1" timestamp="2026-09-02T12:00:00Z" changeset="1" uid="1" user="generator"/>
  <node id="2855" lat="43.1427901621" lon="-95.1567653607" version="1" timestamp="2026-09-02T12:00:00Z" changeset="1" uid="1" user="generator"/>
  <node id="2856" lat="43.1427236160" lon="-95.1570397707" version="1" timestamp="2026-09-02T12:00:00Z" changeset="1" uid="1" user="generator"/>
  <node id="2857" lat="43.1427235260" lon="-95.1570404614" version="1" timestamp="2026-09-02T12:00:00Z" changeset="1" uid="1" user="generator"/>
  <node id="2858" lat="43.1426151749" lon="-95.1589246214" version="1" timestamp="2026-09-02T12:00:00Z" changeset="1" uid="1" user="generator"/>
  <node id="2859" lat="43.1426151659" lon="-95.1589247817" version="1" timestamp="2026-09-02T12:00:00Z" changeset="1" uid="1" user="generator"/>
  <node id="2860" lat="43.1426151569" lon="-95.1589249421" version="1" timestamp="2026-09-02T12:00:00Z" changeset="1" uid="1" user="generator"/>
  <node id="2861" lat="43.1426149679" lon="-95.1589275818" version="1" timestamp="2026-09-02T12:00:00Z" changeset="1" uid="1" user="generator"/>
  <node id="2862" lat="43.1426148149" lon="-95.1589296911" version="1" timestamp="2026-09-02T12:00:00Z" changeset="1" uid="1" user="generator"/>
  <node id="2863" lat="43.1426148059" lon="-95.1589298392" version="1" timestamp="2026-09-02T12:00:00Z" changeset="1" uid="1" user="generator"/>
  <node id="2864" lat="43.1426147969" lon="-95.1589299995" version="1" timestamp="2026-09-02T12:00:00Z" changeset="1" uid="1" user="generator"/>
  <node id="2865" lat="43.1425137988" lon="-95.1600941756" version="1" timestamp="2026-09-02T12:00:00Z" changeset="1" uid="1" user="generator"/>
  <node id="2866" lat="43.1425137988" lon="-95.1600942003" version="1" timestamp="2026-09-02T12:00:00Z" changeset="1" uid="1" user="generator"/>
  <node id="2867" lat="43.1425137538" lon="-95.1600947060" version="1" timestamp="2026-09-02T12:00:00Z" changeset="1" uid="1" user="generator"/>
  <node id="2868" lat="43.1425137448" lon="-95.1600947307" version="1" timestamp="2026-09-02T12:00:00Z" changeset="1" uid="1" user="generator"/>
  <node id="2869" lat="43.1425133038" lon="-95.1600996401" version="1" timestamp="2026-09-02T12:00:00Z" changeset="1" uid="1" user="generator"/>
  <node id="2870" lat="43.1425133038" lon="-95.1600996648" version="1" timestamp="2026-09-02T12:00:00Z" changeset="1" uid="1" user="generator"/>
  <node id="2871" lat="43.1425132948" lon="-95.1600997018" version="1" timestamp="2026-09-02T12:00:00Z" changeset="1" uid="1" user="generator"/>
  <node id="2872" lat="43.1425132408" lon="-95.1601003062" version="1" timestamp="2026-09-02T12:00:00Z" changeset="1" uid="1" user="generator"/>
  <node id="2873" lat="43.1425132048" lon="-95.1601006886" version="1" timestamp="2026-09-02T12:00:00Z" changeset="1" uid="1" user="generator"/>
  <node id="2874" lat="43.1425132048" lon="-95.1601007256" version="1" timestamp="2026-09-02T12:00:00Z" changeset="1" uid="1" user="generator"/>
  <node id="2875" lat="43.1425131958" lon="-95.1601007627" version="1" timestamp="2026-09-02T12:00:00Z" changeset="1" uid="1" user="generator"/>
  <node id="2876" lat="43.1425127278" lon="-95.1601055857" version="1" timestamp="2026-09-02T12:00:00Z" changeset="1" uid="1" user="generator"/>
  <node id="2877" lat="43.1425127278" lon="-95.1601056104" version="1" timestamp="2026-09-02T12:00:00Z" changeset="1" uid="1" user="generator"/>
  <node id="2878" lat="43.1425127278" lon="-95.1601056474" version="1" timestamp="2026-09-02T12:00:00Z" changeset="1" uid="1" user="generator"/>
  <node id="2879" lat="43.1425126288" lon="-95.1601066342" version="1" timestamp="2026-09-02T12:00:00Z" changeset="1" uid="1" user="generator"/>
  <node id="2880" lat="43.1425126198" lon="-95.1601066712" version="1" timestamp="2026-09-02T12:00:00Z" changeset="1" uid="1" user="generator"/>
  <node id="2881" lat="43.1425126198" lon="-95.1601066959" version="1" timestamp="2026-09-02T12:00:00Z" changeset="1" uid="1" user="generator"/>
  <node id="2882" lat="43.1425124848" lon="-95.1601079664" version="1" timestamp="2026-09-02T12:00:00Z" changeset="1" uid="1" user="generator"/>
  <node id="2883" lat="43.1425121158" lon="-95.1601114820" version="1" timestamp="2026-09-02T12:00:00Z" changeset="1" uid="1" user="generator"/>
  <node id="2884" lat="43.1425121158" lon="-95.1601115067" version="1" timestamp="2026-09-02T12:00:00Z" changeset="1" uid="1" user="generator"/>
  <node id="2885" lat="43.1425121158" lon="-95.1601115437" version="1" timestamp="2026-09-02T12:00:00Z" changeset="1" uid="1" user="generator"/>
  <node id="2886" lat="43.1425120078" lon="-95.1601125181" version="1" timestamp="2026-09-02T12:00:00Z" changeset="1" uid="1" user="generator"/>
  <node id="2887" lat="43.1425119988" lon="-95.1601125552" version="1" timestamp="2026-09-02T12:00:00Z" changeset="1" uid="1" user="generator"/>
  <node id="2888" lat="43.1425119988" lon="-95.1601125798" version="1" timestamp="2026-09-02T12:00:00Z" changeset="1" uid="1" user="generator"/>
  <node id="2889" lat="43.1425119268" lon="-95.1601131966" version="1" timestamp="2026-09-02T12:00:00Z" changeset="1" uid="1" user="generator"/>
  <node id="2890" lat="43.1425114678" lon="-95.1601173166" version="1" timestamp="2026-09-02T12:00:00Z" changeset="1" uid="1" user="generator"/>
  <node id="2891" lat="43.1425114678" lon="-95.1601173536" version="1" timestamp="2026-09-02T12:00:00Z" changeset="1" uid="1" user="generator"/>
  <node id="2892" lat="43.1425114588" lon="-95.1601173906" version="1" timestamp="2026-09-02T12:00:00Z" changeset="1" uid="1" user="generator"/>
  <node id="2893" lat="43.1425113778" lon="-95.1601181307" version="1" timestamp="2026-09-02T12:00:00Z" changeset="1" uid="1" user="generator"/>
  <node id="2894" lat="43.1425113508" lon="-95.1601183527" version="1" timestamp="2026-09-02T12:00:00Z" changeset="1" uid="1" user="generator"/>
  <node id="2895" lat="43.1425113418" lon="-95.1601183897" version="1" timestamp="2026-09-02T12:00:00Z" changeset="1" uid="1" user="generator"/>
  <node id="2896" lat="43.1425113418" lon="-95.1601184144" version="1" timestamp="2026-09-02T12:00:00Z" changeset="1" uid="1" user="generator"/>
  <node id="2897" lat="43.1425109818" lon="-95.1601214119" version="1" timestamp="2026-09-02T12:00:00Z" changeset="1" uid="1" user="generator"/>
  <node id="2898" lat="43.1425107838" lon="-95.1601231141" version="1" timestamp="2026-09-02T12:00:00Z" changeset="1" uid="1" user="generator"/>
  <node id="2899" lat="43.1425107748" lon="-95.1601231388" version="1" timestamp="2026-09-02T12:00:00Z" changeset="1" uid="1" user="generator"/>
  <node id="2900" lat="43.1425107748" lon="-95.1601231758" version="1" timestamp="2026-09-02T12:00:00Z" changeset="1" uid="1" user="generator"/>
  <node id="2901" lat="43.1425106578" lon="-95.1601241379" version="1" timestamp="2026-09-02T12:00:00Z" changeset="1" uid="1" user="generator"/>
  <node id="2902" lat="43.1425106488" lon="-95.1601241626" version="1" timestamp="2026-09-02T12:00:00Z" changeset="1" uid="1" user="generator"/>
  <node id="2903" lat="43.1425106488" lon="-95.1601241996" version="1" timestamp="2026-09-02T12:00:00Z" changeset="1" uid="1" user="generator"/>
  <node id="2904" lat="43.1425100548" lon="-95.1601288500" version="1" timestamp="2026-09-02T12:00:00Z" changeset="1" uid="1" user="generator"/>
  <node id="2905" lat="43.1425100548" lon="-95.1601288747" version="1" timestamp="2026-09-02T12:00:00Z" changeset="1" uid="1" user="generator"/>
  <node id="2906" lat="43.1425100458" lon="-95.1601289117" version="1" timestamp="2026-09-02T12:00:00Z" changeset="1" uid="1" user="generator"/>
  <node id="2907" lat="43.1425099288" lon="-95.1601298615" version="1" timestamp="2026-09-02T12:00:00Z" changeset="1" uid="1" user="generator"/>
  <node id="2908" lat="43.1425099198" lon="-95.1601298862" version="1" timestamp="2026-09-02T12:00:00Z" changeset="1" uid="1" user="generator"/>
  <node id="2909" lat="43.1425099198" lon="-95.1601299232" version="1" timestamp="2026-09-02T12:00:00Z" changeset="1" uid="1" user="generator"/>
  <node id="2910" lat="43.1425092988" lon="-95.1601345242" version="1" timestamp="2026-09-02T12:00:00Z" changeset="1" uid="1" user="generator"/>
  <node id="2911" lat="43.1425092898" lon="-95.1601345489" version="1" timestamp="2026-09-02T12:00:00Z" changeset="1" uid="1" user="generator"/>
  <node id="2912" lat="43.1425092898" lon="-95.1601345859" version="1" timestamp="2026-09-02T12:00:00Z" changeset="1" uid="1" user="generator"/>
  <node id="2913" lat="43.1425092088" lon="-95.1601351410" version="1" timestamp="2026-09-02T12:00:00Z" changeset="1" uid="1" user="generator"/>
  <node id="2914" lat="43.1425091548" lon="-95.1601355234" version="1" timestamp="2026-09-02T12:00:00Z" changeset="1" uid="1" user="generator"/>
  <node id="2915" lat="43.1425091548" lon="-95.1601355481" version="1" timestamp="2026-09-02T12:00:00Z" changeset="1" uid="1" user="generator"/>
  <node id="2916" lat="43.1425091458" lon="-95.1601355851" version="1" timestamp="2026-09-02T12:00:00Z" changeset="1" uid="1" user="generator"/>
  <node id="2917" lat="43.1425084978" lon="-95.1601401491" version="1" timestamp="2026-09-02T12:00:00Z" changeset="1" uid="1" user="generator"/>
  <node id="2918" lat="43.1425084978" lon="-95.1601401738" version="1" timestamp="2026-09-02T12:00:00Z" changeset="1" uid="1" user="generator"/>
  <node id="2919" lat="43.1425084258" lon="-95.1601406425" version="1" timestamp="2026-09-02T12:00:00Z" changeset="1" uid="1" user="generator"/>
  <node id="2920" lat="43.1425084258" lon="-95.1601406672" version="1" timestamp="2026-09-02T12:00:00Z" changeset="1" uid="1" user="generator"/>
  <node id="2921" lat="43.1423378216" lon="-95.1613036838" version="1" timestamp="2026-09-02T12:00:00Z" changeset="1" uid="1" user="generator"/>
  <node id="2922" lat="43.1423378216" lon="-95.1613037331" version="1" timestamp="2026-09-02T12:00:00Z" changeset="1" uid="1" user="generator"/>
  <node id="2923" lat="43.1423376776" lon="-95.1613048433" version="1" timestamp="2026-09-02T12:00:00Z" changeset="1" uid="1" user="generator"/>
  <node id="2924" lat="43.1422491446" lon="-95.1620912894" version="1" timestamp="2026-09-02T12:00:00Z" changeset="1" uid="1" user="generator"/>
  <node id="2925" lat="43.1422491266" lon="-95.1620914498" version="1" timestamp="2026-09-02T12:00:00Z" changeset="1" uid="1" user="generator"/>
  <node id="2926" lat="43.1422491086" lon="-95.1620915978" version="1" timestamp="2026-09-02T12:00:00Z" changeset="1" uid="1" user="generator"/>
  <node id="2927" lat="43.1422490456" lon="-95.1620920912" version="1" timestamp="2026-09-02T12:00:00Z" changeset="1" uid="1" user="generator"/>
  <node id="2928" lat="43.1422485146" lon="-95.1620961125" version="1" timestamp="2026-09-02T12:00:00Z" changeset="1" uid="1" user="generator"/>
  <node id="2929" lat="43.1422484966" lon="-95.1620962605" version="1" timestamp="2026-09-02T12:00:00Z" changeset="1" uid="1" user="generator"/>
  <node id="2930" lat="43.1422484786" lon="-95.1620964085" version="1" timestamp="2026-09-02T12:00:00Z" changeset="1" uid="1" user="generator"/>
  <node id="2931" lat="43.1420740404" lon="-95.1632628543" version="1" timestamp="2026-09-02T12:00:00Z" changeset="1" uid="1" user="generator"/>
  <node id="2932" lat="43.1420740314" lon="-95.1632628790" version="1" timestamp="2026-09-02T12:00:00Z" changeset="1" uid="1" user="generator"/>
  <node id="2933" lat="43.1420739684" lon="-95.1632633231" version="1" timestamp="2026-09-02T12:00:00Z" changeset="1" uid="1" user="generator"/>
  <node id="2934" lat="43.1420739684" lon="-95.1632633477" version="1" timestamp="2026-09-02T12:00:00Z" changeset="1" uid="1" user="generator"/>
  <node id="2935" lat="43.1420733024" lon="-95.1632676774" version="1" timestamp="2026-09-02T12:00:00Z" changeset="1" uid="1" user="generator"/>
  <node id="2936" lat="43.1420732934" lon="-95.1632677144" version="1" timestamp="2026-09-02T12:00:00Z" changeset="1" uid="1" user="generator"/>
  <node id="2937" lat="43.1420732934" lon="-95.1632677391" version="1" timestamp="2026-09-02T12:00:00Z" changeset="1" uid="1" user="generator"/>
  <node id="2938" lat="43.1420732214" lon="-95.1632681708" version="1" timestamp="2026-09-02T12:00:00Z" changeset="1" uid="1" user="generator"/>
  <node id="2939" lat="43.1420731494" lon="-95.1632686149" version="1" timestamp="2026-09-02T12:00:00Z" changeset="1" uid="1" user="generator"/>
  <node id="2940" lat="43.1420731494" lon="-95.1632686396" version="1" timestamp="2026-09-02T12:00:00Z" changeset="1" uid="1" user="generator"/>
  <node id="2941" lat="43.1420731404" lon="-95.1632686766" version="1" timestamp="2026-09-02T12:00:00Z" changeset="1" uid="1" user="generator"/>
  <node id="2942" lat="43.1420730684" lon="-95.1632691453" version="1" timestamp="2026-09-02T12:00:00Z" changeset="1" uid="1" user="generator"/>
  <node id="2943" lat="43.1420724564" lon="-95.1632729199" version="1" timestamp="2026-09-02T12:00:00Z" changeset="1" uid="1" user="generator"/>
  <node id="2944" lat="43.1420724564" lon="-95.1632729446" version="1" timestamp="2026-09-02T12:00:00Z" changeset="1" uid="1" user="generator"/>
  <node id="2945" lat="43.1420724474" lon="-95.1632729692" version="1" timestamp="2026-09-02T12:00:00Z" changeset="1" uid="1" user="generator"/>
  <node id="2946" lat="43.1420723034" lon="-95.1632738450" version="1" timestamp="2026-09-02T12:00:00Z" changeset="1" uid="1" user="generator"/>
  <node id="2947" lat="43.1420723034" lon="-95.1632738697" version="1" timestamp="2026-09-02T12:00:00Z" changeset="1" uid="1" user="generator"/>
  <node id="2948" lat="43.1420722944" lon="-95.1632738944" version="1" timestamp="2026-09-02T12:00:00Z" changeset="1" uid="1" user="generator"/>
  <node id="2949" lat="43.1420717274" lon="-95.1632772496" version="1" timestamp="2026-09-02T12:00:00Z" changeset="1" uid="1" user="generator"/>
  <node id="2950" lat="43.1420715834" lon="-95.1632780884" version="1" timestamp="2026-09-02T12:00:00Z" changeset="1" uid="1" user="generator"/>
  <node id="2951" lat="43.1420715834" lon="-95.1632781130" version="1" timestamp="2026-09-02T12:00:00Z" changeset="1" uid="1" user="generator"/>
  <node id="2952" lat="43.1420715744" lon="-95.1632781377" version="1" timestamp="2026-09-02T12:00:00Z" changeset="1" uid="1" user="generator"/>
  <node id="2953" lat="43.1420714214" lon="-95.1632790012" version="1" timestamp="2026-09-02T12:00:00Z" changeset="1" uid="1" user="generator"/>
  <node id="2954" lat="43.1420714214" lon="-95.1632790258" version="1" timestamp="2026-09-02T12:00:00Z" changeset="1" uid="1" user="generator"/>
  <node id="2955" lat="43.1420714124" lon="-95.1632790505" version="1" timestamp="2026-09-02T12:00:00Z" changeset="1" uid="1" user="generator"/>
  <node id="2956" lat="43.1420706834" lon="-95.1632831828" version="1" timestamp="2026-09-02T12:00:00Z" changeset="1" uid="1" user="generator"/>
  <node id="2957" lat="43.1420706744" lon="-95.1632832075" version="1" timestamp="2026-09-02T12:00:00Z" changeset="1" uid="1" user="generator"/>
  <node id="2958" lat="43.1420706654" lon="-95.1632832322" version="1" timestamp="2026-09-02T12:00:00Z" changeset="1" uid="1" user="generator"/>
  <node id="2959" lat="43.1420705934" lon="-95.1632836392" version="1" timestamp="2026-09-02T12:00:00Z" changeset="1" uid="1" user="generator"/>
  <node id="2960" lat="43.1420705124" lon="-95.1632840833" version="1" timestamp="2026-09-02T12:00:00Z" changeset="1" uid="1" user="generator"/>
  <node id="2961" lat="43.1420705124" lon="-95.1632841080" version="1" timestamp="2026-09-02T12:00:00Z" changeset="1" uid="1" user="generator"/>
  <node id="2962" lat="43.1420705034" lon="-95.1632841326" version="1" timestamp="2026-09-02T12:00:00Z" changeset="1" uid="1" user="generator"/>
  <node id="2963" lat="43.1420705034" lon="-95.1632841450" version="1" timestamp="2026-09-02T12:00:00Z" changeset="1" uid="1" user="generator"/>
  <node id="2964" lat="43.1420697474" lon="-95.1632882033" version="1" timestamp="2026-09-02T12:00:00Z" changeset="1" uid="1" user="generator"/>
  <node id="2965" lat="43.1420697384" lon="-95.1632882403" version="1" timestamp="2026-09-02T12:00:00Z" changeset="1" uid="1" user="generator"/>
  <node id="2966" lat="43.1420697294" lon="-95.1632882649" version="1" timestamp="2026-09-02T12:00:00Z" changeset="1" uid="1" user="generator"/>
  <node id="2967" lat="43.1420695764" lon="-95.1632890914" version="1" timestamp="2026-09-02T12:00:00Z" changeset="1" uid="1" user="generator"/>
  <node id="2968" lat="43.1420695674" lon="-95.1632891284" version="1" timestamp="2026-09-02T12:00:00Z" changeset="1" uid="1" user="generator"/>
  <node id="2969" lat="43.1420695674" lon="-95.1632891531" version="1" timestamp="2026-09-02T12:00:00Z" changeset="1" uid="1" user="generator"/>
  <node id="2970" lat="43.1420692434" lon="-95.1632907690" version="1" timestamp="2026-09-02T12:00:00Z" changeset="1" uid="1" user="generator"/>
  <node id="2971" lat="43.1420687754" lon="-95.1632931620" version="1" timestamp="2026-09-02T12:00:00Z" changeset="1" uid="1" user="generator"/>
  <node id="2972" lat="43.1420687754" lon="-95.1632931867" version="1" timestamp="2026-09-02T12:00:00Z" changeset="1" uid="1" user="generator"/>
  <node id="2973" lat="43.1420687664" lon="-95.1632932114" version="1" timestamp="2026-09-02T12:00:00Z" changeset="1" uid="1" user="generator"/>
  <node id="2974" lat="43.1420686044" lon="-95.1632940378" version="1" timestamp="2026-09-02T12:00:00Z" changeset="1" uid="1" user="generator"/>
  <node id="2975" lat="43.1420685954" lon="-95.1632940625" version="1" timestamp="2026-09-02T12:00:00Z" changeset="1" uid="1" user="generator"/>
  <node id="2976" lat="43.1420685954" lon="-95.1632940872" version="1" timestamp="2026-09-02T12:00:00Z" changeset="1" uid="1" user="generator"/>
  <node id="2977" lat="43.1420682984" lon="-95.1632955181" version="1" timestamp="2026-09-02T12:00:00Z" changeset="1" uid="1" user="generator"/>
  <node id="2978" lat="43.1420677764" lon="-95.1632980468" version="1" timestamp="2026-09-02T12:00:00Z" changeset="1" uid="1" user="generator"/>
  <node id="2979" lat="43.1420677764" lon="-95.1632980715" version="1" timestamp="2026-09-02T12:00:00Z" changeset="1" uid="1" user="generator"/>
  <node id="2980" lat="43.1420677674" lon="-95.1632980961" version="1" timestamp="2026-09-02T12:00:00Z" changeset="1" uid="1" user="generator"/>
  <node id="2981" lat="43.1420676864" lon="-95.1632985032" version="1" timestamp="2026-09-02T12:00:00Z" changeset="1" uid="1" user="generator"/>
  <node id="2982" lat="43.1420676054" lon="-95.1632988979" version="1" timestamp="2026-09-02T12:00:00Z" changeset="1" uid="1" user="generator"/>
  <node id="2983" lat="43.1420675964" lon="-95.1632989226" version="1" timestamp="2026-09-02T12:00:00Z" changeset="1" uid="1" user="generator"/>
  <node id="2984" lat="43.1420675874" lon="-95.1632989473" version="1" timestamp="2026-09-02T12:00:00Z" changeset="1" uid="1" user="generator"/>
  <node id="2985" lat="43.1420667504" lon="-95.1633028575" version="1" timestamp="2026-09-02T12:00:00Z" changeset="1" uid="1" user="generator"/>
  <node id="2986" lat="43.1420667504" lon="-95.1633028822" version="1" timestamp="2026-09-02T12:00:00Z" changeset="1" uid="1" user="generator"/>
  <node id="2987" lat="43.1420666604" lon="-95.1633032769" version="1" timestamp="2026-09-02T12:00:00Z" changeset="1" uid="1" user="generator"/>
  <node id="2988" lat="43.1420666514" lon="-95.1633033016" version="1" timestamp="2026-09-02T12:00:00Z" changeset="1" uid="1" user="generator"/>
  <node id="2989" lat="43.1419471493" lon="-95.1638476068" version="1" timestamp="2026-09-02T12:00:00Z" changeset="1" uid="1" user="generator"/>
  <node id="2990" lat="43.1419471403" lon="-95.1638476438" version="1" timestamp="2026-09-02T12:00:00Z" changeset="1" uid="1" user="generator"/>
  <node id="2991" lat="43.1419470053" lon="-95.1638482236" version="1" timestamp="2026-09-02T12:00:00Z" changeset="1" uid="1" user="generator"/>
  <node id="2992" lat="43.1419469963" lon="-95.1638482606" version="1" timestamp="2026-09-02T12:00:00Z" changeset="1" uid="1" user="generator"/>
  <node id="2993" lat="43.1419457003" lon="-95.1638539965" version="1" timestamp="2026-09-02T12:00:00Z" changeset="1" uid="1" user="generator"/>
  <node id="2994" lat="43.1419456913" lon="-95.1638540335" version="1" timestamp="2026-09-02T12:00:00Z" changeset="1" uid="1" user="generator"/>
  <node id="2995" lat="43.1419456823" lon="-95.1638540705" version="1" timestamp="2026-09-02T12:00:00Z" changeset="1" uid="1" user="generator"/>
  <node id="2996" lat="43.1419454123" lon="-95.1638552176" version="1" timestamp="2026-09-02T12:00:00Z" changeset="1" uid="1" user="generator"/>
  <node id="2997" lat="43.1419454033" lon="-95.1638552547" version="1" timestamp="2026-09-02T12:00:00Z" changeset="1" uid="1" user="generator"/>
  <node id="2998" lat="43.1419453943" lon="-95.1638552917" version="1" timestamp="2026-09-02T12:00:00Z" changeset="1" uid="1" user="generator"/>
  <node id="2999" lat="43.1419444223" lon="-95.1638593130" version="1" timestamp="2026-09-02T12:00:00Z" changeset="1" uid="1" user="generator"/>
  <node id="3000" lat="43.1419440533" lon="-95.1638608055" version="1" timestamp="2026-09-02T12:00:00Z" changeset="1" uid="1" user="generator"/>
  <node id="3001" lat="43.1419440443" lon="-95.1638608549" version="1" timestamp="2026-09-02T12:00:00Z" changeset="1" uid="1" user="generator"/>
  <node id="3002" lat="43.1419440353" lon="-95.1638608919" version="1" timestamp="2026-09-02T12:00:00Z" changeset="1" uid="1" user="generator"/>
  <node id="3003" lat="43.1419437563" lon="-95.1638620020" version="1" timestamp="2026-09-02T12:00:00Z" changeset="1" uid="1" user="generator"/>
  <node id="3004" lat="43.1419437473" lon="-95.1638620390" version="1" timestamp="2026-09-02T12:00:00Z" changeset="1" uid="1" user="generator"/>
  <node id="3005" lat="43.1419437383" lon="-95.1638620760" version="1" timestamp="2026-09-02T12:00:00Z" changeset="1" uid="1" user="generator"/>
  <node id="3006" lat="43.1419436123" lon="-95.1638625818" version="1" timestamp="2026-09-02T12:00:00Z" changeset="1" uid="1" user="generator"/>
  <node id="3007" lat="43.1419423522" lon="-95.1638674295" version="1" timestamp="2026-09-02T12:00:00Z" changeset="1" uid="1" user="generator"/>
  <node id="3008" lat="43.1419423432" lon="-95.1638674666" version="1" timestamp="2026-09-02T12:00:00Z" changeset="1" uid="1" user="generator"/>
  <node id="3009" lat="43.1419423342" lon="-95.1638675036" version="1" timestamp="2026-09-02T12:00:00Z" changeset="1" uid="1" user="generator"/>
  <node id="3010" lat="43.1419421812" lon="-95.1638680586" version="1" timestamp="2026-09-02T12:00:00Z" changeset="1" uid="1" user="generator"/>
  <node id="3011" lat="43.1419420462" lon="-95.1638686014" version="1" timestamp="2026-09-02T12:00:00Z" changeset="1" uid="1" user="generator"/>
  <node id="3012" lat="43.1419420282" lon="-95.1638686261" version="1" timestamp="2026-09-02T12:00:00Z" changeset="1" uid="1" user="generator"/>
  <node id="3013" lat="43.1419420192" lon="-95.1638686631" version="1" timestamp="2026-09-02T12:00:00Z" changeset="1" uid="1" user="generator"/>
  <node id="3014" lat="43.1419405882" lon="-95.1638738439" version="1" timestamp="2026-09-02T12:00:00Z" changeset="1" uid="1" user="generator"/>
  <node id="3015" lat="43.1419405792" lon="-95.1638738809" version="1" timestamp="2026-09-02T12:00:00Z" changeset="1" uid="1" user="generator"/>
  <node id="3016" lat="43.1419405702" lon="-95.1638739179" version="1" timestamp="2026-09-02T12:00:00Z" changeset="1" uid="1" user="generator"/>
  <node id="3017" lat="43.1419404982" lon="-95.1638741893" version="1" timestamp="2026-09-02T12:00:00Z" changeset="1" uid="1" user="generator"/>
  <node id="3018" lat="43.1419402732" lon="-95.1638749787" version="1" timestamp="2026-09-02T12:00:00Z" changeset="1" uid="1" user="generator"/>
  <node id="3019" lat="43.1419402552" lon="-95.1638750157" version="1" timestamp="2026-09-02T12:00:00Z" changeset="1" uid="1" user="generator"/>
  <node id="3020" lat="43.1419402462" lon="-95.1638750527" version="1" timestamp="2026-09-02T12:00:00Z" changeset="1" uid="1" user="generator"/>
  <node id="3021" lat="43.1419399942" lon="-95.1638759285" version="1" timestamp="2026-09-02T12:00:00Z" changeset="1" uid="1" user="generator"/>
  <node id="3022" lat="43.1419387702" lon="-95.1638800608" version="1" timestamp="2026-09-02T12:00:00Z" changeset="1" uid="1" user="generator"/>
  <node id="3023" lat="43.1419387612" lon="-95.1638800978" version="1" timestamp="2026-09-02T12:00:00Z" changeset="1" uid="1" user="generator"/>
  <node id="3024" lat="43.1419387522" lon="-95.1638801225" version="1" timestamp="2026-09-02T12:00:00Z" changeset="1" uid="1" user="generator"/>
  <node id="3025" lat="43.1419384552" lon="-95.1638810847" version="1" timestamp="2026-09-02T12:00:00Z" changeset="1" uid="1" user="generator"/>
  <node id="3026" lat="43.1419384372" lon="-95.1638811463" version="1" timestamp="2026-09-02T12:00:00Z" changeset="1" uid="1" user="generator"/>
  <node id="3027" lat="43.1419384282" lon="-95.1638811833" version="1" timestamp="2026-09-02T12:00:00Z" changeset="1" uid="1" user="generator"/>
  <node id="3028" lat="43.1419384192" lon="-95.1638812204" version="1" timestamp="2026-09-02T12:00:00Z" changeset="1" uid="1" user="generator"/>
  <node id="3029" lat="43.1419368892" lon="-95.1638860558" version="1" timestamp="2026-09-02T12:00:00Z" changeset="1" uid="1" user="generator"/>
  <node id="3030" lat="43.1419368802" lon="-95.1638860928" version="1" timestamp="2026-09-02T12:00:00Z" changeset="1" uid="1" user="generator"/>
  <node id="3031" lat="43.1419368712" lon="-95.1638861298" version="1" timestamp="2026-09-02T12:00:00Z" changeset="1" uid="1" user="generator"/>
  <node id="3032" lat="43.1419368622" lon="-95.1638861668" version="1" timestamp="2026-09-02T12:00:00Z" changeset="1" uid="1" user="generator"/>
  <node id="3033" lat="43.1419365562" lon="-95.1638871043" version="1" timestamp="2026-09-02T12:00:00Z" changeset="1" uid="1" user="generator"/>
  <node id="3034" lat="43.1419365382" lon="-95.1638871413" version="1" timestamp="2026-09-02T12:00:00Z" changeset="1" uid="1" user="generator"/>
  <node id="3035" lat="43.1419365292" lon="-95.1638871659" version="1" timestamp="2026-09-02T12:00:00Z" changeset="1" uid="1" user="generator"/>
  <node id="3036" lat="43.1419354402" lon="-95.1638904224" version="1" timestamp="2026-09-02T12:00:00Z" changeset="1" uid="1" user="generator"/>
  <node id="3037" lat="43.1419349542" lon="-95.1638918410" version="1" timestamp="2026-09-02T12:00:00Z" changeset="1" uid="1" user="generator"/>
  <node id="3038" lat="43.1419349452" lon="-95.1638918780" version="1" timestamp="2026-09-02T12:00:00Z" changeset="1" uid="1" user="generator"/>
  <node id="3039" lat="43.1419349362" lon="-95.1638919027" version="1" timestamp="2026-09-02T12:00:00Z" changeset="1" uid="1" user="generator"/>
  <node id="3040" lat="43.1419347652" lon="-95.1638923961" version="1" timestamp="2026-09-02T12:00:00Z" changeset="1" uid="1" user="generator"/>
  <node id="3041" lat="43.1419346122" lon="-95.1638928525" version="1" timestamp="2026-09-02T12:00:00Z" changeset="1" uid="1" user="generator"/>
  <node id="3042" lat="43.1419346032" lon="-95.1638928772" version="1" timestamp="2026-09-02T12:00:00Z" changeset="1" uid="1" user="generator"/>
  <node id="3043" lat="43.1419345852" lon="-95.1638929142" version="1" timestamp="2026-09-02T12:00:00Z" changeset="1" uid="1" user="generator"/>
  <node id="3044" lat="43.1419339282" lon="-95.1638947398" version="1" timestamp="2026-09-02T12:00:00Z" changeset="1" uid="1" user="generator"/>
  <node id="3045" lat="43.1419329652" lon="-95.1638974165" version="1" timestamp="2026-09-02T12:00:00Z" changeset="1" uid="1" user="generator"/>
  <node id="3046" lat="43.1419329562" lon="-95.1638974412" version="1" timestamp="2026-09-02T12:00:00Z" changeset="1" uid="1" user="generator"/>
  <node id="3047" lat="43.1419327942" lon="-95.1638978976" version="1" timestamp="2026-09-02T12:00:00Z" changeset="1" uid="1" user="generator"/>
  <node id="3048" lat="43.1419327852" lon="-95.1638979223" version="1" timestamp="2026-09-02T12:00:00Z" changeset="1" uid="1" user="generator"/>
  <node id="3049" lat="43.1414978058" lon="-95.1650685127" version="1" timestamp="2026-09-02T12:00:00Z" changeset="1" uid="1" user="generator"/>
  <node id="3050" lat="43.1414975718" lon="-95.1650692035" version="1" timestamp="2026-09-02T12:00:00Z" changeset="1" uid="1" user="generator"/>
  <node id="3051" lat="43.1411473815" lon="-95.1661963615" version="1" timestamp="2026-09-02T12:00:00Z" changeset="1" uid="1" user="generator"/>
  <node id="3052" lat="43.1409454753" lon="-95.1668462441" version="1" timestamp="2026-09-02T12:00:00Z" changeset="1" uid="1" user="generator"/>
  <node id="3053" lat="43.1409454393" lon="-95.1668463551" version="1" timestamp="2026-09-02T12:00:00Z" changeset="1" uid="1" user="generator"/>
  <node id="3054" lat="43.1409453943" lon="-95.1668464785" version="1" timestamp="2026-09-02T12:00:00Z" changeset="1" uid="1" user="generator"/>
  <node id="3055" lat="43.1409447733" lon="-95.1668482547" version="1" timestamp="2026-09-02T12:00:00Z" changeset="1" uid="1" user="generator"/>
  <node id="3056" lat="43.1409441973" lon="-95.1668498953" version="1" timestamp="2026-09-02T12:00:00Z" changeset="1" uid="1" user="generator"/>
  <node id="3057" lat="43.1409441613" lon="-95.1668500064" version="1" timestamp="2026-09-02T12:00:00Z" changeset="1" uid="1" user="generator"/>
  <node id="3058" lat="43.1409441163" lon="-95.1668501174" version="1" timestamp="2026-09-02T12:00:00Z" changeset="1" uid="1" user="generator"/>
  <node id="3059" lat="43.1409287802" lon="-95.1668888130" version="1" timestamp="2026-09-02T12:00:00Z" changeset="1" uid="1" user="generator"/>
  <node id="3060" lat="43.1405068058" lon="-95.1679534067" version="1" timestamp="2026-09-02T12:00:00Z" changeset="1" uid="1" user="generator"/>
  <node id="3061" lat="43.1405067968" lon="-95.1679534314" version="1" timestamp="2026-09-02T12:00:00Z" changeset="1" uid="1" user="generator"/>
  <node id="3062" lat="43.1405066708" lon="-95.1679537397" version="1" timestamp="2026-09-02T12:00:00Z" changeset="1" uid="1" user="generator"/>
  <node id="3063" lat="43.1405066618" lon="-95.1679537644" version="1" timestamp="2026-09-02T12:00:00Z" changeset="1" uid="1" user="generator"/>
  <node id="3064" lat="43.1405054108" lon="-95.1679568359" version="1" timestamp="2026-09-02T12:00:00Z" changeset="1" uid="1" user="generator"/>
  <node id="3065" lat="43.1405054018" lon="-95.1679568482" version="1" timestamp="2026-09-02T12:00:00Z" changeset="1" uid="1" user="generator"/>
  <node id="3066" lat="43.1405053928" lon="-95.1679568729" version="1" timestamp="2026-09-02T12:00:00Z" changeset="1" uid="1" user="generator"/>
  <node id="3067" lat="43.1405052218" lon="-95.1679572923" version="1" timestamp="2026-09-02T12:00:00Z" changeset="1" uid="1" user="generator"/>
  <node id="3068" lat="43.1405051408" lon="-95.1679574897" version="1" timestamp="2026-09-02T12:00:00Z" changeset="1" uid="1" user="generator"/>
  <node id="3069" lat="43.1405051318" lon="-95.1679575020" version="1" timestamp="2026-09-02T12:00:00Z" changeset="1" uid="1" user="generator"/>
  <node id="3070" lat="43.1405051228" lon="-95.1679575267" version="1" timestamp="2026-09-02T12:00:00Z" changeset="1" uid="1" user="generator"/>
  <node id="3071" lat="43.1405038628" lon="-95.1679604625" version="1" timestamp="2026-09-02T12:00:00Z" changeset="1" uid="1" user="generator"/>
  <node id="3072" lat="43.1405038538" lon="-95.1679604871" version="1" timestamp="2026-09-02T12:00:00Z" changeset="1" uid="1" user="generator"/>
  <node id="3073" lat="43.1405038448" lon="-95.1679605118" version="1" timestamp="2026-09-02T12:00:00Z" changeset="1" uid="1" user="generator"/>
  <node id="3074" lat="43.1405035838" lon="-95.1679611039" version="1" timestamp="2026-09-02T12:00:00Z" changeset="1" uid="1" user="generator"/>
  <node id="3075" lat="43.1405035748" lon="-95.1679611162" version="1" timestamp="2026-09-02T12:00:00Z" changeset="1" uid="1" user="generator"/>
  <node id="3076" lat="43.1405035658" lon="-95.1679611409" version="1" timestamp="2026-09-02T12:00:00Z" changeset="1" uid="1" user="generator"/>
  <node id="3077" lat="43.1405022968" lon="-95.1679639657" version="1" timestamp="2026-09-02T12:00:00Z" changeset="1" uid="1" user="generator"/>
  <node id="3078" lat="43.1405022878" lon="-95.1679639903" version="1" timestamp="2026-09-02T12:00:00Z" changeset="1" uid="1" user="generator"/>
  <node id="3079" lat="43.1405022788" lon="-95.1679640027" version="1" timestamp="2026-09-02T12:00:00Z" changeset="1" uid="1" user="generator"/>
  <node id="3080" lat="43.1405020088" lon="-95.1679645824" version="1" timestamp="2026-09-02T12:00:00Z" changeset="1" uid="1" user="generator"/>
  <node id="3081" lat="43.1405019998" lon="-95.1679645948" version="1" timestamp="2026-09-02T12:00:00Z" changeset="1" uid="1" user="generator"/>
  <node id="3082" lat="43.1405019908" lon="-95.1679646194" version="1" timestamp="2026-09-02T12:00:00Z" changeset="1" uid="1" user="generator"/>
  <node id="3083" lat="43.1405007038" lon="-95.1679673332" version="1" timestamp="2026-09-02T12:00:00Z" changeset="1" uid="1" user="generator"/>
  <node id="3084" lat="43.1405006948" lon="-95.1679673579" version="1" timestamp="2026-09-02T12:00:00Z" changeset="1" uid="1" user="generator"/>
  <node id="3085" lat="43.1405006858" lon="-95.1679673702" version="1" timestamp="2026-09-02T12:00:00Z" changeset="1" uid="1" user="generator"/>
  <node id="3086" lat="43.1405004428" lon="-95.1679678513" version="1" timestamp="2026-09-02T12:00:00Z" changeset="1" uid="1" user="generator"/>
  <node id="3087" lat="43.1405004158" lon="-95.1679679253" version="1" timestamp="2026-09-02T12:00:00Z" changeset="1" uid="1" user="generator"/>
  <node id="3088" lat="43.1405004068" lon="-95.1679679376" version="1" timestamp="2026-09-02T12:00:00Z" changeset="1" uid="1" user="generator"/>
  <node id="3089" lat="43.1405003978" lon="-95.1679679623" version="1" timestamp="2026-09-02T12:00:00Z" changeset="1" uid="1" user="generator"/>
  <node id="3090" lat="43.1404996238" lon="-95.1679694919" version="1" timestamp="2026-09-02T12:00:00Z" changeset="1" uid="1" user="generator"/>
  <node id="3091" lat="43.1404990838" lon="-95.1679705650" version="1" timestamp="2026-09-02T12:00:00Z" changeset="1" uid="1" user="generator"/>
  <node id="3092" lat="43.1404990748" lon="-95.1679705774" version="1" timestamp="2026-09-02T12:00:00Z" changeset="1" uid="1" user="generator"/>
  <node id="3093" lat="43.1404990658" lon="-95.1679706020" version="1" timestamp="2026-09-02T12:00:00Z" changeset="1" uid="1" user="generator"/>
  <node id="3094" lat="43.1404987958" lon="-95.1679711201" version="1" timestamp="2026-09-02T12:00:00Z" changeset="1" uid="1" user="generator"/>
  <node id="3095" lat="43.1404987868" lon="-95.1679711448" version="1" timestamp="2026-09-02T12:00:00Z" changeset="1" uid="1" user="generator"/>
  <node id="3096" lat="43.1404987778" lon="-95.1679711571" version="1" timestamp="2026-09-02T12:00:00Z" changeset="1" uid="1" user="generator"/>
  <node id="3097" lat="43.1404983368" lon="-95.1679719712" version="1" timestamp="2026-09-02T12:00:00Z" changeset="1" uid="1" user="generator"/>
  <node id="3098" lat="43.1404974458" lon="-95.1679736612" version="1" timestamp="2026-09-02T12:00:00Z" changeset="1" uid="1" user="generator"/>
  <node id="3099" lat="43.1404974368" lon="-95.1679736735" version="1" timestamp="2026-09-02T12:00:00Z" changeset="1" uid="1" user="generator"/>
  <node id="3100" lat="43.1404974278" lon="-95.1679736858" version="1" timestamp="2026-09-02T12:00:00Z" changeset="1" uid="1" user="generator"/>
  <node id="3101" lat="43.1404974008" lon="-95.1679737352" version="1" timestamp="2026-09-02T12:00:00Z" changeset="1" uid="1" user="generator"/>
  <node id="3102" lat="43.1404971488" lon="-95.1679741916" version="1" timestamp="2026-09-02T12:00:00Z" changeset="1" uid="1" user="generator"/>
  <node id="3103" lat="43.1404971398" lon="-95.1679742039" version="1" timestamp="2026-09-02T12:00:00Z" changeset="1" uid="1" user="generator"/>
  <node id="3104" lat="43.1404971308" lon="-95.1679742286" version="1" timestamp="2026-09-02T12:00:00Z" changeset="1" uid="1" user="generator"/>
  <node id="3105" lat="43.1404966718" lon="-95.1679750427" version="1" timestamp="2026-09-02T12:00:00Z" changeset="1" uid="1" user="generator"/>
  <node id="3106" lat="43.1404957898" lon="-95.1679766093" version="1" timestamp="2026-09-02T12:00:00Z" changeset="1" uid="1" user="generator"/>
  <node id="3107" lat="43.1404957808" lon="-95.1679766340" version="1" timestamp="2026-09-02T12:00:00Z" changeset="1" uid="1" user="generator"/>
  <node id="3108" lat="43.1404957718" lon="-95.1679766463" version="1" timestamp="2026-09-02T12:00:00Z" changeset="1" uid="1" user="generator"/>
  <node id="3109" lat="43.1404954928" lon="-95.1679771274" version="1" timestamp="2026-09-02T12:00:00Z" changeset="1" uid="1" user="generator"/>
  <node id="3110" lat="43.1404954838" lon="-95.1679771397" version="1" timestamp="2026-09-02T12:00:00Z" changeset="1" uid="1" user="generator"/>
  <node id="3111" lat="43.1404954748" lon="-95.1679771520" version="1" timestamp="2026-09-02T12:00:00Z" changeset="1" uid="1" user="generator"/>
  <node id="3112" lat="43.1404949618" lon="-95.1679780032" version="1" timestamp="2026-09-02T12:00:00Z" changeset="1" uid="1" user="generator"/>
  <node id="3113" lat="43.1404941068" lon="-95.1679794341" version="1" timestamp="2026-09-02T12:00:00Z" changeset="1" uid="1" user="generator"/>
  <node id="3114" lat="43.1404940978" lon="-95.1679794464" version="1" timestamp="2026-09-02T12:00:00Z" changeset="1" uid="1" user="generator"/>
  <node id="3115" lat="43.1404939538" lon="-95.1679796808" version="1" timestamp="2026-09-02T12:00:00Z" changeset="1" uid="1" user="generator"/>
  <node id="3116" lat="43.1404939448" lon="-95.1679796931" version="1" timestamp="2026-09-02T12:00:00Z" changeset="1" uid="1" user="generator"/>
  <node id="3117" lat="43.1399467533" lon="-95.1688636617" version="1" timestamp="2026-09-02T12:00:00Z" changeset="1" uid="1" user="generator"/>
  <node id="3118" lat="43.1399467173" lon="-95.1688637110" version="1" timestamp="2026-09-02T12:00:00Z" changeset="1" uid="1" user="generator"/>
  <node id="3119" lat="43.1399466813" lon="-95.1688637604" version="1" timestamp="2026-09-02T12:00:00Z" changeset="1" uid="1" user="generator"/>
  <node id="3120" lat="43.1399456463" lon="-95.1688652406" version="1" timestamp="2026-09-02T12:00:00Z" changeset="1" uid="1" user="generator"/>
  <node id="3121" lat="43.1399456193" lon="-95.1688652900" version="1" timestamp="2026-09-02T12:00:00Z" changeset="1" uid="1" user="generator"/>
  <node id="3122" lat="43.1399455833" lon="-95.1688653393" version="1" timestamp="2026-09-02T12:00:00Z" changeset="1" uid="1" user="generator"/>
  <node id="3123" lat="43.1393481807" lon="-95.1695969676" version="1" timestamp="2026-09-02T12:00:00Z" changeset="1" uid="1" user="generator"/>
  <node id="3124" lat="43.1393478117" lon="-95.1695975227" version="1" timestamp="2026-09-02T12:00:00Z" changeset="1" uid="1" user="generator"/>
  <node id="3125" lat="43.1392567046" lon="-95.1697567090" version="1" timestamp="2026-09-02T12:00:00Z" changeset="1" uid="1" user="generator"/>
  <node id="3126" lat="43.1391683425" lon="-95.1699110970" version="1" timestamp="2026-09-02T12:00:00Z" changeset="1" uid="1" user="generator"/>
  <node id="3127" lat="43.1391682435" lon="-95.1699112820" version="1" timestamp="2026-09-02T12:00:00Z" changeset="1" uid="1" user="generator"/>
  <node id="3128" lat="43.1391624295" lon="-95.1699223344" version="1" timestamp="2026-09-02T12:00:00Z" changeset="1" uid="1" user="generator"/>
  <node id="3129" lat="43.1391617725" lon="-95.1699235803" version="1" timestamp="2026-09-02T12:00:00Z" changeset="1" uid="1" user="generator"/>
  <node id="3130" lat="43.1333418716" lon="-95.1400019550" version="1" timestamp="2026-09-02T12:00:00Z" changeset="1" uid="1" user="generator"/>
  <node id="3131" lat="43.1333418716" lon="-95.1392168411" version="1" timestamp="2026-09-02T12:00:00Z" changeset="1" uid="1" user="generator"/>
  <node id="3132" lat="43.1333418716" lon="-95.1384317149" version="1" timestamp="2026-09-02T12:00:00Z" changeset="1" uid="1" user="generator"/>
  <node id="3133" lat="43.1333418716" lon="-95.1376466009" version="1" timestamp="2026-09-02T12:00:00Z" changeset="1" uid="1" user="generator"/>
  <node id="3134" lat="43.1333418716" lon="-95.1368614747" version="1" timestamp="2026-09-02T12:00:00Z" changeset="1" uid="1" user="generator"/>
  <node id="3135" lat="43.1321833275" lon="-95.1368614747" version="1" timestamp="2026-09-02T12:00:00Z" changeset="1" uid="1" user="generator"/>
  <node id="3136" lat="43.1321833275" lon="-95.1376466009" version="1" timestamp="2026-09-02T12:00:00Z" changeset="1" uid="1" user="generator"/>
  <node id="3137" lat="43.1321833275" lon="-95.1384317149" version="1" timestamp="2026-09-02T12:00:00Z" changeset="1" uid="1" user="generator"/>
  <node id="3138" lat="43.1321833275" lon="-95.1392168411" version="1" timestamp="2026-09-02T12:00:00Z" changeset="1" uid="1" user="generator"/>
  <node id="3139" lat="43.1321833275" lon="-95.1400019550" version="1" timestamp="2026-09-02T12:00:00Z" changeset="1" uid="1" user="generator"/>
  <node id="3140" lat="43.1608922132" lon="-95.1241160296" version="1" timestamp="2026-09-02T12:00:00Z" changeset="1" uid="1" user="generator"/>
  <node id="3141" lat="43.1608924652" lon="-95.1201861180" version="1" timestamp="2026-09-02T12:00:00Z" changeset="1" uid="1" user="generator"/>
  <node id="3142" lat="43.1599033642" lon="-95.1201861180" version="1" timestamp="2026-09-02T12:00:00Z" changeset="1" uid="1" user="generator"/>
  <node id="3143" lat="43.1599033642" lon="-95.1241161282" version="1" timestamp="2026-09-02T12:00:00Z" changeset="1" uid="1" user="generator"/>
  <node id="3144" lat="43.1361128124" lon="-95.1490637865" version="1" timestamp="2026-09-02T12:00:00Z" changeset="1" uid="1" user="generator"/>
  <node id="3145" lat="43.1361059004" lon="-95.1479904595" version="1" timestamp="2026-09-02T12:00:00Z" changeset="1" uid="1" user="generator"/>
  <node id="3146" lat="43.1353319716" lon="-95.1487696155" version="1" timestamp="2026-09-02T12:00:00Z" changeset="1" uid="1" user="generator"/>
  <node id="3147" lat="43.1350555724" lon="-95.1489286292" version="1" timestamp="2026-09-02T12:00:00Z" changeset="1" uid="1" user="generator"/>
  <node id="3148" lat="43.1333625987" lon="-95.1489524732" version="1" timestamp="2026-09-02T12:00:00Z" changeset="1" uid="1" user="generator"/>
  <node id="3149" lat="43.1333695107" lon="-95.1490717427" version="1" timestamp="2026-09-02T12:00:00Z" changeset="1" uid="1" user="generator"/>
  <node id="3150" lat="43.1388768502" lon="-95.1457927992" version="1" timestamp="2026-09-02T12:00:00Z" changeset="1" uid="1" user="generator"/>
  <node id="3151" lat="43.1388699382" lon="-95.1436719876" version="1" timestamp="2026-09-02T12:00:00Z" changeset="1" uid="1" user="generator"/>
  <node id="3152" lat="43.1381858385" lon="-95.1457927992" version="1" timestamp="2026-09-02T12:00:00Z" changeset="1" uid="1" user="generator"/>
  <node id="3153" lat="43.1401482995" lon="-95.1531134487" version="1" timestamp="2026-09-02T12:00:00Z" changeset="1" uid="1" user="generator"/>
  <node id="3154" lat="43.1397129690" lon="-95.1523486632" version="1" timestamp="2026-09-02T12:00:00Z" changeset="1" uid="1" user="generator"/>
  <node id="3155" lat="43.1392914536" lon="-95.1514330547" version="1" timestamp="2026-09-02T12:00:00Z" changeset="1" uid="1" user="generator"/>
  <node id="3156" lat="43.1391670735" lon="-95.1510832394" version="1" timestamp="2026-09-02T12:00:00Z" changeset="1" uid="1" user="generator"/>
  <node id="3157" lat="43.1390565084" lon="-95.1504948974" version="1" timestamp="2026-09-02T12:00:00Z" changeset="1" uid="1" user="generator"/>
  <node id="3158" lat="43.1390565084" lon="-95.1500496566" version="1" timestamp="2026-09-02T12:00:00Z" changeset="1" uid="1" user="generator"/>
  <node id="3159" lat="43.1392223515" lon="-95.1490955868" version="1" timestamp="2026-09-02T12:00:00Z" changeset="1" uid="1" user="generator"/>
  <node id="3160" lat="43.1389528553" lon="-95.1491035430" version="1" timestamp="2026-09-02T12:00:00Z" changeset="1" uid="1" user="generator"/>
  <node id="3161" lat="43.1388906652" lon="-95.1492069000" version="1" timestamp="2026-09-02T12:00:00Z" changeset="1" uid="1" user="generator"/>
  <node id="3162" lat="43.1389044892" lon="-95.1529654257" version="1" timestamp="2026-09-02T12:00:00Z" changeset="1" uid="1" user="generator"/>
  <node id="3163" lat="43.1389943183" lon="-95.1531381192" version="1" timestamp="2026-09-02T12:00:00Z" changeset="1" uid="1" user="generator"/>
  <node id="3164" lat="43.1510068553" lon="-95.1206615061" version="1" timestamp="2026-09-02T12:00:00Z" changeset="1" uid="1" user="generator"/>
  <node id="3165" lat="43.1510102843" lon="-95.1204167625" version="1" timestamp="2026-09-02T12:00:00Z" changeset="1" uid="1" user="generator"/>
  <node id="3166" lat="43.1509869113" lon="-95.1201829725" version="1" timestamp="2026-09-02T12:00:00Z" changeset="1" uid="1" user="generator"/>
  <node id="3167" lat="43.1509696493" lon="-95.1201322006" version="1" timestamp="2026-09-02T12:00:00Z" changeset="1" uid="1" user="generator"/>
  <node id="3168" lat="43.1509258552" lon="-95.1200636906" version="1" timestamp="2026-09-02T12:00:00Z" changeset="1" uid="1" user="generator"/>
  <node id="3169" lat="43.1508972172" lon="-95.1200320137" version="1" timestamp="2026-09-02T12:00:00Z" changeset="1" uid="1" user="generator"/>
  <node id="3170" lat="43.1508628552" lon="-95.1200156695" version="1" timestamp="2026-09-02T12:00:00Z" changeset="1" uid="1" user="generator"/>
  <node id="3171" lat="43.1507278550" lon="-95.1200010893" version="1" timestamp="2026-09-02T12:00:00Z" changeset="1" uid="1" user="generator"/>
  <node id="3172" lat="43.1496838540" lon="-95.1200011509" version="1" timestamp="2026-09-02T12:00:00Z" changeset="1" uid="1" user="generator"/>
  <node id="3173" lat="43.1495578539" lon="-95.1200132518" version="1" timestamp="2026-09-02T12:00:00Z" changeset="1" uid="1" user="generator"/>
  <node id="3174" lat="43.1491078534" lon="-95.1200142263" version="1" timestamp="2026-09-02T12:00:00Z" changeset="1" uid="1" user="generator"/>
  <node id="3175" lat="43.1490088533" lon="-95.1200364297" version="1" timestamp="2026-09-02T12:00:00Z" changeset="1" uid="1" user="generator"/>
  <node id="3176" lat="43.1489458533" lon="-95.1200799362" version="1" timestamp="2026-09-02T12:00:00Z" changeset="1" uid="1" user="generator"/>
  <node id="3177" lat="43.1489082242" lon="-95.1201195817" version="1" timestamp="2026-09-02T12:00:00Z" changeset="1" uid="1" user="generator"/>
  <node id="3178" lat="43.1488887302" lon="-95.1201575372" version="1" timestamp="2026-09-02T12:00:00Z" changeset="1" uid="1" user="generator"/>
  <node id="3179" lat="43.1488759052" lon="-95.1202085311" version="1" timestamp="2026-09-02T12:00:00Z" changeset="1" uid="1" user="generator"/>
  <node id="3180" lat="43.1488711352" lon="-95.1203640910" version="1" timestamp="2026-09-02T12:00:00Z" changeset="1" uid="1" user="generator"/>
  <node id="3181" lat="43.1489095292" lon="-95.1209778929" version="1" timestamp="2026-09-02T12:00:00Z" changeset="1" uid="1" user="generator"/>
  <node id="3182" lat="43.1489908263" lon="-95.1215704906" version="1" timestamp="2026-09-02T12:00:00Z" changeset="1" uid="1" user="generator"/>
  <node id="3183" lat="43.1489951733" lon="-95.1216444281" version="1" timestamp="2026-09-02T12:00:00Z" changeset="1" uid="1" user="generator"/>
  <node id="3184" lat="43.1489947683" lon="-95.1223209672" version="1" timestamp="2026-09-02T12:00:00Z" changeset="1" uid="1" user="generator"/>
  <node id="3185" lat="43.1489611803" lon="-95.1226564242" version="1" timestamp="2026-09-02T12:00:00Z" changeset="1" uid="1" user="generator"/>
  <node id="3186" lat="43.1489485263" lon="-95.1232067367" version="1" timestamp="2026-09-02T12:00:00Z" changeset="1" uid="1" user="generator"/>
  <node id="3187" lat="43.1488082611" lon="-95.1242141441" version="1" timestamp="2026-09-02T12:00:00Z" changeset="1" uid="1" user="generator"/>
  <node id="3188" lat="43.1488057771" lon="-95.1244620580" version="1" timestamp="2026-09-02T12:00:00Z" changeset="1" uid="1" user="generator"/>
  <node id="3189" lat="43.1487889291" lon="-95.1248879818" version="1" timestamp="2026-09-02T12:00:00Z" changeset="1" uid="1" user="generator"/>
  <node id="3190" lat="43.1487872911" lon="-95.1251889988" version="1" timestamp="2026-09-02T12:00:00Z" changeset="1" uid="1" user="generator"/>
  <node id="3191" lat="43.1487658351" lon="-95.1255081981" version="1" timestamp="2026-09-02T12:00:00Z" changeset="1" uid="1" user="generator"/>
  <node id="3192" lat="43.1507454411" lon="-95.1257570617" version="1" timestamp="2026-09-02T12:00:00Z" changeset="1" uid="1" user="generator"/>
  <node id="3193" lat="43.1508184311" lon="-95.1250671389" version="1" timestamp="2026-09-02T12:00:00Z" changeset="1" uid="1" user="generator"/>
  <node id="3194" lat="43.1508565822" lon="-95.1245197499" version="1" timestamp="2026-09-02T12:00:00Z" changeset="1" uid="1" user="generator"/>
  <node id="3195" lat="43.1508760672" lon="-95.1241256881" version="1" timestamp="2026-09-02T12:00:00Z" changeset="1" uid="1" user="generator"/>
  <node id="3196" lat="43.1508774262" lon="-95.1233286830" version="1" timestamp="2026-09-02T12:00:00Z" changeset="1" uid="1" user="generator"/>
  <node id="3197" lat="43.1509382752" lon="-95.1227328658" version="1" timestamp="2026-09-02T12:00:00Z" changeset="1" uid="1" user="generator"/>
  <node id="3198" lat="43.1509747793" lon="-95.1217931542" version="1" timestamp="2026-09-02T12:00:00Z" changeset="1" uid="1" user="generator"/>
  <node id="3199" lat="43.1509759403" lon="-95.1209356447" version="1" timestamp="2026-09-02T12:00:00Z" changeset="1" uid="1" user="generator"/>
  <node id="3200" lat="43.1487326250" lon="-95.1260021878" version="1" timestamp="2026-09-02T12:00:00Z" changeset="1" uid="1" user="generator"/>
  <node id="3201" lat="43.1487034650" lon="-95.1263105690" version="1" timestamp="2026-09-02T12:00:00Z" changeset="1" uid="1" user="generator"/>
  <node id="3202" lat="43.1486022599" lon="-95.1271123602" version="1" timestamp="2026-09-02T12:00:00Z" changeset="1" uid="1" user="generator"/>
  <node id="3203" lat="43.1484271287" lon="-95.1281115153" version="1" timestamp="2026-09-02T12:00:00Z" changeset="1" uid="1" user="generator"/>
  <node id="3204" lat="43.1483966817" lon="-95.1282101973" version="1" timestamp="2026-09-02T12:00:00Z" changeset="1" uid="1" user="generator"/>
  <node id="3205" lat="43.1482550396" lon="-95.1284569023" version="1" timestamp="2026-09-02T12:00:00Z" changeset="1" uid="1" user="generator"/>
  <node id="3206" lat="43.1481490015" lon="-95.1286049253" version="1" timestamp="2026-09-02T12:00:00Z" changeset="1" uid="1" user="generator"/>
  <node id="3207" lat="43.1478838522" lon="-95.1288833935" version="1" timestamp="2026-09-02T12:00:00Z" changeset="1" uid="1" user="generator"/>
  <node id="3208" lat="43.1475219438" lon="-95.1291614670" version="1" timestamp="2026-09-02T12:00:00Z" changeset="1" uid="1" user="generator"/>
  <node id="3209" lat="43.1482051795" lon="-95.1320257611" version="1" timestamp="2026-09-02T12:00:00Z" changeset="1" uid="1" user="generator"/>
  <node id="3210" lat="43.1483338526" lon="-95.1319282510" version="1" timestamp="2026-09-02T12:00:00Z" changeset="1" uid="1" user="generator"/>
  <node id="3211" lat="43.1486668530" lon="-95.1316050551" version="1" timestamp="2026-09-02T12:00:00Z" changeset="1" uid="1" user="generator"/>
  <node id="3212" lat="43.1489908533" lon="-95.1312012238" version="1" timestamp="2026-09-02T12:00:00Z" changeset="1" uid="1" user="generator"/>
  <node id="3213" lat="43.1495308538" lon="-95.1304529676" version="1" timestamp="2026-09-02T12:00:00Z" changeset="1" uid="1" user="generator"/>
  <node id="3214" lat="43.1496328509" lon="-95.1302701839" version="1" timestamp="2026-09-02T12:00:00Z" changeset="1" uid="1" user="generator"/>
  <node id="3215" lat="43.1496616780" lon="-95.1301961724" version="1" timestamp="2026-09-02T12:00:00Z" changeset="1" uid="1" user="generator"/>
  <node id="3216" lat="43.1497197460" lon="-95.1299741379" version="1" timestamp="2026-09-02T12:00:00Z" changeset="1" uid="1" user="generator"/>
  <node id="3217" lat="43.1498073881" lon="-95.1294437222" version="1" timestamp="2026-09-02T12:00:00Z" changeset="1" uid="1" user="generator"/>
  <node id="3218" lat="43.1498686692" lon="-95.1292340230" version="1" timestamp="2026-09-02T12:00:00Z" changeset="1" uid="1" user="generator"/>
  <node id="3219" lat="43.1500078543" lon="-95.1289594897" version="1" timestamp="2026-09-02T12:00:00Z" changeset="1" uid="1" user="generator"/>
  <node id="3220" lat="43.1503588547" lon="-95.1284403731" version="1" timestamp="2026-09-02T12:00:00Z" changeset="1" uid="1" user="generator"/>
  <node id="3221" lat="43.1504373707" lon="-95.1282595383" version="1" timestamp="2026-09-02T12:00:00Z" changeset="1" uid="1" user="generator"/>
  <node id="3222" lat="43.1505431209" lon="-95.1278154694" version="1" timestamp="2026-09-02T12:00:00Z" changeset="1" uid="1" user="generator"/>
  <node id="3223" lat="43.1505944929" lon="-95.1274700824" version="1" timestamp="2026-09-02T12:00:00Z" changeset="1" uid="1" user="generator"/>
  <node id="3224" lat="43.1506405729" lon="-95.1268533199" version="1" timestamp="2026-09-02T12:00:00Z" changeset="1" uid="1" user="generator"/>
  <node id="3225" lat="43.1506451180" lon="-95.1267052970" version="1" timestamp="2026-09-02T12:00:00Z" changeset="1" uid="1" user="generator"/>
  <node id="3226" lat="43.1474248517" lon="-95.1292360583" version="1" timestamp="2026-09-02T12:00:00Z" changeset="1" uid="1" user="generator"/>
  <node id="3227" lat="43.1473258516" lon="-95.1292870645" version="1" timestamp="2026-09-02T12:00:00Z" changeset="1" uid="1" user="generator"/>
  <node id="3228" lat="43.1470558514" lon="-95.1293961328" version="1" timestamp="2026-09-02T12:00:00Z" changeset="1" uid="1" user="generator"/>
  <node id="3229" lat="43.1470288513" lon="-95.1294008695" version="1" timestamp="2026-09-02T12:00:00Z" changeset="1" uid="1" user="generator"/>
  <node id="3230" lat="43.1470018513" lon="-95.1293911987" version="1" timestamp="2026-09-02T12:00:00Z" changeset="1" uid="1" user="generator"/>
  <node id="3231" lat="43.1468668512" lon="-95.1292191713" version="1" timestamp="2026-09-02T12:00:00Z" changeset="1" uid="1" user="generator"/>
  <node id="3232" lat="43.1468398511" lon="-95.1291990772" version="1" timestamp="2026-09-02T12:00:00Z" changeset="1" uid="1" user="generator"/>
  <node id="3233" lat="43.1468128511" lon="-95.1291921818" version="1" timestamp="2026-09-02T12:00:00Z" changeset="1" uid="1" user="generator"/>
  <node id="3234" lat="43.1451118494" lon="-95.1291908866" version="1" timestamp="2026-09-02T12:00:00Z" changeset="1" uid="1" user="generator"/>
  <node id="3235" lat="43.1450578494" lon="-95.1291972146" version="1" timestamp="2026-09-02T12:00:00Z" changeset="1" uid="1" user="generator"/>
  <node id="3236" lat="43.1450351063" lon="-95.1292216877" version="1" timestamp="2026-09-02T12:00:00Z" changeset="1" uid="1" user="generator"/>
  <node id="3237" lat="43.1450268533" lon="-95.1292710287" version="1" timestamp="2026-09-02T12:00:00Z" changeset="1" uid="1" user="generator"/>
  <node id="3238" lat="43.1450326493" lon="-95.1296904272" version="1" timestamp="2026-09-02T12:00:00Z" changeset="1" uid="1" user="generator"/>
  <node id="3239" lat="43.1450079713" lon="-95.1297397682" version="1" timestamp="2026-09-02T12:00:00Z" changeset="1" uid="1" user="generator"/>
  <node id="3240" lat="43.1448418491" lon="-95.1299646521" version="1" timestamp="2026-09-02T12:00:00Z" changeset="1" uid="1" user="generator"/>
  <node id="3241" lat="43.1447878491" lon="-95.1299991908" version="1" timestamp="2026-09-02T12:00:00Z" changeset="1" uid="1" user="generator"/>
  <node id="3242" lat="43.1443602587" lon="-95.1301355076" version="1" timestamp="2026-09-02T12:00:00Z" changeset="1" uid="1" user="generator"/>
  <node id="3243" lat="43.1455003258" lon="-95.1335946074" version="1" timestamp="2026-09-02T12:00:00Z" changeset="1" uid="1" user="generator"/>
  <node id="3244" lat="43.1455708499" lon="-95.1335573180" version="1" timestamp="2026-09-02T12:00:00Z" changeset="1" uid="1" user="generator"/>
  <node id="3245" lat="43.1458138501" lon="-95.1334029176" version="1" timestamp="2026-09-02T12:00:00Z" changeset="1" uid="1" user="generator"/>
  <node id="3246" lat="43.1463538507" lon="-95.1331447162" version="1" timestamp="2026-09-02T12:00:00Z" changeset="1" uid="1" user="generator"/>
  <node id="3247" lat="43.1465518509" lon="-95.1330133211" version="1" timestamp="2026-09-02T12:00:00Z" changeset="1" uid="1" user="generator"/>
  <node id="3248" lat="43.1470198513" lon="-95.1327628046" version="1" timestamp="2026-09-02T12:00:00Z" changeset="1" uid="1" user="generator"/>
  <node id="3249" lat="43.1478388521" lon="-95.1322939911" version="1" timestamp="2026-09-02T12:00:00Z" changeset="1" uid="1" user="generator"/>
  <node id="3250" lat="43.1479468523" lon="-95.1322215092" version="1" timestamp="2026-09-02T12:00:00Z" changeset="1" uid="1" user="generator"/>
  <node id="3251" lat="43.1443468487" lon="-95.1301397879" version="1" timestamp="2026-09-02T12:00:00Z" changeset="1" uid="1" user="generator"/>
  <node id="3252" lat="43.1439778483" lon="-95.1303382991" version="1" timestamp="2026-09-02T12:00:00Z" changeset="1" uid="1" user="generator"/>
  <node id="3253" lat="43.1438968482" lon="-95.1304015666" version="1" timestamp="2026-09-02T12:00:00Z" changeset="1" uid="1" user="generator"/>
  <node id="3254" lat="43.1437134100" lon="-95.1306032356" version="1" timestamp="2026-09-02T12:00:00Z" changeset="1" uid="1" user="generator"/>
  <node id="3255" lat="43.1435967969" lon="-95.1308129348" version="1" timestamp="2026-09-02T12:00:00Z" changeset="1" uid="1" user="generator"/>
  <node id="3256" lat="43.1435654499" lon="-95.1308869463" version="1" timestamp="2026-09-02T12:00:00Z" changeset="1" uid="1" user="generator"/>
  <node id="3257" lat="43.1434923698" lon="-95.1311336513" version="1" timestamp="2026-09-02T12:00:00Z" changeset="1" uid="1" user="generator"/>
  <node id="3258" lat="43.1434828658" lon="-95.1313556857" version="1" timestamp="2026-09-02T12:00:00Z" changeset="1" uid="1" user="generator"/>
  <node id="3259" lat="43.1434331677" lon="-95.1315900555" version="1" timestamp="2026-09-02T12:00:00Z" changeset="1" uid="1" user="generator"/>
  <node id="3260" lat="43.1431178074" lon="-95.1323918466" version="1" timestamp="2026-09-02T12:00:00Z" changeset="1" uid="1" user="generator"/>
  <node id="3261" lat="43.1427272160" lon="-95.1331689673" version="1" timestamp="2026-09-02T12:00:00Z" changeset="1" uid="1" user="generator"/>
  <node id="3262" lat="43.1424922438" lon="-95.1335513600" version="1" timestamp="2026-09-02T12:00:00Z" changeset="1" uid="1" user="generator"/>
  <node id="3263" lat="43.1422249705" lon="-95.1340447700" version="1" timestamp="2026-09-02T12:00:00Z" changeset="1" uid="1" user="generator"/>
  <node id="3264" lat="43.1420485614" lon="-95.1342914750" version="1" timestamp="2026-09-02T12:00:00Z" changeset="1" uid="1" user="generator"/>
  <node id="3265" lat="43.1419168462" lon="-95.1345121896" version="1" timestamp="2026-09-02T12:00:00Z" changeset="1" uid="1" user="generator"/>
  <node id="3266" lat="43.1418448462" lon="-95.1346528484" version="1" timestamp="2026-09-02T12:00:00Z" changeset="1" uid="1" user="generator"/>
  <node id="3267" lat="43.1417361710" lon="-95.1348959021" version="1" timestamp="2026-09-02T12:00:00Z" changeset="1" uid="1" user="generator"/>
  <node id="3268" lat="43.1415850609" lon="-95.1353604723" version="1" timestamp="2026-09-02T12:00:00Z" changeset="1" uid="1" user="generator"/>
  <node id="3269" lat="43.1428110331" lon="-95.1363182920" version="1" timestamp="2026-09-02T12:00:00Z" changeset="1" uid="1" user="generator"/>
  <node id="3270" lat="43.1428124011" lon="-95.1363144558" version="1" timestamp="2026-09-02T12:00:00Z" changeset="1" uid="1" user="generator"/>
  <node id="3271" lat="43.1428882172" lon="-95.1361787680" version="1" timestamp="2026-09-02T12:00:00Z" changeset="1" uid="1" user="generator"/>
  <node id="3272" lat="43.1429968473" lon="-95.1360432653" version="1" timestamp="2026-09-02T12:00:00Z" changeset="1" uid="1" user="generator"/>
  <node id="3273" lat="43.1431318474" lon="-95.1359356403" version="1" timestamp="2026-09-02T12:00:00Z" changeset="1" uid="1" user="generator"/>
  <node id="3274" lat="43.1441578485" lon="-95.1353200003" version="1" timestamp="2026-09-02T12:00:00Z" changeset="1" uid="1" user="generator"/>
  <node id="3275" lat="43.1443468487" lon="-95.1352288552" version="1" timestamp="2026-09-02T12:00:00Z" changeset="1" uid="1" user="generator"/>
  <node id="3276" lat="43.1443740377" lon="-95.1352042834" version="1" timestamp="2026-09-02T12:00:00Z" changeset="1" uid="1" user="generator"/>
  <node id="3277" lat="43.1443832267" lon="-95.1351796129" version="1" timestamp="2026-09-02T12:00:00Z" changeset="1" uid="1" user="generator"/>
  <node id="3278" lat="43.1443871687" lon="-95.1351302719" version="1" timestamp="2026-09-02T12:00:00Z" changeset="1" uid="1" user="generator"/>
  <node id="3279" lat="43.1443863767" lon="-95.1345381799" version="1" timestamp="2026-09-02T12:00:00Z" changeset="1" uid="1" user="generator"/>
  <node id="3280" lat="43.1443738487" lon="-95.1344787734" version="1" timestamp="2026-09-02T12:00:00Z" changeset="1" uid="1" user="generator"/>
  <node id="3281" lat="43.1443276606" lon="-95.1344024922" version="1" timestamp="2026-09-02T12:00:00Z" changeset="1" uid="1" user="generator"/>
  <node id="3282" lat="43.1443179766" lon="-95.1343654864" version="1" timestamp="2026-09-02T12:00:00Z" changeset="1" uid="1" user="generator"/>
  <node id="3283" lat="43.1443346536" lon="-95.1343161455" version="1" timestamp="2026-09-02T12:00:00Z" changeset="1" uid="1" user="generator"/>
  <node id="3284" lat="43.1444351567" lon="-95.1341804577" version="1" timestamp="2026-09-02T12:00:00Z" changeset="1" uid="1" user="generator"/>
  <node id="3285" lat="43.1444818488" lon="-95.1341427982" version="1" timestamp="2026-09-02T12:00:00Z" changeset="1" uid="1" user="generator"/>
  <node id="3286" lat="43.1446978490" lon="-95.1340188536" version="1" timestamp="2026-09-02T12:00:00Z" changeset="1" uid="1" user="generator"/>
  <node id="3287" lat="43.1414753778" lon="-95.1356976933" version="1" timestamp="2026-09-02T12:00:00Z" changeset="1" uid="1" user="generator"/>
  <node id="3288" lat="43.1413738217" lon="-95.1361664328" version="1" timestamp="2026-09-02T12:00:00Z" changeset="1" uid="1" user="generator"/>
  <node id="3289" lat="43.1413326826" lon="-95.1364378082" version="1" timestamp="2026-09-02T12:00:00Z" changeset="1" uid="1" user="generator"/>
  <node id="3290" lat="43.1412642016" lon="-95.1366721780" version="1" timestamp="2026-09-02T12:00:00Z" changeset="1" uid="1" user="generator"/>
  <node id="3291" lat="43.1412138825" lon="-95.1368078657" version="1" timestamp="2026-09-02T12:00:00Z" changeset="1" uid="1" user="generator"/>
  <node id="3292" lat="43.1411248454" lon="-95.1369370651" version="1" timestamp="2026-09-02T12:00:00Z" changeset="1" uid="1" user="generator"/>
  <node id="3293" lat="43.1410888454" lon="-95.1369732444" version="1" timestamp="2026-09-02T12:00:00Z" changeset="1" uid="1" user="generator"/>
  <node id="3294" lat="43.1410618454" lon="-95.1369732444" version="1" timestamp="2026-09-02T12:00:00Z" changeset="1" uid="1" user="generator"/>
  <node id="3295" lat="43.1409611893" lon="-95.1368572067" version="1" timestamp="2026-09-02T12:00:00Z" changeset="1" uid="1" user="generator"/>
  <node id="3296" lat="43.1409358452" lon="-95.1368435146" version="1" timestamp="2026-09-02T12:00:00Z" changeset="1" uid="1" user="generator"/>
  <node id="3297" lat="43.1408908452" lon="-95.1368388025" version="1" timestamp="2026-09-02T12:00:00Z" changeset="1" uid="1" user="generator"/>
  <node id="3298" lat="43.1390008433" lon="-95.1368516682" version="1" timestamp="2026-09-02T12:00:00Z" changeset="1" uid="1" user="generator"/>
  <node id="3299" lat="43.1389558433" lon="-95.1368648175" version="1" timestamp="2026-09-02T12:00:00Z" changeset="1" uid="1" user="generator"/>
  <node id="3300" lat="43.1389152532" lon="-95.1369188829" version="1" timestamp="2026-09-02T12:00:00Z" changeset="1" uid="1" user="generator"/>
  <node id="3301" lat="43.1389018072" lon="-95.1369558887" version="1" timestamp="2026-09-02T12:00:00Z" changeset="1" uid="1" user="generator"/>
  <node id="3302" lat="43.1388973072" lon="-95.1370052297" version="1" timestamp="2026-09-02T12:00:00Z" changeset="1" uid="1" user="generator"/>
  <node id="3303" lat="43.1388973612" lon="-95.1398053312" version="1" timestamp="2026-09-02T12:00:00Z" changeset="1" uid="1" user="generator"/>
  <node id="3304" lat="43.1389004302" lon="-95.1398793426" version="1" timestamp="2026-09-02T12:00:00Z" changeset="1" uid="1" user="generator"/>
  <node id="3305" lat="43.1389198432" lon="-95.1399254888" version="1" timestamp="2026-09-02T12:00:00Z" changeset="1" uid="1" user="generator"/>
  <node id="3306" lat="43.1389828433" lon="-95.1399717337" version="1" timestamp="2026-09-02T12:00:00Z" changeset="1" uid="1" user="generator"/>
  <node id="3307" lat="43.1390458434" lon="-95.1399839949" version="1" timestamp="2026-09-02T12:00:00Z" changeset="1" uid="1" user="generator"/>
  <node id="3308" lat="43.1410078453" lon="-95.1399840936" version="1" timestamp="2026-09-02T12:00:00Z" changeset="1" uid="1" user="generator"/>
  <node id="3309" lat="43.1410528454" lon="-95.1399793445" version="1" timestamp="2026-09-02T12:00:00Z" changeset="1" uid="1" user="generator"/>
  <node id="3310" lat="43.1410798454" lon="-95.1399638391" version="1" timestamp="2026-09-02T12:00:00Z" changeset="1" uid="1" user="generator"/>
  <node id="3311" lat="43.1411463105" lon="-95.1398793426" version="1" timestamp="2026-09-02T12:00:00Z" changeset="1" uid="1" user="generator"/>
  <node id="3312" lat="43.1419292032" lon="-95.1390898867" version="1" timestamp="2026-09-02T12:00:00Z" changeset="1" uid="1" user="generator"/>
  <node id="3313" lat="43.1420228933" lon="-95.1389788695" version="1" timestamp="2026-09-02T12:00:00Z" changeset="1" uid="1" user="generator"/>
  <node id="3314" lat="43.1420802054" lon="-95.1388678522" version="1" timestamp="2026-09-02T12:00:00Z" changeset="1" uid="1" user="generator"/>
  <node id="3315" lat="43.1421093744" lon="-95.1387938408" version="1" timestamp="2026-09-02T12:00:00Z" changeset="1" uid="1" user="generator"/>
  <node id="3316" lat="43.1421604765" lon="-95.1385841415" version="1" timestamp="2026-09-02T12:00:00Z" changeset="1" uid="1" user="generator"/>
  <node id="3317" lat="43.1423694657" lon="-95.1374616339" version="1" timestamp="2026-09-02T12:00:00Z" changeset="1" uid="1" user="generator"/>
  <node id="3318" lat="43.1423909667" lon="-95.1373752871" version="1" timestamp="2026-09-02T12:00:00Z" changeset="1" uid="1" user="generator"/>
  <node id="3319" lat="43.1427375480" lon="-95.1365241550" version="1" timestamp="2026-09-02T12:00:00Z" changeset="1" uid="1" user="generator"/>
  <node id="3320" lat="43.1596342639" lon="-95.1648606884" version="1" timestamp="2026-09-02T12:00:00Z" changeset="1" uid="1" user="generator"/>
  <node id="3321" lat="43.1596342639" lon="-95.1636271636" version="1" timestamp="2026-09-02T12:00:00Z" changeset="1" uid="1" user="generator"/>
  <node id="3322" lat="43.1587342630" lon="-95.1636271636" version="1" timestamp="2026-09-02T12:00:00Z" changeset="1" uid="1" user="generator"/>
  <node id="3323" lat="43.1587342630" lon="-95.1648606884" version="1" timestamp="2026-09-02T12:00:00Z" changeset="1" uid="1" user="generator"/>
  <node id="3324" lat="43.1596342639" lon="-95.1633804586" version="1" timestamp="2026-09-02T12:00:00Z" changeset="1" uid="1" user="generator"/>
  <node id="3325" lat="43.1596342639" lon="-95.1621469337" version="1" timestamp="2026-09-02T12:00:00Z" changeset="1" uid="1" user="generator"/>
  <node id="3326" lat="43.1587342630" lon="-95.1621469337" version="1" timestamp="2026-09-02T12:00:00Z" changeset="1" uid="1" user="generator"/>
  <node id="3327" lat="43.1587342630" lon="-95.1633804586" version="1" timestamp="2026-09-02T12:00:00Z" changeset="1" uid="1" user="generator"/>
  <node id="3328" lat="43.1596342639" lon="-95.1619002287" version="1" timestamp="2026-09-02T12:00:00Z" changeset="1" uid="1" user="generator"/>
  <node id="3329" lat="43.1596342639" lon="-95.1606667039" version="1" timestamp="2026-09-02T12:00:00Z" changeset="1" uid="1" user="generator"/>
  <node id="3330" lat="43.1587342630" lon="-95.1606667039" version="1" timestamp="2026-09-02T12:00:00Z" changeset="1" uid="1" user="generator"/>
  <node id="3331" lat="43.1587342630" lon="-95.1619002287" version="1" timestamp="2026-09-02T12:00:00Z" changeset="1" uid="1" user="generator"/>
  <node id="3332" lat="43.1585542629" lon="-95.1648606884" version="1" timestamp="2026-09-02T12:00:00Z" changeset="1" uid="1" user="generator"/>
  <node id="3333" lat="43.1585542629" lon="-95.1636271636" version="1" timestamp="2026-09-02T12:00:00Z" changeset="1" uid="1" user="generator"/>
  <node id="3334" lat="43.1576542620" lon="-95.1636271636" version="1" timestamp="2026-09-02T12:00:00Z" changeset="1" uid="1" user="generator"/>
  <node id="3335" lat="43.1576542620" lon="-95.1648606884" version="1" timestamp="2026-09-02T12:00:00Z" changeset="1" uid="1" user="generator"/>
  <node id="3336" lat="43.1585542629" lon="-95.1633804586" version="1" timestamp="2026-09-02T12:00:00Z" changeset="1" uid="1" user="generator"/>
  <node id="3337" lat="43.1585542629" lon="-95.1621469337" version="1" timestamp="2026-09-02T12:00:00Z" changeset="1" uid="1" user="generator"/>
  <node id="3338" lat="43.1576542620" lon="-95.1621469337" version="1" timestamp="2026-09-02T12:00:00Z" changeset="1" uid="1" user="generator"/>
  <node id="3339" lat="43.1576542620" lon="-95.1633804586" version="1" timestamp="2026-09-02T12:00:00Z" changeset="1" uid="1" user="generator"/>
  <node id="3340" lat="43.1585542629" lon="-95.1619002287" version="1" timestamp="2026-09-02T12:00:00Z" changeset="1" uid="1" user="generator"/>
  <node id="3341" lat="43.1585542629" lon="-95.1606667039" version="1" timestamp="2026-09-02T12:00:00Z" changeset="1" uid="1" user="generator"/>
  <node id="3342" lat="43.1576542620" lon="-95.1606667039" version="1" timestamp="2026-09-02T12:00:00Z" changeset="1" uid="1" user="generator"/>
  <node id="3343" lat="43.1576542620" lon="-95.1619002287" version="1" timestamp="2026-09-02T12:00:00Z" changeset="1" uid="1" user="generator"/>
  <node id="3344" lat="43.1574742618" lon="-95.1648606884" version="1" timestamp="2026-09-02T12:00:00Z" changeset="1" uid="1" user="generator"/>
  <node id="3345" lat="43.1574742618" lon="-95.1636271636" version="1" timestamp="2026-09-02T12:00:00Z" changeset="1" uid="1" user="generator"/>
  <node id="3346" lat="43.1565742609" lon="-95.1636271636" version="1" timestamp="2026-09-02T12:00:00Z" changeset="1" uid="1" user="generator"/>
  <node id="3347" lat="43.1565742609" lon="-95.1648606884" version="1" timestamp="2026-09-02T12:00:00Z" changeset="1" uid="1" user="generator"/>
  <node id="3348" lat="43.1574742618" lon="-95.1633804586" version="1" timestamp="2026-09-02T12:00:00Z" changeset="1" uid="1" user="generator"/>
  <node id="3349" lat="43.1574742618" lon="-95.1621469337" version="1" timestamp="2026-09-02T12:00:00Z" changeset="1" uid="1" user="generator"/>
  <node id="3350" lat="43.1565742609" lon="-95.1621469337" version="1" timestamp="2026-09-02T12:00:00Z" changeset="1" uid="1" user="generator"/>
  <node id="3351" lat="43.1565742609" lon="-95.1633804586" version="1" timestamp="2026-09-02T12:00:00Z" changeset="1" uid="1" user="generator"/>
  <node id="3352" lat="43.1574742618" lon="-95.1619002287" version="1" timestamp="2026-09-02T12:00:00Z" changeset="1" uid="1" user="generator"/>
  <node id="3353" lat="43.1574742618" lon="-95.1606667039" version="1" timestamp="2026-09-02T12:00:00Z" changeset="1" uid="1" user="generator"/>
  <node id="3354" lat="43.1565742609" lon="-95.1606667039" version="1" timestamp="2026-09-02T12:00:00Z" changeset="1" uid="1" user="generator"/>
  <node id="3355" lat="43.1565742609" lon="-95.1619002287" version="1" timestamp="2026-09-02T12:00:00Z" changeset="1" uid="1" user="generator"/>
  <node id="3356" lat="43.1273953317" lon="-95.1295389750" version="1" timestamp="2026-09-02T12:00:00Z" changeset="1" uid="1" user="generator"/>
  <node id="3357" lat="43.1320483364" lon="-95.1295389750" version="1" timestamp="2026-09-02T12:00:00Z" changeset="1" uid="1" user="generator"/>
  <node id="3358" lat="43.1320483364" lon="-95.1201367770" version="1" timestamp="2026-09-02T12:00:00Z" changeset="1" uid="1" user="generator"/>
  <node id="3359" lat="43.1319493363" lon="-95.1200010893" version="1" timestamp="2026-09-02T12:00:00Z" changeset="1" uid="1" user="generator"/>
  <node id="3360" lat="43.1273953317" lon="-95.1200010893" version="1" timestamp="2026-09-02T12:00:00Z" changeset="1" uid="1" user="generator"/>
  <node id="3361" lat="43.1320123273" lon="-95.1551586699" version="1" timestamp="2026-09-02T12:00:00Z" changeset="1" uid="1" user="generator"/>
  <node id="3362" lat="43.1320123273" lon="-95.1524004343" version="1" timestamp="2026-09-02T12:00:00Z" changeset="1" uid="1" user="generator"/>
  <node id="3363" lat="43.1299998713" lon="-95.1524004343" version="1" timestamp="2026-09-02T12:00:00Z" changeset="1" uid="1" user="generator"/>
  <node id="3364" lat="43.1299998713" lon="-95.1551586699" version="1" timestamp="2026-09-02T12:00:00Z" changeset="1" uid="1" user="generator"/>
  <node id="3365" lat="43.1320123273" lon="-95.1452978104" version="1" timestamp="2026-09-02T12:00:00Z" changeset="1" uid="1" user="generator"/>
  <node id="3366" lat="43.1320123273" lon="-95.1425395624" version="1" timestamp="2026-09-02T12:00:00Z" changeset="1" uid="1" user="generator"/>
  <node id="3367" lat="43.1299998713" lon="-95.1425395624" version="1" timestamp="2026-09-02T12:00:00Z" changeset="1" uid="1" user="generator"/>
  <node id="3368" lat="43.1299998713" lon="-95.1452978104" version="1" timestamp="2026-09-02T12:00:00Z" changeset="1" uid="1" user="generator"/>
  <node id="3369" lat="43.1553847297" lon="-95.1275348424" version="1" timestamp="2026-09-02T12:00:00Z" changeset="1" uid="1" user="generator"/>
  <node id="3370" lat="43.1553847297" lon="-95.1247766068" version="1" timestamp="2026-09-02T12:00:00Z" changeset="1" uid="1" user="generator"/>
  <node id="3371" lat="43.1533722647" lon="-95.1247766068" version="1" timestamp="2026-09-02T12:00:00Z" changeset="1" uid="1" user="generator"/>
  <node id="3372" lat="43.1533722647" lon="-95.1275348424" version="1" timestamp="2026-09-02T12:00:00Z" changeset="1" uid="1" user="generator"/>
  <node id="3373" lat="43.1320483364" lon="-95.1685119221" version="1" timestamp="2026-09-02T12:00:00Z" changeset="1" uid="1" user="generator"/>
  <node id="3374" lat="43.1320483364" lon="-95.1672783972" version="1" timestamp="2026-09-02T12:00:00Z" changeset="1" uid="1" user="generator"/>
  <node id="3375" lat="43.1311483355" lon="-95.1672783972" version="1" timestamp="2026-09-02T12:00:00Z" changeset="1" uid="1" user="generator"/>
  <node id="3376" lat="43.1311483355" lon="-95.1685119221" version="1" timestamp="2026-09-02T12:00:00Z" changeset="1" uid="1" user="generator"/>
  <node id="3377" lat="43.1309683353" lon="-95.1685119221" version="1" timestamp="2026-09-02T12:00:00Z" changeset="1" uid="1" user="generator"/>
  <node id="3378" lat="43.1309683353" lon="-95.1672783972" version="1" timestamp="2026-09-02T12:00:00Z" changeset="1" uid="1" user="generator"/>
  <node id="3379" lat="43.1300683344" lon="-95.1672783972" version="1" timestamp="2026-09-02T12:00:00Z" changeset="1" uid="1" user="generator"/>
  <node id="3380" lat="43.1300683344" lon="-95.1685119221" version="1" timestamp="2026-09-02T12:00:00Z" changeset="1" uid="1" user="generator"/>
  <node id="3381" lat="43.1298883342" lon="-95.1685119221" version="1" timestamp="2026-09-02T12:00:00Z" changeset="1" uid="1" user="generator"/>
  <node id="3382" lat="43.1298883342" lon="-95.1672783972" version="1" timestamp="2026-09-02T12:00:00Z" changeset="1" uid="1" user="generator"/>
  <node id="3383" lat="43.1289883333" lon="-95.1672783972" version="1" timestamp="2026-09-02T12:00:00Z" changeset="1" uid="1" user="generator"/>
  <node id="3384" lat="43.1289883333" lon="-95.1685119221" version="1" timestamp="2026-09-02T12:00:00Z" changeset="1" uid="1" user="generator"/>
  <node id="3385" lat="43.1320483364" lon="-95.1670316922" version="1" timestamp="2026-09-02T12:00:00Z" changeset="1" uid="1" user="generator"/>
  <node id="3386" lat="43.1320483364" lon="-95.1657981674" version="1" timestamp="2026-09-02T12:00:00Z" changeset="1" uid="1" user="generator"/>
  <node id="3387" lat="43.1311483355" lon="-95.1657981674" version="1" timestamp="2026-09-02T12:00:00Z" changeset="1" uid="1" user="generator"/>
  <node id="3388" lat="43.1311483355" lon="-95.1670316922" version="1" timestamp="2026-09-02T12:00:00Z" changeset="1" uid="1" user="generator"/>
  <node id="3389" lat="43.1309683353" lon="-95.1670316922" version="1" timestamp="2026-09-02T12:00:00Z" changeset="1" uid="1" user="generator"/>
  <node id="3390" lat="43.1309683353" lon="-95.1657981674" version="1" timestamp="2026-09-02T12:00:00Z" changeset="1" uid="1" user="generator"/>
  <node id="3391" lat="43.1300683344" lon="-95.1657981674" version="1" timestamp="2026-09-02T12:00:00Z" changeset="1" uid="1" user="generator"/>
  <node id="3392" lat="43.1300683344" lon="-95.1670316922" version="1" timestamp="2026-09-02T12:00:00Z" changeset="1" uid="1" user="generator"/>
  <node id="3393" lat="43.1298883342" lon="-95.1670316922" version="1" timestamp="2026-09-02T12:00:00Z" changeset="1" uid="1" user="generator"/>
  <node id="3394" lat="43.1298883342" lon="-95.1657981674" version="1" timestamp="2026-09-02T12:00:00Z" changeset="1" uid="1" user="generator"/>
  <node id="3395" lat="43.1289883333" lon="-95.1657981674" version="1" timestamp="2026-09-02T12:00:00Z" changeset="1" uid="1" user="generator"/>
  <node id="3396" lat="43.1289883333" lon="-95.1670316922" version="1" timestamp="2026-09-02T12:00:00Z" changeset="1" uid="1" user="generator"/>
  <node id="3397" lat="43.1320483364" lon="-95.1655514624" version="1" timestamp="2026-09-02T12:00:00Z" changeset="1" uid="1" user="generator"/>
  <node id="3398" lat="43.1320483364" lon="-95.1643179375" version="1" timestamp="2026-09-02T12:00:00Z" changeset="1" uid="1" user="generator"/>
  <node id="3399" lat="43.1311483355" lon="-95.1643179375" version="1" timestamp="2026-09-02T12:00:00Z" changeset="1" uid="1" user="generator"/>
  <node id="3400" lat="43.1311483355" lon="-95.1655514624" version="1" timestamp="2026-09-02T12:00:00Z" changeset="1" uid="1" user="generator"/>
  <node id="3401" lat="43.1309683353" lon="-95.1655514624" version="1" timestamp="2026-09-02T12:00:00Z" changeset="1" uid="1" user="generator"/>
  <node id="3402" lat="43.1309683353" lon="-95.1643179375" version="1" timestamp="2026-09-02T12:00:00Z" changeset="1" uid="1" user="generator"/>
  <node id="3403" lat="43.1300683344" lon="-95.1643179375" version="1" timestamp="2026-09-02T12:00:00Z" changeset="1" uid="1" user="generator"/>
  <node id="3404" lat="43.1300683344" lon="-95.1655514624" version="1" timestamp="2026-09-02T12:00:00Z" changeset="1" uid="1" user="generator"/>
  <node id="3405" lat="43.1298883342" lon="-95.1655514624" version="1" timestamp="2026-09-02T12:00:00Z" changeset="1" uid="1" user="generator"/>
  <node id="3406" lat="43.1298883342" lon="-95.1643179375" version="1" timestamp="2026-09-02T12:00:00Z" changeset="1" uid="1" user="generator"/>
  <node id="3407" lat="43.1289883333" lon="-95.1643179375" version="1" timestamp="2026-09-02T12:00:00Z" changeset="1" uid="1" user="generator"/>
  <node id="3408" lat="43.1289883333" lon="-95.1655514624" version="1" timestamp="2026-09-02T12:00:00Z" changeset="1" uid="1" user="generator"/>
  <node id="3409" lat="43.1320483364" lon="-95.1640712325" version="1" timestamp="2026-09-02T12:00:00Z" changeset="1" uid="1" user="generator"/>
  <node id="3410" lat="43.1320483364" lon="-95.1628377076" version="1" timestamp="2026-09-02T12:00:00Z" changeset="1" uid="1" user="generator"/>
  <node id="3411" lat="43.1311483355" lon="-95.1628377076" version="1" timestamp="2026-09-02T12:00:00Z" changeset="1" uid="1" user="generator"/>
  <node id="3412" lat="43.1311483355" lon="-95.1640712325" version="1" timestamp="2026-09-02T12:00:00Z" changeset="1" uid="1" user="generator"/>
  <node id="3413" lat="43.1309683353" lon="-95.1640712325" version="1" timestamp="2026-09-02T12:00:00Z" changeset="1" uid="1" user="generator"/>
  <node id="3414" lat="43.1309683353" lon="-95.1628377076" version="1" timestamp="2026-09-02T12:00:00Z" changeset="1" uid="1" user="generator"/>
  <node id="3415" lat="43.1300683344" lon="-95.1628377076" version="1" timestamp="2026-09-02T12:00:00Z" changeset="1" uid="1" user="generator"/>
  <node id="3416" lat="43.1300683344" lon="-95.1640712325" version="1" timestamp="2026-09-02T12:00:00Z" changeset="1" uid="1" user="generator"/>
  <node id="3417" lat="43.1298883342" lon="-95.1640712325" version="1" timestamp="2026-09-02T12:00:00Z" changeset="1" uid="1" user="generator"/>
  <node id="3418" lat="43.1298883342" lon="-95.1628377076" version="1" timestamp="2026-09-02T12:00:00Z" changeset="1" uid="1" user="generator"/>
  <node id="3419" lat="43.1289883333" lon="-95.1628377076" version="1" timestamp="2026-09-02T12:00:00Z" changeset="1" uid="1" user="generator"/>
  <node id="3420" lat="43.1289883333" lon="-95.1640712325" version="1" timestamp="2026-09-02T12:00:00Z" changeset="1" uid="1" user="generator"/>
  <node id="3421" lat="43.1638903682" lon="-95.1700205230" version="1" timestamp="2026-09-02T12:00:00Z" changeset="1" uid="1" user="generator"/>
  <node id="3422" lat="43.1638903682" lon="-95.1570006679" version="1" timestamp="2026-09-02T12:00:00Z" changeset="1" uid="1" user="generator"/>
  <node id="3423" lat="43.1610148653" lon="-95.1569945003" version="1" timestamp="2026-09-02T12:00:00Z" changeset="1" uid="1" user="generator"/>
  <node id="3424" lat="43.1610193653" lon="-95.1700205230" version="1" timestamp="2026-09-02T12:00:00Z" changeset="1" uid="1" user="generator"/>
  <node id="3425" lat="43.1638903682" lon="-95.1567724658" version="1" timestamp="2026-09-02T12:00:00Z" changeset="1" uid="1" user="generator"/>
  <node id="3426" lat="43.1638903682" lon="-95.1441966797" version="1" timestamp="2026-09-02T12:00:00Z" changeset="1" uid="1" user="generator"/>
  <node id="3427" lat="43.1610148653" lon="-95.1441905121" version="1" timestamp="2026-09-02T12:00:00Z" changeset="1" uid="1" user="generator"/>
  <node id="3428" lat="43.1610103653" lon="-95.1567662982" version="1" timestamp="2026-09-02T12:00:00Z" changeset="1" uid="1" user="generator"/>
  <node id="3429" lat="43.1638903682" lon="-95.1439684776" version="1" timestamp="2026-09-02T12:00:00Z" changeset="1" uid="1" user="generator"/>
  <node id="3430" lat="43.1638903682" lon="-95.1328482508" version="1" timestamp="2026-09-02T12:00:00Z" changeset="1" uid="1" user="generator"/>
  <node id="3431" lat="43.1610148653" lon="-95.1328420832" version="1" timestamp="2026-09-02T12:00:00Z" changeset="1" uid="1" user="generator"/>
  <node id="3432" lat="43.1610103653" lon="-95.1439623100" version="1" timestamp="2026-09-02T12:00:00Z" changeset="1" uid="1" user="generator"/>
  <node id="3433" lat="43.1638903682" lon="-95.1326200487" version="1" timestamp="2026-09-02T12:00:00Z" changeset="1" uid="1" user="generator"/>
  <node id="3434" lat="43.1638903682" lon="-95.1303626982" version="1" timestamp="2026-09-02T12:00:00Z" changeset="1" uid="1" user="generator"/>
  <node id="3435" lat="43.1610103653" lon="-95.1303688658" version="1" timestamp="2026-09-02T12:00:00Z" changeset="1" uid="1" user="generator"/>
  <node id="3436" lat="43.1610148653" lon="-95.1326200487" version="1" timestamp="2026-09-02T12:00:00Z" changeset="1" uid="1" user="generator"/>
  <node id="3437" lat="43.1638903682" lon="-95.1300789875" version="1" timestamp="2026-09-02T12:00:00Z" changeset="1" uid="1" user="generator"/>
  <node id="3438" lat="43.1638903682" lon="-95.1271185278" version="1" timestamp="2026-09-02T12:00:00Z" changeset="1" uid="1" user="generator"/>
  <node id="3439" lat="43.1610103653" lon="-95.1271246954" version="1" timestamp="2026-09-02T12:00:00Z" changeset="1" uid="1" user="generator"/>
  <node id="3440" lat="43.1610148653" lon="-95.1300789875" version="1" timestamp="2026-09-02T12:00:00Z" changeset="1" uid="1" user="generator"/>
  <node id="3441" lat="43.1638903682" lon="-95.1268964933" version="1" timestamp="2026-09-02T12:00:00Z" changeset="1" uid="1" user="generator"/>
  <node id="3442" lat="43.1638903682" lon="-95.1201367770" version="1" timestamp="2026-09-02T12:00:00Z" changeset="1" uid="1" user="generator"/>
  <node id="3443" lat="43.1610148653" lon="-95.1201367770" version="1" timestamp="2026-09-02T12:00:00Z" changeset="1" uid="1" user="generator"/>
  <node id="3444" lat="43.1610103653" lon="-95.1268903257" version="1" timestamp="2026-09-02T12:00:00Z" changeset="1" uid="1" user="generator"/>
  <node id="3445" lat="43.1596198639" lon="-95.1601214859" version="1" timestamp="2026-09-02T12:00:00Z" changeset="1" uid="1" user="generator"/>
  <node id="3446" lat="43.1596198639" lon="-95.1581560737" version="1" timestamp="2026-09-02T12:00:00Z" changeset="1" uid="1" user="generator"/>
  <node id="3447" lat="43.1577028620" lon="-95.1581560737" version="1" timestamp="2026-09-02T12:00:00Z" changeset="1" uid="1" user="generator"/>
  <node id="3448" lat="43.1577028620" lon="-95.1601214859" version="1" timestamp="2026-09-02T12:00:00Z" changeset="1" uid="1" user="generator"/>
  <node id="3449" lat="43.1596198639" lon="-95.1530472207" version="1" timestamp="2026-09-02T12:00:00Z" changeset="1" uid="1" user="generator"/>
  <node id="3450" lat="43.1596198639" lon="-95.1498462607" version="1" timestamp="2026-09-02T12:00:00Z" changeset="1" uid="1" user="generator"/>
  <node id="3451" lat="43.1596171009" lon="-95.1498175195" version="1" timestamp="2026-09-02T12:00:00Z" changeset="1" uid="1" user="generator"/>
  <node id="3452" lat="43.1596090099" lon="-95.1497907520" version="1" timestamp="2026-09-02T12:00:00Z" changeset="1" uid="1" user="generator"/>
  <node id="3453" lat="43.1595961399" lon="-95.1497677591" version="1" timestamp="2026-09-02T12:00:00Z" changeset="1" uid="1" user="generator"/>
  <node id="3454" lat="43.1595793639" lon="-95.1497501074" version="1" timestamp="2026-09-02T12:00:00Z" changeset="1" uid="1" user="generator"/>
  <node id="3455" lat="43.1595598249" lon="-95.1497390180" version="1" timestamp="2026-09-02T12:00:00Z" changeset="1" uid="1" user="generator"/>
  <node id="3456" lat="43.1595388638" lon="-95.1497352434" version="1" timestamp="2026-09-02T12:00:00Z" changeset="1" uid="1" user="generator"/>
  <node id="3457" lat="43.1530010503" lon="-95.1497352434" version="1" timestamp="2026-09-02T12:00:00Z" changeset="1" uid="1" user="generator"/>
  <node id="3458" lat="43.1529800713" lon="-95.1497390303" version="1" timestamp="2026-09-02T12:00:00Z" changeset="1" uid="1" user="generator"/>
  <node id="3459" lat="43.1529605143" lon="-95.1497501444" version="1" timestamp="2026-09-02T12:00:00Z" changeset="1" uid="1" user="generator"/>
  <node id="3460" lat="43.1529437293" lon="-95.1497678208" version="1" timestamp="2026-09-02T12:00:00Z" changeset="1" uid="1" user="generator"/>
  <node id="3461" lat="43.1529308592" lon="-95.1497908507" version="1" timestamp="2026-09-02T12:00:00Z" changeset="1" uid="1" user="generator"/>
  <node id="3462" lat="43.1529227862" lon="-95.1498176675" version="1" timestamp="2026-09-02T12:00:00Z" changeset="1" uid="1" user="generator"/>
  <node id="3463" lat="43.1529200502" lon="-95.1498464333" version="1" timestamp="2026-09-02T12:00:00Z" changeset="1" uid="1" user="generator"/>
  <node id="3464" lat="43.1529237312" lon="-95.1530350581" version="1" timestamp="2026-09-02T12:00:00Z" changeset="1" uid="1" user="generator"/>
  <node id="3465" lat="43.1529265212" lon="-95.1530637623" version="1" timestamp="2026-09-02T12:00:00Z" changeset="1" uid="1" user="generator"/>
  <node id="3466" lat="43.1529346212" lon="-95.1530904928" version="1" timestamp="2026-09-02T12:00:00Z" changeset="1" uid="1" user="generator"/>
  <node id="3467" lat="43.1529475003" lon="-95.1531134487" version="1" timestamp="2026-09-02T12:00:00Z" changeset="1" uid="1" user="generator"/>
  <node id="3468" lat="43.1529642673" lon="-95.1531310634" version="1" timestamp="2026-09-02T12:00:00Z" changeset="1" uid="1" user="generator"/>
  <node id="3469" lat="43.1529837883" lon="-95.1531421281" version="1" timestamp="2026-09-02T12:00:00Z" changeset="1" uid="1" user="generator"/>
  <node id="3470" lat="43.1530047313" lon="-95.1531459027" version="1" timestamp="2026-09-02T12:00:00Z" changeset="1" uid="1" user="generator"/>
  <node id="3471" lat="43.1595928639" lon="-95.1531459027" version="1" timestamp="2026-09-02T12:00:00Z" changeset="1" uid="1" user="generator"/>
  <node id="3472" lat="43.1592115065" lon="-95.1489519181" version="1" timestamp="2026-09-02T12:00:00Z" changeset="1" uid="1" user="generator"/>
  <node id="3473" lat="43.1592324675" lon="-95.1489481312" version="1" timestamp="2026-09-02T12:00:00Z" changeset="1" uid="1" user="generator"/>
  <node id="3474" lat="43.1592520066" lon="-95.1489370418" version="1" timestamp="2026-09-02T12:00:00Z" changeset="1" uid="1" user="generator"/>
  <node id="3475" lat="43.1592687826" lon="-95.1489194024" version="1" timestamp="2026-09-02T12:00:00Z" changeset="1" uid="1" user="generator"/>
  <node id="3476" lat="43.1592816526" lon="-95.1488964095" version="1" timestamp="2026-09-02T12:00:00Z" changeset="1" uid="1" user="generator"/>
  <node id="3477" lat="43.1592897436" lon="-95.1488696297" version="1" timestamp="2026-09-02T12:00:00Z" changeset="1" uid="1" user="generator"/>
  <node id="3478" lat="43.1592925066" lon="-95.1488409009" version="1" timestamp="2026-09-02T12:00:00Z" changeset="1" uid="1" user="generator"/>
  <node id="3479" lat="43.1592925066" lon="-95.1443519558" version="1" timestamp="2026-09-02T12:00:00Z" changeset="1" uid="1" user="generator"/>
  <node id="3480" lat="43.1592897436" lon="-95.1443232270" version="1" timestamp="2026-09-02T12:00:00Z" changeset="1" uid="1" user="generator"/>
  <node id="3481" lat="43.1592816526" lon="-95.1442964472" version="1" timestamp="2026-09-02T12:00:00Z" changeset="1" uid="1" user="generator"/>
  <node id="3482" lat="43.1592687826" lon="-95.1442734543" version="1" timestamp="2026-09-02T12:00:00Z" changeset="1" uid="1" user="generator"/>
  <node id="3483" lat="43.1592520066" lon="-95.1442558149" version="1" timestamp="2026-09-02T12:00:00Z" changeset="1" uid="1" user="generator"/>
  <node id="3484" lat="43.1592324675" lon="-95.1442447255" version="1" timestamp="2026-09-02T12:00:00Z" changeset="1" uid="1" user="generator"/>
  <node id="3485" lat="43.1592115065" lon="-95.1442409386" version="1" timestamp="2026-09-02T12:00:00Z" changeset="1" uid="1" user="generator"/>
  <node id="3486" lat="43.1530006543" lon="-95.1442409386" version="1" timestamp="2026-09-02T12:00:00Z" changeset="1" uid="1" user="generator"/>
  <node id="3487" lat="43.1529796753" lon="-95.1442447255" version="1" timestamp="2026-09-02T12:00:00Z" changeset="1" uid="1" user="generator"/>
  <node id="3488" lat="43.1529601273" lon="-95.1442558396" version="1" timestamp="2026-09-02T12:00:00Z" changeset="1" uid="1" user="generator"/>
  <node id="3489" lat="43.1529433423" lon="-95.1442735036" version="1" timestamp="2026-09-02T12:00:00Z" changeset="1" uid="1" user="generator"/>
  <node id="3490" lat="43.1529304722" lon="-95.1442965336" version="1" timestamp="2026-09-02T12:00:00Z" changeset="1" uid="1" user="generator"/>
  <node id="3491" lat="43.1529223992" lon="-95.1443233380" version="1" timestamp="2026-09-02T12:00:00Z" changeset="1" uid="1" user="generator"/>
  <node id="3492" lat="43.1529196542" lon="-95.1443520915" version="1" timestamp="2026-09-02T12:00:00Z" changeset="1" uid="1" user="generator"/>
  <node id="3493" lat="43.1529237582" lon="-95.1488410366" version="1" timestamp="2026-09-02T12:00:00Z" changeset="1" uid="1" user="generator"/>
  <node id="3494" lat="43.1529265392" lon="-95.1488697407" version="1" timestamp="2026-09-02T12:00:00Z" changeset="1" uid="1" user="generator"/>
  <node id="3495" lat="43.1529346392" lon="-95.1488964835" version="1" timestamp="2026-09-02T12:00:00Z" changeset="1" uid="1" user="generator"/>
  <node id="3496" lat="43.1529475183" lon="-95.1489194517" version="1" timestamp="2026-09-02T12:00:00Z" changeset="1" uid="1" user="generator"/>
  <node id="3497" lat="43.1529642853" lon="-95.1489370665" version="1" timestamp="2026-09-02T12:00:00Z" changeset="1" uid="1" user="generator"/>
  <node id="3498" lat="43.1529838063" lon="-95.1489481435" version="1" timestamp="2026-09-02T12:00:00Z" changeset="1" uid="1" user="generator"/>
  <node id="3499" lat="43.1530047583" lon="-95.1489519181" version="1" timestamp="2026-09-02T12:00:00Z" changeset="1" uid="1" user="generator"/>
  <node id="3500" lat="43.1592115065" lon="-95.1390357597" version="1" timestamp="2026-09-02T12:00:00Z" changeset="1" uid="1" user="generator"/>
  <node id="3501" lat="43.1592324675" lon="-95.1390319851" version="1" timestamp="2026-09-02T12:00:00Z" changeset="1" uid="1" user="generator"/>
  <node id="3502" lat="43.1592520066" lon="-95.1390208833" version="1" timestamp="2026-09-02T12:00:00Z" changeset="1" uid="1" user="generator"/>
  <node id="3503" lat="43.1592687826" lon="-95.1390032439" version="1" timestamp="2026-09-02T12:00:00Z" changeset="1" uid="1" user="generator"/>
  <node id="3504" lat="43.1592816526" lon="-95.1389802510" version="1" timestamp="2026-09-02T12:00:00Z" changeset="1" uid="1" user="generator"/>
  <node id="3505" lat="43.1592897436" lon="-95.1389534835" version="1" timestamp="2026-09-02T12:00:00Z" changeset="1" uid="1" user="generator"/>
  <node id="3506" lat="43.1592925066" lon="-95.1389247424" version="1" timestamp="2026-09-02T12:00:00Z" changeset="1" uid="1" user="generator"/>
  <node id="3507" lat="43.1592925066" lon="-95.1376002204" version="1" timestamp="2026-09-02T12:00:00Z" changeset="1" uid="1" user="generator"/>
  <node id="3508" lat="43.1592897436" lon="-95.1375714793" version="1" timestamp="2026-09-02T12:00:00Z" changeset="1" uid="1" user="generator"/>
  <node id="3509" lat="43.1592816526" lon="-95.1375447118" version="1" timestamp="2026-09-02T12:00:00Z" changeset="1" uid="1" user="generator"/>
  <node id="3510" lat="43.1592687826" lon="-95.1375217189" version="1" timestamp="2026-09-02T12:00:00Z" changeset="1" uid="1" user="generator"/>
  <node id="3511" lat="43.1592520066" lon="-95.1375040671" version="1" timestamp="2026-09-02T12:00:00Z" changeset="1" uid="1" user="generator"/>
  <node id="3512" lat="43.1592324675" lon="-95.1374929778" version="1" timestamp="2026-09-02T12:00:00Z" changeset="1" uid="1" user="generator"/>
  <node id="3513" lat="43.1592115065" lon="-95.1374892032" version="1" timestamp="2026-09-02T12:00:00Z" changeset="1" uid="1" user="generator"/>
  <node id="3514" lat="43.1522725626" lon="-95.1374892032" version="1" timestamp="2026-09-02T12:00:00Z" changeset="1" uid="1" user="generator"/>
  <node id="3515" lat="43.1522515656" lon="-95.1374929901" version="1" timestamp="2026-09-02T12:00:00Z" changeset="1" uid="1" user="generator"/>
  <node id="3516" lat="43.1522319995" lon="-95.1375041288" version="1" timestamp="2026-09-02T12:00:00Z" changeset="1" uid="1" user="generator"/>
  <node id="3517" lat="43.1522152145" lon="-95.1375218176" version="1" timestamp="2026-09-02T12:00:00Z" changeset="1" uid="1" user="generator"/>
  <node id="3518" lat="43.1522023445" lon="-95.1375448845" version="1" timestamp="2026-09-02T12:00:00Z" changeset="1" uid="1" user="generator"/>
  <node id="3519" lat="43.1521942805" lon="-95.1375717260" version="1" timestamp="2026-09-02T12:00:00Z" changeset="1" uid="1" user="generator"/>
  <node id="3520" lat="43.1521915625" lon="-95.1376005165" version="1" timestamp="2026-09-02T12:00:00Z" changeset="1" uid="1" user="generator"/>
  <node id="3521" lat="43.1521941995" lon="-95.1389250508" version="1" timestamp="2026-09-02T12:00:00Z" changeset="1" uid="1" user="generator"/>
  <node id="3522" lat="43.1521970075" lon="-95.1389537179" version="1" timestamp="2026-09-02T12:00:00Z" changeset="1" uid="1" user="generator"/>
  <node id="3523" lat="43.1522051255" lon="-95.1389804237" version="1" timestamp="2026-09-02T12:00:00Z" changeset="1" uid="1" user="generator"/>
  <node id="3524" lat="43.1522179955" lon="-95.1390033550" version="1" timestamp="2026-09-02T12:00:00Z" changeset="1" uid="1" user="generator"/>
  <node id="3525" lat="43.1522347625" lon="-95.1390209450" version="1" timestamp="2026-09-02T12:00:00Z" changeset="1" uid="1" user="generator"/>
  <node id="3526" lat="43.1522542656" lon="-95.1390319974" version="1" timestamp="2026-09-02T12:00:00Z" changeset="1" uid="1" user="generator"/>
  <node id="3527" lat="43.1522751996" lon="-95.1390357597" version="1" timestamp="2026-09-02T12:00:00Z" changeset="1" uid="1" user="generator"/>
  <node id="3528" lat="43.1596288639" lon="-95.1304367097" version="1" timestamp="2026-09-02T12:00:00Z" changeset="1" uid="1" user="generator"/>
  <node id="3529" lat="43.1596243639" lon="-95.1280251686" version="1" timestamp="2026-09-02T12:00:00Z" changeset="1" uid="1" user="generator"/>
  <node id="3530" lat="43.1594938638" lon="-95.1278586427" version="1" timestamp="2026-09-02T12:00:00Z" changeset="1" uid="1" user="generator"/>
  <node id="3531" lat="43.1556238599" lon="-95.1278586427" version="1" timestamp="2026-09-02T12:00:00Z" changeset="1" uid="1" user="generator"/>
  <node id="3532" lat="43.1555203598" lon="-95.1280004981" version="1" timestamp="2026-09-02T12:00:00Z" changeset="1" uid="1" user="generator"/>
  <node id="3533" lat="43.1555248598" lon="-95.1319416101" version="1" timestamp="2026-09-02T12:00:00Z" changeset="1" uid="1" user="generator"/>
  <node id="3534" lat="43.1596198639" lon="-95.1319416101" version="1" timestamp="2026-09-02T12:00:00Z" changeset="1" uid="1" user="generator"/>
  <node id="3535" lat="43.1592925066" lon="-95.1206604823" version="1" timestamp="2026-09-02T12:00:00Z" changeset="1" uid="1" user="generator"/>
  <node id="3536" lat="43.1592897436" lon="-95.1206317659" version="1" timestamp="2026-09-02T12:00:00Z" changeset="1" uid="1" user="generator"/>
  <node id="3537" lat="43.1592816616" lon="-95.1206050107" version="1" timestamp="2026-09-02T12:00:00Z" changeset="1" uid="1" user="generator"/>
  <node id="3538" lat="43.1592688096" lon="-95.1205820178" version="1" timestamp="2026-09-02T12:00:00Z" changeset="1" uid="1" user="generator"/>
  <node id="3539" lat="43.1592520516" lon="-95.1205643784" version="1" timestamp="2026-09-02T12:00:00Z" changeset="1" uid="1" user="generator"/>
  <node id="3540" lat="43.1592325395" lon="-95.1205532643" version="1" timestamp="2026-09-02T12:00:00Z" changeset="1" uid="1" user="generator"/>
  <node id="3541" lat="43.1592115965" lon="-95.1205494651" version="1" timestamp="2026-09-02T12:00:00Z" changeset="1" uid="1" user="generator"/>
  <node id="3542" lat="43.1556058329" lon="-95.1205439636" version="1" timestamp="2026-09-02T12:00:00Z" changeset="1" uid="1" user="generator"/>
  <node id="3543" lat="43.1555848629" lon="-95.1205477135" version="1" timestamp="2026-09-02T12:00:00Z" changeset="1" uid="1" user="generator"/>
  <node id="3544" lat="43.1555653239" lon="-95.1205587659" version="1" timestamp="2026-09-02T12:00:00Z" changeset="1" uid="1" user="generator"/>
  <node id="3545" lat="43.1555485389" lon="-95.1205763806" version="1" timestamp="2026-09-02T12:00:00Z" changeset="1" uid="1" user="generator"/>
  <node id="3546" lat="43.1555356508" lon="-95.1205993365" version="1" timestamp="2026-09-02T12:00:00Z" changeset="1" uid="1" user="generator"/>
  <node id="3547" lat="43.1555275328" lon="-95.1206260916" version="1" timestamp="2026-09-02T12:00:00Z" changeset="1" uid="1" user="generator"/>
  <node id="3548" lat="43.1555247428" lon="-95.1206548204" version="1" timestamp="2026-09-02T12:00:00Z" changeset="1" uid="1" user="generator"/>
  <node id="3549" lat="43.1555203598" lon="-95.1247069867" version="1" timestamp="2026-09-02T12:00:00Z" changeset="1" uid="1" user="generator"/>
  <node id="3550" lat="43.1555653599" lon="-95.1248920154" version="1" timestamp="2026-09-02T12:00:00Z" changeset="1" uid="1" user="generator"/>
  <node id="3551" lat="43.1555653599" lon="-95.1273837356" version="1" timestamp="2026-09-02T12:00:00Z" changeset="1" uid="1" user="generator"/>
  <node id="3552" lat="43.1556045909" lon="-95.1274682198" version="1" timestamp="2026-09-02T12:00:00Z" changeset="1" uid="1" user="generator"/>
  <node id="3553" lat="43.1556127539" lon="-95.1274829357" version="1" timestamp="2026-09-02T12:00:00Z" changeset="1" uid="1" user="generator"/>
  <node id="3554" lat="43.1556225909" lon="-95.1274956040" version="1" timestamp="2026-09-02T12:00:00Z" changeset="1" uid="1" user="generator"/>
  <node id="3555" lat="43.1556338229" lon="-95.1275058423" version="1" timestamp="2026-09-02T12:00:00Z" changeset="1" uid="1" user="generator"/>
  <node id="3556" lat="43.1556461350" lon="-95.1275133914" version="1" timestamp="2026-09-02T12:00:00Z" changeset="1" uid="1" user="generator"/>
  <node id="3557" lat="43.1556592030" lon="-95.1275180295" version="1" timestamp="2026-09-02T12:00:00Z" changeset="1" uid="1" user="generator"/>
  <node id="3558" lat="43.1556726400" lon="-95.1275196331" version="1" timestamp="2026-09-02T12:00:00Z" changeset="1" uid="1" user="generator"/>
  <node id="3559" lat="43.1592112185" lon="-95.1275365694" version="1" timestamp="2026-09-02T12:00:00Z" changeset="1" uid="1" user="generator"/>
  <node id="3560" lat="43.1592322425" lon="-95.1275328688" version="1" timestamp="2026-09-02T12:00:00Z" changeset="1" uid="1" user="generator"/>
  <node id="3561" lat="43.1592518356" lon="-95.1275218288" version="1" timestamp="2026-09-02T12:00:00Z" changeset="1" uid="1" user="generator"/>
  <node id="3562" lat="43.1592686746" lon="-95.1275041893" version="1" timestamp="2026-09-02T12:00:00Z" changeset="1" uid="1" user="generator"/>
  <node id="3563" lat="43.1592816076" lon="-95.1274811718" version="1" timestamp="2026-09-02T12:00:00Z" changeset="1" uid="1" user="generator"/>
  <node id="3564" lat="43.1592897346" lon="-95.1274543549" version="1" timestamp="2026-09-02T12:00:00Z" changeset="1" uid="1" user="generator"/>
  <node id="3565" lat="43.1592925066" lon="-95.1274255521" version="1" timestamp="2026-09-02T12:00:00Z" changeset="1" uid="1" user="generator"/>
  <node id="3566" lat="43.1517081810" lon="-95.1695024426" version="1" timestamp="2026-09-02T12:00:00Z" changeset="1" uid="1" user="generator"/>
  <node id="3567" lat="43.1517109440" lon="-95.1695311714" version="1" timestamp="2026-09-02T12:00:00Z" changeset="1" uid="1" user="generator"/>
  <node id="3568" lat="43.1517190350" lon="-95.1695579512" version="1" timestamp="2026-09-02T12:00:00Z" changeset="1" uid="1" user="generator"/>
  <node id="3569" lat="43.1517319050" lon="-95.1695809441" version="1" timestamp="2026-09-02T12:00:00Z" changeset="1" uid="1" user="generator"/>
  <node id="3570" lat="43.1517486811" lon="-95.1695985835" version="1" timestamp="2026-09-02T12:00:00Z" changeset="1" uid="1" user="generator"/>
  <node id="3571" lat="43.1517682201" lon="-95.1696096729" version="1" timestamp="2026-09-02T12:00:00Z" changeset="1" uid="1" user="generator"/>
  <node id="3572" lat="43.1517891811" lon="-95.1696134598" version="1" timestamp="2026-09-02T12:00:00Z" changeset="1" uid="1" user="generator"/>
  <node id="3573" lat="43.1595433639" lon="-95.1696134598" version="1" timestamp="2026-09-02T12:00:00Z" changeset="1" uid="1" user="generator"/>
  <node id="3574" lat="43.1595643249" lon="-95.1696096729" version="1" timestamp="2026-09-02T12:00:00Z" changeset="1" uid="1" user="generator"/>
  <node id="3575" lat="43.1595838639" lon="-95.1695985835" version="1" timestamp="2026-09-02T12:00:00Z" changeset="1" uid="1" user="generator"/>
  <node id="3576" lat="43.1596006399" lon="-95.1695809441" version="1" timestamp="2026-09-02T12:00:00Z" changeset="1" uid="1" user="generator"/>
  <node id="3577" lat="43.1596135099" lon="-95.1695579512" version="1" timestamp="2026-09-02T12:00:00Z" changeset="1" uid="1" user="generator"/>
  <node id="3578" lat="43.1596216009" lon="-95.1695311714" version="1" timestamp="2026-09-02T12:00:00Z" changeset="1" uid="1" user="generator"/>
  <node id="3579" lat="43.1596243639" lon="-95.1695024426" version="1" timestamp="2026-09-02T12:00:00Z" changeset="1" uid="1" user="generator"/>
  <node id="3580" lat="43.1596243639" lon="-95.1669367108" version="1" timestamp="2026-09-02T12:00:00Z" changeset="1" uid="1" user="generator"/>
  <node id="3581" lat="43.1596216009" lon="-95.1669079820" version="1" timestamp="2026-09-02T12:00:00Z" changeset="1" uid="1" user="generator"/>
  <node id="3582" lat="43.1596135099" lon="-95.1668812022" version="1" timestamp="2026-09-02T12:00:00Z" changeset="1" uid="1" user="generator"/>
  <node id="3583" lat="43.1596006399" lon="-95.1668582093" version="1" timestamp="2026-09-02T12:00:00Z" changeset="1" uid="1" user="generator"/>
  <node id="3584" lat="43.1595838639" lon="-95.1668405699" version="1" timestamp="2026-09-02T12:00:00Z" changeset="1" uid="1" user="generator"/>
  <node id="3585" lat="43.1595643249" lon="-95.1668294805" version="1" timestamp="2026-09-02T12:00:00Z" changeset="1" uid="1" user="generator"/>
  <node id="3586" lat="43.1595433639" lon="-95.1668256936" version="1" timestamp="2026-09-02T12:00:00Z" changeset="1" uid="1" user="generator"/>
  <node id="3587" lat="43.1517891811" lon="-95.1668256936" version="1" timestamp="2026-09-02T12:00:00Z" changeset="1" uid="1" user="generator"/>
  <node id="3588" lat="43.1517682201" lon="-95.1668294805" version="1" timestamp="2026-09-02T12:00:00Z" changeset="1" uid="1" user="generator"/>
  <node id="3589" lat="43.1517486811" lon="-95.1668405699" version="1" timestamp="2026-09-02T12:00:00Z" changeset="1" uid="1" user="generator"/>
  <node id="3590" lat="43.1517319050" lon="-95.1668582093" version="1" timestamp="2026-09-02T12:00:00Z" changeset="1" uid="1" user="generator"/>
  <node id="3591" lat="43.1517190350" lon="-95.1668812022" version="1" timestamp="2026-09-02T12:00:00Z" changeset="1" uid="1" user="generator"/>
  <node id="3592" lat="43.1517109440" lon="-95.1669079820" version="1" timestamp="2026-09-02T12:00:00Z" changeset="1" uid="1" user="generator"/>
  <node id="3593" lat="43.1517081810" lon="-95.1669367108" version="1" timestamp="2026-09-02T12:00:00Z" changeset="1" uid="1" user="generator"/>
  <node id="3594" lat="43.1562682606" lon="-95.1666036591" version="1" timestamp="2026-09-02T12:00:00Z" changeset="1" uid="1" user="generator"/>
  <node id="3595" lat="43.1562892216" lon="-95.1665998722" version="1" timestamp="2026-09-02T12:00:00Z" changeset="1" uid="1" user="generator"/>
  <node id="3596" lat="43.1563087606" lon="-95.1665887828" version="1" timestamp="2026-09-02T12:00:00Z" changeset="1" uid="1" user="generator"/>
  <node id="3597" lat="43.1563255366" lon="-95.1665711434" version="1" timestamp="2026-09-02T12:00:00Z" changeset="1" uid="1" user="generator"/>
  <node id="3598" lat="43.1563384066" lon="-95.1665481505" version="1" timestamp="2026-09-02T12:00:00Z" changeset="1" uid="1" user="generator"/>
  <node id="3599" lat="43.1563464977" lon="-95.1665213707" version="1" timestamp="2026-09-02T12:00:00Z" changeset="1" uid="1" user="generator"/>
  <node id="3600" lat="43.1563492607" lon="-95.1664926419" version="1" timestamp="2026-09-02T12:00:00Z" changeset="1" uid="1" user="generator"/>
  <node id="3601" lat="43.1563492607" lon="-95.1612528749" version="1" timestamp="2026-09-02T12:00:00Z" changeset="1" uid="1" user="generator"/>
  <node id="3602" lat="43.1563464977" lon="-95.1612241461" version="1" timestamp="2026-09-02T12:00:00Z" changeset="1" uid="1" user="generator"/>
  <node id="3603" lat="43.1563384066" lon="-95.1611973663" version="1" timestamp="2026-09-02T12:00:00Z" changeset="1" uid="1" user="generator"/>
  <node id="3604" lat="43.1563255366" lon="-95.1611743734" version="1" timestamp="2026-09-02T12:00:00Z" changeset="1" uid="1" user="generator"/>
  <node id="3605" lat="43.1563087606" lon="-95.1611567340" version="1" timestamp="2026-09-02T12:00:00Z" changeset="1" uid="1" user="generator"/>
  <node id="3606" lat="43.1562892216" lon="-95.1611456446" version="1" timestamp="2026-09-02T12:00:00Z" changeset="1" uid="1" user="generator"/>
  <node id="3607" lat="43.1562682606" lon="-95.1611418576" version="1" timestamp="2026-09-02T12:00:00Z" changeset="1" uid="1" user="generator"/>
  <node id="3608" lat="43.1541078084" lon="-95.1611418576" version="1" timestamp="2026-09-02T12:00:00Z" changeset="1" uid="1" user="generator"/>
  <node id="3609" lat="43.1540868474" lon="-95.1611456446" version="1" timestamp="2026-09-02T12:00:00Z" changeset="1" uid="1" user="generator"/>
  <node id="3610" lat="43.1540673084" lon="-95.1611567340" version="1" timestamp="2026-09-02T12:00:00Z" changeset="1" uid="1" user="generator"/>
  <node id="3611" lat="43.1540505324" lon="-95.1611743734" version="1" timestamp="2026-09-02T12:00:00Z" changeset="1" uid="1" user="generator"/>
  <node id="3612" lat="43.1540376623" lon="-95.1611973663" version="1" timestamp="2026-09-02T12:00:00Z" changeset="1" uid="1" user="generator"/>
  <node id="3613" lat="43.1540295713" lon="-95.1612241461" version="1" timestamp="2026-09-02T12:00:00Z" changeset="1" uid="1" user="generator"/>
  <node id="3614" lat="43.1540268083" lon="-95.1612528749" version="1" timestamp="2026-09-02T12:00:00Z" changeset="1" uid="1" user="generator"/>
  <node id="3615" lat="43.1540268083" lon="-95.1664926419" version="1" timestamp="2026-09-02T12:00:00Z" changeset="1" uid="1" user="generator"/>
  <node id="3616" lat="43.1540295713" lon="-95.1665213707" version="1" timestamp="2026-09-02T12:00:00Z" changeset="1" uid="1" user="generator"/>
  <node id="3617" lat="43.1540376623" lon="-95.1665481505" version="1" timestamp="2026-09-02T12:00:00Z" changeset="1" uid="1" user="generator"/>
  <node id="3618" lat="43.1540505324" lon="-95.1665711434" version="1" timestamp="2026-09-02T12:00:00Z" changeset="1" uid="1" user="generator"/>
  <node id="3619" lat="43.1540673084" lon="-95.1665887828" version="1" timestamp="2026-09-02T12:00:00Z" changeset="1" uid="1" user="generator"/>
  <node id="3620" lat="43.1540868474" lon="-95.1665998722" version="1" timestamp="2026-09-02T12:00:00Z" changeset="1" uid="1" user="generator"/>
  <node id="3621" lat="43.1541078084" lon="-95.1666036591" version="1" timestamp="2026-09-02T12:00:00Z" changeset="1" uid="1" user="generator"/>
  <node id="3622" lat="43.1554573598" lon="-95.1603373527" version="1" timestamp="2026-09-02T12:00:00Z" changeset="1" uid="1" user="generator"/>
  <node id="3623" lat="43.1554573598" lon="-95.1539476939" version="1" timestamp="2026-09-02T12:00:00Z" changeset="1" uid="1" user="generator"/>
  <node id="3624" lat="43.1515423559" lon="-95.1539476939" version="1" timestamp="2026-09-02T12:00:00Z" changeset="1" uid="1" user="generator"/>
  <node id="3625" lat="43.1515423559" lon="-95.1603373527" version="1" timestamp="2026-09-02T12:00:00Z" changeset="1" uid="1" user="generator"/>
  <node id="3626" lat="43.1592115065" lon="-95.1435624999" version="1" timestamp="2026-09-02T12:00:00Z" changeset="1" uid="1" user="generator"/>
  <node id="3627" lat="43.1592324675" lon="-95.1435587253" version="1" timestamp="2026-09-02T12:00:00Z" changeset="1" uid="1" user="generator"/>
  <node id="3628" lat="43.1592520066" lon="-95.1435476236" version="1" timestamp="2026-09-02T12:00:00Z" changeset="1" uid="1" user="generator"/>
  <node id="3629" lat="43.1592687826" lon="-95.1435299842" version="1" timestamp="2026-09-02T12:00:00Z" changeset="1" uid="1" user="generator"/>
  <node id="3630" lat="43.1592816526" lon="-95.1435069913" version="1" timestamp="2026-09-02T12:00:00Z" changeset="1" uid="1" user="generator"/>
  <node id="3631" lat="43.1592897436" lon="-95.1434802238" version="1" timestamp="2026-09-02T12:00:00Z" changeset="1" uid="1" user="generator"/>
  <node id="3632" lat="43.1592925066" lon="-95.1434514827" version="1" timestamp="2026-09-02T12:00:00Z" changeset="1" uid="1" user="generator"/>
  <node id="3633" lat="43.1592925066" lon="-95.1398252156" version="1" timestamp="2026-09-02T12:00:00Z" changeset="1" uid="1" user="generator"/>
  <node id="3634" lat="43.1592897436" lon="-95.1397964868" version="1" timestamp="2026-09-02T12:00:00Z" changeset="1" uid="1" user="generator"/>
  <node id="3635" lat="43.1592816526" lon="-95.1397697070" version="1" timestamp="2026-09-02T12:00:00Z" changeset="1" uid="1" user="generator"/>
  <node id="3636" lat="43.1592687826" lon="-95.1397467141" version="1" timestamp="2026-09-02T12:00:00Z" changeset="1" uid="1" user="generator"/>
  <node id="3637" lat="43.1592520066" lon="-95.1397290746" version="1" timestamp="2026-09-02T12:00:00Z" changeset="1" uid="1" user="generator"/>
  <node id="3638" lat="43.1592324675" lon="-95.1397179853" version="1" timestamp="2026-09-02T12:00:00Z" changeset="1" uid="1" user="generator"/>
  <node id="3639" lat="43.1592115065" lon="-95.1397141983" version="1" timestamp="2026-09-02T12:00:00Z" changeset="1" uid="1" user="generator"/>
  <node id="3640" lat="43.1516863560" lon="-95.1397141983" version="1" timestamp="2026-09-02T12:00:00Z" changeset="1" uid="1" user="generator"/>
  <node id="3641" lat="43.1516653950" lon="-95.1397179853" version="1" timestamp="2026-09-02T12:00:00Z" changeset="1" uid="1" user="generator"/>
  <node id="3642" lat="43.1516458560" lon="-95.1397290746" version="1" timestamp="2026-09-02T12:00:00Z" changeset="1" uid="1" user="generator"/>
  <node id="3643" lat="43.1516290799" lon="-95.1397467141" version="1" timestamp="2026-09-02T12:00:00Z" changeset="1" uid="1" user="generator"/>
  <node id="3644" lat="43.1516162099" lon="-95.1397697070" version="1" timestamp="2026-09-02T12:00:00Z" changeset="1" uid="1" user="generator"/>
  <node id="3645" lat="43.1516081189" lon="-95.1397964868" version="1" timestamp="2026-09-02T12:00:00Z" changeset="1" uid="1" user="generator"/>
  <node id="3646" lat="43.1516053559" lon="-95.1398252156" version="1" timestamp="2026-09-02T12:00:00Z" changeset="1" uid="1" user="generator"/>
  <node id="3647" lat="43.1516053559" lon="-95.1434514827" version="1" timestamp="2026-09-02T12:00:00Z" changeset="1" uid="1" user="generator"/>
  <node id="3648" lat="43.1516081189" lon="-95.1434802238" version="1" timestamp="2026-09-02T12:00:00Z" changeset="1" uid="1" user="generator"/>
  <node id="3649" lat="43.1516162099" lon="-95.1435069913" version="1" timestamp="2026-09-02T12:00:00Z" changeset="1" uid="1" user="generator"/>
  <node id="3650" lat="43.1516290799" lon="-95.1435299842" version="1" timestamp="2026-09-02T12:00:00Z" changeset="1" uid="1" user="generator"/>
  <node id="3651" lat="43.1516458560" lon="-95.1435476236" version="1" timestamp="2026-09-02T12:00:00Z" changeset="1" uid="1" user="generator"/>
  <node id="3652" lat="43.1516653950" lon="-95.1435587253" version="1" timestamp="2026-09-02T12:00:00Z" changeset="1" uid="1" user="generator"/>
  <node id="3653" lat="43.1516863560" lon="-95.1435624999" version="1" timestamp="2026-09-02T12:00:00Z" changeset="1" uid="1" user="generator"/>
  <node id="3654" lat="43.1596198639" lon="-95.1338042326" version="1" timestamp="2026-09-02T12:00:00Z" changeset="1" uid="1" user="generator"/>
  <node id="3655" lat="43.1521903565" lon="-95.1338104003" version="1" timestamp="2026-09-02T12:00:00Z" changeset="1" uid="1" user="generator"/>
  <node id="3656" lat="43.1521903565" lon="-95.1367030161" version="1" timestamp="2026-09-02T12:00:00Z" changeset="1" uid="1" user="generator"/>
  <node id="3657" lat="43.1596198639" lon="-95.1367030161" version="1" timestamp="2026-09-02T12:00:00Z" changeset="1" uid="1" user="generator"/>
  <node id="3658" lat="43.1596198639" lon="-95.1335205219" version="1" timestamp="2026-09-02T12:00:00Z" changeset="1" uid="1" user="generator"/>
  <node id="3659" lat="43.1596198639" lon="-95.1321759798" version="1" timestamp="2026-09-02T12:00:00Z" changeset="1" uid="1" user="generator"/>
  <node id="3660" lat="43.1508088551" lon="-95.1321759798" version="1" timestamp="2026-09-02T12:00:00Z" changeset="1" uid="1" user="generator"/>
  <node id="3661" lat="43.1505703549" lon="-95.1329099271" version="1" timestamp="2026-09-02T12:00:00Z" changeset="1" uid="1" user="generator"/>
  <node id="3662" lat="43.1504443548" lon="-95.1331936378" version="1" timestamp="2026-09-02T12:00:00Z" changeset="1" uid="1" user="generator"/>
  <node id="3663" lat="43.1502688546" lon="-95.1333971694" version="1" timestamp="2026-09-02T12:00:00Z" changeset="1" uid="1" user="generator"/>
  <node id="3664" lat="43.1500573544" lon="-95.1335143543" version="1" timestamp="2026-09-02T12:00:00Z" changeset="1" uid="1" user="generator"/>
  <node id="3665" lat="43.1553538597" lon="-95.1318417439" version="1" timestamp="2026-09-02T12:00:00Z" changeset="1" uid="1" user="generator"/>
  <node id="3666" lat="43.1553564337" lon="-95.1279881628" version="1" timestamp="2026-09-02T12:00:00Z" changeset="1" uid="1" user="generator"/>
  <node id="3667" lat="43.1553487567" lon="-95.1279511571" version="1" timestamp="2026-09-02T12:00:00Z" changeset="1" uid="1" user="generator"/>
  <node id="3668" lat="43.1553295146" lon="-95.1279141513" version="1" timestamp="2026-09-02T12:00:00Z" changeset="1" uid="1" user="generator"/>
  <node id="3669" lat="43.1552818596" lon="-95.1278757887" version="1" timestamp="2026-09-02T12:00:00Z" changeset="1" uid="1" user="generator"/>
  <node id="3670" lat="43.1552278595" lon="-95.1278714097" version="1" timestamp="2026-09-02T12:00:00Z" changeset="1" uid="1" user="generator"/>
  <node id="3671" lat="43.1551468595" lon="-95.1278803774" version="1" timestamp="2026-09-02T12:00:00Z" changeset="1" uid="1" user="generator"/>
  <node id="3672" lat="43.1550298593" lon="-95.1278709903" version="1" timestamp="2026-09-02T12:00:00Z" changeset="1" uid="1" user="generator"/>
  <node id="3673" lat="43.1530498574" lon="-95.1278710026" version="1" timestamp="2026-09-02T12:00:00Z" changeset="1" uid="1" user="generator"/>
  <node id="3674" lat="43.1529418572" lon="-95.1278803774" version="1" timestamp="2026-09-02T12:00:00Z" changeset="1" uid="1" user="generator"/>
  <node id="3675" lat="43.1528608572" lon="-95.1278713727" version="1" timestamp="2026-09-02T12:00:00Z" changeset="1" uid="1" user="generator"/>
  <node id="3676" lat="43.1527078570" lon="-95.1278803774" version="1" timestamp="2026-09-02T12:00:00Z" changeset="1" uid="1" user="generator"/>
  <node id="3677" lat="43.1526088569" lon="-95.1278714467" version="1" timestamp="2026-09-02T12:00:00Z" changeset="1" uid="1" user="generator"/>
  <node id="3678" lat="43.1524828568" lon="-95.1278928237" version="1" timestamp="2026-09-02T12:00:00Z" changeset="1" uid="1" user="generator"/>
  <node id="3679" lat="43.1524288567" lon="-95.1279135222" version="1" timestamp="2026-09-02T12:00:00Z" changeset="1" uid="1" user="generator"/>
  <node id="3680" lat="43.1523928567" lon="-95.1279394509" version="1" timestamp="2026-09-02T12:00:00Z" changeset="1" uid="1" user="generator"/>
  <node id="3681" lat="43.1522625546" lon="-95.1281115153" version="1" timestamp="2026-09-02T12:00:00Z" changeset="1" uid="1" user="generator"/>
  <node id="3682" lat="43.1521927055" lon="-95.1282225326" version="1" timestamp="2026-09-02T12:00:00Z" changeset="1" uid="1" user="generator"/>
  <node id="3683" lat="43.1520508564" lon="-95.1284641307" version="1" timestamp="2026-09-02T12:00:00Z" changeset="1" uid="1" user="generator"/>
  <node id="3684" lat="43.1519831133" lon="-95.1286295958" version="1" timestamp="2026-09-02T12:00:00Z" changeset="1" uid="1" user="generator"/>
  <node id="3685" lat="43.1510591814" lon="-95.1314296972" version="1" timestamp="2026-09-02T12:00:00Z" changeset="1" uid="1" user="generator"/>
  <node id="3686" lat="43.1509424963" lon="-95.1317874195" version="1" timestamp="2026-09-02T12:00:00Z" changeset="1" uid="1" user="generator"/>
  <node id="3687" lat="43.1509327312" lon="-95.1318367604" version="1" timestamp="2026-09-02T12:00:00Z" changeset="1" uid="1" user="generator"/>
  <node id="3688" lat="43.1509435673" lon="-95.1318861014" version="1" timestamp="2026-09-02T12:00:00Z" changeset="1" uid="1" user="generator"/>
  <node id="3689" lat="43.1509708553" lon="-95.1319216393" version="1" timestamp="2026-09-02T12:00:00Z" changeset="1" uid="1" user="generator"/>
  <node id="3690" lat="43.1510068553" lon="-95.1319389703" version="1" timestamp="2026-09-02T12:00:00Z" changeset="1" uid="1" user="generator"/>
  <node id="3691" lat="43.1510608554" lon="-95.1319415977" version="1" timestamp="2026-09-02T12:00:00Z" changeset="1" uid="1" user="generator"/>
  <node id="3692" lat="43.1552458596" lon="-95.1319413387" version="1" timestamp="2026-09-02T12:00:00Z" changeset="1" uid="1" user="generator"/>
  <node id="3693" lat="43.1552818596" lon="-95.1319367993" version="1" timestamp="2026-09-02T12:00:00Z" changeset="1" uid="1" user="generator"/>
  <node id="3694" lat="43.1553088596" lon="-95.1319217010" version="1" timestamp="2026-09-02T12:00:00Z" changeset="1" uid="1" user="generator"/>
  <node id="3695" lat="43.1553374616" lon="-95.1318861014" version="1" timestamp="2026-09-02T12:00:00Z" changeset="1" uid="1" user="generator"/>
  <node id="3696" lat="43.1553538597" lon="-95.1245404608" version="1" timestamp="2026-09-02T12:00:00Z" changeset="1" uid="1" user="generator"/>
  <node id="3697" lat="43.1553538597" lon="-95.1205438402" version="1" timestamp="2026-09-02T12:00:00Z" changeset="1" uid="1" user="generator"/>
  <node id="3698" lat="43.1511373554" lon="-95.1205500078" version="1" timestamp="2026-09-02T12:00:00Z" changeset="1" uid="1" user="generator"/>
  <node id="3699" lat="43.1511373554" lon="-95.1228813698" version="1" timestamp="2026-09-02T12:00:00Z" changeset="1" uid="1" user="generator"/>
  <node id="3700" lat="43.1510833554" lon="-95.1230910691" version="1" timestamp="2026-09-02T12:00:00Z" changeset="1" uid="1" user="generator"/>
  <node id="3701" lat="43.1510878554" lon="-95.1270815220" version="1" timestamp="2026-09-02T12:00:00Z" changeset="1" uid="1" user="generator"/>
  <node id="3702" lat="43.1531848575" lon="-95.1270815220" version="1" timestamp="2026-09-02T12:00:00Z" changeset="1" uid="1" user="generator"/>
  <node id="3703" lat="43.1531893575" lon="-95.1248920154" version="1" timestamp="2026-09-02T12:00:00Z" changeset="1" uid="1" user="generator"/>
  <node id="3704" lat="43.1532343575" lon="-95.1246946514" version="1" timestamp="2026-09-02T12:00:00Z" changeset="1" uid="1" user="generator"/>
  <node id="3705" lat="43.1533108576" lon="-95.1245898018" version="1" timestamp="2026-09-02T12:00:00Z" changeset="1" uid="1" user="generator"/>
  <node id="3706" lat="43.1534548578" lon="-95.1245281256" version="1" timestamp="2026-09-02T12:00:00Z" changeset="1" uid="1" user="generator"/>
  <node id="3707" lat="43.1511320994" lon="-95.1633838014" version="1" timestamp="2026-09-02T12:00:00Z" changeset="1" uid="1" user="generator"/>
  <node id="3708" lat="43.1511530785" lon="-95.1633800515" version="1" timestamp="2026-09-02T12:00:00Z" changeset="1" uid="1" user="generator"/>
  <node id="3709" lat="43.1511726355" lon="-95.1633689745" version="1" timestamp="2026-09-02T12:00:00Z" changeset="1" uid="1" user="generator"/>
  <node id="3710" lat="43.1511894295" lon="-95.1633513351" version="1" timestamp="2026-09-02T12:00:00Z" changeset="1" uid="1" user="generator"/>
  <node id="3711" lat="43.1512023175" lon="-95.1633283298" version="1" timestamp="2026-09-02T12:00:00Z" changeset="1" uid="1" user="generator"/>
  <node id="3712" lat="43.1512104175" lon="-95.1633015377" version="1" timestamp="2026-09-02T12:00:00Z" changeset="1" uid="1" user="generator"/>
  <node id="3713" lat="43.1512131805" lon="-95.1632727842" version="1" timestamp="2026-09-02T12:00:00Z" changeset="1" uid="1" user="generator"/>
  <node id="3714" lat="43.1512131805" lon="-95.1612528749" version="1" timestamp="2026-09-02T12:00:00Z" changeset="1" uid="1" user="generator"/>
  <node id="3715" lat="43.1512104265" lon="-95.1612241461" version="1" timestamp="2026-09-02T12:00:00Z" changeset="1" uid="1" user="generator"/>
  <node id="3716" lat="43.1512023355" lon="-95.1611973663" version="1" timestamp="2026-09-02T12:00:00Z" changeset="1" uid="1" user="generator"/>
  <node id="3717" lat="43.1511894565" lon="-95.1611743734" version="1" timestamp="2026-09-02T12:00:00Z" changeset="1" uid="1" user="generator"/>
  <node id="3718" lat="43.1511726805" lon="-95.1611567340" version="1" timestamp="2026-09-02T12:00:00Z" changeset="1" uid="1" user="generator"/>
  <node id="3719" lat="43.1511531505" lon="-95.1611456446" version="1" timestamp="2026-09-02T12:00:00Z" changeset="1" uid="1" user="generator"/>
  <node id="3720" lat="43.1511321804" lon="-95.1611418576" version="1" timestamp="2026-09-02T12:00:00Z" changeset="1" uid="1" user="generator"/>
  <node id="3721" lat="43.1477920251" lon="-95.1611418576" version="1" timestamp="2026-09-02T12:00:00Z" changeset="1" uid="1" user="generator"/>
  <node id="3722" lat="43.1477748171" lon="-95.1611443864" version="1" timestamp="2026-09-02T12:00:00Z" changeset="1" uid="1" user="generator"/>
  <node id="3723" lat="43.1477584011" lon="-95.1611518739" version="1" timestamp="2026-09-02T12:00:00Z" changeset="1" uid="1" user="generator"/>
  <node id="3724" lat="43.1477435151" lon="-95.1611639747" version="1" timestamp="2026-09-02T12:00:00Z" changeset="1" uid="1" user="generator"/>
  <node id="3725" lat="43.1477308430" lon="-95.1611801216" version="1" timestamp="2026-09-02T12:00:00Z" changeset="1" uid="1" user="generator"/>
  <node id="3726" lat="43.1477209610" lon="-95.1611995866" version="1" timestamp="2026-09-02T12:00:00Z" changeset="1" uid="1" user="generator"/>
  <node id="3727" lat="43.1477143280" lon="-95.1612214940" version="1" timestamp="2026-09-02T12:00:00Z" changeset="1" uid="1" user="generator"/>
  <node id="3728" lat="43.1476723520" lon="-95.1614166870" version="1" timestamp="2026-09-02T12:00:00Z" changeset="1" uid="1" user="generator"/>
  <node id="3729" lat="43.1473123516" lon="-95.1628845816" version="1" timestamp="2026-09-02T12:00:00Z" changeset="1" uid="1" user="generator"/>
  <node id="3730" lat="43.1471908965" lon="-95.1632175223" version="1" timestamp="2026-09-02T12:00:00Z" changeset="1" uid="1" user="generator"/>
  <node id="3731" lat="43.1471829765" lon="-95.1632533562" version="1" timestamp="2026-09-02T12:00:00Z" changeset="1" uid="1" user="generator"/>
  <node id="3732" lat="43.1471841915" lon="-95.1632907567" version="1" timestamp="2026-09-02T12:00:00Z" changeset="1" uid="1" user="generator"/>
  <node id="3733" lat="43.1471944155" lon="-95.1633254804" version="1" timestamp="2026-09-02T12:00:00Z" changeset="1" uid="1" user="generator"/>
  <node id="3734" lat="43.1472124785" lon="-95.1633535678" version="1" timestamp="2026-09-02T12:00:00Z" changeset="1" uid="1" user="generator"/>
  <node id="3735" lat="43.1472363375" lon="-95.1633718239" version="1" timestamp="2026-09-02T12:00:00Z" changeset="1" uid="1" user="generator"/>
  <node id="3736" lat="43.1472632566" lon="-95.1633781766" version="1" timestamp="2026-09-02T12:00:00Z" changeset="1" uid="1" user="generator"/>
  <node id="3737" lat="43.1527528571" lon="-95.1531459027" version="1" timestamp="2026-09-02T12:00:00Z" changeset="1" uid="1" user="generator"/>
  <node id="3738" lat="43.1527528571" lon="-95.1492356288" version="1" timestamp="2026-09-02T12:00:00Z" changeset="1" uid="1" user="generator"/>
  <node id="3739" lat="43.1489863533" lon="-95.1492417965" version="1" timestamp="2026-09-02T12:00:00Z" changeset="1" uid="1" user="generator"/>
  <node id="3740" lat="43.1489863533" lon="-95.1531459027" version="1" timestamp="2026-09-02T12:00:00Z" changeset="1" uid="1" user="generator"/>
  <node id="3741" lat="43.1490676504" lon="-95.1442409386" version="1" timestamp="2026-09-02T12:00:00Z" changeset="1" uid="1" user="generator"/>
  <node id="3742" lat="43.1490466714" lon="-95.1442447255" version="1" timestamp="2026-09-02T12:00:00Z" changeset="1" uid="1" user="generator"/>
  <node id="3743" lat="43.1490271233" lon="-95.1442558396" version="1" timestamp="2026-09-02T12:00:00Z" changeset="1" uid="1" user="generator"/>
  <node id="3744" lat="43.1490103383" lon="-95.1442735036" version="1" timestamp="2026-09-02T12:00:00Z" changeset="1" uid="1" user="generator"/>
  <node id="3745" lat="43.1489974683" lon="-95.1442965336" version="1" timestamp="2026-09-02T12:00:00Z" changeset="1" uid="1" user="generator"/>
  <node id="3746" lat="43.1489893953" lon="-95.1443233380" version="1" timestamp="2026-09-02T12:00:00Z" changeset="1" uid="1" user="generator"/>
  <node id="3747" lat="43.1489866503" lon="-95.1443520915" version="1" timestamp="2026-09-02T12:00:00Z" changeset="1" uid="1" user="generator"/>
  <node id="3748" lat="43.1489907543" lon="-95.1488410366" version="1" timestamp="2026-09-02T12:00:00Z" changeset="1" uid="1" user="generator"/>
  <node id="3749" lat="43.1489935353" lon="-95.1488697407" version="1" timestamp="2026-09-02T12:00:00Z" changeset="1" uid="1" user="generator"/>
  <node id="3750" lat="43.1490016353" lon="-95.1488964835" version="1" timestamp="2026-09-02T12:00:00Z" changeset="1" uid="1" user="generator"/>
  <node id="3751" lat="43.1490145143" lon="-95.1489194517" version="1" timestamp="2026-09-02T12:00:00Z" changeset="1" uid="1" user="generator"/>
  <node id="3752" lat="43.1490312813" lon="-95.1489370665" version="1" timestamp="2026-09-02T12:00:00Z" changeset="1" uid="1" user="generator"/>
  <node id="3753" lat="43.1490508024" lon="-95.1489481435" version="1" timestamp="2026-09-02T12:00:00Z" changeset="1" uid="1" user="generator"/>
  <node id="3754" lat="43.1490717544" lon="-95.1489519181" version="1" timestamp="2026-09-02T12:00:00Z" changeset="1" uid="1" user="generator"/>
  <node id="3755" lat="43.1526720370" lon="-95.1489519181" version="1" timestamp="2026-09-02T12:00:00Z" changeset="1" uid="1" user="generator"/>
  <node id="3756" lat="43.1526929710" lon="-95.1489481435" version="1" timestamp="2026-09-02T12:00:00Z" changeset="1" uid="1" user="generator"/>
  <node id="3757" lat="43.1527124830" lon="-95.1489370911" version="1" timestamp="2026-09-02T12:00:00Z" changeset="1" uid="1" user="generator"/>
  <node id="3758" lat="43.1527292500" lon="-95.1489194887" version="1" timestamp="2026-09-02T12:00:00Z" changeset="1" uid="1" user="generator"/>
  <node id="3759" lat="43.1527421200" lon="-95.1488965452" version="1" timestamp="2026-09-02T12:00:00Z" changeset="1" uid="1" user="generator"/>
  <node id="3760" lat="43.1527502381" lon="-95.1488698270" version="1" timestamp="2026-09-02T12:00:00Z" changeset="1" uid="1" user="generator"/>
  <node id="3761" lat="43.1527530371" lon="-95.1488411476" version="1" timestamp="2026-09-02T12:00:00Z" changeset="1" uid="1" user="generator"/>
  <node id="3762" lat="43.1527573571" lon="-95.1461332398" version="1" timestamp="2026-09-02T12:00:00Z" changeset="1" uid="1" user="generator"/>
  <node id="3763" lat="43.1527573571" lon="-95.1443519558" version="1" timestamp="2026-09-02T12:00:00Z" changeset="1" uid="1" user="generator"/>
  <node id="3764" lat="43.1527545941" lon="-95.1443232270" version="1" timestamp="2026-09-02T12:00:00Z" changeset="1" uid="1" user="generator"/>
  <node id="3765" lat="43.1527465031" lon="-95.1442964472" version="1" timestamp="2026-09-02T12:00:00Z" changeset="1" uid="1" user="generator"/>
  <node id="3766" lat="43.1527336330" lon="-95.1442734543" version="1" timestamp="2026-09-02T12:00:00Z" changeset="1" uid="1" user="generator"/>
  <node id="3767" lat="43.1527168570" lon="-95.1442558149" version="1" timestamp="2026-09-02T12:00:00Z" changeset="1" uid="1" user="generator"/>
  <node id="3768" lat="43.1526973180" lon="-95.1442447255" version="1" timestamp="2026-09-02T12:00:00Z" changeset="1" uid="1" user="generator"/>
  <node id="3769" lat="43.1526763570" lon="-95.1442409386" version="1" timestamp="2026-09-02T12:00:00Z" changeset="1" uid="1" user="generator"/>
  <node id="3770" lat="43.1520238563" lon="-95.1367030161" version="1" timestamp="2026-09-02T12:00:00Z" changeset="1" uid="1" user="generator"/>
  <node id="3771" lat="43.1520238563" lon="-95.1338042326" version="1" timestamp="2026-09-02T12:00:00Z" changeset="1" uid="1" user="generator"/>
  <node id="3772" lat="43.1492608536" lon="-95.1338042326" version="1" timestamp="2026-09-02T12:00:00Z" changeset="1" uid="1" user="generator"/>
  <node id="3773" lat="43.1492608536" lon="-95.1367030161" version="1" timestamp="2026-09-02T12:00:00Z" changeset="1" uid="1" user="generator"/>
  <node id="3774" lat="43.1506153549" lon="-95.1319416101" version="1" timestamp="2026-09-02T12:00:00Z" changeset="1" uid="1" user="generator"/>
  <node id="3775" lat="43.1517358560" lon="-95.1285247462" version="1" timestamp="2026-09-02T12:00:00Z" changeset="1" uid="1" user="generator"/>
  <node id="3776" lat="43.1517808561" lon="-95.1284013937" version="1" timestamp="2026-09-02T12:00:00Z" changeset="1" uid="1" user="generator"/>
  <node id="3777" lat="43.1518348561" lon="-95.1282780412" version="1" timestamp="2026-09-02T12:00:00Z" changeset="1" uid="1" user="generator"/>
  <node id="3778" lat="43.1521318564" lon="-95.1277846312" version="1" timestamp="2026-09-02T12:00:00Z" changeset="1" uid="1" user="generator"/>
  <node id="3779" lat="43.1521318564" lon="-95.1273035565" version="1" timestamp="2026-09-02T12:00:00Z" changeset="1" uid="1" user="generator"/>
  <node id="3780" lat="43.1511762175" lon="-95.1273035565" version="1" timestamp="2026-09-02T12:00:00Z" changeset="1" uid="1" user="generator"/>
  <node id="3781" lat="43.1496128079" lon="-95.1319416101" version="1" timestamp="2026-09-02T12:00:00Z" changeset="1" uid="1" user="generator"/>
  <node id="3782" lat="43.1511321264" lon="-95.1696132008" version="1" timestamp="2026-09-02T12:00:00Z" changeset="1" uid="1" user="generator"/>
  <node id="3783" lat="43.1511530965" lon="-95.1696094385" version="1" timestamp="2026-09-02T12:00:00Z" changeset="1" uid="1" user="generator"/>
  <node id="3784" lat="43.1511726445" lon="-95.1695983615" version="1" timestamp="2026-09-02T12:00:00Z" changeset="1" uid="1" user="generator"/>
  <node id="3785" lat="43.1511894385" lon="-95.1695807220" version="1" timestamp="2026-09-02T12:00:00Z" changeset="1" uid="1" user="generator"/>
  <node id="3786" lat="43.1512023265" lon="-95.1695577168" version="1" timestamp="2026-09-02T12:00:00Z" changeset="1" uid="1" user="generator"/>
  <node id="3787" lat="43.1512104175" lon="-95.1695309370" version="1" timestamp="2026-09-02T12:00:00Z" changeset="1" uid="1" user="generator"/>
  <node id="3788" lat="43.1512131805" lon="-95.1695021959" version="1" timestamp="2026-09-02T12:00:00Z" changeset="1" uid="1" user="generator"/>
  <node id="3789" lat="43.1512131805" lon="-95.1637230208" version="1" timestamp="2026-09-02T12:00:00Z" changeset="1" uid="1" user="generator"/>
  <node id="3790" lat="43.1512104265" lon="-95.1636943043" version="1" timestamp="2026-09-02T12:00:00Z" changeset="1" uid="1" user="generator"/>
  <node id="3791" lat="43.1512023445" lon="-95.1636675492" version="1" timestamp="2026-09-02T12:00:00Z" changeset="1" uid="1" user="generator"/>
  <node id="3792" lat="43.1511894925" lon="-95.1636445686" version="1" timestamp="2026-09-02T12:00:00Z" changeset="1" uid="1" user="generator"/>
  <node id="3793" lat="43.1511727345" lon="-95.1636269169" version="1" timestamp="2026-09-02T12:00:00Z" changeset="1" uid="1" user="generator"/>
  <node id="3794" lat="43.1511532135" lon="-95.1636158151" version="1" timestamp="2026-09-02T12:00:00Z" changeset="1" uid="1" user="generator"/>
  <node id="3795" lat="43.1511322704" lon="-95.1636120035" version="1" timestamp="2026-09-02T12:00:00Z" changeset="1" uid="1" user="generator"/>
  <node id="3796" lat="43.1471074934" lon="-95.1636062677" version="1" timestamp="2026-09-02T12:00:00Z" changeset="1" uid="1" user="generator"/>
  <node id="3797" lat="43.1470922654" lon="-95.1636082290" version="1" timestamp="2026-09-02T12:00:00Z" changeset="1" uid="1" user="generator"/>
  <node id="3798" lat="43.1470775684" lon="-95.1636140759" version="1" timestamp="2026-09-02T12:00:00Z" changeset="1" uid="1" user="generator"/>
  <node id="3799" lat="43.1470639334" lon="-95.1636236110" version="1" timestamp="2026-09-02T12:00:00Z" changeset="1" uid="1" user="generator"/>
  <node id="3800" lat="43.1470518554" lon="-95.1636364890" version="1" timestamp="2026-09-02T12:00:00Z" changeset="1" uid="1" user="generator"/>
  <node id="3801" lat="43.1470417663" lon="-95.1636522535" version="1" timestamp="2026-09-02T12:00:00Z" changeset="1" uid="1" user="generator"/>
  <node id="3802" lat="43.1470340083" lon="-95.1636703369" version="1" timestamp="2026-09-02T12:00:00Z" changeset="1" uid="1" user="generator"/>
  <node id="3803" lat="43.1469613513" lon="-95.1638837367" version="1" timestamp="2026-09-02T12:00:00Z" changeset="1" uid="1" user="generator"/>
  <node id="3804" lat="43.1465923509" lon="-95.1654256428" version="1" timestamp="2026-09-02T12:00:00Z" changeset="1" uid="1" user="generator"/>
  <node id="3805" lat="43.1462413505" lon="-95.1665974915" version="1" timestamp="2026-09-02T12:00:00Z" changeset="1" uid="1" user="generator"/>
  <node id="3806" lat="43.1454715348" lon="-95.1694579740" version="1" timestamp="2026-09-02T12:00:00Z" changeset="1" uid="1" user="generator"/>
  <node id="3807" lat="43.1454665758" lon="-95.1694927594" version="1" timestamp="2026-09-02T12:00:00Z" changeset="1" uid="1" user="generator"/>
  <node id="3808" lat="43.1454698608" lon="-95.1695279025" version="1" timestamp="2026-09-02T12:00:00Z" changeset="1" uid="1" user="generator"/>
  <node id="3809" lat="43.1454810568" lon="-95.1695598385" version="1" timestamp="2026-09-02T12:00:00Z" changeset="1" uid="1" user="generator"/>
  <node id="3810" lat="43.1454990298" lon="-95.1695853108" version="1" timestamp="2026-09-02T12:00:00Z" changeset="1" uid="1" user="generator"/>
  <node id="3811" lat="43.1455219438" lon="-95.1696017290" version="1" timestamp="2026-09-02T12:00:00Z" changeset="1" uid="1" user="generator"/>
  <node id="3812" lat="43.1455474679" lon="-95.1696074155" version="1" timestamp="2026-09-02T12:00:00Z" changeset="1" uid="1" user="generator"/>
  <node id="3813" lat="43.1488243531" lon="-95.1492417965" version="1" timestamp="2026-09-02T12:00:00Z" changeset="1" uid="1" user="generator"/>
  <node id="3814" lat="43.1471818695" lon="-95.1492356288" version="1" timestamp="2026-09-02T12:00:00Z" changeset="1" uid="1" user="generator"/>
  <node id="3815" lat="43.1450721144" lon="-95.1492356288" version="1" timestamp="2026-09-02T12:00:00Z" changeset="1" uid="1" user="generator"/>
  <node id="3816" lat="43.1453278496" lon="-95.1497660445" version="1" timestamp="2026-09-02T12:00:00Z" changeset="1" uid="1" user="generator"/>
  <node id="3817" lat="43.1459758503" lon="-95.1500250848" version="1" timestamp="2026-09-02T12:00:00Z" changeset="1" uid="1" user="generator"/>
  <node id="3818" lat="43.1465968509" lon="-95.1503581365" version="1" timestamp="2026-09-02T12:00:00Z" changeset="1" uid="1" user="generator"/>
  <node id="3819" lat="43.1469028512" lon="-95.1505555005" version="1" timestamp="2026-09-02T12:00:00Z" changeset="1" uid="1" user="generator"/>
  <node id="3820" lat="43.1475868519" lon="-95.1511969334" version="1" timestamp="2026-09-02T12:00:00Z" changeset="1" uid="1" user="generator"/>
  <node id="3821" lat="43.1477173520" lon="-95.1513757945" version="1" timestamp="2026-09-02T12:00:00Z" changeset="1" uid="1" user="generator"/>
  <node id="3822" lat="43.1478433522" lon="-95.1516224995" version="1" timestamp="2026-09-02T12:00:00Z" changeset="1" uid="1" user="generator"/>
  <node id="3823" lat="43.1480413523" lon="-95.1521899209" version="1" timestamp="2026-09-02T12:00:00Z" changeset="1" uid="1" user="generator"/>
  <node id="3824" lat="43.1481583525" lon="-95.1524119554" version="1" timestamp="2026-09-02T12:00:00Z" changeset="1" uid="1" user="generator"/>
  <node id="3825" lat="43.1482843526" lon="-95.1528313538" version="1" timestamp="2026-09-02T12:00:00Z" changeset="1" uid="1" user="generator"/>
  <node id="3826" lat="43.1485183528" lon="-95.1534111105" version="1" timestamp="2026-09-02T12:00:00Z" changeset="1" uid="1" user="generator"/>
  <node id="3827" lat="43.1485453529" lon="-95.1535467983" version="1" timestamp="2026-09-02T12:00:00Z" changeset="1" uid="1" user="generator"/>
  <node id="3828" lat="43.1488198531" lon="-95.1535529659" version="1" timestamp="2026-09-02T12:00:00Z" changeset="1" uid="1" user="generator"/>
  <node id="3829" lat="43.1488201771" lon="-95.1535453427" version="1" timestamp="2026-09-02T12:00:00Z" changeset="1" uid="1" user="generator"/>
  <node id="3830" lat="43.1488243531" lon="-95.1535453427" version="1" timestamp="2026-09-02T12:00:00Z" changeset="1" uid="1" user="generator"/>
  <node id="3831" lat="43.1436724780" lon="-95.1397141983" version="1" timestamp="2026-09-02T12:00:00Z" changeset="1" uid="1" user="generator"/>
  <node id="3832" lat="43.1436943480" lon="-95.1399040131" version="1" timestamp="2026-09-02T12:00:00Z" changeset="1" uid="1" user="generator"/>
  <node id="3833" lat="43.1436583480" lon="-95.1403974231" version="1" timestamp="2026-09-02T12:00:00Z" changeset="1" uid="1" user="generator"/>
  <node id="3834" lat="43.1435593479" lon="-95.1409525093" version="1" timestamp="2026-09-02T12:00:00Z" changeset="1" uid="1" user="generator"/>
  <node id="3835" lat="43.1435503479" lon="-95.1412978963" version="1" timestamp="2026-09-02T12:00:00Z" changeset="1" uid="1" user="generator"/>
  <node id="3836" lat="43.1435233478" lon="-95.1414582545" version="1" timestamp="2026-09-02T12:00:00Z" changeset="1" uid="1" user="generator"/>
  <node id="3837" lat="43.1435323478" lon="-95.1419639997" version="1" timestamp="2026-09-02T12:00:00Z" changeset="1" uid="1" user="generator"/>
  <node id="3838" lat="43.1435683479" lon="-95.1423463924" version="1" timestamp="2026-09-02T12:00:00Z" changeset="1" uid="1" user="generator"/>
  <node id="3839" lat="43.1435773479" lon="-95.1430988426" version="1" timestamp="2026-09-02T12:00:00Z" changeset="1" uid="1" user="generator"/>
  <node id="3840" lat="43.1436186309" lon="-95.1434682956" version="1" timestamp="2026-09-02T12:00:00Z" changeset="1" uid="1" user="generator"/>
  <node id="3841" lat="43.1436237339" lon="-95.1434935335" version="1" timestamp="2026-09-02T12:00:00Z" changeset="1" uid="1" user="generator"/>
  <node id="3842" lat="43.1436330039" lon="-95.1435164277" version="1" timestamp="2026-09-02T12:00:00Z" changeset="1" uid="1" user="generator"/>
  <node id="3843" lat="43.1436459370" lon="-95.1435357201" version="1" timestamp="2026-09-02T12:00:00Z" changeset="1" uid="1" user="generator"/>
  <node id="3844" lat="43.1436618040" lon="-95.1435503127" version="1" timestamp="2026-09-02T12:00:00Z" changeset="1" uid="1" user="generator"/>
  <node id="3845" lat="43.1436797230" lon="-95.1435594161" version="1" timestamp="2026-09-02T12:00:00Z" changeset="1" uid="1" user="generator"/>
  <node id="3846" lat="43.1436986950" lon="-95.1435624999" version="1" timestamp="2026-09-02T12:00:00Z" changeset="1" uid="1" user="generator"/>
  <node id="3847" lat="43.1513578557" lon="-95.1435624999" version="1" timestamp="2026-09-02T12:00:00Z" changeset="1" uid="1" user="generator"/>
  <node id="3848" lat="43.1513788167" lon="-95.1435587253" version="1" timestamp="2026-09-02T12:00:00Z" changeset="1" uid="1" user="generator"/>
  <node id="3849" lat="43.1513983557" lon="-95.1435476236" version="1" timestamp="2026-09-02T12:00:00Z" changeset="1" uid="1" user="generator"/>
  <node id="3850" lat="43.1514151317" lon="-95.1435299842" version="1" timestamp="2026-09-02T12:00:00Z" changeset="1" uid="1" user="generator"/>
  <node id="3851" lat="43.1514280017" lon="-95.1435069913" version="1" timestamp="2026-09-02T12:00:00Z" changeset="1" uid="1" user="generator"/>
  <node id="3852" lat="43.1514360927" lon="-95.1434802238" version="1" timestamp="2026-09-02T12:00:00Z" changeset="1" uid="1" user="generator"/>
  <node id="3853" lat="43.1514388557" lon="-95.1434514827" version="1" timestamp="2026-09-02T12:00:00Z" changeset="1" uid="1" user="generator"/>
  <node id="3854" lat="43.1514388557" lon="-95.1398252156" version="1" timestamp="2026-09-02T12:00:00Z" changeset="1" uid="1" user="generator"/>
  <node id="3855" lat="43.1514360927" lon="-95.1397964868" version="1" timestamp="2026-09-02T12:00:00Z" changeset="1" uid="1" user="generator"/>
  <node id="3856" lat="43.1514280017" lon="-95.1397697070" version="1" timestamp="2026-09-02T12:00:00Z" changeset="1" uid="1" user="generator"/>
  <node id="3857" lat="43.1514151317" lon="-95.1397467141" version="1" timestamp="2026-09-02T12:00:00Z" changeset="1" uid="1" user="generator"/>
  <node id="3858" lat="43.1513983557" lon="-95.1397290746" version="1" timestamp="2026-09-02T12:00:00Z" changeset="1" uid="1" user="generator"/>
  <node id="3859" lat="43.1513788167" lon="-95.1397179853" version="1" timestamp="2026-09-02T12:00:00Z" changeset="1" uid="1" user="generator"/>
  <node id="3860" lat="43.1513578557" lon="-95.1397141983" version="1" timestamp="2026-09-02T12:00:00Z" changeset="1" uid="1" user="generator"/>
  <node id="3861" lat="43.1519428563" lon="-95.1390357597" version="1" timestamp="2026-09-02T12:00:00Z" changeset="1" uid="1" user="generator"/>
  <node id="3862" lat="43.1519638173" lon="-95.1390319851" version="1" timestamp="2026-09-02T12:00:00Z" changeset="1" uid="1" user="generator"/>
  <node id="3863" lat="43.1519833563" lon="-95.1390208833" version="1" timestamp="2026-09-02T12:00:00Z" changeset="1" uid="1" user="generator"/>
  <node id="3864" lat="43.1520001323" lon="-95.1390032439" version="1" timestamp="2026-09-02T12:00:00Z" changeset="1" uid="1" user="generator"/>
  <node id="3865" lat="43.1520130023" lon="-95.1389802510" version="1" timestamp="2026-09-02T12:00:00Z" changeset="1" uid="1" user="generator"/>
  <node id="3866" lat="43.1520210933" lon="-95.1389534835" version="1" timestamp="2026-09-02T12:00:00Z" changeset="1" uid="1" user="generator"/>
  <node id="3867" lat="43.1520238563" lon="-95.1389247424" version="1" timestamp="2026-09-02T12:00:00Z" changeset="1" uid="1" user="generator"/>
  <node id="3868" lat="43.1520238563" lon="-95.1376002204" version="1" timestamp="2026-09-02T12:00:00Z" changeset="1" uid="1" user="generator"/>
  <node id="3869" lat="43.1520210933" lon="-95.1375714793" version="1" timestamp="2026-09-02T12:00:00Z" changeset="1" uid="1" user="generator"/>
  <node id="3870" lat="43.1520130023" lon="-95.1375447118" version="1" timestamp="2026-09-02T12:00:00Z" changeset="1" uid="1" user="generator"/>
  <node id="3871" lat="43.1520001323" lon="-95.1375217189" version="1" timestamp="2026-09-02T12:00:00Z" changeset="1" uid="1" user="generator"/>
  <node id="3872" lat="43.1519833563" lon="-95.1375040671" version="1" timestamp="2026-09-02T12:00:00Z" changeset="1" uid="1" user="generator"/>
  <node id="3873" lat="43.1519638173" lon="-95.1374929778" version="1" timestamp="2026-09-02T12:00:00Z" changeset="1" uid="1" user="generator"/>
  <node id="3874" lat="43.1519428563" lon="-95.1374892032" version="1" timestamp="2026-09-02T12:00:00Z" changeset="1" uid="1" user="generator"/>
  <node id="3875" lat="43.1440383103" lon="-95.1374892032" version="1" timestamp="2026-09-02T12:00:00Z" changeset="1" uid="1" user="generator"/>
  <node id="3876" lat="43.1440205623" lon="-95.1374918923" version="1" timestamp="2026-09-02T12:00:00Z" changeset="1" uid="1" user="generator"/>
  <node id="3877" lat="43.1440036693" lon="-95.1374998608" version="1" timestamp="2026-09-02T12:00:00Z" changeset="1" uid="1" user="generator"/>
  <node id="3878" lat="43.1439884683" lon="-95.1375127142" version="1" timestamp="2026-09-02T12:00:00Z" changeset="1" uid="1" user="generator"/>
  <node id="3879" lat="43.1439756793" lon="-95.1375298108" version="1" timestamp="2026-09-02T12:00:00Z" changeset="1" uid="1" user="generator"/>
  <node id="3880" lat="43.1439659503" lon="-95.1375503367" version="1" timestamp="2026-09-02T12:00:00Z" changeset="1" uid="1" user="generator"/>
  <node id="3881" lat="43.1439597313" lon="-95.1375732926" version="1" timestamp="2026-09-02T12:00:00Z" changeset="1" uid="1" user="generator"/>
  <node id="3882" lat="43.1438923482" lon="-95.1379427086" version="1" timestamp="2026-09-02T12:00:00Z" changeset="1" uid="1" user="generator"/>
  <node id="3883" lat="43.1438923482" lon="-95.1385471358" version="1" timestamp="2026-09-02T12:00:00Z" changeset="1" uid="1" user="generator"/>
  <node id="3884" lat="43.1439193482" lon="-95.1387568350" version="1" timestamp="2026-09-02T12:00:00Z" changeset="1" uid="1" user="generator"/>
  <node id="3885" lat="43.1438993952" lon="-95.1389045249" version="1" timestamp="2026-09-02T12:00:00Z" changeset="1" uid="1" user="generator"/>
  <node id="3886" lat="43.1438985222" lon="-95.1389368433" version="1" timestamp="2026-09-02T12:00:00Z" changeset="1" uid="1" user="generator"/>
  <node id="3887" lat="43.1439044802" lon="-95.1389681378" version="1" timestamp="2026-09-02T12:00:00Z" changeset="1" uid="1" user="generator"/>
  <node id="3888" lat="43.1439167652" lon="-95.1389957441" version="1" timestamp="2026-09-02T12:00:00Z" changeset="1" uid="1" user="generator"/>
  <node id="3889" lat="43.1439343332" lon="-95.1390173185" version="1" timestamp="2026-09-02T12:00:00Z" changeset="1" uid="1" user="generator"/>
  <node id="3890" lat="43.1439556993" lon="-95.1390310476" version="1" timestamp="2026-09-02T12:00:00Z" changeset="1" uid="1" user="generator"/>
  <node id="3891" lat="43.1439790363" lon="-95.1390357597" version="1" timestamp="2026-09-02T12:00:00Z" changeset="1" uid="1" user="generator"/>
  <node id="3892" lat="43.1420500014" lon="-95.1602236957" version="1" timestamp="2026-09-02T12:00:00Z" changeset="1" uid="1" user="generator"/>
  <node id="3893" lat="43.1420512884" lon="-95.1601910937" version="1" timestamp="2026-09-02T12:00:00Z" changeset="1" uid="1" user="generator"/>
  <node id="3894" lat="43.1420456004" lon="-95.1601593921" version="1" timestamp="2026-09-02T12:00:00Z" changeset="1" uid="1" user="generator"/>
  <node id="3895" lat="43.1420334323" lon="-95.1601313294" version="1" timestamp="2026-09-02T12:00:00Z" changeset="1" uid="1" user="generator"/>
  <node id="3896" lat="43.1420158283" lon="-95.1601093233" version="1" timestamp="2026-09-02T12:00:00Z" changeset="1" uid="1" user="generator"/>
  <node id="3897" lat="43.1419943183" lon="-95.1600952981" version="1" timestamp="2026-09-02T12:00:00Z" changeset="1" uid="1" user="generator"/>
  <node id="3898" lat="43.1419707653" lon="-95.1600904504" version="1" timestamp="2026-09-02T12:00:00Z" changeset="1" uid="1" user="generator"/>
  <node id="3899" lat="43.1392124605" lon="-95.1600849365" version="1" timestamp="2026-09-02T12:00:00Z" changeset="1" uid="1" user="generator"/>
  <node id="3900" lat="43.1391914725" lon="-95.1600886741" version="1" timestamp="2026-09-02T12:00:00Z" changeset="1" uid="1" user="generator"/>
  <node id="3901" lat="43.1391719155" lon="-95.1600997512" version="1" timestamp="2026-09-02T12:00:00Z" changeset="1" uid="1" user="generator"/>
  <node id="3902" lat="43.1391551125" lon="-95.1601173906" version="1" timestamp="2026-09-02T12:00:00Z" changeset="1" uid="1" user="generator"/>
  <node id="3903" lat="43.1391422154" lon="-95.1601403958" version="1" timestamp="2026-09-02T12:00:00Z" changeset="1" uid="1" user="generator"/>
  <node id="3904" lat="43.1391341064" lon="-95.1601671880" version="1" timestamp="2026-09-02T12:00:00Z" changeset="1" uid="1" user="generator"/>
  <node id="3905" lat="43.1391313434" lon="-95.1601959538" version="1" timestamp="2026-09-02T12:00:00Z" changeset="1" uid="1" user="generator"/>
  <node id="3906" lat="43.1391313434" lon="-95.1689104740" version="1" timestamp="2026-09-02T12:00:00Z" changeset="1" uid="1" user="generator"/>
  <node id="3907" lat="43.1401303444" lon="-95.1674979646" version="1" timestamp="2026-09-02T12:00:00Z" changeset="1" uid="1" user="generator"/>
  <node id="3908" lat="43.1405803449" lon="-95.1664864742" version="1" timestamp="2026-09-02T12:00:00Z" changeset="1" uid="1" user="generator"/>
  <node id="3909" lat="43.1410753454" lon="-95.1648582214" version="1" timestamp="2026-09-02T12:00:00Z" changeset="1" uid="1" user="generator"/>
  <node id="3910" lat="43.1415613459" lon="-95.1635260145" version="1" timestamp="2026-09-02T12:00:00Z" changeset="1" uid="1" user="generator"/>
  <node id="3911" lat="43.1416423459" lon="-95.1631559571" version="1" timestamp="2026-09-02T12:00:00Z" changeset="1" uid="1" user="generator"/>
  <node id="3912" lat="43.1418043461" lon="-95.1621074609" version="1" timestamp="2026-09-02T12:00:00Z" changeset="1" uid="1" user="generator"/>
  <node id="3913" lat="43.1419033462" lon="-95.1612069878" version="1" timestamp="2026-09-02T12:00:00Z" changeset="1" uid="1" user="generator"/>
  <node id="3914" lat="43.1423578467" lon="-95.1566367781" version="1" timestamp="2026-09-02T12:00:00Z" changeset="1" uid="1" user="generator"/>
  <node id="3915" lat="43.1423623467" lon="-95.1564579170" version="1" timestamp="2026-09-02T12:00:00Z" changeset="1" uid="1" user="generator"/>
  <node id="3916" lat="43.1423443467" lon="-95.1563962407" version="1" timestamp="2026-09-02T12:00:00Z" changeset="1" uid="1" user="generator"/>
  <node id="3917" lat="43.1421193464" lon="-95.1560261833" version="1" timestamp="2026-09-02T12:00:00Z" changeset="1" uid="1" user="generator"/>
  <node id="3918" lat="43.1419843463" lon="-95.1556807963" version="1" timestamp="2026-09-02T12:00:00Z" changeset="1" uid="1" user="generator"/>
  <node id="3919" lat="43.1415073458" lon="-95.1547803232" version="1" timestamp="2026-09-02T12:00:00Z" changeset="1" uid="1" user="generator"/>
  <node id="3920" lat="43.1402518446" lon="-95.1534172782" version="1" timestamp="2026-09-02T12:00:00Z" changeset="1" uid="1" user="generator"/>
  <node id="3921" lat="43.1402248445" lon="-95.1533926077" version="1" timestamp="2026-09-02T12:00:00Z" changeset="1" uid="1" user="generator"/>
  <node id="3922" lat="43.1400898444" lon="-95.1533926077" version="1" timestamp="2026-09-02T12:00:00Z" changeset="1" uid="1" user="generator"/>
  <node id="3923" lat="43.1392103545" lon="-95.1534222493" version="1" timestamp="2026-09-02T12:00:00Z" changeset="1" uid="1" user="generator"/>
  <node id="3924" lat="43.1391897805" lon="-95.1534266036" version="1" timestamp="2026-09-02T12:00:00Z" changeset="1" uid="1" user="generator"/>
  <node id="3925" lat="43.1391707005" lon="-95.1534380137" version="1" timestamp="2026-09-02T12:00:00Z" changeset="1" uid="1" user="generator"/>
  <node id="3926" lat="43.1391543655" lon="-95.1534557025" version="1" timestamp="2026-09-02T12:00:00Z" changeset="1" uid="1" user="generator"/>
  <node id="3927" lat="43.1391418644" lon="-95.1534785103" version="1" timestamp="2026-09-02T12:00:00Z" changeset="1" uid="1" user="generator"/>
  <node id="3928" lat="43.1391340164" lon="-95.1535049448" version="1" timestamp="2026-09-02T12:00:00Z" changeset="1" uid="1" user="generator"/>
  <node id="3929" lat="43.1391313434" lon="-95.1535332295" version="1" timestamp="2026-09-02T12:00:00Z" changeset="1" uid="1" user="generator"/>
  <node id="3930" lat="43.1391313434" lon="-95.1597395372" version="1" timestamp="2026-09-02T12:00:00Z" changeset="1" uid="1" user="generator"/>
  <node id="3931" lat="43.1391340974" lon="-95.1597682537" version="1" timestamp="2026-09-02T12:00:00Z" changeset="1" uid="1" user="generator"/>
  <node id="3932" lat="43.1391421794" lon="-95.1597950088" version="1" timestamp="2026-09-02T12:00:00Z" changeset="1" uid="1" user="generator"/>
  <node id="3933" lat="43.1391550225" lon="-95.1598179894" version="1" timestamp="2026-09-02T12:00:00Z" changeset="1" uid="1" user="generator"/>
  <node id="3934" lat="43.1391717715" lon="-95.1598356288" version="1" timestamp="2026-09-02T12:00:00Z" changeset="1" uid="1" user="generator"/>
  <node id="3935" lat="43.1391912835" lon="-95.1598467429" version="1" timestamp="2026-09-02T12:00:00Z" changeset="1" uid="1" user="generator"/>
  <node id="3936" lat="43.1392122265" lon="-95.1598505545" version="1" timestamp="2026-09-02T12:00:00Z" changeset="1" uid="1" user="generator"/>
  <node id="3937" lat="43.1420170973" lon="-95.1598561423" version="1" timestamp="2026-09-02T12:00:00Z" changeset="1" uid="1" user="generator"/>
  <node id="3938" lat="43.1420363033" lon="-95.1598530092" version="1" timestamp="2026-09-02T12:00:00Z" changeset="1" uid="1" user="generator"/>
  <node id="3939" lat="43.1420544204" lon="-95.1598437331" version="1" timestamp="2026-09-02T12:00:00Z" changeset="1" uid="1" user="generator"/>
  <node id="3940" lat="43.1420704134" lon="-95.1598288444" version="1" timestamp="2026-09-02T12:00:00Z" changeset="1" uid="1" user="generator"/>
  <node id="3941" lat="43.1420833734" lon="-95.1598091697" version="1" timestamp="2026-09-02T12:00:00Z" changeset="1" uid="1" user="generator"/>
  <node id="3942" lat="43.1420925714" lon="-95.1597858561" version="1" timestamp="2026-09-02T12:00:00Z" changeset="1" uid="1" user="generator"/>
  <node id="3943" lat="43.1420974674" lon="-95.1597602111" version="1" timestamp="2026-09-02T12:00:00Z" changeset="1" uid="1" user="generator"/>
  <node id="3944" lat="43.1421823465" lon="-95.1589126315" version="1" timestamp="2026-09-02T12:00:00Z" changeset="1" uid="1" user="generator"/>
  <node id="3945" lat="43.1422813466" lon="-95.1570376737" version="1" timestamp="2026-09-02T12:00:00Z" changeset="1" uid="1" user="generator"/>
  <node id="3946" lat="43.1392123435" lon="-95.1292801445" version="1" timestamp="2026-09-02T12:00:00Z" changeset="1" uid="1" user="generator"/>
  <node id="3947" lat="43.1391913825" lon="-95.1292839190" version="1" timestamp="2026-09-02T12:00:00Z" changeset="1" uid="1" user="generator"/>
  <node id="3948" lat="43.1391718435" lon="-95.1292950084" version="1" timestamp="2026-09-02T12:00:00Z" changeset="1" uid="1" user="generator"/>
  <node id="3949" lat="43.1391550675" lon="-95.1293126602" version="1" timestamp="2026-09-02T12:00:00Z" changeset="1" uid="1" user="generator"/>
  <node id="3950" lat="43.1391421974" lon="-95.1293356531" version="1" timestamp="2026-09-02T12:00:00Z" changeset="1" uid="1" user="generator"/>
  <node id="3951" lat="43.1391341064" lon="-95.1293624206" version="1" timestamp="2026-09-02T12:00:00Z" changeset="1" uid="1" user="generator"/>
  <node id="3952" lat="43.1391313434" lon="-95.1293911617" version="1" timestamp="2026-09-02T12:00:00Z" changeset="1" uid="1" user="generator"/>
  <node id="3953" lat="43.1391313434" lon="-95.1365698817" version="1" timestamp="2026-09-02T12:00:00Z" changeset="1" uid="1" user="generator"/>
  <node id="3954" lat="43.1391341424" lon="-95.1365988202" version="1" timestamp="2026-09-02T12:00:00Z" changeset="1" uid="1" user="generator"/>
  <node id="3955" lat="43.1391423505" lon="-95.1366257604" version="1" timestamp="2026-09-02T12:00:00Z" changeset="1" uid="1" user="generator"/>
  <node id="3956" lat="43.1391554005" lon="-95.1366488397" version="1" timestamp="2026-09-02T12:00:00Z" changeset="1" uid="1" user="generator"/>
  <node id="3957" lat="43.1391723925" lon="-95.1366664544" version="1" timestamp="2026-09-02T12:00:00Z" changeset="1" uid="1" user="generator"/>
  <node id="3958" lat="43.1391921475" lon="-95.1366773834" version="1" timestamp="2026-09-02T12:00:00Z" changeset="1" uid="1" user="generator"/>
  <node id="3959" lat="43.1392132885" lon="-95.1366808867" version="1" timestamp="2026-09-02T12:00:00Z" changeset="1" uid="1" user="generator"/>
  <node id="3960" lat="43.1408614782" lon="-95.1366544399" version="1" timestamp="2026-09-02T12:00:00Z" changeset="1" uid="1" user="generator"/>
  <node id="3961" lat="43.1408756712" lon="-95.1366524786" version="1" timestamp="2026-09-02T12:00:00Z" changeset="1" uid="1" user="generator"/>
  <node id="3962" lat="43.1408894052" lon="-95.1366471497" version="1" timestamp="2026-09-02T12:00:00Z" changeset="1" uid="1" user="generator"/>
  <node id="3963" lat="43.1409022392" lon="-95.1366385891" version="1" timestamp="2026-09-02T12:00:00Z" changeset="1" uid="1" user="generator"/>
  <node id="3964" lat="43.1409137772" lon="-95.1366270803" version="1" timestamp="2026-09-02T12:00:00Z" changeset="1" uid="1" user="generator"/>
  <node id="3965" lat="43.1409236592" lon="-95.1366129811" version="1" timestamp="2026-09-02T12:00:00Z" changeset="1" uid="1" user="generator"/>
  <node id="3966" lat="43.1409315882" lon="-95.1365967109" version="1" timestamp="2026-09-02T12:00:00Z" changeset="1" uid="1" user="generator"/>
  <node id="3967" lat="43.1410393453" lon="-95.1363267910" version="1" timestamp="2026-09-02T12:00:00Z" changeset="1" uid="1" user="generator"/>
  <node id="3968" lat="43.1411743455" lon="-95.1355373351" version="1" timestamp="2026-09-02T12:00:00Z" changeset="1" uid="1" user="generator"/>
  <node id="3969" lat="43.1414443458" lon="-95.1347232087" version="1" timestamp="2026-09-02T12:00:00Z" changeset="1" uid="1" user="generator"/>
  <node id="3970" lat="43.1416243459" lon="-95.1343408159" version="1" timestamp="2026-09-02T12:00:00Z" changeset="1" uid="1" user="generator"/>
  <node id="3971" lat="43.1420653464" lon="-95.1336500420" version="1" timestamp="2026-09-02T12:00:00Z" changeset="1" uid="1" user="generator"/>
  <node id="3972" lat="43.1420833464" lon="-95.1335883658" version="1" timestamp="2026-09-02T12:00:00Z" changeset="1" uid="1" user="generator"/>
  <node id="3973" lat="43.1424613468" lon="-95.1329716033" version="1" timestamp="2026-09-02T12:00:00Z" changeset="1" uid="1" user="generator"/>
  <node id="3974" lat="43.1430463474" lon="-95.1317380785" version="1" timestamp="2026-09-02T12:00:00Z" changeset="1" uid="1" user="generator"/>
  <node id="3975" lat="43.1431723475" lon="-95.1313310152" version="1" timestamp="2026-09-02T12:00:00Z" changeset="1" uid="1" user="generator"/>
  <node id="3976" lat="43.1432083475" lon="-95.1309116168" version="1" timestamp="2026-09-02T12:00:00Z" changeset="1" uid="1" user="generator"/>
  <node id="3977" lat="43.1434153477" lon="-95.1304305421" version="1" timestamp="2026-09-02T12:00:00Z" changeset="1" uid="1" user="generator"/>
  <node id="3978" lat="43.1437258480" lon="-95.1300666523" version="1" timestamp="2026-09-02T12:00:00Z" changeset="1" uid="1" user="generator"/>
  <node id="3979" lat="43.1438248481" lon="-95.1299926408" version="1" timestamp="2026-09-02T12:00:00Z" changeset="1" uid="1" user="generator"/>
  <node id="3980" lat="43.1443558487" lon="-95.1297212653" version="1" timestamp="2026-09-02T12:00:00Z" changeset="1" uid="1" user="generator"/>
  <node id="3981" lat="43.1448304371" lon="-95.1295889697" version="1" timestamp="2026-09-02T12:00:00Z" changeset="1" uid="1" user="generator"/>
  <node id="3982" lat="43.1448463222" lon="-95.1295821484" version="1" timestamp="2026-09-02T12:00:00Z" changeset="1" uid="1" user="generator"/>
  <node id="3983" lat="43.1448608662" lon="-95.1295710096" version="1" timestamp="2026-09-02T12:00:00Z" changeset="1" uid="1" user="generator"/>
  <node id="3984" lat="43.1448734302" lon="-95.1295560346" version="1" timestamp="2026-09-02T12:00:00Z" changeset="1" uid="1" user="generator"/>
  <node id="3985" lat="43.1448835012" lon="-95.1295378525" version="1" timestamp="2026-09-02T12:00:00Z" changeset="1" uid="1" user="generator"/>
  <node id="3986" lat="43.1448906472" lon="-95.1295172279" version="1" timestamp="2026-09-02T12:00:00Z" changeset="1" uid="1" user="generator"/>
  <node id="3987" lat="43.1448945622" lon="-95.1294950492" version="1" timestamp="2026-09-02T12:00:00Z" changeset="1" uid="1" user="generator"/>
  <node id="3988" lat="43.1449093492" lon="-95.1293450402" version="1" timestamp="2026-09-02T12:00:00Z" changeset="1" uid="1" user="generator"/>
  <node id="3989" lat="43.1449263952" lon="-95.1292801445" version="1" timestamp="2026-09-02T12:00:00Z" changeset="1" uid="1" user="generator"/>
  <node id="3990" lat="43.1363691867" lon="-95.1694968053" version="1" timestamp="2026-09-02T12:00:00Z" changeset="1" uid="1" user="generator"/>
  <node id="3991" lat="43.1363719407" lon="-95.1695254971" version="1" timestamp="2026-09-02T12:00:00Z" changeset="1" uid="1" user="generator"/>
  <node id="3992" lat="43.1363800137" lon="-95.1695522523" version="1" timestamp="2026-09-02T12:00:00Z" changeset="1" uid="1" user="generator"/>
  <node id="3993" lat="43.1363928567" lon="-95.1695752329" version="1" timestamp="2026-09-02T12:00:00Z" changeset="1" uid="1" user="generator"/>
  <node id="3994" lat="43.1364096057" lon="-95.1695928846" version="1" timestamp="2026-09-02T12:00:00Z" changeset="1" uid="1" user="generator"/>
  <node id="3995" lat="43.1364291087" lon="-95.1696039987" version="1" timestamp="2026-09-02T12:00:00Z" changeset="1" uid="1" user="generator"/>
  <node id="3996" lat="43.1364500428" lon="-95.1696078226" version="1" timestamp="2026-09-02T12:00:00Z" changeset="1" uid="1" user="generator"/>
  <node id="3997" lat="43.1385551989" lon="-95.1696129294" version="1" timestamp="2026-09-02T12:00:00Z" changeset="1" uid="1" user="generator"/>
  <node id="3998" lat="43.1385761959" lon="-95.1696091795" version="1" timestamp="2026-09-02T12:00:00Z" changeset="1" uid="1" user="generator"/>
  <node id="3999" lat="43.1385957619" lon="-95.1695981147" version="1" timestamp="2026-09-02T12:00:00Z" changeset="1" uid="1" user="generator"/>
  <node id="4000" lat="43.1386125649" lon="-95.1695804753" version="1" timestamp="2026-09-02T12:00:00Z" changeset="1" uid="1" user="generator"/>
  <node id="4001" lat="43.1386254709" lon="-95.1695574701" version="1" timestamp="2026-09-02T12:00:00Z" changeset="1" uid="1" user="generator"/>
  <node id="4002" lat="43.1386335799" lon="-95.1695306779" version="1" timestamp="2026-09-02T12:00:00Z" changeset="1" uid="1" user="generator"/>
  <node id="4003" lat="43.1386363429" lon="-95.1695019121" version="1" timestamp="2026-09-02T12:00:00Z" changeset="1" uid="1" user="generator"/>
  <node id="4004" lat="43.1386363429" lon="-95.1586653838" version="1" timestamp="2026-09-02T12:00:00Z" changeset="1" uid="1" user="generator"/>
  <node id="4005" lat="43.1386335889" lon="-95.1586366796" version="1" timestamp="2026-09-02T12:00:00Z" changeset="1" uid="1" user="generator"/>
  <node id="4006" lat="43.1386255159" lon="-95.1586099245" version="1" timestamp="2026-09-02T12:00:00Z" changeset="1" uid="1" user="generator"/>
  <node id="4007" lat="43.1386126729" lon="-95.1585869439" version="1" timestamp="2026-09-02T12:00:00Z" changeset="1" uid="1" user="generator"/>
  <node id="4008" lat="43.1385959239" lon="-95.1585693045" version="1" timestamp="2026-09-02T12:00:00Z" changeset="1" uid="1" user="generator"/>
  <node id="4009" lat="43.1385764209" lon="-95.1585581905" version="1" timestamp="2026-09-02T12:00:00Z" changeset="1" uid="1" user="generator"/>
  <node id="4010" lat="43.1385554869" lon="-95.1585543665" version="1" timestamp="2026-09-02T12:00:00Z" changeset="1" uid="1" user="generator"/>
  <node id="4011" lat="43.1364503308" lon="-95.1585492597" version="1" timestamp="2026-09-02T12:00:00Z" changeset="1" uid="1" user="generator"/>
  <node id="4012" lat="43.1364293337" lon="-95.1585529973" version="1" timestamp="2026-09-02T12:00:00Z" changeset="1" uid="1" user="generator"/>
  <node id="4013" lat="43.1364097677" lon="-95.1585640620" version="1" timestamp="2026-09-02T12:00:00Z" changeset="1" uid="1" user="generator"/>
  <node id="4014" lat="43.1363929557" lon="-95.1585817014" version="1" timestamp="2026-09-02T12:00:00Z" changeset="1" uid="1" user="generator"/>
  <node id="4015" lat="43.1363800587" lon="-95.1586047067" version="1" timestamp="2026-09-02T12:00:00Z" changeset="1" uid="1" user="generator"/>
  <node id="4016" lat="43.1363719497" lon="-95.1586315112" version="1" timestamp="2026-09-02T12:00:00Z" changeset="1" uid="1" user="generator"/>
  <node id="4017" lat="43.1363691867" lon="-95.1586602770" version="1" timestamp="2026-09-02T12:00:00Z" changeset="1" uid="1" user="generator"/>
  <node id="4018" lat="43.1387803431" lon="-95.1460222965" version="1" timestamp="2026-09-02T12:00:00Z" changeset="1" uid="1" user="generator"/>
  <node id="4019" lat="43.1382448426" lon="-95.1460161289" version="1" timestamp="2026-09-02T12:00:00Z" changeset="1" uid="1" user="generator"/>
  <node id="4020" lat="43.1381278424" lon="-95.1459667879" version="1" timestamp="2026-09-02T12:00:00Z" changeset="1" uid="1" user="generator"/>
  <node id="4021" lat="43.1362243405" lon="-95.1479465953" version="1" timestamp="2026-09-02T12:00:00Z" changeset="1" uid="1" user="generator"/>
  <node id="4022" lat="43.1362333405" lon="-95.1583205396" version="1" timestamp="2026-09-02T12:00:00Z" changeset="1" uid="1" user="generator"/>
  <node id="4023" lat="43.1387758431" lon="-95.1583267072" version="1" timestamp="2026-09-02T12:00:00Z" changeset="1" uid="1" user="generator"/>
  <node id="4024" lat="43.1387803431" lon="-95.1494219774" version="1" timestamp="2026-09-02T12:00:00Z" changeset="1" uid="1" user="generator"/>
  <node id="4025" lat="43.1419168462" lon="-95.1405516137" version="1" timestamp="2026-09-02T12:00:00Z" changeset="1" uid="1" user="generator"/>
  <node id="4026" lat="43.1419168462" lon="-95.1401445505" version="1" timestamp="2026-09-02T12:00:00Z" changeset="1" uid="1" user="generator"/>
  <node id="4027" lat="43.1412778456" lon="-95.1401568857" version="1" timestamp="2026-09-02T12:00:00Z" changeset="1" uid="1" user="generator"/>
  <node id="4028" lat="43.1389873433" lon="-95.1434072238" version="1" timestamp="2026-09-02T12:00:00Z" changeset="1" uid="1" user="generator"/>
  <node id="4029" lat="43.1389963433" lon="-95.1455165513" version="1" timestamp="2026-09-02T12:00:00Z" changeset="1" uid="1" user="generator"/>
  <node id="4030" lat="43.1390233433" lon="-95.1456522391" version="1" timestamp="2026-09-02T12:00:00Z" changeset="1" uid="1" user="generator"/>
  <node id="4031" lat="43.1389873433" lon="-95.1458249326" version="1" timestamp="2026-09-02T12:00:00Z" changeset="1" uid="1" user="generator"/>
  <node id="4032" lat="43.1389918433" lon="-95.1489149124" version="1" timestamp="2026-09-02T12:00:00Z" changeset="1" uid="1" user="generator"/>
  <node id="4033" lat="43.1390323433" lon="-95.1489087447" version="1" timestamp="2026-09-02T12:00:00Z" changeset="1" uid="1" user="generator"/>
  <node id="4034" lat="43.1390683434" lon="-95.1485880283" version="1" timestamp="2026-09-02T12:00:00Z" changeset="1" uid="1" user="generator"/>
  <node id="4035" lat="43.1392303435" lon="-95.1481439593" version="1" timestamp="2026-09-02T12:00:00Z" changeset="1" uid="1" user="generator"/>
  <node id="4036" lat="43.1393923437" lon="-95.1478849191" version="1" timestamp="2026-09-02T12:00:00Z" changeset="1" uid="1" user="generator"/>
  <node id="4037" lat="43.1406028449" lon="-95.1462875044" version="1" timestamp="2026-09-02T12:00:00Z" changeset="1" uid="1" user="generator"/>
  <node id="4038" lat="43.1409133452" lon="-95.1459729555" version="1" timestamp="2026-09-02T12:00:00Z" changeset="1" uid="1" user="generator"/>
  <node id="4039" lat="43.1412193455" lon="-95.1449244594" version="1" timestamp="2026-09-02T12:00:00Z" changeset="1" uid="1" user="generator"/>
  <node id="4040" lat="43.1413633457" lon="-95.1441350035" version="1" timestamp="2026-09-02T12:00:00Z" changeset="1" uid="1" user="generator"/>
  <node id="4041" lat="43.1415163458" lon="-95.1436169230" version="1" timestamp="2026-09-02T12:00:00Z" changeset="1" uid="1" user="generator"/>
  <node id="4042" lat="43.1416063459" lon="-95.1431851893" version="1" timestamp="2026-09-02T12:00:00Z" changeset="1" uid="1" user="generator"/>
  <node id="4043" lat="43.1418763462" lon="-95.1414459192" version="1" timestamp="2026-09-02T12:00:00Z" changeset="1" uid="1" user="generator"/>
  <node id="4044" lat="43.1418763462" lon="-95.1409155035" version="1" timestamp="2026-09-02T12:00:00Z" changeset="1" uid="1" user="generator"/>
  <node id="4045" lat="43.1363691867" lon="-95.1455967304" version="1" timestamp="2026-09-02T12:00:00Z" changeset="1" uid="1" user="generator"/>
  <node id="4046" lat="43.1363719407" lon="-95.1456254592" version="1" timestamp="2026-09-02T12:00:00Z" changeset="1" uid="1" user="generator"/>
  <node id="4047" lat="43.1363800407" lon="-95.1456522391" version="1" timestamp="2026-09-02T12:00:00Z" changeset="1" uid="1" user="generator"/>
  <node id="4048" lat="43.1363929107" lon="-95.1456752320" version="1" timestamp="2026-09-02T12:00:00Z" changeset="1" uid="1" user="generator"/>
  <node id="4049" lat="43.1364096867" lon="-95.1456928714" version="1" timestamp="2026-09-02T12:00:00Z" changeset="1" uid="1" user="generator"/>
  <node id="4050" lat="43.1364292167" lon="-95.1457039608" version="1" timestamp="2026-09-02T12:00:00Z" changeset="1" uid="1" user="generator"/>
  <node id="4051" lat="43.1364501868" lon="-95.1457077477" version="1" timestamp="2026-09-02T12:00:00Z" changeset="1" uid="1" user="generator"/>
  <node id="4052" lat="43.1379224532" lon="-95.1457077477" version="1" timestamp="2026-09-02T12:00:00Z" changeset="1" uid="1" user="generator"/>
  <node id="4053" lat="43.1379378612" lon="-95.1457057247" version="1" timestamp="2026-09-02T12:00:00Z" changeset="1" uid="1" user="generator"/>
  <node id="4054" lat="43.1379527023" lon="-95.1456997174" version="1" timestamp="2026-09-02T12:00:00Z" changeset="1" uid="1" user="generator"/>
  <node id="4055" lat="43.1379664453" lon="-95.1456899479" version="1" timestamp="2026-09-02T12:00:00Z" changeset="1" uid="1" user="generator"/>
  <node id="4056" lat="43.1379785773" lon="-95.1456767862" version="1" timestamp="2026-09-02T12:00:00Z" changeset="1" uid="1" user="generator"/>
  <node id="4057" lat="43.1379886663" lon="-95.1456606887" version="1" timestamp="2026-09-02T12:00:00Z" changeset="1" uid="1" user="generator"/>
  <node id="4058" lat="43.1379963253" lon="-95.1456422722" version="1" timestamp="2026-09-02T12:00:00Z" changeset="1" uid="1" user="generator"/>
  <node id="4059" lat="43.1387803431" lon="-95.1432530332" version="1" timestamp="2026-09-02T12:00:00Z" changeset="1" uid="1" user="generator"/>
  <node id="4060" lat="43.1387803431" lon="-95.1371840908" version="1" timestamp="2026-09-02T12:00:00Z" changeset="1" uid="1" user="generator"/>
  <node id="4061" lat="43.1387775801" lon="-95.1371553620" version="1" timestamp="2026-09-02T12:00:00Z" changeset="1" uid="1" user="generator"/>
  <node id="4062" lat="43.1387694891" lon="-95.1371285822" version="1" timestamp="2026-09-02T12:00:00Z" changeset="1" uid="1" user="generator"/>
  <node id="4063" lat="43.1387566191" lon="-95.1371055893" version="1" timestamp="2026-09-02T12:00:00Z" changeset="1" uid="1" user="generator"/>
  <node id="4064" lat="43.1387398430" lon="-95.1370879499" version="1" timestamp="2026-09-02T12:00:00Z" changeset="1" uid="1" user="generator"/>
  <node id="4065" lat="43.1387203040" lon="-95.1370768605" version="1" timestamp="2026-09-02T12:00:00Z" changeset="1" uid="1" user="generator"/>
  <node id="4066" lat="43.1386993430" lon="-95.1370730736" version="1" timestamp="2026-09-02T12:00:00Z" changeset="1" uid="1" user="generator"/>
  <node id="4067" lat="43.1364501868" lon="-95.1370730736" version="1" timestamp="2026-09-02T12:00:00Z" changeset="1" uid="1" user="generator"/>
  <node id="4068" lat="43.1364292167" lon="-95.1370768605" version="1" timestamp="2026-09-02T12:00:00Z" changeset="1" uid="1" user="generator"/>
  <node id="4069" lat="43.1364096867" lon="-95.1370879499" version="1" timestamp="2026-09-02T12:00:00Z" changeset="1" uid="1" user="generator"/>
  <node id="4070" lat="43.1363929107" lon="-95.1371055893" version="1" timestamp="2026-09-02T12:00:00Z" changeset="1" uid="1" user="generator"/>
  <node id="4071" lat="43.1363800407" lon="-95.1371285822" version="1" timestamp="2026-09-02T12:00:00Z" changeset="1" uid="1" user="generator"/>
  <node id="4072" lat="43.1363719407" lon="-95.1371553620" version="1" timestamp="2026-09-02T12:00:00Z" changeset="1" uid="1" user="generator"/>
  <node id="4073" lat="43.1363691867" lon="-95.1371840908" version="1" timestamp="2026-09-02T12:00:00Z" changeset="1" uid="1" user="generator"/>
  <node id="4074" lat="43.1363691867" lon="-95.1367343970" version="1" timestamp="2026-09-02T12:00:00Z" changeset="1" uid="1" user="generator"/>
  <node id="4075" lat="43.1363719407" lon="-95.1367631011" version="1" timestamp="2026-09-02T12:00:00Z" changeset="1" uid="1" user="generator"/>
  <node id="4076" lat="43.1363800137" lon="-95.1367898562" version="1" timestamp="2026-09-02T12:00:00Z" changeset="1" uid="1" user="generator"/>
  <node id="4077" lat="43.1363928567" lon="-95.1368128368" version="1" timestamp="2026-09-02T12:00:00Z" changeset="1" uid="1" user="generator"/>
  <node id="4078" lat="43.1364096057" lon="-95.1368304762" version="1" timestamp="2026-09-02T12:00:00Z" changeset="1" uid="1" user="generator"/>
  <node id="4079" lat="43.1364291087" lon="-95.1368415903" version="1" timestamp="2026-09-02T12:00:00Z" changeset="1" uid="1" user="generator"/>
  <node id="4080" lat="43.1364500428" lon="-95.1368454142" version="1" timestamp="2026-09-02T12:00:00Z" changeset="1" uid="1" user="generator"/>
  <node id="4081" lat="43.1385551989" lon="-95.1368505087" version="1" timestamp="2026-09-02T12:00:00Z" changeset="1" uid="1" user="generator"/>
  <node id="4082" lat="43.1385761959" lon="-95.1368467711" version="1" timestamp="2026-09-02T12:00:00Z" changeset="1" uid="1" user="generator"/>
  <node id="4083" lat="43.1385957619" lon="-95.1368356940" version="1" timestamp="2026-09-02T12:00:00Z" changeset="1" uid="1" user="generator"/>
  <node id="4084" lat="43.1386125649" lon="-95.1368180546" version="1" timestamp="2026-09-02T12:00:00Z" changeset="1" uid="1" user="generator"/>
  <node id="4085" lat="43.1386254709" lon="-95.1367950494" version="1" timestamp="2026-09-02T12:00:00Z" changeset="1" uid="1" user="generator"/>
  <node id="4086" lat="43.1386335799" lon="-95.1367682572" version="1" timestamp="2026-09-02T12:00:00Z" changeset="1" uid="1" user="generator"/>
  <node id="4087" lat="43.1386363429" lon="-95.1367394914" version="1" timestamp="2026-09-02T12:00:00Z" changeset="1" uid="1" user="generator"/>
  <node id="4088" lat="43.1386363429" lon="-95.1293911617" version="1" timestamp="2026-09-02T12:00:00Z" changeset="1" uid="1" user="generator"/>
  <node id="4089" lat="43.1386335799" lon="-95.1293624206" version="1" timestamp="2026-09-02T12:00:00Z" changeset="1" uid="1" user="generator"/>
  <node id="4090" lat="43.1386254889" lon="-95.1293356531" version="1" timestamp="2026-09-02T12:00:00Z" changeset="1" uid="1" user="generator"/>
  <node id="4091" lat="43.1386126189" lon="-95.1293126602" version="1" timestamp="2026-09-02T12:00:00Z" changeset="1" uid="1" user="generator"/>
  <node id="4092" lat="43.1385958429" lon="-95.1292950084" version="1" timestamp="2026-09-02T12:00:00Z" changeset="1" uid="1" user="generator"/>
  <node id="4093" lat="43.1385763039" lon="-95.1292839190" version="1" timestamp="2026-09-02T12:00:00Z" changeset="1" uid="1" user="generator"/>
  <node id="4094" lat="43.1385553429" lon="-95.1292801445" version="1" timestamp="2026-09-02T12:00:00Z" changeset="1" uid="1" user="generator"/>
  <node id="4095" lat="43.1364501868" lon="-95.1292801445" version="1" timestamp="2026-09-02T12:00:00Z" changeset="1" uid="1" user="generator"/>
  <node id="4096" lat="43.1364292167" lon="-95.1292839190" version="1" timestamp="2026-09-02T12:00:00Z" changeset="1" uid="1" user="generator"/>
  <node id="4097" lat="43.1364096867" lon="-95.1292950084" version="1" timestamp="2026-09-02T12:00:00Z" changeset="1" uid="1" user="generator"/>
  <node id="4098" lat="43.1363929107" lon="-95.1293126602" version="1" timestamp="2026-09-02T12:00:00Z" changeset="1" uid="1" user="generator"/>
  <node id="4099" lat="43.1363800407" lon="-95.1293356531" version="1" timestamp="2026-09-02T12:00:00Z" changeset="1" uid="1" user="generator"/>
  <node id="4100" lat="43.1363719407" lon="-95.1293624206" version="1" timestamp="2026-09-02T12:00:00Z" changeset="1" uid="1" user="generator"/>
  <node id="4101" lat="43.1363691867" lon="-95.1293911617" version="1" timestamp="2026-09-02T12:00:00Z" changeset="1" uid="1" user="generator"/>
  <node id="4102" lat="43.1347571501" lon="-95.1696134598" version="1" timestamp="2026-09-02T12:00:00Z" changeset="1" uid="1" user="generator"/>
  <node id="4103" lat="43.1357931861" lon="-95.1696134598" version="1" timestamp="2026-09-02T12:00:00Z" changeset="1" uid="1" user="generator"/>
  <node id="4104" lat="43.1358141471" lon="-95.1696096729" version="1" timestamp="2026-09-02T12:00:00Z" changeset="1" uid="1" user="generator"/>
  <node id="4105" lat="43.1358336861" lon="-95.1695985835" version="1" timestamp="2026-09-02T12:00:00Z" changeset="1" uid="1" user="generator"/>
  <node id="4106" lat="43.1358504622" lon="-95.1695809441" version="1" timestamp="2026-09-02T12:00:00Z" changeset="1" uid="1" user="generator"/>
  <node id="4107" lat="43.1358633322" lon="-95.1695579512" version="1" timestamp="2026-09-02T12:00:00Z" changeset="1" uid="1" user="generator"/>
  <node id="4108" lat="43.1358714232" lon="-95.1695311714" version="1" timestamp="2026-09-02T12:00:00Z" changeset="1" uid="1" user="generator"/>
  <node id="4109" lat="43.1358741862" lon="-95.1695024426" version="1" timestamp="2026-09-02T12:00:00Z" changeset="1" uid="1" user="generator"/>
  <node id="4110" lat="43.1358741862" lon="-95.1589064639" version="1" timestamp="2026-09-02T12:00:00Z" changeset="1" uid="1" user="generator"/>
  <node id="4111" lat="43.1358714232" lon="-95.1588777351" version="1" timestamp="2026-09-02T12:00:00Z" changeset="1" uid="1" user="generator"/>
  <node id="4112" lat="43.1358633322" lon="-95.1588509552" version="1" timestamp="2026-09-02T12:00:00Z" changeset="1" uid="1" user="generator"/>
  <node id="4113" lat="43.1358504622" lon="-95.1588279623" version="1" timestamp="2026-09-02T12:00:00Z" changeset="1" uid="1" user="generator"/>
  <node id="4114" lat="43.1358336861" lon="-95.1588103229" version="1" timestamp="2026-09-02T12:00:00Z" changeset="1" uid="1" user="generator"/>
  <node id="4115" lat="43.1358141471" lon="-95.1587992335" version="1" timestamp="2026-09-02T12:00:00Z" changeset="1" uid="1" user="generator"/>
  <node id="4116" lat="43.1357931861" lon="-95.1587954466" version="1" timestamp="2026-09-02T12:00:00Z" changeset="1" uid="1" user="generator"/>
  <node id="4117" lat="43.1327053280" lon="-95.1587954466" version="1" timestamp="2026-09-02T12:00:00Z" changeset="1" uid="1" user="generator"/>
  <node id="4118" lat="43.1326843670" lon="-95.1587992335" version="1" timestamp="2026-09-02T12:00:00Z" changeset="1" uid="1" user="generator"/>
  <node id="4119" lat="43.1326648280" lon="-95.1588103229" version="1" timestamp="2026-09-02T12:00:00Z" changeset="1" uid="1" user="generator"/>
  <node id="4120" lat="43.1326480520" lon="-95.1588279623" version="1" timestamp="2026-09-02T12:00:00Z" changeset="1" uid="1" user="generator"/>
  <node id="4121" lat="43.1326351819" lon="-95.1588509552" version="1" timestamp="2026-09-02T12:00:00Z" changeset="1" uid="1" user="generator"/>
  <node id="4122" lat="43.1326270909" lon="-95.1588777351" version="1" timestamp="2026-09-02T12:00:00Z" changeset="1" uid="1" user="generator"/>
  <node id="4123" lat="43.1326243279" lon="-95.1589064639" version="1" timestamp="2026-09-02T12:00:00Z" changeset="1" uid="1" user="generator"/>
  <node id="4124" lat="43.1326243279" lon="-95.1695024426" version="1" timestamp="2026-09-02T12:00:00Z" changeset="1" uid="1" user="generator"/>
  <node id="4125" lat="43.1326270909" lon="-95.1695311714" version="1" timestamp="2026-09-02T12:00:00Z" changeset="1" uid="1" user="generator"/>
  <node id="4126" lat="43.1326351819" lon="-95.1695579512" version="1" timestamp="2026-09-02T12:00:00Z" changeset="1" uid="1" user="generator"/>
  <node id="4127" lat="43.1326480520" lon="-95.1695809441" version="1" timestamp="2026-09-02T12:00:00Z" changeset="1" uid="1" user="generator"/>
  <node id="4128" lat="43.1326648280" lon="-95.1695985835" version="1" timestamp="2026-09-02T12:00:00Z" changeset="1" uid="1" user="generator"/>
  <node id="4129" lat="43.1326843670" lon="-95.1696096729" version="1" timestamp="2026-09-02T12:00:00Z" changeset="1" uid="1" user="generator"/>
  <node id="4130" lat="43.1327053280" lon="-95.1696134598" version="1" timestamp="2026-09-02T12:00:00Z" changeset="1" uid="1" user="generator"/>
  <node id="4131" lat="43.1336143379" lon="-95.1696134598" version="1" timestamp="2026-09-02T12:00:00Z" changeset="1" uid="1" user="generator"/>
  <node id="4132" lat="43.1336143379" lon="-95.1696080200" version="1" timestamp="2026-09-02T12:00:00Z" changeset="1" uid="1" user="generator"/>
  <node id="4133" lat="43.1326243279" lon="-95.1584623949" version="1" timestamp="2026-09-02T12:00:00Z" changeset="1" uid="1" user="generator"/>
  <node id="4134" lat="43.1326270909" lon="-95.1584911237" version="1" timestamp="2026-09-02T12:00:00Z" changeset="1" uid="1" user="generator"/>
  <node id="4135" lat="43.1326351819" lon="-95.1585179035" version="1" timestamp="2026-09-02T12:00:00Z" changeset="1" uid="1" user="generator"/>
  <node id="4136" lat="43.1326480520" lon="-95.1585408964" version="1" timestamp="2026-09-02T12:00:00Z" changeset="1" uid="1" user="generator"/>
  <node id="4137" lat="43.1326648280" lon="-95.1585585358" version="1" timestamp="2026-09-02T12:00:00Z" changeset="1" uid="1" user="generator"/>
  <node id="4138" lat="43.1326843670" lon="-95.1585696252" version="1" timestamp="2026-09-02T12:00:00Z" changeset="1" uid="1" user="generator"/>
  <node id="4139" lat="43.1327053280" lon="-95.1585734122" version="1" timestamp="2026-09-02T12:00:00Z" changeset="1" uid="1" user="generator"/>
  <node id="4140" lat="43.1359363402" lon="-95.1585734122" version="1" timestamp="2026-09-02T12:00:00Z" changeset="1" uid="1" user="generator"/>
  <node id="4141" lat="43.1359573013" lon="-95.1585696252" version="1" timestamp="2026-09-02T12:00:00Z" changeset="1" uid="1" user="generator"/>
  <node id="4142" lat="43.1359768403" lon="-95.1585585358" version="1" timestamp="2026-09-02T12:00:00Z" changeset="1" uid="1" user="generator"/>
  <node id="4143" lat="43.1359936163" lon="-95.1585408964" version="1" timestamp="2026-09-02T12:00:00Z" changeset="1" uid="1" user="generator"/>
  <node id="4144" lat="43.1360064863" lon="-95.1585179035" version="1" timestamp="2026-09-02T12:00:00Z" changeset="1" uid="1" user="generator"/>
  <node id="4145" lat="43.1360145773" lon="-95.1584911237" version="1" timestamp="2026-09-02T12:00:00Z" changeset="1" uid="1" user="generator"/>
  <node id="4146" lat="43.1360173403" lon="-95.1584623949" version="1" timestamp="2026-09-02T12:00:00Z" changeset="1" uid="1" user="generator"/>
  <node id="4147" lat="43.1360173403" lon="-95.1492973051" version="1" timestamp="2026-09-02T12:00:00Z" changeset="1" uid="1" user="generator"/>
  <node id="4148" lat="43.1360145773" lon="-95.1492685763" version="1" timestamp="2026-09-02T12:00:00Z" changeset="1" uid="1" user="generator"/>
  <node id="4149" lat="43.1360064863" lon="-95.1492417965" version="1" timestamp="2026-09-02T12:00:00Z" changeset="1" uid="1" user="generator"/>
  <node id="4150" lat="43.1359936163" lon="-95.1492188036" version="1" timestamp="2026-09-02T12:00:00Z" changeset="1" uid="1" user="generator"/>
  <node id="4151" lat="43.1359768403" lon="-95.1492011641" version="1" timestamp="2026-09-02T12:00:00Z" changeset="1" uid="1" user="generator"/>
  <node id="4152" lat="43.1359573013" lon="-95.1491900748" version="1" timestamp="2026-09-02T12:00:00Z" changeset="1" uid="1" user="generator"/>
  <node id="4153" lat="43.1359363402" lon="-95.1491862878" version="1" timestamp="2026-09-02T12:00:00Z" changeset="1" uid="1" user="generator"/>
  <node id="4154" lat="43.1327053280" lon="-95.1491862878" version="1" timestamp="2026-09-02T12:00:00Z" changeset="1" uid="1" user="generator"/>
  <node id="4155" lat="43.1326843670" lon="-95.1491900748" version="1" timestamp="2026-09-02T12:00:00Z" changeset="1" uid="1" user="generator"/>
  <node id="4156" lat="43.1326648280" lon="-95.1492011641" version="1" timestamp="2026-09-02T12:00:00Z" changeset="1" uid="1" user="generator"/>
  <node id="4157" lat="43.1326480520" lon="-95.1492188036" version="1" timestamp="2026-09-02T12:00:00Z" changeset="1" uid="1" user="generator"/>
  <node id="4158" lat="43.1326351819" lon="-95.1492417965" version="1" timestamp="2026-09-02T12:00:00Z" changeset="1" uid="1" user="generator"/>
  <node id="4159" lat="43.1326270909" lon="-95.1492685763" version="1" timestamp="2026-09-02T12:00:00Z" changeset="1" uid="1" user="generator"/>
  <node id="4160" lat="43.1326243279" lon="-95.1492973051" version="1" timestamp="2026-09-02T12:00:00Z" changeset="1" uid="1" user="generator"/>
  <node id="4161" lat="43.1349862813" lon="-95.1487113808" version="1" timestamp="2026-09-02T12:00:00Z" changeset="1" uid="1" user="generator"/>
  <node id="4162" lat="43.1351398394" lon="-95.1486312016" version="1" timestamp="2026-09-02T12:00:00Z" changeset="1" uid="1" user="generator"/>
  <node id="4163" lat="43.1352568396" lon="-95.1485325197" version="1" timestamp="2026-09-02T12:00:00Z" changeset="1" uid="1" user="generator"/>
  <node id="4164" lat="43.1360128403" lon="-95.1477702013" version="1" timestamp="2026-09-02T12:00:00Z" changeset="1" uid="1" user="generator"/>
  <node id="4165" lat="43.1360128403" lon="-95.1459914584" version="1" timestamp="2026-09-02T12:00:00Z" changeset="1" uid="1" user="generator"/>
  <node id="4166" lat="43.1334613378" lon="-95.1459914584" version="1" timestamp="2026-09-02T12:00:00Z" changeset="1" uid="1" user="generator"/>
  <node id="4167" lat="43.1334613378" lon="-95.1487113808" version="1" timestamp="2026-09-02T12:00:00Z" changeset="1" uid="1" user="generator"/>
  <node id="4168" lat="43.1357930421" lon="-95.1457072173" version="1" timestamp="2026-09-02T12:00:00Z" changeset="1" uid="1" user="generator"/>
  <node id="4169" lat="43.1358140301" lon="-95.1457034797" version="1" timestamp="2026-09-02T12:00:00Z" changeset="1" uid="1" user="generator"/>
  <node id="4170" lat="43.1358336051" lon="-95.1456924026" version="1" timestamp="2026-09-02T12:00:00Z" changeset="1" uid="1" user="generator"/>
  <node id="4171" lat="43.1358504082" lon="-95.1456747756" version="1" timestamp="2026-09-02T12:00:00Z" changeset="1" uid="1" user="generator"/>
  <node id="4172" lat="43.1358633052" lon="-95.1456517703" version="1" timestamp="2026-09-02T12:00:00Z" changeset="1" uid="1" user="generator"/>
  <node id="4173" lat="43.1358714142" lon="-95.1456249658" version="1" timestamp="2026-09-02T12:00:00Z" changeset="1" uid="1" user="generator"/>
  <node id="4174" lat="43.1358741862" lon="-95.1455962000" version="1" timestamp="2026-09-02T12:00:00Z" changeset="1" uid="1" user="generator"/>
  <node id="4175" lat="43.1358741862" lon="-95.1376707904" version="1" timestamp="2026-09-02T12:00:00Z" changeset="1" uid="1" user="generator"/>
  <node id="4176" lat="43.1358714322" lon="-95.1376420862" version="1" timestamp="2026-09-02T12:00:00Z" changeset="1" uid="1" user="generator"/>
  <node id="4177" lat="43.1358633592" lon="-95.1376153434" version="1" timestamp="2026-09-02T12:00:00Z" changeset="1" uid="1" user="generator"/>
  <node id="4178" lat="43.1358505072" lon="-95.1375923629" version="1" timestamp="2026-09-02T12:00:00Z" changeset="1" uid="1" user="generator"/>
  <node id="4179" lat="43.1358337671" lon="-95.1375747111" version="1" timestamp="2026-09-02T12:00:00Z" changeset="1" uid="1" user="generator"/>
  <node id="4180" lat="43.1358142641" lon="-95.1375635971" version="1" timestamp="2026-09-02T12:00:00Z" changeset="1" uid="1" user="generator"/>
  <node id="4181" lat="43.1357933301" lon="-95.1375597731" version="1" timestamp="2026-09-02T12:00:00Z" changeset="1" uid="1" user="generator"/>
  <node id="4182" lat="43.1335557929" lon="-95.1375543456" version="1" timestamp="2026-09-02T12:00:00Z" changeset="1" uid="1" user="generator"/>
  <node id="4183" lat="43.1335348318" lon="-95.1375580709" version="1" timestamp="2026-09-02T12:00:00Z" changeset="1" uid="1" user="generator"/>
  <node id="4184" lat="43.1335152928" lon="-95.1375691109" version="1" timestamp="2026-09-02T12:00:00Z" changeset="1" uid="1" user="generator"/>
  <node id="4185" lat="43.1334984898" lon="-95.1375867010" version="1" timestamp="2026-09-02T12:00:00Z" changeset="1" uid="1" user="generator"/>
  <node id="4186" lat="43.1334855928" lon="-95.1376096569" version="1" timestamp="2026-09-02T12:00:00Z" changeset="1" uid="1" user="generator"/>
  <node id="4187" lat="43.1334774568" lon="-95.1376363997" version="1" timestamp="2026-09-02T12:00:00Z" changeset="1" uid="1" user="generator"/>
  <node id="4188" lat="43.1334746578" lon="-95.1376651038" version="1" timestamp="2026-09-02T12:00:00Z" changeset="1" uid="1" user="generator"/>
  <node id="4189" lat="43.1334615178" lon="-95.1455905011" version="1" timestamp="2026-09-02T12:00:00Z" changeset="1" uid="1" user="generator"/>
  <node id="4190" lat="43.1334642358" lon="-95.1456192546" version="1" timestamp="2026-09-02T12:00:00Z" changeset="1" uid="1" user="generator"/>
  <node id="4191" lat="43.1334722908" lon="-95.1456460714" version="1" timestamp="2026-09-02T12:00:00Z" changeset="1" uid="1" user="generator"/>
  <node id="4192" lat="43.1334851338" lon="-95.1456691014" version="1" timestamp="2026-09-02T12:00:00Z" changeset="1" uid="1" user="generator"/>
  <node id="4193" lat="43.1335018828" lon="-95.1456867901" version="1" timestamp="2026-09-02T12:00:00Z" changeset="1" uid="1" user="generator"/>
  <node id="4194" lat="43.1335214128" lon="-95.1456979412" version="1" timestamp="2026-09-02T12:00:00Z" changeset="1" uid="1" user="generator"/>
  <node id="4195" lat="43.1335423829" lon="-95.1457017774" version="1" timestamp="2026-09-02T12:00:00Z" changeset="1" uid="1" user="generator"/>
  <node id="4196" lat="43.1357930421" lon="-95.1373315834" version="1" timestamp="2026-09-02T12:00:00Z" changeset="1" uid="1" user="generator"/>
  <node id="4197" lat="43.1358140301" lon="-95.1373278458" version="1" timestamp="2026-09-02T12:00:00Z" changeset="1" uid="1" user="generator"/>
  <node id="4198" lat="43.1358336051" lon="-95.1373167687" version="1" timestamp="2026-09-02T12:00:00Z" changeset="1" uid="1" user="generator"/>
  <node id="4199" lat="43.1358504082" lon="-95.1372991293" version="1" timestamp="2026-09-02T12:00:00Z" changeset="1" uid="1" user="generator"/>
  <node id="4200" lat="43.1358633052" lon="-95.1372761241" version="1" timestamp="2026-09-02T12:00:00Z" changeset="1" uid="1" user="generator"/>
  <node id="4201" lat="43.1358714142" lon="-95.1372493319" version="1" timestamp="2026-09-02T12:00:00Z" changeset="1" uid="1" user="generator"/>
  <node id="4202" lat="43.1358741862" lon="-95.1372205661" version="1" timestamp="2026-09-02T12:00:00Z" changeset="1" uid="1" user="generator"/>
  <node id="4203" lat="43.1358741862" lon="-95.1293911617" version="1" timestamp="2026-09-02T12:00:00Z" changeset="1" uid="1" user="generator"/>
  <node id="4204" lat="43.1358714232" lon="-95.1293624206" version="1" timestamp="2026-09-02T12:00:00Z" changeset="1" uid="1" user="generator"/>
  <node id="4205" lat="43.1358633322" lon="-95.1293356531" version="1" timestamp="2026-09-02T12:00:00Z" changeset="1" uid="1" user="generator"/>
  <node id="4206" lat="43.1358504622" lon="-95.1293126602" version="1" timestamp="2026-09-02T12:00:00Z" changeset="1" uid="1" user="generator"/>
  <node id="4207" lat="43.1358336861" lon="-95.1292950084" version="1" timestamp="2026-09-02T12:00:00Z" changeset="1" uid="1" user="generator"/>
  <node id="4208" lat="43.1358141471" lon="-95.1292839190" version="1" timestamp="2026-09-02T12:00:00Z" changeset="1" uid="1" user="generator"/>
  <node id="4209" lat="43.1357931861" lon="-95.1292801445" version="1" timestamp="2026-09-02T12:00:00Z" changeset="1" uid="1" user="generator"/>
  <node id="4210" lat="43.1335469639" lon="-95.1292801445" version="1" timestamp="2026-09-02T12:00:00Z" changeset="1" uid="1" user="generator"/>
  <node id="4211" lat="43.1335259848" lon="-95.1292839314" version="1" timestamp="2026-09-02T12:00:00Z" changeset="1" uid="1" user="generator"/>
  <node id="4212" lat="43.1335064458" lon="-95.1292950331" version="1" timestamp="2026-09-02T12:00:00Z" changeset="1" uid="1" user="generator"/>
  <node id="4213" lat="43.1334896608" lon="-95.1293126848" version="1" timestamp="2026-09-02T12:00:00Z" changeset="1" uid="1" user="generator"/>
  <node id="4214" lat="43.1334767908" lon="-95.1293357024" version="1" timestamp="2026-09-02T12:00:00Z" changeset="1" uid="1" user="generator"/>
  <node id="4215" lat="43.1334687088" lon="-95.1293624946" version="1" timestamp="2026-09-02T12:00:00Z" changeset="1" uid="1" user="generator"/>
  <node id="4216" lat="43.1334659638" lon="-95.1293912357" version="1" timestamp="2026-09-02T12:00:00Z" changeset="1" uid="1" user="generator"/>
  <node id="4217" lat="43.1334702748" lon="-95.1372152126" version="1" timestamp="2026-09-02T12:00:00Z" changeset="1" uid="1" user="generator"/>
  <node id="4218" lat="43.1334730468" lon="-95.1372438921" version="1" timestamp="2026-09-02T12:00:00Z" changeset="1" uid="1" user="generator"/>
  <node id="4219" lat="43.1334811288" lon="-95.1372706226" version="1" timestamp="2026-09-02T12:00:00Z" changeset="1" uid="1" user="generator"/>
  <node id="4220" lat="43.1334939718" lon="-95.1372935908" version="1" timestamp="2026-09-02T12:00:00Z" changeset="1" uid="1" user="generator"/>
  <node id="4221" lat="43.1335107118" lon="-95.1373112179" version="1" timestamp="2026-09-02T12:00:00Z" changeset="1" uid="1" user="generator"/>
  <node id="4222" lat="43.1335302058" lon="-95.1373223196" version="1" timestamp="2026-09-02T12:00:00Z" changeset="1" uid="1" user="generator"/>
  <node id="4223" lat="43.1335511309" lon="-95.1373261435" version="1" timestamp="2026-09-02T12:00:00Z" changeset="1" uid="1" user="generator"/>
  <node id="4224" lat="43.1320078363" lon="-95.1574015635" version="1" timestamp="2026-09-02T12:00:00Z" changeset="1" uid="1" user="generator"/>
  <node id="4225" lat="43.1320078363" lon="-95.1556006172" version="1" timestamp="2026-09-02T12:00:00Z" changeset="1" uid="1" user="generator"/>
  <node id="4226" lat="43.1318728362" lon="-95.1555512762" version="1" timestamp="2026-09-02T12:00:00Z" changeset="1" uid="1" user="generator"/>
  <node id="4227" lat="43.1297983341" lon="-95.1555697791" version="1" timestamp="2026-09-02T12:00:00Z" changeset="1" uid="1" user="generator"/>
  <node id="4228" lat="43.1298028341" lon="-95.1574138988" version="1" timestamp="2026-09-02T12:00:00Z" changeset="1" uid="1" user="generator"/>
  <node id="4229" lat="43.1298568342" lon="-95.1574509045" version="1" timestamp="2026-09-02T12:00:00Z" changeset="1" uid="1" user="generator"/>
  <node id="4230" lat="43.1318908362" lon="-95.1574509045" version="1" timestamp="2026-09-02T12:00:00Z" changeset="1" uid="1" user="generator"/>
  <node id="4231" lat="43.1316523360" lon="-95.1521467475" version="1" timestamp="2026-09-02T12:00:00Z" changeset="1" uid="1" user="generator"/>
  <node id="4232" lat="43.1316523360" lon="-95.1489149124" version="1" timestamp="2026-09-02T12:00:00Z" changeset="1" uid="1" user="generator"/>
  <node id="4233" lat="43.1298343341" lon="-95.1489149124" version="1" timestamp="2026-09-02T12:00:00Z" changeset="1" uid="1" user="generator"/>
  <node id="4234" lat="43.1298343341" lon="-95.1521467475" version="1" timestamp="2026-09-02T12:00:00Z" changeset="1" uid="1" user="generator"/>
  <node id="4235" lat="43.1315713269" lon="-95.1486928779" version="1" timestamp="2026-09-02T12:00:00Z" changeset="1" uid="1" user="generator"/>
  <node id="4236" lat="43.1315922969" lon="-95.1486890910" version="1" timestamp="2026-09-02T12:00:00Z" changeset="1" uid="1" user="generator"/>
  <node id="4237" lat="43.1316118269" lon="-95.1486780016" version="1" timestamp="2026-09-02T12:00:00Z" changeset="1" uid="1" user="generator"/>
  <node id="4238" lat="43.1316286029" lon="-95.1486603622" version="1" timestamp="2026-09-02T12:00:00Z" changeset="1" uid="1" user="generator"/>
  <node id="4239" lat="43.1316414819" lon="-95.1486373693" version="1" timestamp="2026-09-02T12:00:00Z" changeset="1" uid="1" user="generator"/>
  <node id="4240" lat="43.1316495730" lon="-95.1486105894" version="1" timestamp="2026-09-02T12:00:00Z" changeset="1" uid="1" user="generator"/>
  <node id="4241" lat="43.1316523270" lon="-95.1485818606" version="1" timestamp="2026-09-02T12:00:00Z" changeset="1" uid="1" user="generator"/>
  <node id="4242" lat="43.1316523270" lon="-95.1456584067" version="1" timestamp="2026-09-02T12:00:00Z" changeset="1" uid="1" user="generator"/>
  <node id="4243" lat="43.1316495730" lon="-95.1456296779" version="1" timestamp="2026-09-02T12:00:00Z" changeset="1" uid="1" user="generator"/>
  <node id="4244" lat="43.1316414819" lon="-95.1456028981" version="1" timestamp="2026-09-02T12:00:00Z" changeset="1" uid="1" user="generator"/>
  <node id="4245" lat="43.1316286029" lon="-95.1455799052" version="1" timestamp="2026-09-02T12:00:00Z" changeset="1" uid="1" user="generator"/>
  <node id="4246" lat="43.1316118269" lon="-95.1455622658" version="1" timestamp="2026-09-02T12:00:00Z" changeset="1" uid="1" user="generator"/>
  <node id="4247" lat="43.1315922969" lon="-95.1455511764" version="1" timestamp="2026-09-02T12:00:00Z" changeset="1" uid="1" user="generator"/>
  <node id="4248" lat="43.1315713269" lon="-95.1455473895" version="1" timestamp="2026-09-02T12:00:00Z" changeset="1" uid="1" user="generator"/>
  <node id="4249" lat="43.1278723322" lon="-95.1455473895" version="1" timestamp="2026-09-02T12:00:00Z" changeset="1" uid="1" user="generator"/>
  <node id="4250" lat="43.1278513712" lon="-95.1455511764" version="1" timestamp="2026-09-02T12:00:00Z" changeset="1" uid="1" user="generator"/>
  <node id="4251" lat="43.1278318321" lon="-95.1455622658" version="1" timestamp="2026-09-02T12:00:00Z" changeset="1" uid="1" user="generator"/>
  <node id="4252" lat="43.1278150561" lon="-95.1455799052" version="1" timestamp="2026-09-02T12:00:00Z" changeset="1" uid="1" user="generator"/>
  <node id="4253" lat="43.1278021861" lon="-95.1456028981" version="1" timestamp="2026-09-02T12:00:00Z" changeset="1" uid="1" user="generator"/>
  <node id="4254" lat="43.1277940951" lon="-95.1456296779" version="1" timestamp="2026-09-02T12:00:00Z" changeset="1" uid="1" user="generator"/>
  <node id="4255" lat="43.1277913321" lon="-95.1456584067" version="1" timestamp="2026-09-02T12:00:00Z" changeset="1" uid="1" user="generator"/>
  <node id="4256" lat="43.1277913321" lon="-95.1485818606" version="1" timestamp="2026-09-02T12:00:00Z" changeset="1" uid="1" user="generator"/>
  <node id="4257" lat="43.1277940951" lon="-95.1486105894" version="1" timestamp="2026-09-02T12:00:00Z" changeset="1" uid="1" user="generator"/>
  <node id="4258" lat="43.1278021861" lon="-95.1486373693" version="1" timestamp="2026-09-02T12:00:00Z" changeset="1" uid="1" user="generator"/>
  <node id="4259" lat="43.1278150561" lon="-95.1486603622" version="1" timestamp="2026-09-02T12:00:00Z" changeset="1" uid="1" user="generator"/>
  <node id="4260" lat="43.1278318321" lon="-95.1486780016" version="1" timestamp="2026-09-02T12:00:00Z" changeset="1" uid="1" user="generator"/>
  <node id="4261" lat="43.1278513712" lon="-95.1486890910" version="1" timestamp="2026-09-02T12:00:00Z" changeset="1" uid="1" user="generator"/>
  <node id="4262" lat="43.1278723322" lon="-95.1486928779" version="1" timestamp="2026-09-02T12:00:00Z" changeset="1" uid="1" user="generator"/>
  <node id="4263" lat="43.1332498376" lon="-95.1457077477" version="1" timestamp="2026-09-02T12:00:00Z" changeset="1" uid="1" user="generator"/>
  <node id="4264" lat="43.1332498376" lon="-95.1401507181" version="1" timestamp="2026-09-02T12:00:00Z" changeset="1" uid="1" user="generator"/>
  <node id="4265" lat="43.1322553366" lon="-95.1401507181" version="1" timestamp="2026-09-02T12:00:00Z" changeset="1" uid="1" user="generator"/>
  <node id="4266" lat="43.1322553366" lon="-95.1457077477" version="1" timestamp="2026-09-02T12:00:00Z" changeset="1" uid="1" user="generator"/>
  <node id="4267" lat="43.1320123363" lon="-95.1421922018" version="1" timestamp="2026-09-02T12:00:00Z" changeset="1" uid="1" user="generator"/>
  <node id="4268" lat="43.1320123363" lon="-95.1389603666" version="1" timestamp="2026-09-02T12:00:00Z" changeset="1" uid="1" user="generator"/>
  <node id="4269" lat="43.1277913321" lon="-95.1389603666" version="1" timestamp="2026-09-02T12:00:00Z" changeset="1" uid="1" user="generator"/>
  <node id="4270" lat="43.1277913321" lon="-95.1421922018" version="1" timestamp="2026-09-02T12:00:00Z" changeset="1" uid="1" user="generator"/>
  <node id="4271" lat="43.1316523270" lon="-95.1343963246" version="1" timestamp="2026-09-02T12:00:00Z" changeset="1" uid="1" user="generator"/>
  <node id="4272" lat="43.1316495730" lon="-95.1343675958" version="1" timestamp="2026-09-02T12:00:00Z" changeset="1" uid="1" user="generator"/>
  <node id="4273" lat="43.1316414819" lon="-95.1343408159" version="1" timestamp="2026-09-02T12:00:00Z" changeset="1" uid="1" user="generator"/>
  <node id="4274" lat="43.1316286029" lon="-95.1343178230" version="1" timestamp="2026-09-02T12:00:00Z" changeset="1" uid="1" user="generator"/>
  <node id="4275" lat="43.1316118269" lon="-95.1343001836" version="1" timestamp="2026-09-02T12:00:00Z" changeset="1" uid="1" user="generator"/>
  <node id="4276" lat="43.1315922969" lon="-95.1342890943" version="1" timestamp="2026-09-02T12:00:00Z" changeset="1" uid="1" user="generator"/>
  <node id="4277" lat="43.1315713269" lon="-95.1342853073" version="1" timestamp="2026-09-02T12:00:00Z" changeset="1" uid="1" user="generator"/>
  <node id="4278" lat="43.1278767152" lon="-95.1342853073" version="1" timestamp="2026-09-02T12:00:00Z" changeset="1" uid="1" user="generator"/>
  <node id="4279" lat="43.1278557722" lon="-95.1342890819" version="1" timestamp="2026-09-02T12:00:00Z" changeset="1" uid="1" user="generator"/>
  <node id="4280" lat="43.1278362511" lon="-95.1343001590" version="1" timestamp="2026-09-02T12:00:00Z" changeset="1" uid="1" user="generator"/>
  <node id="4281" lat="43.1278194841" lon="-95.1343177737" version="1" timestamp="2026-09-02T12:00:00Z" changeset="1" uid="1" user="generator"/>
  <node id="4282" lat="43.1278066051" lon="-95.1343407296" version="1" timestamp="2026-09-02T12:00:00Z" changeset="1" uid="1" user="generator"/>
  <node id="4283" lat="43.1277985051" lon="-95.1343674601" version="1" timestamp="2026-09-02T12:00:00Z" changeset="1" uid="1" user="generator"/>
  <node id="4284" lat="43.1277957151" lon="-95.1343961642" version="1" timestamp="2026-09-02T12:00:00Z" changeset="1" uid="1" user="generator"/>
  <node id="4285" lat="43.1277914491" lon="-95.1385594340" version="1" timestamp="2026-09-02T12:00:00Z" changeset="1" uid="1" user="generator"/>
  <node id="4286" lat="43.1277941761" lon="-95.1385881752" version="1" timestamp="2026-09-02T12:00:00Z" changeset="1" uid="1" user="generator"/>
  <node id="4287" lat="43.1278022491" lon="-95.1386149796" version="1" timestamp="2026-09-02T12:00:00Z" changeset="1" uid="1" user="generator"/>
  <node id="4288" lat="43.1278151011" lon="-95.1386379972" version="1" timestamp="2026-09-02T12:00:00Z" changeset="1" uid="1" user="generator"/>
  <node id="4289" lat="43.1278318591" lon="-95.1386556736" version="1" timestamp="2026-09-02T12:00:00Z" changeset="1" uid="1" user="generator"/>
  <node id="4290" lat="43.1278513892" lon="-95.1386668000" version="1" timestamp="2026-09-02T12:00:00Z" changeset="1" uid="1" user="generator"/>
  <node id="4291" lat="43.1278723592" lon="-95.1386706116" version="1" timestamp="2026-09-02T12:00:00Z" changeset="1" uid="1" user="generator"/>
  <node id="4292" lat="43.1315712369" lon="-95.1386761872" version="1" timestamp="2026-09-02T12:00:00Z" changeset="1" uid="1" user="generator"/>
  <node id="4293" lat="43.1315922249" lon="-95.1386724372" version="1" timestamp="2026-09-02T12:00:00Z" changeset="1" uid="1" user="generator"/>
  <node id="4294" lat="43.1316117819" lon="-95.1386613602" version="1" timestamp="2026-09-02T12:00:00Z" changeset="1" uid="1" user="generator"/>
  <node id="4295" lat="43.1316285759" lon="-95.1386437084" version="1" timestamp="2026-09-02T12:00:00Z" changeset="1" uid="1" user="generator"/>
  <node id="4296" lat="43.1316414639" lon="-95.1386207155" version="1" timestamp="2026-09-02T12:00:00Z" changeset="1" uid="1" user="generator"/>
  <node id="4297" lat="43.1316495640" lon="-95.1385939234" version="1" timestamp="2026-09-02T12:00:00Z" changeset="1" uid="1" user="generator"/>
  <node id="4298" lat="43.1316523270" lon="-95.1385651699" version="1" timestamp="2026-09-02T12:00:00Z" changeset="1" uid="1" user="generator"/>
  <node id="4299" lat="43.1331621145" lon="-95.1367153513" version="1" timestamp="2026-09-02T12:00:00Z" changeset="1" uid="1" user="generator"/>
  <node id="4300" lat="43.1331830845" lon="-95.1367115644" version="1" timestamp="2026-09-02T12:00:00Z" changeset="1" uid="1" user="generator"/>
  <node id="4301" lat="43.1332026145" lon="-95.1367004750" version="1" timestamp="2026-09-02T12:00:00Z" changeset="1" uid="1" user="generator"/>
  <node id="4302" lat="43.1332193905" lon="-95.1366828356" version="1" timestamp="2026-09-02T12:00:00Z" changeset="1" uid="1" user="generator"/>
  <node id="4303" lat="43.1332322695" lon="-95.1366598427" version="1" timestamp="2026-09-02T12:00:00Z" changeset="1" uid="1" user="generator"/>
  <node id="4304" lat="43.1332403605" lon="-95.1366330629" version="1" timestamp="2026-09-02T12:00:00Z" changeset="1" uid="1" user="generator"/>
  <node id="4305" lat="43.1332431146" lon="-95.1366043341" version="1" timestamp="2026-09-02T12:00:00Z" changeset="1" uid="1" user="generator"/>
  <node id="4306" lat="43.1332431146" lon="-95.1292771963" version="1" timestamp="2026-09-02T12:00:00Z" changeset="1" uid="1" user="generator"/>
  <node id="4307" lat="43.1332403605" lon="-95.1292484675" version="1" timestamp="2026-09-02T12:00:00Z" changeset="1" uid="1" user="generator"/>
  <node id="4308" lat="43.1332322695" lon="-95.1292216877" version="1" timestamp="2026-09-02T12:00:00Z" changeset="1" uid="1" user="generator"/>
  <node id="4309" lat="43.1332193905" lon="-95.1291986948" version="1" timestamp="2026-09-02T12:00:00Z" changeset="1" uid="1" user="generator"/>
  <node id="4310" lat="43.1332026145" lon="-95.1291810554" version="1" timestamp="2026-09-02T12:00:00Z" changeset="1" uid="1" user="generator"/>
  <node id="4311" lat="43.1331830845" lon="-95.1291699660" version="1" timestamp="2026-09-02T12:00:00Z" changeset="1" uid="1" user="generator"/>
  <node id="4312" lat="43.1331621145" lon="-95.1291661791" version="1" timestamp="2026-09-02T12:00:00Z" changeset="1" uid="1" user="generator"/>
  <node id="4313" lat="43.1323363366" lon="-95.1291661791" version="1" timestamp="2026-09-02T12:00:00Z" changeset="1" uid="1" user="generator"/>
  <node id="4314" lat="43.1323153756" lon="-95.1291699660" version="1" timestamp="2026-09-02T12:00:00Z" changeset="1" uid="1" user="generator"/>
  <node id="4315" lat="43.1322958366" lon="-95.1291810554" version="1" timestamp="2026-09-02T12:00:00Z" changeset="1" uid="1" user="generator"/>
  <node id="4316" lat="43.1322790606" lon="-95.1291986948" version="1" timestamp="2026-09-02T12:00:00Z" changeset="1" uid="1" user="generator"/>
  <node id="4317" lat="43.1322661906" lon="-95.1292216877" version="1" timestamp="2026-09-02T12:00:00Z" changeset="1" uid="1" user="generator"/>
  <node id="4318" lat="43.1322580996" lon="-95.1292484675" version="1" timestamp="2026-09-02T12:00:00Z" changeset="1" uid="1" user="generator"/>
  <node id="4319" lat="43.1322553366" lon="-95.1292771963" version="1" timestamp="2026-09-02T12:00:00Z" changeset="1" uid="1" user="generator"/>
  <node id="4320" lat="43.1322553366" lon="-95.1366043341" version="1" timestamp="2026-09-02T12:00:00Z" changeset="1" uid="1" user="generator"/>
  <node id="4321" lat="43.1322580996" lon="-95.1366330629" version="1" timestamp="2026-09-02T12:00:00Z" changeset="1" uid="1" user="generator"/>
  <node id="4322" lat="43.1322661906" lon="-95.1366598427" version="1" timestamp="2026-09-02T12:00:00Z" changeset="1" uid="1" user="generator"/>
  <node id="4323" lat="43.1322790606" lon="-95.1366828356" version="1" timestamp="2026-09-02T12:00:00Z" changeset="1" uid="1" user="generator"/>
  <node id="4324" lat="43.1322958366" lon="-95.1367004750" version="1" timestamp="2026-09-02T12:00:00Z" changeset="1" uid="1" user="generator"/>
  <node id="4325" lat="43.1323153756" lon="-95.1367115644" version="1" timestamp="2026-09-02T12:00:00Z" changeset="1" uid="1" user="generator"/>
  <node id="4326" lat="43.1323363366" lon="-95.1367153513" version="1" timestamp="2026-09-02T12:00:00Z" changeset="1" uid="1" user="generator"/>
  <node id="4327" lat="43.1295868339" lon="-95.1574138988" version="1" timestamp="2026-09-02T12:00:00Z" changeset="1" uid="1" user="generator"/>
  <node id="4328" lat="43.1295868339" lon="-95.1554772647" version="1" timestamp="2026-09-02T12:00:00Z" changeset="1" uid="1" user="generator"/>
  <node id="4329" lat="43.1277913321" lon="-95.1554834323" version="1" timestamp="2026-09-02T12:00:00Z" changeset="1" uid="1" user="generator"/>
  <node id="4330" lat="43.1277958321" lon="-95.1574509045" version="1" timestamp="2026-09-02T12:00:00Z" changeset="1" uid="1" user="generator"/>
  <node id="4331" lat="43.1295418338" lon="-95.1574509045" version="1" timestamp="2026-09-02T12:00:00Z" changeset="1" uid="1" user="generator"/>
  <node id="4332" lat="43.1315713269" lon="-95.1340632729" version="1" timestamp="2026-09-02T12:00:00Z" changeset="1" uid="1" user="generator"/>
  <node id="4333" lat="43.1315922969" lon="-95.1340594859" version="1" timestamp="2026-09-02T12:00:00Z" changeset="1" uid="1" user="generator"/>
  <node id="4334" lat="43.1316118269" lon="-95.1340483965" version="1" timestamp="2026-09-02T12:00:00Z" changeset="1" uid="1" user="generator"/>
  <node id="4335" lat="43.1316286029" lon="-95.1340307571" version="1" timestamp="2026-09-02T12:00:00Z" changeset="1" uid="1" user="generator"/>
  <node id="4336" lat="43.1316414819" lon="-95.1340077642" version="1" timestamp="2026-09-02T12:00:00Z" changeset="1" uid="1" user="generator"/>
  <node id="4337" lat="43.1316495730" lon="-95.1339809844" version="1" timestamp="2026-09-02T12:00:00Z" changeset="1" uid="1" user="generator"/>
  <node id="4338" lat="43.1316523270" lon="-95.1339522556" version="1" timestamp="2026-09-02T12:00:00Z" changeset="1" uid="1" user="generator"/>
  <node id="4339" lat="43.1316523270" lon="-95.1298329240" version="1" timestamp="2026-09-02T12:00:00Z" changeset="1" uid="1" user="generator"/>
  <node id="4340" lat="43.1316495640" lon="-95.1298041705" version="1" timestamp="2026-09-02T12:00:00Z" changeset="1" uid="1" user="generator"/>
  <node id="4341" lat="43.1316414639" lon="-95.1297773783" version="1" timestamp="2026-09-02T12:00:00Z" changeset="1" uid="1" user="generator"/>
  <node id="4342" lat="43.1316285759" lon="-95.1297543731" version="1" timestamp="2026-09-02T12:00:00Z" changeset="1" uid="1" user="generator"/>
  <node id="4343" lat="43.1316117819" lon="-95.1297367337" version="1" timestamp="2026-09-02T12:00:00Z" changeset="1" uid="1" user="generator"/>
  <node id="4344" lat="43.1315922249" lon="-95.1297256566" version="1" timestamp="2026-09-02T12:00:00Z" changeset="1" uid="1" user="generator"/>
  <node id="4345" lat="43.1315712459" lon="-95.1297219067" version="1" timestamp="2026-09-02T12:00:00Z" changeset="1" uid="1" user="generator"/>
  <node id="4346" lat="43.1278723592" lon="-95.1297273096" version="1" timestamp="2026-09-02T12:00:00Z" changeset="1" uid="1" user="generator"/>
  <node id="4347" lat="43.1278513982" lon="-95.1297311335" version="1" timestamp="2026-09-02T12:00:00Z" changeset="1" uid="1" user="generator"/>
  <node id="4348" lat="43.1278318681" lon="-95.1297422475" version="1" timestamp="2026-09-02T12:00:00Z" changeset="1" uid="1" user="generator"/>
  <node id="4349" lat="43.1278151011" lon="-95.1297599240" version="1" timestamp="2026-09-02T12:00:00Z" changeset="1" uid="1" user="generator"/>
  <node id="4350" lat="43.1278022491" lon="-95.1297829539" version="1" timestamp="2026-09-02T12:00:00Z" changeset="1" uid="1" user="generator"/>
  <node id="4351" lat="43.1277941761" lon="-95.1298097460" version="1" timestamp="2026-09-02T12:00:00Z" changeset="1" uid="1" user="generator"/>
  <node id="4352" lat="43.1277914491" lon="-95.1298384872" version="1" timestamp="2026-09-02T12:00:00Z" changeset="1" uid="1" user="generator"/>
  <node id="4353" lat="43.1277957151" lon="-95.1339524160" version="1" timestamp="2026-09-02T12:00:00Z" changeset="1" uid="1" user="generator"/>
  <node id="4354" lat="43.1277985051" lon="-95.1339811201" version="1" timestamp="2026-09-02T12:00:00Z" changeset="1" uid="1" user="generator"/>
  <node id="4355" lat="43.1278066051" lon="-95.1340078506" version="1" timestamp="2026-09-02T12:00:00Z" changeset="1" uid="1" user="generator"/>
  <node id="4356" lat="43.1278194841" lon="-95.1340308065" version="1" timestamp="2026-09-02T12:00:00Z" changeset="1" uid="1" user="generator"/>
  <node id="4357" lat="43.1278362511" lon="-95.1340484212" version="1" timestamp="2026-09-02T12:00:00Z" changeset="1" uid="1" user="generator"/>
  <node id="4358" lat="43.1278557722" lon="-95.1340594983" version="1" timestamp="2026-09-02T12:00:00Z" changeset="1" uid="1" user="generator"/>
  <node id="4359" lat="43.1278767152" lon="-95.1340632729" version="1" timestamp="2026-09-02T12:00:00Z" changeset="1" uid="1" user="generator"/>
  <node id="4360" lat="43.1608123651" lon="-95.1700205230" version="1" timestamp="2026-09-02T12:00:00Z" changeset="1" uid="1" user="generator"/>
  <node id="4361" lat="43.1608123651" lon="-95.1569698298" version="1" timestamp="2026-09-02T12:00:00Z" changeset="1" uid="1" user="generator"/>
  <node id="4362" lat="43.1599033642" lon="-95.1569698298" version="1" timestamp="2026-09-02T12:00:00Z" changeset="1" uid="1" user="generator"/>
  <node id="4363" lat="43.1599033642" lon="-95.1700205230" version="1" timestamp="2026-09-02T12:00:00Z" changeset="1" uid="1" user="generator"/>
  <node id="4364" lat="43.1608123651" lon="-95.1566984543" version="1" timestamp="2026-09-02T12:00:00Z" changeset="1" uid="1" user="generator"/>
  <node id="4365" lat="43.1608123651" lon="-95.1503926752" version="1" timestamp="2026-09-02T12:00:00Z" changeset="1" uid="1" user="generator"/>
  <node id="4366" lat="43.1599033642" lon="-95.1503926752" version="1" timestamp="2026-09-02T12:00:00Z" changeset="1" uid="1" user="generator"/>
  <node id="4367" lat="43.1599033642" lon="-95.1566984543" version="1" timestamp="2026-09-02T12:00:00Z" changeset="1" uid="1" user="generator"/>
  <node id="4368" lat="43.1406771040" lon="-95.1262324499" version="1" timestamp="2026-09-02T12:00:00Z" changeset="1" uid="1" user="generator"/>
  <node id="4369" lat="43.1406561430" lon="-95.1262362245" version="1" timestamp="2026-09-02T12:00:00Z" changeset="1" uid="1" user="generator"/>
  <node id="4370" lat="43.1406366039" lon="-95.1262473138" version="1" timestamp="2026-09-02T12:00:00Z" changeset="1" uid="1" user="generator"/>
  <node id="4371" lat="43.1406198369" lon="-95.1262649656" version="1" timestamp="2026-09-02T12:00:00Z" changeset="1" uid="1" user="generator"/>
  <node id="4372" lat="43.1406069579" lon="-95.1262879585" version="1" timestamp="2026-09-02T12:00:00Z" changeset="1" uid="1" user="generator"/>
  <node id="4373" lat="43.1405988669" lon="-95.1263147260" version="1" timestamp="2026-09-02T12:00:00Z" changeset="1" uid="1" user="generator"/>
  <node id="4374" lat="43.1405961039" lon="-95.1263434671" version="1" timestamp="2026-09-02T12:00:00Z" changeset="1" uid="1" user="generator"/>
  <node id="4375" lat="43.1405961039" lon="-95.1284906885" version="1" timestamp="2026-09-02T12:00:00Z" changeset="1" uid="1" user="generator"/>
  <node id="4376" lat="43.1405988669" lon="-95.1285194173" version="1" timestamp="2026-09-02T12:00:00Z" changeset="1" uid="1" user="generator"/>
  <node id="4377" lat="43.1406069579" lon="-95.1285461972" version="1" timestamp="2026-09-02T12:00:00Z" changeset="1" uid="1" user="generator"/>
  <node id="4378" lat="43.1406198369" lon="-95.1285691901" version="1" timestamp="2026-09-02T12:00:00Z" changeset="1" uid="1" user="generator"/>
  <node id="4379" lat="43.1406366039" lon="-95.1285868295" version="1" timestamp="2026-09-02T12:00:00Z" changeset="1" uid="1" user="generator"/>
  <node id="4380" lat="43.1406561430" lon="-95.1285979189" version="1" timestamp="2026-09-02T12:00:00Z" changeset="1" uid="1" user="generator"/>
  <node id="4381" lat="43.1406771040" lon="-95.1286017058" version="1" timestamp="2026-09-02T12:00:00Z" changeset="1" uid="1" user="generator"/>
  <node id="4382" lat="43.1479820423" lon="-95.1286017058" version="1" timestamp="2026-09-02T12:00:00Z" changeset="1" uid="1" user="generator"/>
  <node id="4383" lat="43.1480489844" lon="-95.1285310495" version="1" timestamp="2026-09-02T12:00:00Z" changeset="1" uid="1" user="generator"/>
  <node id="4384" lat="43.1482672346" lon="-95.1281612757" version="1" timestamp="2026-09-02T12:00:00Z" changeset="1" uid="1" user="generator"/>
  <node id="4385" lat="43.1482889516" lon="-95.1280996488" version="1" timestamp="2026-09-02T12:00:00Z" changeset="1" uid="1" user="generator"/>
  <node id="4386" lat="43.1484727138" lon="-95.1270519421" version="1" timestamp="2026-09-02T12:00:00Z" changeset="1" uid="1" user="generator"/>
  <node id="4387" lat="43.1485617329" lon="-95.1263123946" version="1" timestamp="2026-09-02T12:00:00Z" changeset="1" uid="1" user="generator"/>
  <node id="4388" lat="43.1485699049" lon="-95.1262324499" version="1" timestamp="2026-09-02T12:00:00Z" changeset="1" uid="1" user="generator"/>
  <node id="4389" lat="43.1327053280" lon="-95.1262324499" version="1" timestamp="2026-09-02T12:00:00Z" changeset="1" uid="1" user="generator"/>
  <node id="4390" lat="43.1326843670" lon="-95.1262362245" version="1" timestamp="2026-09-02T12:00:00Z" changeset="1" uid="1" user="generator"/>
  <node id="4391" lat="43.1326648280" lon="-95.1262473138" version="1" timestamp="2026-09-02T12:00:00Z" changeset="1" uid="1" user="generator"/>
  <node id="4392" lat="43.1326480520" lon="-95.1262649656" version="1" timestamp="2026-09-02T12:00:00Z" changeset="1" uid="1" user="generator"/>
  <node id="4393" lat="43.1326351819" lon="-95.1262879585" version="1" timestamp="2026-09-02T12:00:00Z" changeset="1" uid="1" user="generator"/>
  <node id="4394" lat="43.1326270909" lon="-95.1263147260" version="1" timestamp="2026-09-02T12:00:00Z" changeset="1" uid="1" user="generator"/>
  <node id="4395" lat="43.1326243279" lon="-95.1263434671" version="1" timestamp="2026-09-02T12:00:00Z" changeset="1" uid="1" user="generator"/>
  <node id="4396" lat="43.1326243279" lon="-95.1284906885" version="1" timestamp="2026-09-02T12:00:00Z" changeset="1" uid="1" user="generator"/>
  <node id="4397" lat="43.1326270909" lon="-95.1285194173" version="1" timestamp="2026-09-02T12:00:00Z" changeset="1" uid="1" user="generator"/>
  <node id="4398" lat="43.1326351819" lon="-95.1285461972" version="1" timestamp="2026-09-02T12:00:00Z" changeset="1" uid="1" user="generator"/>
  <node id="4399" lat="43.1326480520" lon="-95.1285691901" version="1" timestamp="2026-09-02T12:00:00Z" changeset="1" uid="1" user="generator"/>
  <node id="4400" lat="43.1326648280" lon="-95.1285868295" version="1" timestamp="2026-09-02T12:00:00Z" changeset="1" uid="1" user="generator"/>
  <node id="4401" lat="43.1326843670" lon="-95.1285979189" version="1" timestamp="2026-09-02T12:00:00Z" changeset="1" uid="1" user="generator"/>
  <node id="4402" lat="43.1327053280" lon="-95.1286017058" version="1" timestamp="2026-09-02T12:00:00Z" changeset="1" uid="1" user="generator"/>
  <node id="4403" lat="43.1403531037" lon="-95.1286017058" version="1" timestamp="2026-09-02T12:00:00Z" changeset="1" uid="1" user="generator"/>
  <node id="4404" lat="43.1403740737" lon="-95.1285979189" version="1" timestamp="2026-09-02T12:00:00Z" changeset="1" uid="1" user="generator"/>
  <node id="4405" lat="43.1403936037" lon="-95.1285868295" version="1" timestamp="2026-09-02T12:00:00Z" changeset="1" uid="1" user="generator"/>
  <node id="4406" lat="43.1404103797" lon="-95.1285691901" version="1" timestamp="2026-09-02T12:00:00Z" changeset="1" uid="1" user="generator"/>
  <node id="4407" lat="43.1404232587" lon="-95.1285461972" version="1" timestamp="2026-09-02T12:00:00Z" changeset="1" uid="1" user="generator"/>
  <node id="4408" lat="43.1404313497" lon="-95.1285194173" version="1" timestamp="2026-09-02T12:00:00Z" changeset="1" uid="1" user="generator"/>
  <node id="4409" lat="43.1404341037" lon="-95.1284906885" version="1" timestamp="2026-09-02T12:00:00Z" changeset="1" uid="1" user="generator"/>
  <node id="4410" lat="43.1404341037" lon="-95.1263434671" version="1" timestamp="2026-09-02T12:00:00Z" changeset="1" uid="1" user="generator"/>
  <node id="4411" lat="43.1404313497" lon="-95.1263147260" version="1" timestamp="2026-09-02T12:00:00Z" changeset="1" uid="1" user="generator"/>
  <node id="4412" lat="43.1404232587" lon="-95.1262879585" version="1" timestamp="2026-09-02T12:00:00Z" changeset="1" uid="1" user="generator"/>
  <node id="4413" lat="43.1404103797" lon="-95.1262649656" version="1" timestamp="2026-09-02T12:00:00Z" changeset="1" uid="1" user="generator"/>
  <node id="4414" lat="43.1403936037" lon="-95.1262473138" version="1" timestamp="2026-09-02T12:00:00Z" changeset="1" uid="1" user="generator"/>
  <node id="4415" lat="43.1403740737" lon="-95.1262362245" version="1" timestamp="2026-09-02T12:00:00Z" changeset="1" uid="1" user="generator"/>
  <node id="4416" lat="43.1403531037" lon="-95.1262324499" version="1" timestamp="2026-09-02T12:00:00Z" changeset="1" uid="1" user="generator"/>
  <node id="4417" lat="43.1406771040" lon="-95.1232987083" version="1" timestamp="2026-09-02T12:00:00Z" changeset="1" uid="1" user="generator"/>
  <node id="4418" lat="43.1406561430" lon="-95.1233024952" version="1" timestamp="2026-09-02T12:00:00Z" changeset="1" uid="1" user="generator"/>
  <node id="4419" lat="43.1406366039" lon="-95.1233135846" version="1" timestamp="2026-09-02T12:00:00Z" changeset="1" uid="1" user="generator"/>
  <node id="4420" lat="43.1406198369" lon="-95.1233312240" version="1" timestamp="2026-09-02T12:00:00Z" changeset="1" uid="1" user="generator"/>
  <node id="4421" lat="43.1406069579" lon="-95.1233542169" version="1" timestamp="2026-09-02T12:00:00Z" changeset="1" uid="1" user="generator"/>
  <node id="4422" lat="43.1405988669" lon="-95.1233809968" version="1" timestamp="2026-09-02T12:00:00Z" changeset="1" uid="1" user="generator"/>
  <node id="4423" lat="43.1405961039" lon="-95.1234097256" version="1" timestamp="2026-09-02T12:00:00Z" changeset="1" uid="1" user="generator"/>
  <node id="4424" lat="43.1405961039" lon="-95.1254429940" version="1" timestamp="2026-09-02T12:00:00Z" changeset="1" uid="1" user="generator"/>
  <node id="4425" lat="43.1405988669" lon="-95.1254717227" version="1" timestamp="2026-09-02T12:00:00Z" changeset="1" uid="1" user="generator"/>
  <node id="4426" lat="43.1406069579" lon="-95.1254985026" version="1" timestamp="2026-09-02T12:00:00Z" changeset="1" uid="1" user="generator"/>
  <node id="4427" lat="43.1406198369" lon="-95.1255214955" version="1" timestamp="2026-09-02T12:00:00Z" changeset="1" uid="1" user="generator"/>
  <node id="4428" lat="43.1406366039" lon="-95.1255391349" version="1" timestamp="2026-09-02T12:00:00Z" changeset="1" uid="1" user="generator"/>
  <node id="4429" lat="43.1406561430" lon="-95.1255502243" version="1" timestamp="2026-09-02T12:00:00Z" changeset="1" uid="1" user="generator"/>
  <node id="4430" lat="43.1406771040" lon="-95.1255540112" version="1" timestamp="2026-09-02T12:00:00Z" changeset="1" uid="1" user="generator"/>
  <node id="4431" lat="43.1485502309" lon="-95.1255540112" version="1" timestamp="2026-09-02T12:00:00Z" changeset="1" uid="1" user="generator"/>
  <node id="4432" lat="43.1485701479" lon="-95.1255505943" version="1" timestamp="2026-09-02T12:00:00Z" changeset="1" uid="1" user="generator"/>
  <node id="4433" lat="43.1485888499" lon="-95.1255405781" version="1" timestamp="2026-09-02T12:00:00Z" changeset="1" uid="1" user="generator"/>
  <node id="4434" lat="43.1486051759" lon="-95.1255245670" version="1" timestamp="2026-09-02T12:00:00Z" changeset="1" uid="1" user="generator"/>
  <node id="4435" lat="43.1486181179" lon="-95.1255035477" version="1" timestamp="2026-09-02T12:00:00Z" changeset="1" uid="1" user="generator"/>
  <node id="4436" lat="43.1486269019" lon="-95.1254788032" version="1" timestamp="2026-09-02T12:00:00Z" changeset="1" uid="1" user="generator"/>
  <node id="4437" lat="43.1486309699" lon="-95.1254518630" version="1" timestamp="2026-09-02T12:00:00Z" changeset="1" uid="1" user="generator"/>
  <node id="4438" lat="43.1486549100" lon="-95.1250426535" version="1" timestamp="2026-09-02T12:00:00Z" changeset="1" uid="1" user="generator"/>
  <node id="4439" lat="43.1486756460" lon="-95.1241798398" version="1" timestamp="2026-09-02T12:00:00Z" changeset="1" uid="1" user="generator"/>
  <node id="4440" lat="43.1486796960" lon="-95.1241182129" version="1" timestamp="2026-09-02T12:00:00Z" changeset="1" uid="1" user="generator"/>
  <node id="4441" lat="43.1487801271" lon="-95.1234315466" version="1" timestamp="2026-09-02T12:00:00Z" changeset="1" uid="1" user="generator"/>
  <node id="4442" lat="43.1487813331" lon="-95.1233989816" version="1" timestamp="2026-09-02T12:00:00Z" changeset="1" uid="1" user="generator"/>
  <node id="4443" lat="43.1487755731" lon="-95.1233673416" version="1" timestamp="2026-09-02T12:00:00Z" changeset="1" uid="1" user="generator"/>
  <node id="4444" lat="43.1487633601" lon="-95.1233393653" version="1" timestamp="2026-09-02T12:00:00Z" changeset="1" uid="1" user="generator"/>
  <node id="4445" lat="43.1487457471" lon="-95.1233174579" version="1" timestamp="2026-09-02T12:00:00Z" changeset="1" uid="1" user="generator"/>
  <node id="4446" lat="43.1487242370" lon="-95.1233035067" version="1" timestamp="2026-09-02T12:00:00Z" changeset="1" uid="1" user="generator"/>
  <node id="4447" lat="43.1487007110" lon="-95.1232987083" version="1" timestamp="2026-09-02T12:00:00Z" changeset="1" uid="1" user="generator"/>
  <node id="4448" lat="43.1327053280" lon="-95.1232987083" version="1" timestamp="2026-09-02T12:00:00Z" changeset="1" uid="1" user="generator"/>
  <node id="4449" lat="43.1326843670" lon="-95.1233024952" version="1" timestamp="2026-09-02T12:00:00Z" changeset="1" uid="1" user="generator"/>
  <node id="4450" lat="43.1326648280" lon="-95.1233135846" version="1" timestamp="2026-09-02T12:00:00Z" changeset="1" uid="1" user="generator"/>
  <node id="4451" lat="43.1326480520" lon="-95.1233312240" version="1" timestamp="2026-09-02T12:00:00Z" changeset="1" uid="1" user="generator"/>
  <node id="4452" lat="43.1326351819" lon="-95.1233542169" version="1" timestamp="2026-09-02T12:00:00Z" changeset="1" uid="1" user="generator"/>
  <node id="4453" lat="43.1326270909" lon="-95.1233809968" version="1" timestamp="2026-09-02T12:00:00Z" changeset="1" uid="1" user="generator"/>
  <node id="4454" lat="43.1326243279" lon="-95.1234097256" version="1" timestamp="2026-09-02T12:00:00Z" changeset="1" uid="1" user="generator"/>
  <node id="4455" lat="43.1326243279" lon="-95.1254429940" version="1" timestamp="2026-09-02T12:00:00Z" changeset="1" uid="1" user="generator"/>
  <node id="4456" lat="43.1326270909" lon="-95.1254717227" version="1" timestamp="2026-09-02T12:00:00Z" changeset="1" uid="1" user="generator"/>
  <node id="4457" lat="43.1326351819" lon="-95.1254985026" version="1" timestamp="2026-09-02T12:00:00Z" changeset="1" uid="1" user="generator"/>
  <node id="4458" lat="43.1326480520" lon="-95.1255214955" version="1" timestamp="2026-09-02T12:00:00Z" changeset="1" uid="1" user="generator"/>
  <node id="4459" lat="43.1326648280" lon="-95.1255391349" version="1" timestamp="2026-09-02T12:00:00Z" changeset="1" uid="1" user="generator"/>
  <node id="4460" lat="43.1326843670" lon="-95.1255502243" version="1" timestamp="2026-09-02T12:00:00Z" changeset="1" uid="1" user="generator"/>
  <node id="4461" lat="43.1327053280" lon="-95.1255540112" version="1" timestamp="2026-09-02T12:00:00Z" changeset="1" uid="1" user="generator"/>
  <node id="4462" lat="43.1403531037" lon="-95.1255540112" version="1" timestamp="2026-09-02T12:00:00Z" changeset="1" uid="1" user="generator"/>
  <node id="4463" lat="43.1403740737" lon="-95.1255502243" version="1" timestamp="2026-09-02T12:00:00Z" changeset="1" uid="1" user="generator"/>
  <node id="4464" lat="43.1403936037" lon="-95.1255391349" version="1" timestamp="2026-09-02T12:00:00Z" changeset="1" uid="1" user="generator"/>
  <node id="4465" lat="43.1404103797" lon="-95.1255214955" version="1" timestamp="2026-09-02T12:00:00Z" changeset="1" uid="1" user="generator"/>
  <node id="4466" lat="43.1404232587" lon="-95.1254985026" version="1" timestamp="2026-09-02T12:00:00Z" changeset="1" uid="1" user="generator"/>
  <node id="4467" lat="43.1404313497" lon="-95.1254717227" version="1" timestamp="2026-09-02T12:00:00Z" changeset="1" uid="1" user="generator"/>
  <node id="4468" lat="43.1404341037" lon="-95.1254429940" version="1" timestamp="2026-09-02T12:00:00Z" changeset="1" uid="1" user="generator"/>
  <node id="4469" lat="43.1404341037" lon="-95.1234097256" version="1" timestamp="2026-09-02T12:00:00Z" changeset="1" uid="1" user="generator"/>
  <node id="4470" lat="43.1404313497" lon="-95.1233809968" version="1" timestamp="2026-09-02T12:00:00Z" changeset="1" uid="1" user="generator"/>
  <node id="4471" lat="43.1404232587" lon="-95.1233542169" version="1" timestamp="2026-09-02T12:00:00Z" changeset="1" uid="1" user="generator"/>
  <node id="4472" lat="43.1404103797" lon="-95.1233312240" version="1" timestamp="2026-09-02T12:00:00Z" changeset="1" uid="1" user="generator"/>
  <node id="4473" lat="43.1403936037" lon="-95.1233135846" version="1" timestamp="2026-09-02T12:00:00Z" changeset="1" uid="1" user="generator"/>
  <node id="4474" lat="43.1403740737" lon="-95.1233024952" version="1" timestamp="2026-09-02T12:00:00Z" changeset="1" uid="1" user="generator"/>
  <node id="4475" lat="43.1403531037" lon="-95.1232987083" version="1" timestamp="2026-09-02T12:00:00Z" changeset="1" uid="1" user="generator"/>
  <node id="4476" lat="43.1405961039" lon="-95.1225092524" version="1" timestamp="2026-09-02T12:00:00Z" changeset="1" uid="1" user="generator"/>
  <node id="4477" lat="43.1405988669" lon="-95.1225379935" version="1" timestamp="2026-09-02T12:00:00Z" changeset="1" uid="1" user="generator"/>
  <node id="4478" lat="43.1406069579" lon="-95.1225647610" version="1" timestamp="2026-09-02T12:00:00Z" changeset="1" uid="1" user="generator"/>
  <node id="4479" lat="43.1406198369" lon="-95.1225877539" version="1" timestamp="2026-09-02T12:00:00Z" changeset="1" uid="1" user="generator"/>
  <node id="4480" lat="43.1406366039" lon="-95.1226054057" version="1" timestamp="2026-09-02T12:00:00Z" changeset="1" uid="1" user="generator"/>
  <node id="4481" lat="43.1406561430" lon="-95.1226164950" version="1" timestamp="2026-09-02T12:00:00Z" changeset="1" uid="1" user="generator"/>
  <node id="4482" lat="43.1406771040" lon="-95.1226202696" version="1" timestamp="2026-09-02T12:00:00Z" changeset="1" uid="1" user="generator"/>
  <node id="4483" lat="43.1488305361" lon="-95.1226202696" version="1" timestamp="2026-09-02T12:00:00Z" changeset="1" uid="1" user="generator"/>
  <node id="4484" lat="43.1488310941" lon="-95.1226019518" version="1" timestamp="2026-09-02T12:00:00Z" changeset="1" uid="1" user="generator"/>
  <node id="4485" lat="43.1488356211" lon="-95.1225403249" version="1" timestamp="2026-09-02T12:00:00Z" changeset="1" uid="1" user="generator"/>
  <node id="4486" lat="43.1488595162" lon="-95.1222938049" version="1" timestamp="2026-09-02T12:00:00Z" changeset="1" uid="1" user="generator"/>
  <node id="4487" lat="43.1488605872" lon="-95.1222321780" version="1" timestamp="2026-09-02T12:00:00Z" changeset="1" uid="1" user="generator"/>
  <node id="4488" lat="43.1488525592" lon="-95.1216158843" version="1" timestamp="2026-09-02T12:00:00Z" changeset="1" uid="1" user="generator"/>
  <node id="4489" lat="43.1488478702" lon="-95.1215542574" version="1" timestamp="2026-09-02T12:00:00Z" changeset="1" uid="1" user="generator"/>
  <node id="4490" lat="43.1487748261" lon="-95.1209995906" version="1" timestamp="2026-09-02T12:00:00Z" changeset="1" uid="1" user="generator"/>
  <node id="4491" lat="43.1487699931" lon="-95.1209379637" version="1" timestamp="2026-09-02T12:00:00Z" changeset="1" uid="1" user="generator"/>
  <node id="4492" lat="43.1487354240" lon="-95.1204449238" version="1" timestamp="2026-09-02T12:00:00Z" changeset="1" uid="1" user="generator"/>
  <node id="4493" lat="43.1487351360" lon="-95.1203216700" version="1" timestamp="2026-09-02T12:00:00Z" changeset="1" uid="1" user="generator"/>
  <node id="4494" lat="43.1487418410" lon="-95.1201984039" version="1" timestamp="2026-09-02T12:00:00Z" changeset="1" uid="1" user="generator"/>
  <node id="4495" lat="43.1487485911" lon="-95.1201367770" version="1" timestamp="2026-09-02T12:00:00Z" changeset="1" uid="1" user="generator"/>
  <node id="4496" lat="43.1406771040" lon="-95.1201367770" version="1" timestamp="2026-09-02T12:00:00Z" changeset="1" uid="1" user="generator"/>
  <node id="4497" lat="43.1406561430" lon="-95.1201405639" version="1" timestamp="2026-09-02T12:00:00Z" changeset="1" uid="1" user="generator"/>
  <node id="4498" lat="43.1406366039" lon="-95.1201516533" version="1" timestamp="2026-09-02T12:00:00Z" changeset="1" uid="1" user="generator"/>
  <node id="4499" lat="43.1406198369" lon="-95.1201692927" version="1" timestamp="2026-09-02T12:00:00Z" changeset="1" uid="1" user="generator"/>
  <node id="4500" lat="43.1406069579" lon="-95.1201922856" version="1" timestamp="2026-09-02T12:00:00Z" changeset="1" uid="1" user="generator"/>
  <node id="4501" lat="43.1405988669" lon="-95.1202190654" version="1" timestamp="2026-09-02T12:00:00Z" changeset="1" uid="1" user="generator"/>
  <node id="4502" lat="43.1405961039" lon="-95.1202477942" version="1" timestamp="2026-09-02T12:00:00Z" changeset="1" uid="1" user="generator"/>
  <node id="4503" lat="43.1326243279" lon="-95.1225092524" version="1" timestamp="2026-09-02T12:00:00Z" changeset="1" uid="1" user="generator"/>
  <node id="4504" lat="43.1326270909" lon="-95.1225379935" version="1" timestamp="2026-09-02T12:00:00Z" changeset="1" uid="1" user="generator"/>
  <node id="4505" lat="43.1326351819" lon="-95.1225647610" version="1" timestamp="2026-09-02T12:00:00Z" changeset="1" uid="1" user="generator"/>
  <node id="4506" lat="43.1326480520" lon="-95.1225877539" version="1" timestamp="2026-09-02T12:00:00Z" changeset="1" uid="1" user="generator"/>
  <node id="4507" lat="43.1326648280" lon="-95.1226054057" version="1" timestamp="2026-09-02T12:00:00Z" changeset="1" uid="1" user="generator"/>
  <node id="4508" lat="43.1326843670" lon="-95.1226164950" version="1" timestamp="2026-09-02T12:00:00Z" changeset="1" uid="1" user="generator"/>
  <node id="4509" lat="43.1327053280" lon="-95.1226202696" version="1" timestamp="2026-09-02T12:00:00Z" changeset="1" uid="1" user="generator"/>
  <node id="4510" lat="43.1403531037" lon="-95.1226202696" version="1" timestamp="2026-09-02T12:00:00Z" changeset="1" uid="1" user="generator"/>
  <node id="4511" lat="43.1403740737" lon="-95.1226164950" version="1" timestamp="2026-09-02T12:00:00Z" changeset="1" uid="1" user="generator"/>
  <node id="4512" lat="43.1403936037" lon="-95.1226054057" version="1" timestamp="2026-09-02T12:00:00Z" changeset="1" uid="1" user="generator"/>
  <node id="4513" lat="43.1404103797" lon="-95.1225877539" version="1" timestamp="2026-09-02T12:00:00Z" changeset="1" uid="1" user="generator"/>
  <node id="4514" lat="43.1404232587" lon="-95.1225647610" version="1" timestamp="2026-09-02T12:00:00Z" changeset="1" uid="1" user="generator"/>
  <node id="4515" lat="43.1404313497" lon="-95.1225379935" version="1" timestamp="2026-09-02T12:00:00Z" changeset="1" uid="1" user="generator"/>
  <node id="4516" lat="43.1404341037" lon="-95.1225092524" version="1" timestamp="2026-09-02T12:00:00Z" changeset="1" uid="1" user="generator"/>
  <node id="4517" lat="43.1404341037" lon="-95.1202477942" version="1" timestamp="2026-09-02T12:00:00Z" changeset="1" uid="1" user="generator"/>
  <node id="4518" lat="43.1404313497" lon="-95.1202190654" version="1" timestamp="2026-09-02T12:00:00Z" changeset="1" uid="1" user="generator"/>
  <node id="4519" lat="43.1404232587" lon="-95.1201922856" version="1" timestamp="2026-09-02T12:00:00Z" changeset="1" uid="1" user="generator"/>
  <node id="4520" lat="43.1404103797" lon="-95.1201692927" version="1" timestamp="2026-09-02T12:00:00Z" changeset="1" uid="1" user="generator"/>
  <node id="4521" lat="43.1403936037" lon="-95.1201516533" version="1" timestamp="2026-09-02T12:00:00Z" changeset="1" uid="1" user="generator"/>
  <node id="4522" lat="43.1403740737" lon="-95.1201405639" version="1" timestamp="2026-09-02T12:00:00Z" changeset="1" uid="1" user="generator"/>
  <node id="4523" lat="43.1403531037" lon="-95.1201367770" version="1" timestamp="2026-09-02T12:00:00Z" changeset="1" uid="1" user="generator"/>
  <node id="4524" lat="43.1327053280" lon="-95.1201367770" version="1" timestamp="2026-09-02T12:00:00Z" changeset="1" uid="1" user="generator"/>
  <node id="4525" lat="43.1326843670" lon="-95.1201405639" version="1" timestamp="2026-09-02T12:00:00Z" changeset="1" uid="1" user="generator"/>
  <node id="4526" lat="43.1326648280" lon="-95.1201516533" version="1" timestamp="2026-09-02T12:00:00Z" changeset="1" uid="1" user="generator"/>
  <node id="4527" lat="43.1326480520" lon="-95.1201692927" version="1" timestamp="2026-09-02T12:00:00Z" changeset="1" uid="1" user="generator"/>
  <node id="4528" lat="43.1326351819" lon="-95.1201922856" version="1" timestamp="2026-09-02T12:00:00Z" changeset="1" uid="1" user="generator"/>
  <node id="4529" lat="43.1326270909" lon="-95.1202190654" version="1" timestamp="2026-09-02T12:00:00Z" changeset="1" uid="1" user="generator"/>
  <node id="4530" lat="43.1326243279" lon="-95.1202477942" version="1" timestamp="2026-09-02T12:00:00Z" changeset="1" uid="1" user="generator"/>
  <node id="4531" lat="43.1513803557" lon="-95.1603373527" version="1" timestamp="2026-09-02T12:00:00Z" changeset="1" uid="1" user="generator"/>
  <node id="4532" lat="43.1513803557" lon="-95.1539476939" version="1" timestamp="2026-09-02T12:00:00Z" changeset="1" uid="1" user="generator"/>
  <node id="4533" lat="43.1485768529" lon="-95.1539476939" version="1" timestamp="2026-09-02T12:00:00Z" changeset="1" uid="1" user="generator"/>
  <node id="4534" lat="43.1486173529" lon="-95.1540648787" version="1" timestamp="2026-09-02T12:00:00Z" changeset="1" uid="1" user="generator"/>
  <node id="4535" lat="43.1486623530" lon="-95.1548543346" version="1" timestamp="2026-09-02T12:00:00Z" changeset="1" uid="1" user="generator"/>
  <node id="4536" lat="43.1486623530" lon="-95.1565072580" version="1" timestamp="2026-09-02T12:00:00Z" changeset="1" uid="1" user="generator"/>
  <node id="4537" lat="43.1485453529" lon="-95.1572103672" version="1" timestamp="2026-09-02T12:00:00Z" changeset="1" uid="1" user="generator"/>
  <node id="4538" lat="43.1484373527" lon="-95.1583082043" version="1" timestamp="2026-09-02T12:00:00Z" changeset="1" uid="1" user="generator"/>
  <node id="4539" lat="43.1482483526" lon="-95.1591593365" version="1" timestamp="2026-09-02T12:00:00Z" changeset="1" uid="1" user="generator"/>
  <node id="4540" lat="43.1479243522" lon="-95.1602448384" version="1" timestamp="2026-09-02T12:00:00Z" changeset="1" uid="1" user="generator"/>
  <node id="4541" lat="43.1479044532" lon="-95.1603373527" version="1" timestamp="2026-09-02T12:00:00Z" changeset="1" uid="1" user="generator"/>
  <node id="4542" lat="43.1471818515" lon="-95.1489519181" version="1" timestamp="2026-09-02T12:00:00Z" changeset="1" uid="1" user="generator"/>
  <node id="4543" lat="43.1487435781" lon="-95.1489460589" version="1" timestamp="2026-09-02T12:00:00Z" changeset="1" uid="1" user="generator"/>
  <node id="4544" lat="43.1487644941" lon="-95.1489422103" version="1" timestamp="2026-09-02T12:00:00Z" changeset="1" uid="1" user="generator"/>
  <node id="4545" lat="43.1487839791" lon="-95.1489310839" version="1" timestamp="2026-09-02T12:00:00Z" changeset="1" uid="1" user="generator"/>
  <node id="4546" lat="43.1488007101" lon="-95.1489134321" version="1" timestamp="2026-09-02T12:00:00Z" changeset="1" uid="1" user="generator"/>
  <node id="4547" lat="43.1488135351" lon="-95.1488904639" version="1" timestamp="2026-09-02T12:00:00Z" changeset="1" uid="1" user="generator"/>
  <node id="4548" lat="43.1488215991" lon="-95.1488637211" version="1" timestamp="2026-09-02T12:00:00Z" changeset="1" uid="1" user="generator"/>
  <node id="4549" lat="43.1488243531" lon="-95.1488350416" version="1" timestamp="2026-09-02T12:00:00Z" changeset="1" uid="1" user="generator"/>
  <node id="4550" lat="43.1488243531" lon="-95.1443519558" version="1" timestamp="2026-09-02T12:00:00Z" changeset="1" uid="1" user="generator"/>
  <node id="4551" lat="43.1488215901" lon="-95.1443232270" version="1" timestamp="2026-09-02T12:00:00Z" changeset="1" uid="1" user="generator"/>
  <node id="4552" lat="43.1488134991" lon="-95.1442964472" version="1" timestamp="2026-09-02T12:00:00Z" changeset="1" uid="1" user="generator"/>
  <node id="4553" lat="43.1488006291" lon="-95.1442734543" version="1" timestamp="2026-09-02T12:00:00Z" changeset="1" uid="1" user="generator"/>
  <node id="4554" lat="43.1487838531" lon="-95.1442558149" version="1" timestamp="2026-09-02T12:00:00Z" changeset="1" uid="1" user="generator"/>
  <node id="4555" lat="43.1487643141" lon="-95.1442447255" version="1" timestamp="2026-09-02T12:00:00Z" changeset="1" uid="1" user="generator"/>
  <node id="4556" lat="43.1487433531" lon="-95.1442409386" version="1" timestamp="2026-09-02T12:00:00Z" changeset="1" uid="1" user="generator"/>
  <node id="4557" lat="43.1437912511" lon="-95.1442409386" version="1" timestamp="2026-09-02T12:00:00Z" changeset="1" uid="1" user="generator"/>
  <node id="4558" lat="43.1437687511" lon="-95.1442453053" version="1" timestamp="2026-09-02T12:00:00Z" changeset="1" uid="1" user="generator"/>
  <node id="4559" lat="43.1437480241" lon="-95.1442580722" version="1" timestamp="2026-09-02T12:00:00Z" changeset="1" uid="1" user="generator"/>
  <node id="4560" lat="43.1437306990" lon="-95.1442782157" version="1" timestamp="2026-09-02T12:00:00Z" changeset="1" uid="1" user="generator"/>
  <node id="4561" lat="43.1437181440" lon="-95.1443041567" version="1" timestamp="2026-09-02T12:00:00Z" changeset="1" uid="1" user="generator"/>
  <node id="4562" lat="43.1437113310" lon="-95.1443338723" version="1" timestamp="2026-09-02T12:00:00Z" changeset="1" uid="1" user="generator"/>
  <node id="4563" lat="43.1437108090" lon="-95.1443649942" version="1" timestamp="2026-09-02T12:00:00Z" changeset="1" uid="1" user="generator"/>
  <node id="4564" lat="43.1437303480" lon="-95.1445914077" version="1" timestamp="2026-09-02T12:00:00Z" changeset="1" uid="1" user="generator"/>
  <node id="4565" lat="43.1438113481" lon="-95.1450108061" version="1" timestamp="2026-09-02T12:00:00Z" changeset="1" uid="1" user="generator"/>
  <node id="4566" lat="43.1438833482" lon="-95.1457879268" version="1" timestamp="2026-09-02T12:00:00Z" changeset="1" uid="1" user="generator"/>
  <node id="4567" lat="43.1440363483" lon="-95.1465773827" version="1" timestamp="2026-09-02T12:00:00Z" changeset="1" uid="1" user="generator"/>
  <node id="4568" lat="43.1440903484" lon="-95.1470584574" version="1" timestamp="2026-09-02T12:00:00Z" changeset="1" uid="1" user="generator"/>
  <node id="4569" lat="43.1440903484" lon="-95.1473421681" version="1" timestamp="2026-09-02T12:00:00Z" changeset="1" uid="1" user="generator"/>
  <node id="4570" lat="43.1441713485" lon="-95.1476382141" version="1" timestamp="2026-09-02T12:00:00Z" changeset="1" uid="1" user="generator"/>
  <node id="4571" lat="43.1444728488" lon="-95.1479650982" version="1" timestamp="2026-09-02T12:00:00Z" changeset="1" uid="1" user="generator"/>
  <node id="4572" lat="43.1446663490" lon="-95.1482426413" version="1" timestamp="2026-09-02T12:00:00Z" changeset="1" uid="1" user="generator"/>
  <node id="4573" lat="43.1448193491" lon="-95.1487113808" version="1" timestamp="2026-09-02T12:00:00Z" changeset="1" uid="1" user="generator"/>
  <node id="4574" lat="43.1449113022" lon="-95.1489021084" version="1" timestamp="2026-09-02T12:00:00Z" changeset="1" uid="1" user="generator"/>
  <node id="4575" lat="43.1449195282" lon="-95.1489164419" version="1" timestamp="2026-09-02T12:00:00Z" changeset="1" uid="1" user="generator"/>
  <node id="4576" lat="43.1449293562" lon="-95.1489287402" version="1" timestamp="2026-09-02T12:00:00Z" changeset="1" uid="1" user="generator"/>
  <node id="4577" lat="43.1449405162" lon="-95.1489386701" version="1" timestamp="2026-09-02T12:00:00Z" changeset="1" uid="1" user="generator"/>
  <node id="4578" lat="43.1449527203" lon="-95.1489459602" version="1" timestamp="2026-09-02T12:00:00Z" changeset="1" uid="1" user="generator"/>
  <node id="4579" lat="43.1449656263" lon="-95.1489504255" version="1" timestamp="2026-09-02T12:00:00Z" changeset="1" uid="1" user="generator"/>
  <node id="4580" lat="43.1449788833" lon="-95.1489519181" version="1" timestamp="2026-09-02T12:00:00Z" changeset="1" uid="1" user="generator"/>
  <node id="4581" lat="43.1295643339" lon="-95.1551935540" version="1" timestamp="2026-09-02T12:00:00Z" changeset="1" uid="1" user="generator"/>
  <node id="4582" lat="43.1295643339" lon="-95.1489149124" version="1" timestamp="2026-09-02T12:00:00Z" changeset="1" uid="1" user="generator"/>
  <node id="4583" lat="43.1277913321" lon="-95.1489149124" version="1" timestamp="2026-09-02T12:00:00Z" changeset="1" uid="1" user="generator"/>
  <node id="4584" lat="43.1277913321" lon="-95.1551935540" version="1" timestamp="2026-09-02T12:00:00Z" changeset="1" uid="1" user="generator"/>
  <node id="4585" lat="43.1596342639" lon="-95.1663409183" version="1" timestamp="2026-09-02T12:00:00Z" changeset="1" uid="1" user="generator"/>
  <node id="4586" lat="43.1596342639" lon="-95.1651073934" version="1" timestamp="2026-09-02T12:00:00Z" changeset="1" uid="1" user="generator"/>
  <node id="4587" lat="43.1587342630" lon="-95.1651073934" version="1" timestamp="2026-09-02T12:00:00Z" changeset="1" uid="1" user="generator"/>
  <node id="4588" lat="43.1587342630" lon="-95.1663409183" version="1" timestamp="2026-09-02T12:00:00Z" changeset="1" uid="1" user="generator"/>
  <node id="4589" lat="43.1585542629" lon="-95.1663409183" version="1" timestamp="2026-09-02T12:00:00Z" changeset="1" uid="1" user="generator"/>
  <node id="4590" lat="43.1585542629" lon="-95.1651073934" version="1" timestamp="2026-09-02T12:00:00Z" changeset="1" uid="1" user="generator"/>
  <node id="4591" lat="43.1576542620" lon="-95.1651073934" version="1" timestamp="2026-09-02T12:00:00Z" changeset="1" uid="1" user="generator"/>
  <node id="4592" lat="43.1576542620" lon="-95.1663409183" version="1" timestamp="2026-09-02T12:00:00Z" changeset="1" uid="1" user="generator"/>
  <node id="4593" lat="43.1574742618" lon="-95.1663409183" version="1" timestamp="2026-09-02T12:00:00Z" changeset="1" uid="1" user="generator"/>
  <node id="4594" lat="43.1574742618" lon="-95.1651073934" version="1" timestamp="2026-09-02T12:00:00Z" changeset="1" uid="1" user="generator"/>
  <node id="4595" lat="43.1565742609" lon="-95.1651073934" version="1" timestamp="2026-09-02T12:00:00Z" changeset="1" uid="1" user="generator"/>
  <node id="4596" lat="43.1565742609" lon="-95.1663409183" version="1" timestamp="2026-09-02T12:00:00Z" changeset="1" uid="1" user="generator"/>
  <node id="4597" lat="43.1320123363" lon="-95.1625293264" version="1" timestamp="2026-09-02T12:00:00Z" changeset="1" uid="1" user="generator"/>
  <node id="4598" lat="43.1320123363" lon="-95.1578419319" version="1" timestamp="2026-09-02T12:00:00Z" changeset="1" uid="1" user="generator"/>
  <node id="4599" lat="43.1277913321" lon="-95.1578419319" version="1" timestamp="2026-09-02T12:00:00Z" changeset="1" uid="1" user="generator"/>
  <node id="4600" lat="43.1277913321" lon="-95.1625293264" version="1" timestamp="2026-09-02T12:00:00Z" changeset="1" uid="1" user="generator"/>
  <node id="4601" lat="43.1287633331" lon="-95.1700205230" version="1" timestamp="2026-09-02T12:00:00Z" changeset="1" uid="1" user="generator"/>
  <node id="4602" lat="43.1287633331" lon="-95.1627513609" version="1" timestamp="2026-09-02T12:00:00Z" changeset="1" uid="1" user="generator"/>
  <node id="4603" lat="43.1277913321" lon="-95.1627513609" version="1" timestamp="2026-09-02T12:00:00Z" changeset="1" uid="1" user="generator"/>
  <node id="4604" lat="43.1277913321" lon="-95.1700205230" version="1" timestamp="2026-09-02T12:00:00Z" changeset="1" uid="1" user="generator"/>
  <node id="4605" lat="43.1320123363" lon="-95.1700205230" version="1" timestamp="2026-09-02T12:00:00Z" changeset="1" uid="1" user="generator"/>
  <node id="4606" lat="43.1320123363" lon="-95.1687709623" version="1" timestamp="2026-09-02T12:00:00Z" changeset="1" uid="1" user="generator"/>
  <node id="4607" lat="43.1289253332" lon="-95.1687709623" version="1" timestamp="2026-09-02T12:00:00Z" changeset="1" uid="1" user="generator"/>
  <node id="4608" lat="43.1289253332" lon="-95.1700205230" version="1" timestamp="2026-09-02T12:00:00Z" changeset="1" uid="1" user="generator"/>
  <node id="4609" lat="43.1409628453" lon="-95.1401345343" version="1" timestamp="2026-09-02T12:00:00Z" changeset="1" uid="1" user="generator"/>
  <node id="4610" lat="43.1409543853" lon="-95.1400520361" version="1" timestamp="2026-09-02T12:00:00Z" changeset="1" uid="1" user="generator"/>
  <node id="4611" lat="43.1408908452" lon="-95.1400216544" version="1" timestamp="2026-09-02T12:00:00Z" changeset="1" uid="1" user="generator"/>
  <node id="4612" lat="43.1390548434" lon="-95.1400210623" version="1" timestamp="2026-09-02T12:00:00Z" changeset="1" uid="1" user="generator"/>
  <node id="4613" lat="43.1389198432" lon="-95.1399828724" version="1" timestamp="2026-09-02T12:00:00Z" changeset="1" uid="1" user="generator"/>
  <node id="4614" lat="43.1388833032" lon="-95.1400026951" version="1" timestamp="2026-09-02T12:00:00Z" changeset="1" uid="1" user="generator"/>
  <node id="4615" lat="43.1388622522" lon="-95.1400767066" version="1" timestamp="2026-09-02T12:00:00Z" changeset="1" uid="1" user="generator"/>
  <node id="4616" lat="43.1388523702" lon="-95.1404344288" version="1" timestamp="2026-09-02T12:00:00Z" changeset="1" uid="1" user="generator"/>
  <node id="4617" lat="43.1388524422" lon="-95.1428891433" version="1" timestamp="2026-09-02T12:00:00Z" changeset="1" uid="1" user="generator"/>
  <node id="4618" lat="43.1388743032" lon="-95.1429878253" version="1" timestamp="2026-09-02T12:00:00Z" changeset="1" uid="1" user="generator"/>
  <node id="4619" lat="43.1389198432" lon="-95.1430065996" version="1" timestamp="2026-09-02T12:00:00Z" changeset="1" uid="1" user="generator"/>
  <node id="4620" lat="43.1389738433" lon="-95.1429569625" version="1" timestamp="2026-09-02T12:00:00Z" changeset="1" uid="1" user="generator"/>
  <node id="4621" lat="43.1333848377" lon="-95.1486275874" version="1" timestamp="2026-09-02T12:00:00Z" changeset="1" uid="1" user="generator"/>
  <node id="4622" lat="43.1333758377" lon="-95.1460008209" version="1" timestamp="2026-09-02T12:00:00Z" changeset="1" uid="1" user="generator"/>
  <node id="4623" lat="43.1332948376" lon="-95.1459545884" version="1" timestamp="2026-09-02T12:00:00Z" changeset="1" uid="1" user="generator"/>
  <node id="4624" lat="43.1322981676" lon="-95.1459729555" version="1" timestamp="2026-09-02T12:00:00Z" changeset="1" uid="1" user="generator"/>
  <node id="4625" lat="43.1322644356" lon="-95.1460839728" version="1" timestamp="2026-09-02T12:00:00Z" changeset="1" uid="1" user="generator"/>
  <node id="4626" lat="43.1322778366" lon="-95.1486588449" version="1" timestamp="2026-09-02T12:00:00Z" changeset="1" uid="1" user="generator"/>
  <node id="4627" lat="43.1323498367" lon="-95.1487047567" version="1" timestamp="2026-09-02T12:00:00Z" changeset="1" uid="1" user="generator"/>
  <node id="4628" lat="43.1332948376" lon="-95.1487050774" version="1" timestamp="2026-09-02T12:00:00Z" changeset="1" uid="1" user="generator"/>
  <node id="4629" lat="43.1333578377" lon="-95.1486848476" version="1" timestamp="2026-09-02T12:00:00Z" changeset="1" uid="1" user="generator"/>
  <node id="4630" lat="43.1376328419" lon="-95.1460671475" version="1" timestamp="2026-09-02T12:00:00Z" changeset="1" uid="1" user="generator"/>
  <node id="4631" lat="43.1376243819" lon="-95.1459852908" version="1" timestamp="2026-09-02T12:00:00Z" changeset="1" uid="1" user="generator"/>
  <node id="4632" lat="43.1375608419" lon="-95.1459549091" version="1" timestamp="2026-09-02T12:00:00Z" changeset="1" uid="1" user="generator"/>
  <node id="4633" lat="43.1361838405" lon="-95.1459545884" version="1" timestamp="2026-09-02T12:00:00Z" changeset="1" uid="1" user="generator"/>
  <node id="4634" lat="43.1361208404" lon="-95.1459748182" version="1" timestamp="2026-09-02T12:00:00Z" changeset="1" uid="1" user="generator"/>
  <node id="4635" lat="43.1360894394" lon="-95.1460839728" version="1" timestamp="2026-09-02T12:00:00Z" changeset="1" uid="1" user="generator"/>
  <node id="4636" lat="43.1360894394" lon="-95.1474778559" version="1" timestamp="2026-09-02T12:00:00Z" changeset="1" uid="1" user="generator"/>
  <node id="4637" lat="43.1361042084" lon="-95.1475642026" version="1" timestamp="2026-09-02T12:00:00Z" changeset="1" uid="1" user="generator"/>
  <node id="4638" lat="43.1361478405" lon="-95.1475963483" version="1" timestamp="2026-09-02T12:00:00Z" changeset="1" uid="1" user="generator"/>
  <node id="4639" lat="43.1362018405" lon="-95.1475686803" version="1" timestamp="2026-09-02T12:00:00Z" changeset="1" uid="1" user="generator"/>
  <node id="4640" lat="43.1503588547" lon="-95.1322852701" version="1" timestamp="2026-09-02T12:00:00Z" changeset="1" uid="1" user="generator"/>
  <node id="4641" lat="43.1503648217" lon="-95.1322314884" version="1" timestamp="2026-09-02T12:00:00Z" changeset="1" uid="1" user="generator"/>
  <node id="4642" lat="43.1503518437" lon="-95.1321944827" version="1" timestamp="2026-09-02T12:00:00Z" changeset="1" uid="1" user="generator"/>
  <node id="4643" lat="43.1503138546" lon="-95.1321464615" version="1" timestamp="2026-09-02T12:00:00Z" changeset="1" uid="1" user="generator"/>
  <node id="4644" lat="43.1502688546" lon="-95.1321279710" version="1" timestamp="2026-09-02T12:00:00Z" changeset="1" uid="1" user="generator"/>
  <node id="4645" lat="43.1487748531" lon="-95.1321107387" version="1" timestamp="2026-09-02T12:00:00Z" changeset="1" uid="1" user="generator"/>
  <node id="4646" lat="43.1487411210" lon="-95.1320958007" version="1" timestamp="2026-09-02T12:00:00Z" changeset="1" uid="1" user="generator"/>
  <node id="4647" lat="43.1487145530" lon="-95.1320711302" version="1" timestamp="2026-09-02T12:00:00Z" changeset="1" uid="1" user="generator"/>
  <node id="4648" lat="43.1486218529" lon="-95.1319344063" version="1" timestamp="2026-09-02T12:00:00Z" changeset="1" uid="1" user="generator"/>
  <node id="4649" lat="43.1486038529" lon="-95.1319227495" version="1" timestamp="2026-09-02T12:00:00Z" changeset="1" uid="1" user="generator"/>
  <node id="4650" lat="43.1485768529" lon="-95.1319243037" version="1" timestamp="2026-09-02T12:00:00Z" changeset="1" uid="1" user="generator"/>
  <node id="4651" lat="43.1483788527" lon="-95.1321035842" version="1" timestamp="2026-09-02T12:00:00Z" changeset="1" uid="1" user="generator"/>
  <node id="4652" lat="43.1480098523" lon="-95.1323818674" version="1" timestamp="2026-09-02T12:00:00Z" changeset="1" uid="1" user="generator"/>
  <node id="4653" lat="43.1478838522" lon="-95.1324666846" version="1" timestamp="2026-09-02T12:00:00Z" changeset="1" uid="1" user="generator"/>
  <node id="4654" lat="43.1469028512" lon="-95.1330269269" version="1" timestamp="2026-09-02T12:00:00Z" changeset="1" uid="1" user="generator"/>
  <node id="4655" lat="43.1466058509" lon="-95.1331808462" version="1" timestamp="2026-09-02T12:00:00Z" changeset="1" uid="1" user="generator"/>
  <node id="4656" lat="43.1463988507" lon="-95.1333174097" version="1" timestamp="2026-09-02T12:00:00Z" changeset="1" uid="1" user="generator"/>
  <node id="4657" lat="43.1458678502" lon="-95.1335707880" version="1" timestamp="2026-09-02T12:00:00Z" changeset="1" uid="1" user="generator"/>
  <node id="4658" lat="43.1456043929" lon="-95.1337363888" version="1" timestamp="2026-09-02T12:00:00Z" changeset="1" uid="1" user="generator"/>
  <node id="4659" lat="43.1445898489" lon="-95.1342795838" version="1" timestamp="2026-09-02T12:00:00Z" changeset="1" uid="1" user="generator"/>
  <node id="4660" lat="43.1445358488" lon="-95.1343357585" version="1" timestamp="2026-09-02T12:00:00Z" changeset="1" uid="1" user="generator"/>
  <node id="4661" lat="43.1445111258" lon="-95.1343901569" version="1" timestamp="2026-09-02T12:00:00Z" changeset="1" uid="1" user="generator"/>
  <node id="4662" lat="43.1445135468" lon="-95.1347725497" version="1" timestamp="2026-09-02T12:00:00Z" changeset="1" uid="1" user="generator"/>
  <node id="4663" lat="43.1445193518" lon="-95.1348342259" version="1" timestamp="2026-09-02T12:00:00Z" changeset="1" uid="1" user="generator"/>
  <node id="4664" lat="43.1445415188" lon="-95.1348835669" version="1" timestamp="2026-09-02T12:00:00Z" changeset="1" uid="1" user="generator"/>
  <node id="4665" lat="43.1445808489" lon="-95.1349298487" version="1" timestamp="2026-09-02T12:00:00Z" changeset="1" uid="1" user="generator"/>
  <node id="4666" lat="43.1446168489" lon="-95.1349400377" version="1" timestamp="2026-09-02T12:00:00Z" changeset="1" uid="1" user="generator"/>
  <node id="4667" lat="43.1446618490" lon="-95.1349282205" version="1" timestamp="2026-09-02T12:00:00Z" changeset="1" uid="1" user="generator"/>
  <node id="4668" lat="43.1499448543" lon="-95.1330246202" version="1" timestamp="2026-09-02T12:00:00Z" changeset="1" uid="1" user="generator"/>
  <node id="4669" lat="43.1500798544" lon="-95.1329414190" version="1" timestamp="2026-09-02T12:00:00Z" changeset="1" uid="1" user="generator"/>
  <node id="4670" lat="43.1501608815" lon="-95.1328359156" version="1" timestamp="2026-09-02T12:00:00Z" changeset="1" uid="1" user="generator"/>
  <node id="4671" lat="43.1502439606" lon="-95.1326385516" version="1" timestamp="2026-09-02T12:00:00Z" changeset="1" uid="1" user="generator"/>
  <node id="4672" lat="43.1468353511" lon="-95.1367030161" version="1" timestamp="2026-09-02T12:00:00Z" changeset="1" uid="1" user="generator"/>
  <node id="4673" lat="43.1468353511" lon="-95.1346985382" version="1" timestamp="2026-09-02T12:00:00Z" changeset="1" uid="1" user="generator"/>
  <node id="4674" lat="43.1464843508" lon="-95.1348280583" version="1" timestamp="2026-09-02T12:00:00Z" changeset="1" uid="1" user="generator"/>
  <node id="4675" lat="43.1462143505" lon="-95.1349267403" version="1" timestamp="2026-09-02T12:00:00Z" changeset="1" uid="1" user="generator"/>
  <node id="4676" lat="43.1459443503" lon="-95.1350192546" version="1" timestamp="2026-09-02T12:00:00Z" changeset="1" uid="1" user="generator"/>
  <node id="4677" lat="43.1456743500" lon="-95.1351179366" version="1" timestamp="2026-09-02T12:00:00Z" changeset="1" uid="1" user="generator"/>
  <node id="4678" lat="43.1454043497" lon="-95.1352166186" version="1" timestamp="2026-09-02T12:00:00Z" changeset="1" uid="1" user="generator"/>
  <node id="4679" lat="43.1451343494" lon="-95.1353153006" version="1" timestamp="2026-09-02T12:00:00Z" changeset="1" uid="1" user="generator"/>
  <node id="4680" lat="43.1448643492" lon="-95.1354139826" version="1" timestamp="2026-09-02T12:00:00Z" changeset="1" uid="1" user="generator"/>
  <node id="4681" lat="43.1445943489" lon="-95.1355126646" version="1" timestamp="2026-09-02T12:00:00Z" changeset="1" uid="1" user="generator"/>
  <node id="4682" lat="43.1443648487" lon="-95.1355980985" version="1" timestamp="2026-09-02T12:00:00Z" changeset="1" uid="1" user="generator"/>
  <node id="4683" lat="43.1442028485" lon="-95.1356725911" version="1" timestamp="2026-09-02T12:00:00Z" changeset="1" uid="1" user="generator"/>
  <node id="4684" lat="43.1435098478" lon="-95.1360885233" version="1" timestamp="2026-09-02T12:00:00Z" changeset="1" uid="1" user="generator"/>
  <node id="4685" lat="43.1434657388" lon="-95.1361294270" version="1" timestamp="2026-09-02T12:00:00Z" changeset="1" uid="1" user="generator"/>
  <node id="4686" lat="43.1434654868" lon="-95.1361540975" version="1" timestamp="2026-09-02T12:00:00Z" changeset="1" uid="1" user="generator"/>
  <node id="4687" lat="43.1434727318" lon="-95.1361664328" version="1" timestamp="2026-09-02T12:00:00Z" changeset="1" uid="1" user="generator"/>
  <node id="4688" lat="43.1435818479" lon="-95.1362494737" version="1" timestamp="2026-09-02T12:00:00Z" changeset="1" uid="1" user="generator"/>
  <node id="4689" lat="43.1436988480" lon="-95.1364124963" version="1" timestamp="2026-09-02T12:00:00Z" changeset="1" uid="1" user="generator"/>
  <node id="4690" lat="43.1437229320" lon="-95.1364748140" version="1" timestamp="2026-09-02T12:00:00Z" changeset="1" uid="1" user="generator"/>
  <node id="4691" lat="43.1438016461" lon="-95.1367461895" version="1" timestamp="2026-09-02T12:00:00Z" changeset="1" uid="1" user="generator"/>
  <node id="4692" lat="43.1438338481" lon="-95.1367925207" version="1" timestamp="2026-09-02T12:00:00Z" changeset="1" uid="1" user="generator"/>
  <node id="4693" lat="43.1438878482" lon="-95.1368016241" version="1" timestamp="2026-09-02T12:00:00Z" changeset="1" uid="1" user="generator"/>
  <node id="4694" lat="43.1442928486" lon="-95.1367978371" version="1" timestamp="2026-09-02T12:00:00Z" changeset="1" uid="1" user="generator"/>
  <node id="4695" lat="43.1443198486" lon="-95.1367830719" version="1" timestamp="2026-09-02T12:00:00Z" changeset="1" uid="1" user="generator"/>
  <node id="4696" lat="43.1444004707" lon="-95.1366968485" version="1" timestamp="2026-09-02T12:00:00Z" changeset="1" uid="1" user="generator"/>
  <node id="4697" lat="43.1608123651" lon="-95.1501706407" version="1" timestamp="2026-09-02T12:00:00Z" changeset="1" uid="1" user="generator"/>
  <node id="4698" lat="43.1608123651" lon="-95.1438648615" version="1" timestamp="2026-09-02T12:00:00Z" changeset="1" uid="1" user="generator"/>
  <node id="4699" lat="43.1599033642" lon="-95.1438648615" version="1" timestamp="2026-09-02T12:00:00Z" changeset="1" uid="1" user="generator"/>
  <node id="4700" lat="43.1599033642" lon="-95.1501706407" version="1" timestamp="2026-09-02T12:00:00Z" changeset="1" uid="1" user="generator"/>
  <node id="4701" lat="43.1608123651" lon="-95.1436428270" version="1" timestamp="2026-09-02T12:00:00Z" changeset="1" uid="1" user="generator"/>
  <node id="4702" lat="43.1608123651" lon="-95.1373370479" version="1" timestamp="2026-09-02T12:00:00Z" changeset="1" uid="1" user="generator"/>
  <node id="4703" lat="43.1599033642" lon="-95.1373370479" version="1" timestamp="2026-09-02T12:00:00Z" changeset="1" uid="1" user="generator"/>
  <node id="4704" lat="43.1599033642" lon="-95.1436428270" version="1" timestamp="2026-09-02T12:00:00Z" changeset="1" uid="1" user="generator"/>
  <node id="4705" lat="43.1608123651" lon="-95.1371150134" version="1" timestamp="2026-09-02T12:00:00Z" changeset="1" uid="1" user="generator"/>
  <node id="4706" lat="43.1608123651" lon="-95.1308092342" version="1" timestamp="2026-09-02T12:00:00Z" changeset="1" uid="1" user="generator"/>
  <node id="4707" lat="43.1599033642" lon="-95.1308092342" version="1" timestamp="2026-09-02T12:00:00Z" changeset="1" uid="1" user="generator"/>
  <node id="4708" lat="43.1599033642" lon="-95.1371150134" version="1" timestamp="2026-09-02T12:00:00Z" changeset="1" uid="1" user="generator"/>
  <node id="4709" lat="43.1608123651" lon="-95.1305871997" version="1" timestamp="2026-09-02T12:00:00Z" changeset="1" uid="1" user="generator"/>
  <node id="4710" lat="43.1608123651" lon="-95.1242814206" version="1" timestamp="2026-09-02T12:00:00Z" changeset="1" uid="1" user="generator"/>
  <node id="4711" lat="43.1599033642" lon="-95.1242814206" version="1" timestamp="2026-09-02T12:00:00Z" changeset="1" uid="1" user="generator"/>
  <node id="4712" lat="43.1599033642" lon="-95.1305871997" version="1" timestamp="2026-09-02T12:00:00Z" changeset="1" uid="1" user="generator"/>
  <node id="4713" lat="43.1517081810" lon="-95.1664926419" version="1" timestamp="2026-09-02T12:00:00Z" changeset="1" uid="1" user="generator"/>
  <node id="4714" lat="43.1517109440" lon="-95.1665213707" version="1" timestamp="2026-09-02T12:00:00Z" changeset="1" uid="1" user="generator"/>
  <node id="4715" lat="43.1517190350" lon="-95.1665481505" version="1" timestamp="2026-09-02T12:00:00Z" changeset="1" uid="1" user="generator"/>
  <node id="4716" lat="43.1517319050" lon="-95.1665711434" version="1" timestamp="2026-09-02T12:00:00Z" changeset="1" uid="1" user="generator"/>
  <node id="4717" lat="43.1517486811" lon="-95.1665887828" version="1" timestamp="2026-09-02T12:00:00Z" changeset="1" uid="1" user="generator"/>
  <node id="4718" lat="43.1517682201" lon="-95.1665998722" version="1" timestamp="2026-09-02T12:00:00Z" changeset="1" uid="1" user="generator"/>
  <node id="4719" lat="43.1517891811" lon="-95.1666036591" version="1" timestamp="2026-09-02T12:00:00Z" changeset="1" uid="1" user="generator"/>
  <node id="4720" lat="43.1537838081" lon="-95.1666036591" version="1" timestamp="2026-09-02T12:00:00Z" changeset="1" uid="1" user="generator"/>
  <node id="4721" lat="43.1538047691" lon="-95.1665998722" version="1" timestamp="2026-09-02T12:00:00Z" changeset="1" uid="1" user="generator"/>
  <node id="4722" lat="43.1538243081" lon="-95.1665887828" version="1" timestamp="2026-09-02T12:00:00Z" changeset="1" uid="1" user="generator"/>
  <node id="4723" lat="43.1538410841" lon="-95.1665711434" version="1" timestamp="2026-09-02T12:00:00Z" changeset="1" uid="1" user="generator"/>
  <node id="4724" lat="43.1538539542" lon="-95.1665481505" version="1" timestamp="2026-09-02T12:00:00Z" changeset="1" uid="1" user="generator"/>
  <node id="4725" lat="43.1538620452" lon="-95.1665213707" version="1" timestamp="2026-09-02T12:00:00Z" changeset="1" uid="1" user="generator"/>
  <node id="4726" lat="43.1538648082" lon="-95.1664926419" version="1" timestamp="2026-09-02T12:00:00Z" changeset="1" uid="1" user="generator"/>
  <node id="4727" lat="43.1538648082" lon="-95.1612528749" version="1" timestamp="2026-09-02T12:00:00Z" changeset="1" uid="1" user="generator"/>
  <node id="4728" lat="43.1538620452" lon="-95.1612241461" version="1" timestamp="2026-09-02T12:00:00Z" changeset="1" uid="1" user="generator"/>
  <node id="4729" lat="43.1538539542" lon="-95.1611973663" version="1" timestamp="2026-09-02T12:00:00Z" changeset="1" uid="1" user="generator"/>
  <node id="4730" lat="43.1538410841" lon="-95.1611743734" version="1" timestamp="2026-09-02T12:00:00Z" changeset="1" uid="1" user="generator"/>
  <node id="4731" lat="43.1538243081" lon="-95.1611567340" version="1" timestamp="2026-09-02T12:00:00Z" changeset="1" uid="1" user="generator"/>
  <node id="4732" lat="43.1538047691" lon="-95.1611456446" version="1" timestamp="2026-09-02T12:00:00Z" changeset="1" uid="1" user="generator"/>
  <node id="4733" lat="43.1537838081" lon="-95.1611418576" version="1" timestamp="2026-09-02T12:00:00Z" changeset="1" uid="1" user="generator"/>
  <node id="4734" lat="43.1517891811" lon="-95.1611418576" version="1" timestamp="2026-09-02T12:00:00Z" changeset="1" uid="1" user="generator"/>
  <node id="4735" lat="43.1517682201" lon="-95.1611456446" version="1" timestamp="2026-09-02T12:00:00Z" changeset="1" uid="1" user="generator"/>
  <node id="4736" lat="43.1517486811" lon="-95.1611567340" version="1" timestamp="2026-09-02T12:00:00Z" changeset="1" uid="1" user="generator"/>
  <node id="4737" lat="43.1517319050" lon="-95.1611743734" version="1" timestamp="2026-09-02T12:00:00Z" changeset="1" uid="1" user="generator"/>
  <node id="4738" lat="43.1517190350" lon="-95.1611973663" version="1" timestamp="2026-09-02T12:00:00Z" changeset="1" uid="1" user="generator"/>
  <node id="4739" lat="43.1517109440" lon="-95.1612241461" version="1" timestamp="2026-09-02T12:00:00Z" changeset="1" uid="1" user="generator"/>
  <node id="4740" lat="43.1517081810" lon="-95.1612528749" version="1" timestamp="2026-09-02T12:00:00Z" changeset="1" uid="1" user="generator"/>
  <node id="4741" lat="43.1596198639" lon="-95.1579340392" version="1" timestamp="2026-09-02T12:00:00Z" changeset="1" uid="1" user="generator"/>
  <node id="4742" lat="43.1596198639" lon="-95.1559686147" version="1" timestamp="2026-09-02T12:00:00Z" changeset="1" uid="1" user="generator"/>
  <node id="4743" lat="43.1577028620" lon="-95.1559686147" version="1" timestamp="2026-09-02T12:00:00Z" changeset="1" uid="1" user="generator"/>
  <node id="4744" lat="43.1577028620" lon="-95.1579340392" version="1" timestamp="2026-09-02T12:00:00Z" changeset="1" uid="1" user="generator"/>
  <node id="4745" lat="43.1596198639" lon="-95.1557465802" version="1" timestamp="2026-09-02T12:00:00Z" changeset="1" uid="1" user="generator"/>
  <node id="4746" lat="43.1596198639" lon="-95.1539476939" version="1" timestamp="2026-09-02T12:00:00Z" changeset="1" uid="1" user="generator"/>
  <node id="4747" lat="43.1577028620" lon="-95.1539476939" version="1" timestamp="2026-09-02T12:00:00Z" changeset="1" uid="1" user="generator"/>
  <node id="4748" lat="43.1577028620" lon="-95.1557465802" version="1" timestamp="2026-09-02T12:00:00Z" changeset="1" uid="1" user="generator"/>
  <node id="4749" lat="43.1575408618" lon="-95.1601214859" version="1" timestamp="2026-09-02T12:00:00Z" changeset="1" uid="1" user="generator"/>
  <node id="4750" lat="43.1575408618" lon="-95.1581560737" version="1" timestamp="2026-09-02T12:00:00Z" changeset="1" uid="1" user="generator"/>
  <node id="4751" lat="43.1556238599" lon="-95.1581560737" version="1" timestamp="2026-09-02T12:00:00Z" changeset="1" uid="1" user="generator"/>
  <node id="4752" lat="43.1556238599" lon="-95.1601214859" version="1" timestamp="2026-09-02T12:00:00Z" changeset="1" uid="1" user="generator"/>
  <node id="4753" lat="43.1575408618" lon="-95.1579340392" version="1" timestamp="2026-09-02T12:00:00Z" changeset="1" uid="1" user="generator"/>
  <node id="4754" lat="43.1575408618" lon="-95.1559686147" version="1" timestamp="2026-09-02T12:00:00Z" changeset="1" uid="1" user="generator"/>
  <node id="4755" lat="43.1556238599" lon="-95.1559686147" version="1" timestamp="2026-09-02T12:00:00Z" changeset="1" uid="1" user="generator"/>
  <node id="4756" lat="43.1556238599" lon="-95.1579340392" version="1" timestamp="2026-09-02T12:00:00Z" changeset="1" uid="1" user="generator"/>
  <node id="4757" lat="43.1575408618" lon="-95.1557465802" version="1" timestamp="2026-09-02T12:00:00Z" changeset="1" uid="1" user="generator"/>
  <node id="4758" lat="43.1575408618" lon="-95.1539476939" version="1" timestamp="2026-09-02T12:00:00Z" changeset="1" uid="1" user="generator"/>
  <node id="4759" lat="43.1556238599" lon="-95.1539476939" version="1" timestamp="2026-09-02T12:00:00Z" changeset="1" uid="1" user="generator"/>
  <node id="4760" lat="43.1556238599" lon="-95.1557465802" version="1" timestamp="2026-09-02T12:00:00Z" changeset="1" uid="1" user="generator"/>
  <node id="4761" lat="43.1596513640" lon="-95.1537626651" version="1" timestamp="2026-09-02T12:00:00Z" changeset="1" uid="1" user="generator"/>
  <node id="4762" lat="43.1596513640" lon="-95.1534542839" version="1" timestamp="2026-09-02T12:00:00Z" changeset="1" uid="1" user="generator"/>
  <node id="4763" lat="43.1499403542" lon="-95.1534542839" version="1" timestamp="2026-09-02T12:00:00Z" changeset="1" uid="1" user="generator"/>
  <node id="4764" lat="43.1499403542" lon="-95.1537626651" version="1" timestamp="2026-09-02T12:00:00Z" changeset="1" uid="1" user="generator"/>
  <node id="4765" lat="43.1298613342" lon="-95.1453253550" version="1" timestamp="2026-09-02T12:00:00Z" changeset="1" uid="1" user="generator"/>
  <node id="4766" lat="43.1298613342" lon="-95.1424944154" version="1" timestamp="2026-09-02T12:00:00Z" changeset="1" uid="1" user="generator"/>
  <node id="4767" lat="43.1277913321" lon="-95.1424944154" version="1" timestamp="2026-09-02T12:00:00Z" changeset="1" uid="1" user="generator"/>
  <node id="4768" lat="43.1277913321" lon="-95.1453253550" version="1" timestamp="2026-09-02T12:00:00Z" changeset="1" uid="1" user="generator"/>
  <node id="4769" lat="43.1490988534" lon="-95.1367030161" version="1" timestamp="2026-09-02T12:00:00Z" changeset="1" uid="1" user="generator"/>
  <node id="4770" lat="43.1490988534" lon="-95.1338782441" version="1" timestamp="2026-09-02T12:00:00Z" changeset="1" uid="1" user="generator"/>
  <node id="4771" lat="43.1469703513" lon="-95.1346491972" version="1" timestamp="2026-09-02T12:00:00Z" changeset="1" uid="1" user="generator"/>
  <node id="4772" lat="43.1469703513" lon="-95.1367030161" version="1" timestamp="2026-09-02T12:00:00Z" changeset="1" uid="1" user="generator"/>
  <node id="4773" lat="43.1596378639" lon="-95.1701438755" version="1" timestamp="2026-09-02T12:00:00Z" changeset="1" uid="1" user="generator"/>
  <node id="4774" lat="43.1596378639" lon="-95.1698354943" version="1" timestamp="2026-09-02T12:00:00Z" changeset="1" uid="1" user="generator"/>
  <node id="4775" lat="43.1455123498" lon="-95.1698354943" version="1" timestamp="2026-09-02T12:00:00Z" changeset="1" uid="1" user="generator"/>
  <node id="4776" lat="43.1455123498" lon="-95.1701438755" version="1" timestamp="2026-09-02T12:00:00Z" changeset="1" uid="1" user="generator"/>
  <node id="4777" lat="43.1386183429" lon="-95.1701438755" version="1" timestamp="2026-09-02T12:00:00Z" changeset="1" uid="1" user="generator"/>
  <node id="4778" lat="43.1386183429" lon="-95.1698354943" version="1" timestamp="2026-09-02T12:00:00Z" changeset="1" uid="1" user="generator"/>
  <node id="4779" lat="43.1322778366" lon="-95.1698354943" version="1" timestamp="2026-09-02T12:00:00Z" changeset="1" uid="1" user="generator"/>
  <node id="4780" lat="43.1322778366" lon="-95.1701438755" version="1" timestamp="2026-09-02T12:00:00Z" changeset="1" uid="1" user="generator"/>
  <node id="4781" lat="43.1596378639" lon="-95.1203218057" version="1" timestamp="2026-09-02T12:00:00Z" changeset="1" uid="1" user="generator"/>
  <node id="4782" lat="43.1596378639" lon="-95.1200134245" version="1" timestamp="2026-09-02T12:00:00Z" changeset="1" uid="1" user="generator"/>
  <node id="4783" lat="43.1511463555" lon="-95.1200134245" version="1" timestamp="2026-09-02T12:00:00Z" changeset="1" uid="1" user="generator"/>
  <node id="4784" lat="43.1511463555" lon="-95.1203218057" version="1" timestamp="2026-09-02T12:00:00Z" changeset="1" uid="1" user="generator"/>
  <node id="4785" lat="43.1596525070" lon="-95.1489042054" version="1" timestamp="2026-09-02T12:00:00Z" changeset="1" uid="1" user="generator"/>
  <node id="4786" lat="43.1596525070" lon="-95.1370250894" version="1" timestamp="2026-09-02T12:00:00Z" changeset="1" uid="1" user="generator"/>
  <node id="4787" lat="43.1594275067" lon="-95.1370250894" version="1" timestamp="2026-09-02T12:00:00Z" changeset="1" uid="1" user="generator"/>
  <node id="4788" lat="43.1594275067" lon="-95.1489042054" version="1" timestamp="2026-09-02T12:00:00Z" changeset="1" uid="1" user="generator"/>
  <node id="4789" lat="43.1596525070" lon="-95.1275224949" version="1" timestamp="2026-09-02T12:00:00Z" changeset="1" uid="1" user="generator"/>
  <node id="4790" lat="43.1596525070" lon="-95.1205068468" version="1" timestamp="2026-09-02T12:00:00Z" changeset="1" uid="1" user="generator"/>
  <node id="4791" lat="43.1594275067" lon="-95.1205068468" version="1" timestamp="2026-09-02T12:00:00Z" changeset="1" uid="1" user="generator"/>
  <node id="4792" lat="43.1594275067" lon="-95.1275224949" version="1" timestamp="2026-09-02T12:00:00Z" changeset="1" uid="1" user="generator"/>
  <node id="4793" lat="43.1322643276" lon="-95.1622790072" version="1" timestamp="2026-09-02T12:00:00Z" changeset="1" uid="1" user="generator"/>
  <node id="4794" lat="43.1322643276" lon="-95.1490876552" version="1" timestamp="2026-09-02T12:00:00Z" changeset="1" uid="1" user="generator"/>
  <node id="4795" lat="43.1324893278" lon="-95.1490876552" version="1" timestamp="2026-09-02T12:00:00Z" changeset="1" uid="1" user="generator"/>
  <node id="4796" lat="43.1324893278" lon="-95.1622790072" version="1" timestamp="2026-09-02T12:00:00Z" changeset="1" uid="1" user="generator"/>
  <node id="4797" lat="43.1322643276" lon="-95.1289525079" version="1" timestamp="2026-09-02T12:00:00Z" changeset="1" uid="1" user="generator"/>
  <node id="4798" lat="43.1322643276" lon="-95.1200010893" version="1" timestamp="2026-09-02T12:00:00Z" changeset="1" uid="1" user="generator"/>
  <node id="4799" lat="43.1324893278" lon="-95.1200010893" version="1" timestamp="2026-09-02T12:00:00Z" changeset="1" uid="1" user="generator"/>
  <node id="4800" lat="43.1324893278" lon="-95.1289525079" version="1" timestamp="2026-09-02T12:00:00Z" changeset="1" uid="1" user="generator"/>
  <node id="4801" lat="43.1320123273" lon="-95.1521908707" version="1" timestamp="2026-09-02T12:00:00Z" changeset="1" uid="1" user="generator"/>
  <node id="4802" lat="43.1320123273" lon="-95.1454828514" version="1" timestamp="2026-09-02T12:00:00Z" changeset="1" uid="1" user="generator"/>
  <node id="4803" lat="43.1317873271" lon="-95.1454828514" version="1" timestamp="2026-09-02T12:00:00Z" changeset="1" uid="1" user="generator"/>
  <node id="4804" lat="43.1317873271" lon="-95.1521908707" version="1" timestamp="2026-09-02T12:00:00Z" changeset="1" uid="1" user="generator"/>
  <node id="4805" lat="43.1320123273" lon="-95.1386591522" version="1" timestamp="2026-09-02T12:00:00Z" changeset="1" uid="1" user="generator"/>
  <node id="4806" lat="43.1320123273" lon="-95.1297474160" version="1" timestamp="2026-09-02T12:00:00Z" changeset="1" uid="1" user="generator"/>
  <node id="4807" lat="43.1317873271" lon="-95.1297474160" version="1" timestamp="2026-09-02T12:00:00Z" changeset="1" uid="1" user="generator"/>
  <node id="4808" lat="43.1317873271" lon="-95.1386591522" version="1" timestamp="2026-09-02T12:00:00Z" changeset="1" uid="1" user="generator"/>
  <node id="4809" lat="43.1554573598" lon="-95.1609568289" version="1" timestamp="2026-09-02T12:00:00Z" changeset="1" uid="1" user="generator"/>
  <node id="4810" lat="43.1554573598" lon="-95.1606484477" version="1" timestamp="2026-09-02T12:00:00Z" changeset="1" uid="1" user="generator"/>
  <node id="4811" lat="43.1499448633" lon="-95.1606484477" version="1" timestamp="2026-09-02T12:00:00Z" changeset="1" uid="1" user="generator"/>
  <node id="4812" lat="43.1499448633" lon="-95.1609568289" version="1" timestamp="2026-09-02T12:00:00Z" changeset="1" uid="1" user="generator"/>
  <node id="4813" lat="43.1592114525" lon="-95.1495502147" version="1" timestamp="2026-09-02T12:00:00Z" changeset="1" uid="1" user="generator"/>
  <node id="4814" lat="43.1592114525" lon="-95.1492418335" version="1" timestamp="2026-09-02T12:00:00Z" changeset="1" uid="1" user="generator"/>
  <node id="4815" lat="43.1530047583" lon="-95.1492418335" version="1" timestamp="2026-09-02T12:00:00Z" changeset="1" uid="1" user="generator"/>
  <node id="4816" lat="43.1530047583" lon="-95.1495502147" version="1" timestamp="2026-09-02T12:00:00Z" changeset="1" uid="1" user="generator"/>
  <node id="4817" lat="43.1592114525" lon="-95.1440559099" version="1" timestamp="2026-09-02T12:00:00Z" changeset="1" uid="1" user="generator"/>
  <node id="4818" lat="43.1592114525" lon="-95.1437475286" version="1" timestamp="2026-09-02T12:00:00Z" changeset="1" uid="1" user="generator"/>
  <node id="4819" lat="43.1437770671" lon="-95.1437475286" version="1" timestamp="2026-09-02T12:00:00Z" changeset="1" uid="1" user="generator"/>
  <node id="4820" lat="43.1437770671" lon="-95.1440559099" version="1" timestamp="2026-09-02T12:00:00Z" changeset="1" uid="1" user="generator"/>
  <node id="4821" lat="43.1592115065" lon="-95.1395291696" version="1" timestamp="2026-09-02T12:00:00Z" changeset="1" uid="1" user="generator"/>
  <node id="4822" lat="43.1592115065" lon="-95.1392207884" version="1" timestamp="2026-09-02T12:00:00Z" changeset="1" uid="1" user="generator"/>
  <node id="4823" lat="43.1439580213" lon="-95.1392207884" version="1" timestamp="2026-09-02T12:00:00Z" changeset="1" uid="1" user="generator"/>
  <node id="4824" lat="43.1439580213" lon="-95.1395291696" version="1" timestamp="2026-09-02T12:00:00Z" changeset="1" uid="1" user="generator"/>
  <node id="4825" lat="43.1592324315" lon="-95.1373041744" version="1" timestamp="2026-09-02T12:00:00Z" changeset="1" uid="1" user="generator"/>
  <node id="4826" lat="43.1592324315" lon="-95.1369957932" version="1" timestamp="2026-09-02T12:00:00Z" changeset="1" uid="1" user="generator"/>
  <node id="4827" lat="43.1470513514" lon="-95.1369957932" version="1" timestamp="2026-09-02T12:00:00Z" changeset="1" uid="1" user="generator"/>
  <node id="4828" lat="43.1470513514" lon="-95.1373041744" version="1" timestamp="2026-09-02T12:00:00Z" changeset="1" uid="1" user="generator"/>
  <node id="4829" lat="43.1449366282" lon="-95.1290951157" version="1" timestamp="2026-09-02T12:00:00Z" changeset="1" uid="1" user="generator"/>
  <node id="4830" lat="43.1449366282" lon="-95.1287867345" version="1" timestamp="2026-09-02T12:00:00Z" changeset="1" uid="1" user="generator"/>
  <node id="4831" lat="43.1333781147" lon="-95.1287867345" version="1" timestamp="2026-09-02T12:00:00Z" changeset="1" uid="1" user="generator"/>
  <node id="4832" lat="43.1333781147" lon="-95.1290951157" version="1" timestamp="2026-09-02T12:00:00Z" changeset="1" uid="1" user="generator"/>
  <node id="4833" lat="43.1485922159" lon="-95.1260474211" version="1" timestamp="2026-09-02T12:00:00Z" changeset="1" uid="1" user="generator"/>
  <node id="4834" lat="43.1485922159" lon="-95.1257390399" version="1" timestamp="2026-09-02T12:00:00Z" changeset="1" uid="1" user="generator"/>
  <node id="4835" lat="43.1327053280" lon="-95.1257390399" version="1" timestamp="2026-09-02T12:00:00Z" changeset="1" uid="1" user="generator"/>
  <node id="4836" lat="43.1327053280" lon="-95.1260474211" version="1" timestamp="2026-09-02T12:00:00Z" changeset="1" uid="1" user="generator"/>
  <node id="4837" lat="43.1488155871" lon="-95.1231136796" version="1" timestamp="2026-09-02T12:00:00Z" changeset="1" uid="1" user="generator"/>
  <node id="4838" lat="43.1488155871" lon="-95.1228052984" version="1" timestamp="2026-09-02T12:00:00Z" changeset="1" uid="1" user="generator"/>
  <node id="4839" lat="43.1327053280" lon="-95.1228052984" version="1" timestamp="2026-09-02T12:00:00Z" changeset="1" uid="1" user="generator"/>
  <node id="4840" lat="43.1327053280" lon="-95.1231136796" version="1" timestamp="2026-09-02T12:00:00Z" changeset="1" uid="1" user="generator"/>
  <node id="4841" lat="43.1515731809" lon="-95.1695024426" version="1" timestamp="2026-09-02T12:00:00Z" changeset="1" uid="1" user="generator"/>
  <node id="4842" lat="43.1515731809" lon="-95.1609691765" version="1" timestamp="2026-09-02T12:00:00Z" changeset="1" uid="1" user="generator"/>
  <node id="4843" lat="43.1513481807" lon="-95.1609691765" version="1" timestamp="2026-09-02T12:00:00Z" changeset="1" uid="1" user="generator"/>
  <node id="4844" lat="43.1513481807" lon="-95.1695024426" version="1" timestamp="2026-09-02T12:00:00Z" changeset="1" uid="1" user="generator"/>
  <node id="4845" lat="43.1389963433" lon="-95.1690353067" version="1" timestamp="2026-09-02T12:00:00Z" changeset="1" uid="1" user="generator"/>
  <node id="4846" lat="43.1389963433" lon="-95.1585549093" version="1" timestamp="2026-09-02T12:00:00Z" changeset="1" uid="1" user="generator"/>
  <node id="4847" lat="43.1387713431" lon="-95.1585549093" version="1" timestamp="2026-09-02T12:00:00Z" changeset="1" uid="1" user="generator"/>
  <node id="4848" lat="43.1387713431" lon="-95.1690353067" version="1" timestamp="2026-09-02T12:00:00Z" changeset="1" uid="1" user="generator"/>
  <node id="4849" lat="43.1389963433" lon="-95.1366667381" version="1" timestamp="2026-09-02T12:00:00Z" changeset="1" uid="1" user="generator"/>
  <node id="4850" lat="43.1389963433" lon="-95.1291723467" version="1" timestamp="2026-09-02T12:00:00Z" changeset="1" uid="1" user="generator"/>
  <node id="4851" lat="43.1387713431" lon="-95.1291723467" version="1" timestamp="2026-09-02T12:00:00Z" changeset="1" uid="1" user="generator"/>
  <node id="4852" lat="43.1387713431" lon="-95.1366667381" version="1" timestamp="2026-09-02T12:00:00Z" changeset="1" uid="1" user="generator"/>
  <node id="4853" lat="43.1362341865" lon="-95.1695311714" version="1" timestamp="2026-09-02T12:00:00Z" changeset="1" uid="1" user="generator"/>
  <node id="4854" lat="43.1362341865" lon="-95.1588777351" version="1" timestamp="2026-09-02T12:00:00Z" changeset="1" uid="1" user="generator"/>
  <node id="4855" lat="43.1360091863" lon="-95.1588777351" version="1" timestamp="2026-09-02T12:00:00Z" changeset="1" uid="1" user="generator"/>
  <node id="4856" lat="43.1360091863" lon="-95.1695311714" version="1" timestamp="2026-09-02T12:00:00Z" changeset="1" uid="1" user="generator"/>
  <node id="4857" lat="43.1362341865" lon="-95.1455967304" version="1" timestamp="2026-09-02T12:00:00Z" changeset="1" uid="1" user="generator"/>
  <node id="4858" lat="43.1362341865" lon="-95.1291723467" version="1" timestamp="2026-09-02T12:00:00Z" changeset="1" uid="1" user="generator"/>
  <node id="4859" lat="43.1360091863" lon="-95.1291723467" version="1" timestamp="2026-09-02T12:00:00Z" changeset="1" uid="1" user="generator"/>
  <node id="4860" lat="43.1360091863" lon="-95.1455967304" version="1" timestamp="2026-09-02T12:00:00Z" changeset="1" uid="1" user="generator"/>
  <node id="4861" lat="43.1597785071" lon="-95.1703412395" version="1" timestamp="2026-09-02T12:00:00Z" changeset="1" uid="1" user="generator"/>
  <node id="4862" lat="43.1597785071" lon="-95.1604942571" version="1" timestamp="2026-09-02T12:00:00Z" changeset="1" uid="1" user="generator"/>
  <node id="4863" lat="43.1597785071" lon="-95.1532861421" version="1" timestamp="2026-09-02T12:00:00Z" changeset="1" uid="1" user="generator"/>
  <node id="4864" lat="43.1597785071" lon="-95.1490876429" version="1" timestamp="2026-09-02T12:00:00Z" changeset="1" uid="1" user="generator"/>
  <node id="4865" lat="43.1597785071" lon="-95.1458472964" version="1" timestamp="2026-09-02T12:00:00Z" changeset="1" uid="1" user="generator"/>
  <node id="4866" lat="43.1597785071" lon="-95.1400218271" version="1" timestamp="2026-09-02T12:00:00Z" changeset="1" uid="1" user="generator"/>
  <node id="4867" lat="43.1597785071" lon="-95.1368416026" version="1" timestamp="2026-09-02T12:00:00Z" changeset="1" uid="1" user="generator"/>
  <node id="4868" lat="43.1597785071" lon="-95.1336613658" version="1" timestamp="2026-09-02T12:00:00Z" changeset="1" uid="1" user="generator"/>
  <node id="4869" lat="43.1597785071" lon="-95.1304811289" version="1" timestamp="2026-09-02T12:00:00Z" changeset="1" uid="1" user="generator"/>
  <node id="4870" lat="43.1597785071" lon="-95.1277075359" version="1" timestamp="2026-09-02T12:00:00Z" changeset="1" uid="1" user="generator"/>
  <node id="4871" lat="43.1597785071" lon="-95.1275225072" version="1" timestamp="2026-09-02T12:00:00Z" changeset="1" uid="1" user="generator"/>
  <node id="4872" lat="43.1597785071" lon="-95.1250554574" version="1" timestamp="2026-09-02T12:00:00Z" changeset="1" uid="1" user="generator"/>
  <node id="4873" lat="43.1597785071" lon="-95.1236534084" version="1" timestamp="2026-09-02T12:00:00Z" changeset="1" uid="1" user="generator"/>
  <node id="4874" lat="43.1597785071" lon="-95.1235739077" version="1" timestamp="2026-09-02T12:00:00Z" changeset="1" uid="1" user="generator"/>
  <node id="4875" lat="43.1597785071" lon="-95.1231763797" version="1" timestamp="2026-09-02T12:00:00Z" changeset="1" uid="1" user="generator"/>
  <node id="4876" lat="43.1597785071" lon="-95.1198160975" version="1" timestamp="2026-09-02T12:00:00Z" changeset="1" uid="1" user="generator"/>
  <node id="4877" lat="43.1321383274" lon="-95.1703412395" version="1" timestamp="2026-09-02T12:00:00Z" changeset="1" uid="1" user="generator"/>
  <node id="4878" lat="43.1321383274" lon="-95.1604942571" version="1" timestamp="2026-09-02T12:00:00Z" changeset="1" uid="1" user="generator"/>
  <node id="4879" lat="43.1321383274" lon="-95.1532861421" version="1" timestamp="2026-09-02T12:00:00Z" changeset="1" uid="1" user="generator"/>
  <node id="4880" lat="43.1321383274" lon="-95.1490876429" version="1" timestamp="2026-09-02T12:00:00Z" changeset="1" uid="1" user="generator"/>
  <node id="4881" lat="43.1321383274" lon="-95.1488888727" version="1" timestamp="2026-09-02T12:00:00Z" changeset="1" uid="1" user="generator"/>
  <node id="4882" lat="43.1321383274" lon="-95.1458472964" version="1" timestamp="2026-09-02T12:00:00Z" changeset="1" uid="1" user="generator"/>
  <node id="4883" lat="43.1321383274" lon="-95.1400218271" version="1" timestamp="2026-09-02T12:00:00Z" changeset="1" uid="1" user="generator"/>
  <node id="4884" lat="43.1321383274" lon="-95.1368416026" version="1" timestamp="2026-09-02T12:00:00Z" changeset="1" uid="1" user="generator"/>
  <node id="4885" lat="43.1321383274" lon="-95.1336613658" version="1" timestamp="2026-09-02T12:00:00Z" changeset="1" uid="1" user="generator"/>
  <node id="4886" lat="43.1321383274" lon="-95.1304811289" version="1" timestamp="2026-09-02T12:00:00Z" changeset="1" uid="1" user="generator"/>
  <node id="4887" lat="43.1321383274" lon="-95.1238164064" version="1" timestamp="2026-09-02T12:00:00Z" changeset="1" uid="1" user="generator"/>
  <node id="4888" lat="43.1321383274" lon="-95.1211429262" version="1" timestamp="2026-09-02T12:00:00Z" changeset="1" uid="1" user="generator"/>
  <node id="4889" lat="43.1321383274" lon="-95.1198160975" version="1" timestamp="2026-09-02T12:00:00Z" changeset="1" uid="1" user="generator"/>
  <node id="4890" lat="43.1596435070" lon="-95.1277075359" version="1" timestamp="2026-09-02T12:00:00Z" changeset="1" uid="1" user="generator"/>
  <node id="4891" lat="43.1573935047" lon="-95.1277075359" version="1" timestamp="2026-09-02T12:00:00Z" changeset="1" uid="1" user="generator"/>
  <node id="4892" lat="43.1551435025" lon="-95.1277075359" version="1" timestamp="2026-09-02T12:00:00Z" changeset="1" uid="1" user="generator"/>
  <node id="4893" lat="43.1529376812" lon="-95.1277075359" version="1" timestamp="2026-09-02T12:00:00Z" changeset="1" uid="1" user="generator"/>
  <node id="4894" lat="43.1527073710" lon="-95.1277075359" version="1" timestamp="2026-09-02T12:00:00Z" changeset="1" uid="1" user="generator"/>
  <node id="4895" lat="43.1525248958" lon="-95.1277075359" version="1" timestamp="2026-09-02T12:00:00Z" changeset="1" uid="1" user="generator"/>
  <node id="4896" lat="43.1524324927" lon="-95.1277234484" version="1" timestamp="2026-09-02T12:00:00Z" changeset="1" uid="1" user="generator"/>
  <node id="4897" lat="43.1523462637" lon="-95.1277710625" version="1" timestamp="2026-09-02T12:00:00Z" changeset="1" uid="1" user="generator"/>
  <node id="4898" lat="43.1522661996" lon="-95.1278491199" version="1" timestamp="2026-09-02T12:00:00Z" changeset="1" uid="1" user="generator"/>
  <node id="4899" lat="43.1521923095" lon="-95.1279525016" version="1" timestamp="2026-09-02T12:00:00Z" changeset="1" uid="1" user="generator"/>
  <node id="4900" lat="43.1521245934" lon="-95.1280679349" version="1" timestamp="2026-09-02T12:00:00Z" changeset="1" uid="1" user="generator"/>
  <node id="4901" lat="43.1520630514" lon="-95.1281745978" version="1" timestamp="2026-09-02T12:00:00Z" changeset="1" uid="1" user="generator"/>
  <node id="4902" lat="43.1520076743" lon="-95.1282593903" version="1" timestamp="2026-09-02T12:00:00Z" changeset="1" uid="1" user="generator"/>
  <node id="4903" lat="43.1519584623" lon="-95.1283373367" version="1" timestamp="2026-09-02T12:00:00Z" changeset="1" uid="1" user="generator"/>
  <node id="4904" lat="43.1519154332" lon="-95.1284246826" version="1" timestamp="2026-09-02T12:00:00Z" changeset="1" uid="1" user="generator"/>
  <node id="4905" lat="43.1518785692" lon="-95.1285223038" version="1" timestamp="2026-09-02T12:00:00Z" changeset="1" uid="1" user="generator"/>
  <node id="4906" lat="43.1512346635" lon="-95.1304811289" version="1" timestamp="2026-09-02T12:00:00Z" changeset="1" uid="1" user="generator"/>
  <node id="4907" lat="43.1504387297" lon="-95.1329024519" version="1" timestamp="2026-09-02T12:00:00Z" changeset="1" uid="1" user="generator"/>
  <node id="4908" lat="43.1504058887" lon="-95.1329889590" version="1" timestamp="2026-09-02T12:00:00Z" changeset="1" uid="1" user="generator"/>
  <node id="4909" lat="43.1503667387" lon="-95.1330677936" version="1" timestamp="2026-09-02T12:00:00Z" changeset="1" uid="1" user="generator"/>
  <node id="4910" lat="43.1503212976" lon="-95.1331389557" version="1" timestamp="2026-09-02T12:00:00Z" changeset="1" uid="1" user="generator"/>
  <node id="4911" lat="43.1502695476" lon="-95.1332024452" version="1" timestamp="2026-09-02T12:00:00Z" changeset="1" uid="1" user="generator"/>
  <node id="4912" lat="43.1502115065" lon="-95.1332582622" version="1" timestamp="2026-09-02T12:00:00Z" changeset="1" uid="1" user="generator"/>
  <node id="4913" lat="43.1501471655" lon="-95.1333064067" version="1" timestamp="2026-09-02T12:00:00Z" changeset="1" uid="1" user="generator"/>
  <node id="4914" lat="43.1500765244" lon="-95.1333468786" version="1" timestamp="2026-09-02T12:00:00Z" changeset="1" uid="1" user="generator"/>
  <node id="4915" lat="43.1499995923" lon="-95.1333796780" version="1" timestamp="2026-09-02T12:00:00Z" changeset="1" uid="1" user="generator"/>
  <node id="4916" lat="43.1499433423" lon="-95.1334000189" version="1" timestamp="2026-09-02T12:00:00Z" changeset="1" uid="1" user="generator"/>
  <node id="4917" lat="43.1492206055" lon="-95.1336613658" version="1" timestamp="2026-09-02T12:00:00Z" changeset="1" uid="1" user="generator"/>
  <node id="4918" lat="43.1443297486" lon="-95.1354299444" version="1" timestamp="2026-09-02T12:00:00Z" changeset="1" uid="1" user="generator"/>
  <node id="4919" lat="43.1442745696" lon="-95.1354529003" version="1" timestamp="2026-09-02T12:00:00Z" changeset="1" uid="1" user="generator"/>
  <node id="4920" lat="43.1442212805" lon="-95.1354811727" version="1" timestamp="2026-09-02T12:00:00Z" changeset="1" uid="1" user="generator"/>
  <node id="4921" lat="43.1432100035" lon="-95.1360786675" version="1" timestamp="2026-09-02T12:00:00Z" changeset="1" uid="1" user="generator"/>
  <node id="4922" lat="43.1431416214" lon="-95.1361244683" version="1" timestamp="2026-09-02T12:00:00Z" changeset="1" uid="1" user="generator"/>
  <node id="4923" lat="43.1430796564" lon="-95.1361772878" version="1" timestamp="2026-09-02T12:00:00Z" changeset="1" uid="1" user="generator"/>
  <node id="4924" lat="43.1430240993" lon="-95.1362371137" version="1" timestamp="2026-09-02T12:00:00Z" changeset="1" uid="1" user="generator"/>
  <node id="4925" lat="43.1429749593" lon="-95.1363039585" version="1" timestamp="2026-09-02T12:00:00Z" changeset="1" uid="1" user="generator"/>
  <node id="4926" lat="43.1429322182" lon="-95.1363778219" version="1" timestamp="2026-09-02T12:00:00Z" changeset="1" uid="1" user="generator"/>
  <node id="4927" lat="43.1428958942" lon="-95.1364586918" version="1" timestamp="2026-09-02T12:00:00Z" changeset="1" uid="1" user="generator"/>
  <node id="4928" lat="43.1425405018" lon="-95.1373641361" version="1" timestamp="2026-09-02T12:00:00Z" changeset="1" uid="1" user="generator"/>
  <node id="4929" lat="43.1425149238" lon="-95.1374391961" version="1" timestamp="2026-09-02T12:00:00Z" changeset="1" uid="1" user="generator"/>
  <node id="4930" lat="43.1424961138" lon="-95.1375168465" version="1" timestamp="2026-09-02T12:00:00Z" changeset="1" uid="1" user="generator"/>
  <node id="4931" lat="43.1422499366" lon="-95.1387757203" version="1" timestamp="2026-09-02T12:00:00Z" changeset="1" uid="1" user="generator"/>
  <node id="4932" lat="43.1422301635" lon="-95.1388575523" version="1" timestamp="2026-09-02T12:00:00Z" changeset="1" uid="1" user="generator"/>
  <node id="4933" lat="43.1422037575" lon="-95.1389348326" version="1" timestamp="2026-09-02T12:00:00Z" changeset="1" uid="1" user="generator"/>
  <node id="4934" lat="43.1421707095" lon="-95.1390075859" version="1" timestamp="2026-09-02T12:00:00Z" changeset="1" uid="1" user="generator"/>
  <node id="4935" lat="43.1421310194" lon="-95.1390758122" version="1" timestamp="2026-09-02T12:00:00Z" changeset="1" uid="1" user="generator"/>
  <node id="4936" lat="43.1420846784" lon="-95.1391394868" version="1" timestamp="2026-09-02T12:00:00Z" changeset="1" uid="1" user="generator"/>
  <node id="4937" lat="43.1420317043" lon="-95.1391986343" version="1" timestamp="2026-09-02T12:00:00Z" changeset="1" uid="1" user="generator"/>
  <node id="4938" lat="43.1412168705" lon="-95.1400218271" version="1" timestamp="2026-09-02T12:00:00Z" changeset="1" uid="1" user="generator"/>
  <node id="4939" lat="43.1388872092" lon="-95.1433272050" version="1" timestamp="2026-09-02T12:00:00Z" changeset="1" uid="1" user="generator"/>
  <node id="4940" lat="43.1380689464" lon="-95.1458472964" version="1" timestamp="2026-09-02T12:00:00Z" changeset="1" uid="1" user="generator"/>
  <node id="4941" lat="43.1361231804" lon="-95.1478731389" version="1" timestamp="2026-09-02T12:00:00Z" changeset="1" uid="1" user="generator"/>
  <node id="4942" lat="43.1353133776" lon="-95.1486912496" version="1" timestamp="2026-09-02T12:00:00Z" changeset="1" uid="1" user="generator"/>
  <node id="4943" lat="43.1352463726" lon="-95.1487516430" version="1" timestamp="2026-09-02T12:00:00Z" changeset="1" uid="1" user="generator"/>
  <node id="4944" lat="43.1351757765" lon="-95.1488010457" version="1" timestamp="2026-09-02T12:00:00Z" changeset="1" uid="1" user="generator"/>
  <node id="4945" lat="43.1351015894" lon="-95.1488394700" version="1" timestamp="2026-09-02T12:00:00Z" changeset="1" uid="1" user="generator"/>
  <node id="4946" lat="43.1350238023" lon="-95.1488669159" version="1" timestamp="2026-09-02T12:00:00Z" changeset="1" uid="1" user="generator"/>
  <node id="4947" lat="43.1349424243" lon="-95.1488833835" version="1" timestamp="2026-09-02T12:00:00Z" changeset="1" uid="1" user="generator"/>
  <node id="4948" lat="43.1348574462" lon="-95.1488888727" version="1" timestamp="2026-09-02T12:00:00Z" changeset="1" uid="1" user="generator"/>
  <node id="4949" lat="43.1333591427" lon="-95.1488888727" version="1" timestamp="2026-09-02T12:00:00Z" changeset="1" uid="1" user="generator"/>
  <node id="4950" lat="43.1639893593" lon="-95.1701562477" version="1" timestamp="2026-09-02T12:00:00Z" changeset="1" uid="1" user="generator"/>
  <node id="4951" lat="43.1639893593" lon="-95.1200011263" version="1" timestamp="2026-09-02T12:00:00Z" changeset="1" uid="1" user="generator"/>
  <node id="4952" lat="43.1609094842" lon="-95.1703412395" version="1" timestamp="2026-09-02T12:00:00Z" changeset="1" uid="1" user="generator"/>
  <node id="4953" lat="43.1609094842" lon="-95.1198160975" version="1" timestamp="2026-09-02T12:00:00Z" changeset="1" uid="1" user="generator"/>
  <node id="4954" lat="43.1597785071" lon="-95.1701562477" version="1" timestamp="2026-09-02T12:00:00Z" changeset="1" uid="1" user="generator"/>
  <node id="4955" lat="43.1597785071" lon="-95.1200011263" version="1" timestamp="2026-09-02T12:00:00Z" changeset="1" uid="1" user="generator"/>
  <node id="4956" lat="43.1639893593" lon="-95.1302214103" version="1" timestamp="2026-09-02T12:00:00Z" changeset="1" uid="1" user="generator"/>
  <node id="4957" lat="43.1628788572" lon="-95.1302214103" version="1" timestamp="2026-09-02T12:00:00Z" changeset="1" uid="1" user="generator"/>
  <node id="4958" lat="43.1622224055" lon="-95.1302214103" version="1" timestamp="2026-09-02T12:00:00Z" changeset="1" uid="1" user="generator"/>
  <node id="4959" lat="43.1615659449" lon="-95.1302214103" version="1" timestamp="2026-09-02T12:00:00Z" changeset="1" uid="1" user="generator"/>
  <node id="4960" lat="43.1609094842" lon="-95.1302214103" version="1" timestamp="2026-09-02T12:00:00Z" changeset="1" uid="1" user="generator"/>
  <node id="4961" lat="43.1609094842" lon="-95.1568371765" version="1" timestamp="2026-09-02T12:00:00Z" changeset="1" uid="1" user="generator"/>
  <node id="4962" lat="43.1597785071" lon="-95.1568371765" version="1" timestamp="2026-09-02T12:00:00Z" changeset="1" uid="1" user="generator"/>
  <node id="4963" lat="43.1609094842" lon="-95.1241461276" version="1" timestamp="2026-09-02T12:00:00Z" changeset="1" uid="1" user="generator"/>
  <node id="4964" lat="43.1597785071" lon="-95.1241461276" version="1" timestamp="2026-09-02T12:00:00Z" changeset="1" uid="1" user="generator"/>
  <node id="4965" lat="43.1296993250" lon="-95.1576571499" version="1" timestamp="2026-09-02T12:00:00Z" changeset="1" uid="1" user="generator"/>
  <node id="4966" lat="43.1296993250" lon="-95.1488038951" version="1" timestamp="2026-09-02T12:00:00Z" changeset="1" uid="1" user="generator"/>
  <node id="4967" lat="43.1321383274" lon="-95.1576571499" version="1" timestamp="2026-09-02T12:00:00Z" changeset="1" uid="1" user="generator"/>
  <node id="4968" lat="43.1273953227" lon="-95.1576571499" version="1" timestamp="2026-09-02T12:00:00Z" changeset="1" uid="1" user="generator"/>
  <node id="4969" lat="43.1321383274" lon="-95.1553411699" version="1" timestamp="2026-09-02T12:00:00Z" changeset="1" uid="1" user="generator"/>
  <node id="4970" lat="43.1273953227" lon="-95.1553411699" version="1" timestamp="2026-09-02T12:00:00Z" changeset="1" uid="1" user="generator"/>
  <node id="4971" lat="43.1321383274" lon="-95.1423496736" version="1" timestamp="2026-09-02T12:00:00Z" changeset="1" uid="1" user="generator"/>
  <node id="4972" lat="43.1273953227" lon="-95.1423496736" version="1" timestamp="2026-09-02T12:00:00Z" changeset="1" uid="1" user="generator"/>
  <node id="4973" lat="43.1321383274" lon="-95.1388133428" version="1" timestamp="2026-09-02T12:00:00Z" changeset="1" uid="1" user="generator"/>
  <node id="4974" lat="43.1273953227" lon="-95.1388133428" version="1" timestamp="2026-09-02T12:00:00Z" changeset="1" uid="1" user="generator"/>
  <node id="4975" lat="43.1527073710" lon="-95.1604942571" version="1" timestamp="2026-09-02T12:00:00Z" changeset="1" uid="1" user="generator"/>
  <node id="4976" lat="43.1499433423" lon="-95.1604942571" version="1" timestamp="2026-09-02T12:00:00Z" changeset="1" uid="1" user="generator"/>
  <node id="4977" lat="43.1527073710" lon="-95.1532861421" version="1" timestamp="2026-09-02T12:00:00Z" changeset="1" uid="1" user="generator"/>
  <node id="4978" lat="43.1499433423" lon="-95.1532861421" version="1" timestamp="2026-09-02T12:00:00Z" changeset="1" uid="1" user="generator"/>
  <node id="4979" lat="43.1527073710" lon="-95.1490876429" version="1" timestamp="2026-09-02T12:00:00Z" changeset="1" uid="1" user="generator"/>
  <node id="4980" lat="43.1499433423" lon="-95.1490876429" version="1" timestamp="2026-09-02T12:00:00Z" changeset="1" uid="1" user="generator"/>
  <node id="4981" lat="43.1471793135" lon="-95.1490876429" version="1" timestamp="2026-09-02T12:00:00Z" changeset="1" uid="1" user="generator"/>
  <node id="4982" lat="43.1527073710" lon="-95.1368416026" version="1" timestamp="2026-09-02T12:00:00Z" changeset="1" uid="1" user="generator"/>
  <node id="4983" lat="43.1499433423" lon="-95.1368416026" version="1" timestamp="2026-09-02T12:00:00Z" changeset="1" uid="1" user="generator"/>
  <node id="4984" lat="43.1471793135" lon="-95.1368416026" version="1" timestamp="2026-09-02T12:00:00Z" changeset="1" uid="1" user="generator"/>
  <node id="4985" lat="43.1444152757" lon="-95.1368416026" version="1" timestamp="2026-09-02T12:00:00Z" changeset="1" uid="1" user="generator"/>
  <node id="4986" lat="43.1527073710" lon="-95.1336613658" version="1" timestamp="2026-09-02T12:00:00Z" changeset="1" uid="1" user="generator"/>
  <node id="4987" lat="43.1499433423" lon="-95.1336613658" version="1" timestamp="2026-09-02T12:00:00Z" changeset="1" uid="1" user="generator"/>
  <node id="4988" lat="43.1597782641" lon="-95.1649840409" version="1" timestamp="2026-09-02T12:00:00Z" changeset="1" uid="1" user="generator"/>
  <node id="4989" lat="43.1564842608" lon="-95.1649840409" version="1" timestamp="2026-09-02T12:00:00Z" changeset="1" uid="1" user="generator"/>
  <node id="4990" lat="43.1597782641" lon="-95.1635038111" version="1" timestamp="2026-09-02T12:00:00Z" changeset="1" uid="1" user="generator"/>
  <node id="4991" lat="43.1564842608" lon="-95.1635038111" version="1" timestamp="2026-09-02T12:00:00Z" changeset="1" uid="1" user="generator"/>
  <node id="4992" lat="43.1597782641" lon="-95.1620235812" version="1" timestamp="2026-09-02T12:00:00Z" changeset="1" uid="1" user="generator"/>
  <node id="4993" lat="43.1564842608" lon="-95.1620235812" version="1" timestamp="2026-09-02T12:00:00Z" changeset="1" uid="1" user="generator"/>
  <node id="4994" lat="43.1586442630" lon="-95.1664642708" version="1" timestamp="2026-09-02T12:00:00Z" changeset="1" uid="1" user="generator"/>
  <node id="4995" lat="43.1586442630" lon="-95.1604940104" version="1" timestamp="2026-09-02T12:00:00Z" changeset="1" uid="1" user="generator"/>
  <node id="4996" lat="43.1575642619" lon="-95.1664642708" version="1" timestamp="2026-09-02T12:00:00Z" changeset="1" uid="1" user="generator"/>
  <node id="4997" lat="43.1575642619" lon="-95.1604940104" version="1" timestamp="2026-09-02T12:00:00Z" changeset="1" uid="1" user="generator"/>
  <node id="4998" lat="43.1564842608" lon="-95.1664642708" version="1" timestamp="2026-09-02T12:00:00Z" changeset="1" uid="1" user="generator"/>
  <node id="4999" lat="43.1564842608" lon="-95.1604940104" version="1" timestamp="2026-09-02T12:00:00Z" changeset="1" uid="1" user="generator"/>
  <node id="5000" lat="43.1321383364" lon="-95.1686354843" version="1" timestamp="2026-09-02T12:00:00Z" changeset="1" uid="1" user="generator"/>
  <node id="5001" lat="43.1310583354" lon="-95.1686354843" version="1" timestamp="2026-09-02T12:00:00Z" changeset="1" uid="1" user="generator"/>
  <node id="5002" lat="43.1299783343" lon="-95.1686354843" version="1" timestamp="2026-09-02T12:00:00Z" changeset="1" uid="1" user="generator"/>
  <node id="5003" lat="43.1288983332" lon="-95.1686354843" version="1" timestamp="2026-09-02T12:00:00Z" changeset="1" uid="1" user="generator"/>
  <node id="5004" lat="43.1321383364" lon="-95.1671550447" version="1" timestamp="2026-09-02T12:00:00Z" changeset="1" uid="1" user="generator"/>
  <node id="5005" lat="43.1310583354" lon="-95.1671550447" version="1" timestamp="2026-09-02T12:00:00Z" changeset="1" uid="1" user="generator"/>
  <node id="5006" lat="43.1299783343" lon="-95.1671550447" version="1" timestamp="2026-09-02T12:00:00Z" changeset="1" uid="1" user="generator"/>
  <node id="5007" lat="43.1288983332" lon="-95.1671550447" version="1" timestamp="2026-09-02T12:00:00Z" changeset="1" uid="1" user="generator"/>
  <node id="5008" lat="43.1321383364" lon="-95.1656748149" version="1" timestamp="2026-09-02T12:00:00Z" changeset="1" uid="1" user="generator"/>
  <node id="5009" lat="43.1310583354" lon="-95.1656748149" version="1" timestamp="2026-09-02T12:00:00Z" changeset="1" uid="1" user="generator"/>
  <node id="5010" lat="43.1299783343" lon="-95.1656748149" version="1" timestamp="2026-09-02T12:00:00Z" changeset="1" uid="1" user="generator"/>
  <node id="5011" lat="43.1288983332" lon="-95.1656748149" version="1" timestamp="2026-09-02T12:00:00Z" changeset="1" uid="1" user="generator"/>
  <node id="5012" lat="43.1321383364" lon="-95.1641945850" version="1" timestamp="2026-09-02T12:00:00Z" changeset="1" uid="1" user="generator"/>
  <node id="5013" lat="43.1310583354" lon="-95.1641945850" version="1" timestamp="2026-09-02T12:00:00Z" changeset="1" uid="1" user="generator"/>
  <node id="5014" lat="43.1299783343" lon="-95.1641945850" version="1" timestamp="2026-09-02T12:00:00Z" changeset="1" uid="1" user="generator"/>
  <node id="5015" lat="43.1288983332" lon="-95.1641945850" version="1" timestamp="2026-09-02T12:00:00Z" changeset="1" uid="1" user="generator"/>
  <node id="5016" lat="43.1310583354" lon="-95.1627143552" version="1" timestamp="2026-09-02T12:00:00Z" changeset="1" uid="1" user="generator"/>
  <node id="5017" lat="43.1299783343" lon="-95.1627143552" version="1" timestamp="2026-09-02T12:00:00Z" changeset="1" uid="1" user="generator"/>
  <node id="5018" lat="43.1288983332" lon="-95.1627143552" version="1" timestamp="2026-09-02T12:00:00Z" changeset="1" uid="1" user="generator"/>
  <node id="5019" lat="43.1597782641" lon="-95.1664642708" version="1" timestamp="2026-09-02T12:00:00Z" changeset="1" uid="1" user="generator"/>
  <node id="5020" lat="43.1321383364" lon="-95.1627143552" version="1" timestamp="2026-09-02T12:00:00Z" changeset="1" uid="1" user="generator"/>
  <node id="5021" lat="43.1321383274" lon="-95.1686354843" version="1" timestamp="2026-09-02T12:00:00Z" changeset="1" uid="1" user="generator"/>
  <node id="5022" lat="43.1321383274" lon="-95.1671550447" version="1" timestamp="2026-09-02T12:00:00Z" changeset="1" uid="1" user="generator"/>
  <node id="5023" lat="43.1321383274" lon="-95.1656748149" version="1" timestamp="2026-09-02T12:00:00Z" changeset="1" uid="1" user="generator"/>
  <node id="5024" lat="43.1321383274" lon="-95.1641945850" version="1" timestamp="2026-09-02T12:00:00Z" changeset="1" uid="1" user="generator"/>
  <node id="5025" lat="43.1321383274" lon="-95.1627143552" version="1" timestamp="2026-09-02T12:00:00Z" changeset="1" uid="1" user="generator"/>
  <node id="5026" lat="43.1609094842" lon="-95.1701562477" version="1" timestamp="2026-09-02T12:00:00Z" changeset="1" uid="1" user="generator"/>
  <node id="5027" lat="43.1609094842" lon="-95.1200011263" version="1" timestamp="2026-09-02T12:00:00Z" changeset="1" uid="1" user="generator"/>
  <node id="5028" lat="43.1296993250" lon="-95.1553411699" version="1" timestamp="2026-09-02T12:00:00Z" changeset="1" uid="1" user="generator"/>
  <node id="5029" lat="43.1586442630" lon="-95.1604942571" version="1" timestamp="2026-09-02T12:00:00Z" changeset="1" uid="1" user="generator"/>
  <node id="5030" lat="43.1575642619" lon="-95.1604942571" version="1" timestamp="2026-09-02T12:00:00Z" changeset="1" uid="1" user="generator"/>
  <node id="5031" lat="43.1564842608" lon="-95.1604942571" version="1" timestamp="2026-09-02T12:00:00Z" changeset="1" uid="1" user="generator"/>
  <node id="5032" lat="43.1586442630" lon="-95.1649840409" version="1" timestamp="2026-09-02T12:00:00Z" changeset="1" uid="1" user="generator"/>
  <node id="5033" lat="43.1575642619" lon="-95.1649840409" version="1" timestamp="2026-09-02T12:00:00Z" changeset="1" uid="1" user="generator"/>
  <node id="5034" lat="43.1586442630" lon="-95.1635038111" version="1" timestamp="2026-09-02T12:00:00Z" changeset="1" uid="1" user="generator"/>
  <node id="5035" lat="43.1575642619" lon="-95.1635038111" version="1" timestamp="2026-09-02T12:00:00Z" changeset="1" uid="1" user="generator"/>
  <node id="5036" lat="43.1586442630" lon="-95.1620235812" version="1" timestamp="2026-09-02T12:00:00Z" changeset="1" uid="1" user="generator"/>
  <node id="5037" lat="43.1575642619" lon="-95.1620235812" version="1" timestamp="2026-09-02T12:00:00Z" changeset="1" uid="1" user="generator"/>
  <way id="1" version="1" timestamp="2026-09-02T12:00:00Z" changeset="1" uid="1" user="generator">
    <nd ref="1"/>
    <nd ref="2"/>
    <nd ref="3"/>
    <nd ref="4"/>
    <nd ref="5"/>
    <nd ref="6"/>
    <nd ref="7"/>
    <nd ref="8"/>
    <nd ref="9"/>
    <nd ref="10"/>
    <nd ref="11"/>
    <nd ref="12"/>
    <nd ref="13"/>
    <nd ref="14"/>
    <nd ref="15"/>
    <nd ref="16"/>
    <nd ref="17"/>
    <nd ref="18"/>
    <nd ref="19"/>
    <nd ref="20"/>
    <nd ref="21"/>
    <nd ref="22"/>
    <nd ref="23"/>
    <nd ref="24"/>
    <nd ref="25"/>
    <nd ref="26"/>
    <nd ref="27"/>
    <nd ref="28"/>
    <nd ref="29"/>
    <nd ref="30"/>
    <nd ref="31"/>
    <nd ref="32"/>
    <nd ref="33"/>
    <nd ref="34"/>
    <nd ref="35"/>
    <nd ref="36"/>
    <nd ref="37"/>
    <nd ref="38"/>
    <nd ref="39"/>
    <nd ref="40"/>
    <nd ref="41"/>
    <nd ref="42"/>
    <nd ref="43"/>
    <nd ref="44"/>
    <nd ref="45"/>
    <nd ref="46"/>
    <nd ref="47"/>
    <nd ref="48"/>
    <nd ref="49"/>
    <nd ref="50"/>
    <nd ref="51"/>
    <nd ref="52"/>
    <nd ref="53"/>
    <nd ref="54"/>
    <nd ref="55"/>
    <nd ref="56"/>
    <nd ref="57"/>
    <nd ref="58"/>
    <nd ref="59"/>
    <nd ref="60"/>
    <nd ref="61"/>
    <nd ref="62"/>
    <nd ref="63"/>
    <nd ref="64"/>
    <nd ref="65"/>
    <nd ref="66"/>
    <nd ref="67"/>
    <nd ref="68"/>
    <nd ref="69"/>
    <nd ref="70"/>
    <nd ref="71"/>
    <nd ref="72"/>
    <nd ref="73"/>
    <nd ref="74"/>
    <nd ref="75"/>
    <nd ref="76"/>
    <nd ref="77"/>
    <nd ref="78"/>
    <nd ref="79"/>
    <nd ref="80"/>
    <nd ref="81"/>
    <nd ref="82"/>
    <nd ref="83"/>
    <nd ref="84"/>
    <nd ref="85"/>
    <nd ref="86"/>
    <nd ref="87"/>
    <nd ref="88"/>
    <nd ref="89"/>
    <nd ref="90"/>
    <nd ref="91"/>
    <nd ref="92"/>
    <nd ref="93"/>
    <nd ref="94"/>
    <nd ref="95"/>
    <nd ref="96"/>
    <nd ref="97"/>
    <nd ref="98"/>
    <nd ref="99"/>
    <nd ref="100"/>
    <nd ref="101"/>
    <nd ref="102"/>
    <nd ref="103"/>
    <nd ref="104"/>
    <nd ref="105"/>
    <nd ref="106"/>
    <nd ref="107"/>
    <nd ref="108"/>
    <nd ref="109"/>
    <nd ref="110"/>
    <nd ref="111"/>
    <nd ref="112"/>
    <nd ref="113"/>
    <nd ref="114"/>
    <nd ref="115"/>
    <nd ref="116"/>
    <nd ref="117"/>
    <nd ref="118"/>
    <nd ref="119"/>
    <nd ref="120"/>
    <nd ref="121"/>
    <nd ref="122"/>
    <nd ref="123"/>
    <nd ref="124"/>
    <nd ref="125"/>
    <nd ref="126"/>
    <nd ref="127"/>
    <nd ref="128"/>
    <nd ref="129"/>
    <nd ref="130"/>
    <nd ref="131"/>
    <nd ref="132"/>
    <nd ref="133"/>
    <nd ref="134"/>
    <nd ref="135"/>
    <nd ref="136"/>
    <nd ref="137"/>
    <nd ref="138"/>
    <nd ref="139"/>
    <nd ref="140"/>
    <nd ref="141"/>
    <nd ref="142"/>
    <nd ref="143"/>
    <nd ref="144"/>
    <nd ref="145"/>
    <nd ref="146"/>
    <nd ref="147"/>
    <nd ref="148"/>
    <nd ref="149"/>
    <nd ref="150"/>
    <nd ref="151"/>
    <nd ref="152"/>
    <nd ref="153"/>
    <nd ref="154"/>
    <nd ref="155"/>
    <nd ref="156"/>
    <nd ref="157"/>
    <nd ref="158"/>
    <nd ref="159"/>
    <nd ref="160"/>
    <nd ref="161"/>
    <nd ref="162"/>
    <nd ref="163"/>
    <nd ref="164"/>
    <nd ref="165"/>
    <nd ref="166"/>
    <nd ref="167"/>
    <nd ref="168"/>
    <nd ref="169"/>
    <nd ref="170"/>
    <nd ref="171"/>
    <nd ref="172"/>
    <nd ref="173"/>
    <nd ref="174"/>
    <nd ref="175"/>
    <nd ref="176"/>
    <nd ref="177"/>
    <nd ref="178"/>
    <nd ref="179"/>
    <nd ref="180"/>
    <nd ref="181"/>
    <nd ref="182"/>
    <nd ref="183"/>
    <nd ref="184"/>
    <nd ref="185"/>
    <nd ref="186"/>
    <nd ref="187"/>
    <nd ref="188"/>
    <nd ref="189"/>
    <nd ref="190"/>
    <nd ref="191"/>
    <nd ref="192"/>
    <nd ref="193"/>
    <nd ref="194"/>
    <nd ref="195"/>
    <nd ref="196"/>
    <nd ref="197"/>
    <nd ref="198"/>
    <nd ref="199"/>
    <nd ref="200"/>
    <nd ref="201"/>
    <nd ref="202"/>
    <nd ref="203"/>
    <nd ref="204"/>
    <nd ref="205"/>
    <nd ref="206"/>
    <nd ref="207"/>
    <nd ref="208"/>
    <nd ref="209"/>
    <nd ref="210"/>
    <nd ref="211"/>
    <nd ref="212"/>
    <nd ref="213"/>
    <nd ref="214"/>
    <nd ref="215"/>
    <nd ref="216"/>
    <nd ref="217"/>
    <nd ref="218"/>
    <nd ref="219"/>
    <nd ref="220"/>
    <nd ref="221"/>
    <nd ref="222"/>
    <nd ref="223"/>
    <nd ref="224"/>
    <nd ref="225"/>
    <nd ref="226"/>
    <nd ref="227"/>
    <nd ref="228"/>
    <nd ref="229"/>
    <nd ref="230"/>
    <nd ref="231"/>
    <nd ref="232"/>
    <nd ref="233"/>
    <nd ref="234"/>
    <nd ref="235"/>
    <nd ref="236"/>
    <nd ref="237"/>
    <nd ref="238"/>
    <nd ref="239"/>
    <nd ref="240"/>
    <nd ref="241"/>
    <nd ref="242"/>
    <nd ref="243"/>
    <nd ref="244"/>
    <nd ref="245"/>
    <nd ref="246"/>
    <nd ref="247"/>
    <nd ref="248"/>
    <nd ref="249"/>
    <nd ref="250"/>
    <nd ref="251"/>
    <nd ref="252"/>
    <nd ref="253"/>
    <nd ref="254"/>
    <nd ref="255"/>
    <nd ref="256"/>
    <nd ref="257"/>
    <nd ref="258"/>
    <nd ref="259"/>
    <nd ref="260"/>
    <nd ref="261"/>
    <nd ref="262"/>
    <nd ref="263"/>
    <nd ref="264"/>
    <nd ref="265"/>
    <nd ref="266"/>
    <nd ref="267"/>
    <nd ref="268"/>
    <nd ref="269"/>
    <nd ref="270"/>
    <nd ref="271"/>
    <nd ref="272"/>
    <nd ref="273"/>
    <nd ref="274"/>
    <nd ref="275"/>
    <nd ref="276"/>
    <nd ref="277"/>
    <nd ref="278"/>
    <nd ref="279"/>
    <nd ref="280"/>
    <nd ref="281"/>
    <nd ref="282"/>
    <nd ref="283"/>
    <nd ref="284"/>
    <nd ref="285"/>
    <nd ref="286"/>
    <nd ref="287"/>
    <nd ref="288"/>
    <nd ref="289"/>
    <nd ref="290"/>
    <nd ref="291"/>
    <nd ref="292"/>
    <nd ref="293"/>
    <nd ref="294"/>
    <nd ref="295"/>
    <nd ref="296"/>
    <nd ref="297"/>
    <nd ref="298"/>
    <nd ref="299"/>
    <nd ref="300"/>
    <nd ref="301"/>
    <nd ref="302"/>
    <nd ref="303"/>
    <nd ref="304"/>
    <nd ref="305"/>
    <nd ref="306"/>
    <nd ref="307"/>
    <nd ref="308"/>
    <nd ref="309"/>
    <nd ref="310"/>
    <nd ref="311"/>
    <nd ref="312"/>
    <nd ref="313"/>
    <nd ref="314"/>
    <nd ref="315"/>
    <nd ref="316"/>
    <nd ref="317"/>
    <nd ref="318"/>
    <nd ref="319"/>
    <nd ref="320"/>
    <nd ref="321"/>
    <nd ref="322"/>
    <nd ref="323"/>
    <nd ref="324"/>
    <nd ref="325"/>
    <nd ref="326"/>
    <nd ref="327"/>
    <nd ref="328"/>
    <nd ref="329"/>
    <nd ref="330"/>
    <nd ref="331"/>
    <nd ref="332"/>
    <nd ref="333"/>
    <nd ref="334"/>
    <nd ref="335"/>
    <nd ref="336"/>
    <nd ref="337"/>
    <nd ref="338"/>
    <nd ref="339"/>
    <nd ref="340"/>
    <nd ref="341"/>
    <nd ref="342"/>
    <nd ref="343"/>
    <nd ref="344"/>
    <nd ref="345"/>
    <nd ref="346"/>
    <nd ref="347"/>
    <nd ref="348"/>
    <nd ref="349"/>
    <nd ref="350"/>
    <nd ref="351"/>
    <nd ref="352"/>
    <nd ref="353"/>
    <nd ref="354"/>
    <nd ref="355"/>
    <nd ref="356"/>
    <nd ref="357"/>
    <nd ref="358"/>
    <nd ref="359"/>
    <nd ref="360"/>
    <nd ref="361"/>
    <nd ref="362"/>
    <nd ref="363"/>
    <nd ref="364"/>
    <nd ref="365"/>
    <nd ref="366"/>
    <nd ref="367"/>
    <nd ref="368"/>
    <nd ref="369"/>
    <nd ref="370"/>
    <nd ref="371"/>
    <nd ref="372"/>
    <nd ref="373"/>
    <nd ref="374"/>
    <nd ref="375"/>
    <nd ref="376"/>
    <nd ref="377"/>
    <nd ref="378"/>
    <nd ref="379"/>
    <nd ref="380"/>
    <nd ref="381"/>
    <nd ref="382"/>
    <nd ref="383"/>
    <nd ref="384"/>
    <nd ref="385"/>
    <nd ref="386"/>
    <nd ref="387"/>
    <nd ref="388"/>
    <nd ref="389"/>
    <nd ref="390"/>
    <nd ref="391"/>
    <nd ref="392"/>
    <nd ref="393"/>
    <nd ref="394"/>
    <nd ref="395"/>
    <nd ref="396"/>
    <nd ref="397"/>
    <nd ref="398"/>
    <nd ref="399"/>
    <nd ref="400"/>
    <nd ref="401"/>
    <nd ref="402"/>
    <nd ref="403"/>
    <nd ref="404"/>
    <nd ref="405"/>
    <nd ref="406"/>
    <nd ref="407"/>
    <nd ref="408"/>
    <nd ref="409"/>
    <nd ref="410"/>
    <nd ref="411"/>
    <nd ref="412"/>
    <nd ref="413"/>
    <nd ref="414"/>
    <nd ref="415"/>
    <nd ref="416"/>
    <nd ref="417"/>
    <nd ref="418"/>
    <nd ref="419"/>
    <nd ref="420"/>
    <nd ref="421"/>
    <nd ref="422"/>
    <nd ref="423"/>
    <nd ref="424"/>
    <nd ref="425"/>
    <nd ref="426"/>
    <nd ref="427"/>
    <nd ref="428"/>
    <nd ref="429"/>
    <nd ref="430"/>
    <nd ref="431"/>
    <nd ref="432"/>
    <nd ref="433"/>
    <nd ref="434"/>
    <nd ref="435"/>
    <nd ref="436"/>
    <nd ref="437"/>
    <nd ref="438"/>
    <nd ref="439"/>
    <nd ref="440"/>
    <nd ref="441"/>
    <nd ref="442"/>
    <nd ref="443"/>
    <nd ref="444"/>
    <nd ref="445"/>
    <nd ref="446"/>
    <nd ref="447"/>
    <nd ref="448"/>
    <nd ref="449"/>
    <nd ref="450"/>
    <nd ref="451"/>
    <nd ref="452"/>
    <nd ref="453"/>
    <nd ref="454"/>
    <nd ref="455"/>
    <nd ref="456"/>
    <nd ref="457"/>
    <nd ref="458"/>
    <nd ref="459"/>
    <nd ref="460"/>
    <nd ref="461"/>
    <nd ref="462"/>
    <nd ref="463"/>
    <nd ref="464"/>
    <nd ref="465"/>
    <nd ref="466"/>
    <nd ref="467"/>
    <nd ref="468"/>
    <nd ref="469"/>
    <nd ref="470"/>
    <nd ref="471"/>
    <nd ref="472"/>
    <nd ref="473"/>
    <nd ref="474"/>
    <nd ref="475"/>
    <nd ref="476"/>
    <nd ref="477"/>
    <nd ref="478"/>
    <nd ref="479"/>
    <nd ref="480"/>
    <nd ref="481"/>
    <nd ref="482"/>
    <nd ref="483"/>
    <nd ref="484"/>
    <nd ref="485"/>
    <nd ref="486"/>
    <nd ref="487"/>
    <nd ref="488"/>
    <nd ref="489"/>
    <nd ref="490"/>
    <nd ref="491"/>
    <nd ref="492"/>
    <nd ref="493"/>
    <nd ref="494"/>
    <nd ref="495"/>
    <nd ref="496"/>
    <nd ref="497"/>
    <nd ref="498"/>
    <nd ref="499"/>
    <nd ref="500"/>
    <nd ref="501"/>
    <nd ref="502"/>
    <nd ref="503"/>
    <nd ref="504"/>
    <nd ref="505"/>
    <nd ref="506"/>
    <nd ref="507"/>
    <nd ref="508"/>
    <nd ref="509"/>
    <nd ref="510"/>
    <nd ref="511"/>
    <nd ref="512"/>
    <nd ref="513"/>
    <nd ref="514"/>
    <nd ref="515"/>
    <nd ref="516"/>
    <nd ref="517"/>
    <nd ref="518"/>
    <nd ref="519"/>
    <nd ref="520"/>
    <nd ref="521"/>
    <nd ref="522"/>
    <nd ref="523"/>
    <nd ref="524"/>
    <nd ref="525"/>
    <nd ref="526"/>
    <nd ref="527"/>
    <nd ref="528"/>
    <nd ref="529"/>
    <nd ref="530"/>
    <nd ref="531"/>
    <nd ref="532"/>
    <nd ref="533"/>
    <nd ref="534"/>
    <nd ref="535"/>
    <nd ref="536"/>
    <nd ref="537"/>
    <nd ref="538"/>
    <nd ref="539"/>
    <nd ref="540"/>
    <nd ref="541"/>
    <nd ref="542"/>
    <nd ref="543"/>
    <nd ref="544"/>
    <nd ref="545"/>
    <nd ref="546"/>
    <nd ref="547"/>
    <nd ref="548"/>
    <nd ref="549"/>
    <nd ref="550"/>
    <nd ref="551"/>
    <nd ref="552"/>
    <nd ref="553"/>
    <nd ref="554"/>
    <nd ref="555"/>
    <nd ref="556"/>
    <nd ref="557"/>
    <nd ref="558"/>
    <nd ref="559"/>
    <nd ref="560"/>
    <nd ref="561"/>
    <nd ref="562"/>
    <nd ref="563"/>
    <nd ref="564"/>
    <nd ref="565"/>
    <nd ref="566"/>
    <nd ref="567"/>
    <nd ref="568"/>
    <nd ref="569"/>
    <nd ref="570"/>
    <nd ref="571"/>
    <nd ref="572"/>
    <nd ref="573"/>
    <nd ref="574"/>
    <nd ref="575"/>
    <nd ref="576"/>
    <nd ref="577"/>
    <nd ref="578"/>
    <nd ref="579"/>
    <nd ref="580"/>
    <nd ref="581"/>
    <nd ref="582"/>
    <nd ref="583"/>
    <nd ref="584"/>
    <nd ref="585"/>
    <nd ref="586"/>
    <nd ref="587"/>
    <nd ref="588"/>
    <nd ref="589"/>
    <nd ref="590"/>
    <nd ref="591"/>
    <nd ref="592"/>
    <nd ref="593"/>
    <nd ref="594"/>
    <nd ref="595"/>
    <nd ref="596"/>
    <nd ref="597"/>
    <nd ref="598"/>
    <nd ref="599"/>
    <nd ref="600"/>
    <nd ref="601"/>
    <nd ref="602"/>
    <nd ref="603"/>
    <nd ref="604"/>
    <nd ref="605"/>
    <nd ref="606"/>
    <nd ref="607"/>
    <nd ref="608"/>
    <nd ref="609"/>
    <nd ref="610"/>
    <nd ref="611"/>
    <nd ref="612"/>
    <nd ref="613"/>
    <nd ref="614"/>
    <nd ref="615"/>
    <nd ref="616"/>
    <nd ref="617"/>
    <nd ref="618"/>
    <nd ref="619"/>
    <nd ref="620"/>
    <nd ref="621"/>
    <nd ref="622"/>
    <nd ref="622"/>
    <nd ref="623"/>
    <nd ref="623"/>
    <nd ref="624"/>
    <nd ref="625"/>
    <nd ref="626"/>
    <nd ref="627"/>
    <nd ref="628"/>
    <nd ref="629"/>
    <nd ref="630"/>
    <nd ref="631"/>
    <nd ref="632"/>
    <nd ref="633"/>
    <nd ref="634"/>
    <nd ref="635"/>
    <nd ref="636"/>
    <nd ref="637"/>
    <nd ref="637"/>
    <nd ref="638"/>
    <nd ref="638"/>
    <nd ref="639"/>
    <nd ref="640"/>
    <nd ref="640"/>
    <nd ref="641"/>
    <nd ref="642"/>
    <nd ref="643"/>
    <nd ref="644"/>
    <nd ref="645"/>
    <nd ref="646"/>
    <nd ref="646"/>
    <nd ref="647"/>
    <nd ref="648"/>
    <nd ref="648"/>
    <nd ref="649"/>
    <nd ref="650"/>
    <nd ref="651"/>
    <nd ref="652"/>
    <nd ref="653"/>
    <nd ref="654"/>
    <nd ref="655"/>
    <nd ref="656"/>
    <nd ref="657"/>
    <nd ref="658"/>
    <nd ref="659"/>
    <nd ref="660"/>
    <nd ref="661"/>
    <nd ref="662"/>
    <nd ref="663"/>
    <nd ref="664"/>
    <nd ref="665"/>
    <nd ref="666"/>
    <nd ref="667"/>
    <nd ref="668"/>
    <nd ref="669"/>
    <nd ref="670"/>
    <nd ref="671"/>
    <nd ref="672"/>
    <nd ref="673"/>
    <nd ref="674"/>
    <nd ref="675"/>
    <nd ref="675"/>
    <nd ref="676"/>
    <nd ref="677"/>
    <nd ref="678"/>
    <nd ref="679"/>
    <nd ref="680"/>
    <nd ref="681"/>
    <nd ref="682"/>
    <nd ref="683"/>
    <nd ref="684"/>
    <nd ref="685"/>
    <nd ref="686"/>
    <nd ref="687"/>
    <nd ref="688"/>
    <nd ref="689"/>
    <nd ref="690"/>
    <nd ref="691"/>
    <nd ref="692"/>
    <nd ref="693"/>
    <nd ref="694"/>
    <nd ref="695"/>
    <nd ref="696"/>
    <nd ref="697"/>
    <nd ref="698"/>
    <nd ref="699"/>
    <nd ref="700"/>
    <nd ref="701"/>
    <nd ref="702"/>
    <nd ref="703"/>
    <nd ref="704"/>
    <nd ref="705"/>
    <nd ref="706"/>
    <nd ref="707"/>
    <nd ref="708"/>
    <nd ref="709"/>
    <nd ref="710"/>
    <nd ref="711"/>
    <nd ref="712"/>
    <nd ref="713"/>
    <nd ref="714"/>
    <nd ref="715"/>
    <nd ref="716"/>
    <nd ref="717"/>
    <nd ref="718"/>
    <nd ref="719"/>
    <nd ref="720"/>
    <nd ref="721"/>
    <nd ref="722"/>
    <nd ref="723"/>
    <nd ref="724"/>
    <nd ref="725"/>
    <nd ref="726"/>
    <nd ref="727"/>
    <nd ref="728"/>
    <nd ref="729"/>
    <nd ref="730"/>
    <nd ref="731"/>
    <nd ref="732"/>
    <nd ref="733"/>
    <nd ref="734"/>
    <nd ref="735"/>
    <nd ref="736"/>
    <nd ref="737"/>
    <nd ref="738"/>
    <nd ref="739"/>
    <nd ref="740"/>
    <nd ref="741"/>
    <nd ref="742"/>
    <nd ref="743"/>
    <nd ref="744"/>
    <nd ref="745"/>
    <nd ref="746"/>
    <nd ref="747"/>
    <nd ref="748"/>
    <nd ref="749"/>
    <nd ref="749"/>
    <nd ref="750"/>
    <nd ref="751"/>
    <nd ref="752"/>
    <nd ref="753"/>
    <nd ref="754"/>
    <nd ref="755"/>
    <nd ref="756"/>
    <nd ref="757"/>
    <nd ref="757"/>
    <nd ref="758"/>
    <nd ref="759"/>
    <nd ref="760"/>
    <nd ref="761"/>
    <nd ref="762"/>
    <nd ref="763"/>
    <nd ref="764"/>
    <nd ref="765"/>
    <nd ref="766"/>
    <nd ref="767"/>
    <nd ref="768"/>
    <nd ref="769"/>
    <nd ref="770"/>
    <nd ref="771"/>
    <nd ref="772"/>
    <nd ref="773"/>
    <nd ref="773"/>
    <nd ref="774"/>
    <nd ref="775"/>
    <nd ref="776"/>
    <nd ref="777"/>
    <nd ref="778"/>
    <nd ref="779"/>
    <nd ref="780"/>
    <nd ref="781"/>
    <nd ref="782"/>
    <nd ref="783"/>
    <nd ref="784"/>
    <nd ref="784"/>
    <nd ref="785"/>
    <nd ref="786"/>
    <nd ref="787"/>
    <nd ref="788"/>
    <nd ref="789"/>
    <nd ref="790"/>
    <nd ref="791"/>
    <nd ref="792"/>
    <nd ref="793"/>
    <nd ref="794"/>
    <nd ref="795"/>
    <nd ref="796"/>
    <nd ref="797"/>
    <nd ref="798"/>
    <nd ref="799"/>
    <nd ref="800"/>
    <nd ref="801"/>
    <nd ref="802"/>
    <nd ref="803"/>
    <nd ref="804"/>
    <nd ref="805"/>
    <nd ref="805"/>
    <nd ref="806"/>
    <nd ref="807"/>
    <nd ref="808"/>
    <nd ref="809"/>
    <nd ref="810"/>
    <nd ref="811"/>
    <nd ref="812"/>
    <nd ref="813"/>
    <nd ref="814"/>
    <nd ref="815"/>
    <nd ref="816"/>
    <nd ref="817"/>
    <nd ref="818"/>
    <nd ref="819"/>
    <nd ref="820"/>
    <nd ref="821"/>
    <nd ref="822"/>
    <nd ref="822"/>
    <nd ref="823"/>
    <nd ref="824"/>
    <nd ref="825"/>
    <nd ref="826"/>
    <nd ref="827"/>
    <nd ref="828"/>
    <nd ref="829"/>
    <nd ref="830"/>
    <nd ref="831"/>
    <nd ref="832"/>
    <nd ref="833"/>
    <nd ref="834"/>
    <nd ref="835"/>
    <nd ref="836"/>
    <nd ref="837"/>
    <nd ref="838"/>
    <nd ref="839"/>
    <nd ref="840"/>
    <nd ref="841"/>
    <nd ref="842"/>
    <nd ref="843"/>
    <nd ref="844"/>
    <nd ref="845"/>
    <nd ref="846"/>
    <nd ref="847"/>
    <nd ref="848"/>
    <nd ref="849"/>
    <nd ref="850"/>
    <nd ref="851"/>
    <nd ref="852"/>
    <nd ref="853"/>
    <nd ref="854"/>
    <nd ref="855"/>
    <nd ref="856"/>
    <nd ref="857"/>
    <nd ref="858"/>
    <nd ref="859"/>
    <nd ref="860"/>
    <nd ref="861"/>
    <nd ref="862"/>
    <nd ref="863"/>
    <nd ref="864"/>
    <nd ref="865"/>
    <nd ref="866"/>
    <nd ref="867"/>
    <nd ref="868"/>
    <nd ref="869"/>
    <nd ref="870"/>
    <nd ref="871"/>
    <nd ref="872"/>
    <nd ref="873"/>
    <nd ref="874"/>
    <nd ref="875"/>
    <nd ref="876"/>
    <nd ref="877"/>
    <nd ref="878"/>
    <nd ref="879"/>
    <nd ref="880"/>
    <nd ref="881"/>
    <nd ref="882"/>
    <nd ref="883"/>
    <nd ref="884"/>
    <nd ref="885"/>
    <nd ref="886"/>
    <nd ref="887"/>
    <nd ref="888"/>
    <nd ref="889"/>
    <nd ref="890"/>
    <nd ref="891"/>
    <nd ref="892"/>
    <nd ref="893"/>
    <nd ref="894"/>
    <nd ref="895"/>
    <nd ref="896"/>
    <nd ref="897"/>
    <nd ref="898"/>
    <nd ref="899"/>
    <nd ref="900"/>
    <nd ref="901"/>
    <nd ref="902"/>
    <nd ref="903"/>
    <nd ref="904"/>
    <nd ref="905"/>
    <nd ref="906"/>
    <nd ref="907"/>
    <nd ref="908"/>
    <nd ref="909"/>
    <nd ref="910"/>
    <nd ref="911"/>
    <nd ref="912"/>
    <nd ref="913"/>
    <nd ref="914"/>
    <nd ref="915"/>
    <nd ref="916"/>
    <nd ref="917"/>
    <nd ref="918"/>
    <nd ref="919"/>
    <nd ref="920"/>
    <nd ref="921"/>
    <nd ref="922"/>
    <nd ref="923"/>
    <nd ref="924"/>
    <nd ref="925"/>
    <nd ref="926"/>
    <nd ref="927"/>
    <nd ref="928"/>
    <nd ref="929"/>
    <nd ref="930"/>
    <nd ref="931"/>
    <nd ref="932"/>
    <nd ref="933"/>
    <nd ref="934"/>
    <nd ref="935"/>
    <nd ref="936"/>
    <nd ref="937"/>
    <nd ref="938"/>
    <nd ref="938"/>
    <nd ref="939"/>
    <nd ref="940"/>
    <nd ref="941"/>
    <nd ref="942"/>
    <nd ref="943"/>
    <nd ref="944"/>
    <nd ref="945"/>
    <nd ref="946"/>
    <nd ref="947"/>
    <nd ref="948"/>
    <nd ref="949"/>
    <nd ref="950"/>
    <nd ref="951"/>
    <nd ref="952"/>
    <nd ref="953"/>
    <nd ref="954"/>
    <nd ref="955"/>
    <nd ref="956"/>
    <nd ref="957"/>
    <nd ref="958"/>
    <nd ref="959"/>
    <nd ref="960"/>
    <nd ref="961"/>
    <nd ref="962"/>
    <nd ref="963"/>
    <nd ref="964"/>
    <nd ref="965"/>
    <nd ref="966"/>
    <nd ref="967"/>
    <nd ref="968"/>
    <nd ref="969"/>
    <nd ref="970"/>
    <nd ref="971"/>
    <nd ref="972"/>
    <nd ref="973"/>
    <nd ref="974"/>
    <nd ref="975"/>
    <nd ref="976"/>
    <nd ref="977"/>
    <nd ref="978"/>
    <nd ref="979"/>
    <nd ref="980"/>
    <nd ref="981"/>
    <nd ref="982"/>
    <nd ref="983"/>
    <nd ref="984"/>
    <nd ref="985"/>
    <nd ref="986"/>
    <nd ref="987"/>
    <nd ref="988"/>
    <nd ref="989"/>
    <nd ref="990"/>
    <nd ref="991"/>
    <nd ref="992"/>
    <nd ref="993"/>
    <nd ref="994"/>
    <nd ref="995"/>
    <nd ref="996"/>
    <nd ref="997"/>
    <nd ref="998"/>
    <nd ref="999"/>
    <nd ref="1000"/>
    <nd ref="1001"/>
    <nd ref="1002"/>
    <nd ref="1003"/>
    <nd ref="1004"/>
    <nd ref="1005"/>
    <nd ref="1006"/>
    <nd ref="1007"/>
    <nd ref="1008"/>
    <nd ref="1009"/>
    <nd ref="1010"/>
    <nd ref="1011"/>
    <nd ref="1012"/>
    <nd ref="1013"/>
    <nd ref="1014"/>
    <nd ref="1015"/>
    <nd ref="1016"/>
    <nd ref="1017"/>
    <nd ref="1018"/>
    <nd ref="1019"/>
    <nd ref="1020"/>
    <nd ref="1021"/>
    <nd ref="1022"/>
    <nd ref="1023"/>
    <nd ref="1024"/>
    <nd ref="1025"/>
    <nd ref="1026"/>
    <nd ref="1027"/>
    <nd ref="1028"/>
    <nd ref="1029"/>
    <nd ref="1030"/>
    <nd ref="1031"/>
    <nd ref="1032"/>
    <nd ref="1033"/>
    <nd ref="1034"/>
    <nd ref="1035"/>
    <nd ref="1036"/>
    <nd ref="1037"/>
    <nd ref="1038"/>
    <nd ref="1039"/>
    <nd ref="1040"/>
    <nd ref="1041"/>
    <nd ref="1042"/>
    <nd ref="1043"/>
    <nd ref="1044"/>
    <nd ref="1045"/>
    <nd ref="1046"/>
    <nd ref="1047"/>
    <nd ref="1048"/>
    <nd ref="1049"/>
    <nd ref="1050"/>
    <nd ref="1051"/>
    <nd ref="1052"/>
    <nd ref="1053"/>
    <nd ref="1054"/>
    <nd ref="1055"/>
    <nd ref="1056"/>
    <nd ref="1057"/>
    <nd ref="1058"/>
    <nd ref="1059"/>
    <nd ref="1060"/>
    <nd ref="1061"/>
    <nd ref="1062"/>
    <nd ref="1063"/>
    <nd ref="1064"/>
    <nd ref="1065"/>
    <nd ref="1066"/>
    <nd ref="1067"/>
    <nd ref="1068"/>
    <nd ref="1069"/>
    <nd ref="1070"/>
    <nd ref="1071"/>
    <nd ref="1072"/>
    <nd ref="1073"/>
    <nd ref="1074"/>
    <nd ref="1075"/>
    <nd ref="1076"/>
    <nd ref="1077"/>
    <nd ref="1078"/>
    <nd ref="1079"/>
    <nd ref="1080"/>
    <nd ref="1081"/>
    <nd ref="1082"/>
    <nd ref="1083"/>
    <nd ref="1084"/>
    <nd ref="1085"/>
    <nd ref="1086"/>
    <nd ref="1087"/>
    <nd ref="1088"/>
    <nd ref="1089"/>
    <nd ref="1090"/>
    <nd ref="1091"/>
    <nd ref="1092"/>
    <nd ref="1093"/>
    <nd ref="1094"/>
    <nd ref="1095"/>
    <nd ref="1096"/>
    <nd ref="1097"/>
    <nd ref="1098"/>
    <nd ref="1099"/>
    <nd ref="1100"/>
    <nd ref="1101"/>
    <nd ref="1102"/>
    <nd ref="1103"/>
    <nd ref="1104"/>
    <nd ref="1105"/>
    <nd ref="1106"/>
    <nd ref="1107"/>
    <nd ref="1108"/>
    <nd ref="1109"/>
    <nd ref="1110"/>
    <nd ref="1111"/>
    <nd ref="1112"/>
    <nd ref="1113"/>
    <nd ref="1114"/>
    <nd ref="1115"/>
    <nd ref="1116"/>
    <nd ref="1117"/>
    <nd ref="1118"/>
    <nd ref="1119"/>
    <nd ref="1120"/>
    <nd ref="1121"/>
    <nd ref="1122"/>
    <nd ref="1123"/>
    <nd ref="1124"/>
    <nd ref="1125"/>
    <nd ref="1126"/>
    <nd ref="1127"/>
    <nd ref="1128"/>
    <nd ref="1129"/>
    <nd ref="1130"/>
    <nd ref="1131"/>
    <nd ref="1132"/>
    <nd ref="1133"/>
    <nd ref="1134"/>
    <nd ref="1135"/>
    <nd ref="1136"/>
    <nd ref="1137"/>
    <nd ref="1138"/>
    <nd ref="1139"/>
    <nd ref="1140"/>
    <nd ref="1141"/>
    <nd ref="1142"/>
    <nd ref="1143"/>
    <nd ref="1144"/>
    <nd ref="1145"/>
    <nd ref="1146"/>
    <nd ref="1147"/>
    <nd ref="1148"/>
    <nd ref="1149"/>
    <nd ref="1150"/>
    <nd ref="1151"/>
    <nd ref="1152"/>
    <nd ref="1153"/>
    <nd ref="1154"/>
    <nd ref="1155"/>
    <nd ref="1156"/>
    <nd ref="1157"/>
    <nd ref="1158"/>
    <nd ref="1159"/>
    <nd ref="1160"/>
    <nd ref="1161"/>
    <nd ref="1162"/>
    <nd ref="1163"/>
    <nd ref="1164"/>
    <nd ref="1165"/>
    <nd ref="1166"/>
    <nd ref="1167"/>
    <nd ref="1168"/>
    <nd ref="1169"/>
    <nd ref="1170"/>
    <nd ref="1171"/>
    <nd ref="1172"/>
    <nd ref="1173"/>
    <nd ref="1174"/>
    <nd ref="1175"/>
    <nd ref="1176"/>
    <nd ref="1177"/>
    <nd ref="1178"/>
    <nd ref="1179"/>
    <nd ref="1180"/>
    <nd ref="1181"/>
    <nd ref="1182"/>
    <nd ref="1183"/>
    <nd ref="1184"/>
    <nd ref="1185"/>
    <nd ref="1186"/>
    <nd ref="1187"/>
    <nd ref="1188"/>
    <nd ref="1189"/>
    <nd ref="1190"/>
    <nd ref="1191"/>
    <nd ref="1191"/>
    <nd ref="1192"/>
    <nd ref="1193"/>
    <nd ref="1193"/>
    <nd ref="1194"/>
    <nd ref="1195"/>
    <nd ref="1196"/>
    <nd ref="1196"/>
    <nd ref="1197"/>
    <nd ref="1198"/>
    <nd ref="1199"/>
    <nd ref="1200"/>
    <nd ref="1201"/>
    <nd ref="1202"/>
    <nd ref="1203"/>
    <nd ref="1204"/>
    <nd ref="1205"/>
    <nd ref="1206"/>
    <nd ref="1207"/>
    <nd ref="1208"/>
    <nd ref="1209"/>
    <nd ref="1210"/>
    <nd ref="1211"/>
    <nd ref="1212"/>
    <nd ref="1213"/>
    <nd ref="1214"/>
    <nd ref="1215"/>
    <nd ref="1216"/>
    <nd ref="1217"/>
    <nd ref="1218"/>
    <nd ref="1219"/>
    <nd ref="1220"/>
    <nd ref="1221"/>
    <nd ref="1222"/>
    <nd ref="1223"/>
    <nd ref="1224"/>
    <nd ref="1225"/>
    <nd ref="1226"/>
    <nd ref="1227"/>
    <nd ref="1228"/>
    <nd ref="1229"/>
    <nd ref="1230"/>
    <nd ref="1231"/>
    <nd ref="1232"/>
    <nd ref="1233"/>
    <nd ref="1234"/>
    <nd ref="1235"/>
    <nd ref="1236"/>
    <nd ref="1237"/>
    <nd ref="1238"/>
    <nd ref="1239"/>
    <nd ref="1240"/>
    <nd ref="1241"/>
    <nd ref="1242"/>
    <nd ref="1243"/>
    <nd ref="1244"/>
    <nd ref="1245"/>
    <nd ref="1246"/>
    <nd ref="1247"/>
    <nd ref="1248"/>
    <nd ref="1249"/>
    <nd ref="1250"/>
    <nd ref="1251"/>
    <nd ref="1252"/>
    <nd ref="1252"/>
    <nd ref="1253"/>
    <nd ref="1254"/>
    <nd ref="1255"/>
    <nd ref="1256"/>
    <nd ref="1257"/>
    <nd ref="1258"/>
    <nd ref="1259"/>
    <nd ref="1260"/>
    <nd ref="1261"/>
    <nd ref="1262"/>
    <nd ref="1263"/>
    <nd ref="1264"/>
    <nd ref="1265"/>
    <nd ref="1266"/>
    <nd ref="1267"/>
    <nd ref="1268"/>
    <nd ref="1269"/>
    <nd ref="1270"/>
    <nd ref="1271"/>
    <nd ref="1272"/>
    <nd ref="1273"/>
    <nd ref="1274"/>
    <nd ref="1275"/>
    <nd ref="1276"/>
    <nd ref="1277"/>
    <nd ref="1278"/>
    <nd ref="1279"/>
    <nd ref="1280"/>
    <nd ref="1281"/>
    <nd ref="1282"/>
    <nd ref="1283"/>
    <nd ref="1284"/>
    <nd ref="1285"/>
    <nd ref="1286"/>
    <nd ref="1287"/>
    <nd ref="1288"/>
    <nd ref="1289"/>
    <nd ref="1290"/>
    <nd ref="1291"/>
    <nd ref="1292"/>
    <nd ref="1293"/>
    <nd ref="1294"/>
    <nd ref="1295"/>
    <nd ref="1296"/>
    <nd ref="1297"/>
    <nd ref="1298"/>
    <nd ref="1299"/>
    <nd ref="1300"/>
    <nd ref="1301"/>
    <nd ref="1302"/>
    <nd ref="1303"/>
    <nd ref="1304"/>
    <nd ref="1305"/>
    <nd ref="1306"/>
    <nd ref="1307"/>
    <nd ref="1308"/>
    <nd ref="1309"/>
    <nd ref="1310"/>
    <nd ref="1311"/>
    <nd ref="1312"/>
    <nd ref="1313"/>
    <nd ref="1314"/>
    <nd ref="1315"/>
    <nd ref="1316"/>
    <nd ref="1317"/>
    <nd ref="1318"/>
    <nd ref="1319"/>
    <nd ref="1320"/>
    <nd ref="1321"/>
    <nd ref="1322"/>
    <nd ref="1323"/>
    <nd ref="1324"/>
    <nd ref="1325"/>
    <nd ref="1326"/>
    <nd ref="1327"/>
    <nd ref="1328"/>
    <nd ref="1329"/>
    <nd ref="1330"/>
    <nd ref="1331"/>
    <nd ref="1332"/>
    <nd ref="1333"/>
    <nd ref="1334"/>
    <nd ref="1335"/>
    <nd ref="1336"/>
    <nd ref="1337"/>
    <nd ref="1338"/>
    <nd ref="1339"/>
    <nd ref="1340"/>
    <nd ref="1341"/>
    <nd ref="1342"/>
    <nd ref="1343"/>
    <nd ref="1344"/>
    <nd ref="1345"/>
    <nd ref="1346"/>
    <nd ref="1347"/>
    <nd ref="1348"/>
    <nd ref="1349"/>
    <nd ref="1350"/>
    <nd ref="1351"/>
    <nd ref="1352"/>
    <nd ref="1353"/>
    <nd ref="1354"/>
    <nd ref="1355"/>
    <nd ref="1356"/>
    <nd ref="1357"/>
    <nd ref="1358"/>
    <nd ref="1359"/>
    <nd ref="1360"/>
    <nd ref="1361"/>
    <nd ref="1362"/>
    <nd ref="1363"/>
    <nd ref="1364"/>
    <nd ref="1365"/>
    <nd ref="1366"/>
    <nd ref="1367"/>
    <nd ref="1368"/>
    <nd ref="1369"/>
    <nd ref="1370"/>
    <nd ref="1371"/>
    <nd ref="1372"/>
    <nd ref="1373"/>
    <nd ref="1374"/>
    <nd ref="1375"/>
    <nd ref="1376"/>
    <nd ref="1377"/>
    <nd ref="1378"/>
    <nd ref="1379"/>
    <nd ref="1380"/>
    <nd ref="1381"/>
    <nd ref="1382"/>
    <nd ref="1383"/>
    <nd ref="1384"/>
    <nd ref="1385"/>
    <nd ref="1386"/>
    <nd ref="1387"/>
    <nd ref="1388"/>
    <nd ref="1389"/>
    <nd ref="1390"/>
    <nd ref="1391"/>
    <nd ref="1392"/>
    <nd ref="1393"/>
    <nd ref="1394"/>
    <nd ref="1395"/>
    <nd ref="1396"/>
    <nd ref="1397"/>
    <nd ref="1398"/>
    <nd ref="1399"/>
    <nd ref="1400"/>
    <nd ref="1401"/>
    <nd ref="1402"/>
    <nd ref="1403"/>
    <nd ref="1403"/>
    <nd ref="1404"/>
    <nd ref="1405"/>
    <nd ref="1406"/>
    <nd ref="1407"/>
    <nd ref="1408"/>
    <nd ref="1409"/>
    <nd ref="1410"/>
    <nd ref="1411"/>
    <nd ref="1412"/>
    <nd ref="1413"/>
    <nd ref="1414"/>
    <nd ref="1415"/>
    <nd ref="1416"/>
    <nd ref="1417"/>
    <nd ref="1418"/>
    <nd ref="1419"/>
    <nd ref="1420"/>
    <nd ref="1421"/>
    <nd ref="1422"/>
    <nd ref="1423"/>
    <nd ref="1424"/>
    <nd ref="1425"/>
    <nd ref="1426"/>
    <nd ref="1427"/>
    <nd ref="1428"/>
    <nd ref="1429"/>
    <nd ref="1430"/>
    <nd ref="1431"/>
    <nd ref="1432"/>
    <nd ref="1433"/>
    <nd ref="1434"/>
    <nd ref="1435"/>
    <nd ref="1436"/>
    <nd ref="1437"/>
    <nd ref="1438"/>
    <nd ref="1439"/>
    <nd ref="1440"/>
    <nd ref="1441"/>
    <nd ref="1442"/>
    <nd ref="1443"/>
    <nd ref="1444"/>
    <nd ref="1445"/>
    <nd ref="1446"/>
    <nd ref="1447"/>
    <nd ref="1448"/>
    <nd ref="1449"/>
    <nd ref="1450"/>
    <nd ref="1451"/>
    <nd ref="1452"/>
    <nd ref="1453"/>
    <nd ref="1454"/>
    <nd ref="1455"/>
    <nd ref="1456"/>
    <nd ref="1457"/>
    <nd ref="1458"/>
    <nd ref="1459"/>
    <nd ref="1460"/>
    <nd ref="1461"/>
    <nd ref="1462"/>
    <nd ref="1463"/>
    <nd ref="1464"/>
    <nd ref="1465"/>
    <nd ref="1466"/>
    <nd ref="1467"/>
    <nd ref="1468"/>
    <nd ref="1469"/>
    <nd ref="1470"/>
    <nd ref="1471"/>
    <nd ref="1472"/>
    <nd ref="1473"/>
    <nd ref="1474"/>
    <nd ref="1475"/>
    <nd ref="1476"/>
    <nd ref="1477"/>
    <nd ref="1478"/>
    <nd ref="1479"/>
    <nd ref="1480"/>
    <nd ref="1481"/>
    <nd ref="1482"/>
    <nd ref="1483"/>
    <nd ref="1484"/>
    <nd ref="1485"/>
    <nd ref="1486"/>
    <nd ref="1487"/>
    <nd ref="1488"/>
    <nd ref="1489"/>
    <nd ref="1490"/>
    <nd ref="1491"/>
    <nd ref="1492"/>
    <nd ref="1493"/>
    <nd ref="1494"/>
    <nd ref="1495"/>
    <nd ref="1496"/>
    <nd ref="1497"/>
    <nd ref="1498"/>
    <nd ref="1499"/>
    <nd ref="1500"/>
    <nd ref="1501"/>
    <nd ref="1502"/>
    <nd ref="1503"/>
    <nd ref="1504"/>
    <nd ref="1505"/>
    <nd ref="1506"/>
    <nd ref="1507"/>
    <nd ref="1508"/>
    <nd ref="1509"/>
    <nd ref="1510"/>
    <nd ref="1511"/>
    <nd ref="1512"/>
    <nd ref="1513"/>
    <nd ref="1514"/>
    <nd ref="1515"/>
    <nd ref="1516"/>
    <nd ref="1517"/>
    <nd ref="1518"/>
    <nd ref="1519"/>
    <nd ref="1520"/>
    <nd ref="1521"/>
    <nd ref="1522"/>
    <nd ref="1523"/>
    <nd ref="1524"/>
    <nd ref="1525"/>
    <nd ref="1526"/>
    <nd ref="1527"/>
    <nd ref="1528"/>
    <nd ref="1529"/>
    <nd ref="1530"/>
    <nd ref="1531"/>
    <nd ref="1532"/>
    <nd ref="1533"/>
    <nd ref="1534"/>
    <nd ref="1535"/>
    <nd ref="1536"/>
    <nd ref="1537"/>
    <nd ref="1538"/>
    <nd ref="1539"/>
    <nd ref="1540"/>
    <nd ref="1541"/>
    <nd ref="1542"/>
    <nd ref="1543"/>
    <nd ref="1544"/>
    <nd ref="1545"/>
    <nd ref="1546"/>
    <nd ref="1547"/>
    <nd ref="1548"/>
    <nd ref="1549"/>
    <nd ref="1550"/>
    <nd ref="1551"/>
    <nd ref="1552"/>
    <nd ref="1553"/>
    <nd ref="1554"/>
    <nd ref="1555"/>
    <nd ref="1556"/>
    <nd ref="1557"/>
    <nd ref="1558"/>
    <nd ref="1559"/>
    <nd ref="1560"/>
    <nd ref="1561"/>
    <nd ref="1562"/>
    <nd ref="1563"/>
    <nd ref="1564"/>
    <nd ref="1565"/>
    <nd ref="1566"/>
    <nd ref="1567"/>
    <nd ref="1568"/>
    <nd ref="1569"/>
    <nd ref="1570"/>
    <nd ref="1571"/>
    <nd ref="1572"/>
    <nd ref="1573"/>
    <nd ref="1574"/>
    <nd ref="1575"/>
    <nd ref="1576"/>
    <nd ref="1577"/>
    <nd ref="1578"/>
    <nd ref="1579"/>
    <nd ref="1580"/>
    <nd ref="1581"/>
    <nd ref="1582"/>
    <nd ref="1583"/>
    <nd ref="1584"/>
    <nd ref="1585"/>
    <nd ref="1586"/>
    <nd ref="1587"/>
    <nd ref="1588"/>
    <nd ref="1589"/>
    <nd ref="1590"/>
    <nd ref="1591"/>
    <nd ref="1592"/>
    <nd ref="1593"/>
    <nd ref="1594"/>
    <nd ref="1595"/>
    <nd ref="1596"/>
    <nd ref="1597"/>
    <nd ref="1598"/>
    <nd ref="1599"/>
    <nd ref="1600"/>
    <nd ref="1601"/>
    <nd ref="1602"/>
    <nd ref="1603"/>
    <nd ref="1604"/>
    <nd ref="1605"/>
    <nd ref="1606"/>
    <nd ref="1607"/>
    <nd ref="1608"/>
    <nd ref="1609"/>
    <nd ref="1610"/>
    <nd ref="1611"/>
    <nd ref="1612"/>
    <nd ref="1613"/>
    <nd ref="1614"/>
    <nd ref="1615"/>
    <nd ref="1616"/>
    <nd ref="1617"/>
    <nd ref="1618"/>
    <nd ref="1619"/>
    <nd ref="1620"/>
    <nd ref="1621"/>
    <nd ref="1622"/>
    <nd ref="1623"/>
    <nd ref="1624"/>
    <nd ref="1625"/>
    <nd ref="1626"/>
    <nd ref="1627"/>
    <nd ref="1628"/>
    <nd ref="1629"/>
    <nd ref="1630"/>
    <nd ref="1631"/>
    <nd ref="1632"/>
    <nd ref="1633"/>
    <nd ref="1634"/>
    <nd ref="1635"/>
    <nd ref="1636"/>
    <nd ref="1637"/>
    <nd ref="1638"/>
    <nd ref="1639"/>
    <nd ref="1640"/>
    <nd ref="1641"/>
    <nd ref="1642"/>
    <nd ref="1643"/>
    <nd ref="1644"/>
    <nd ref="1645"/>
    <nd ref="1646"/>
    <nd ref="1647"/>
    <nd ref="1648"/>
    <nd ref="1649"/>
    <nd ref="1650"/>
    <nd ref="1651"/>
    <nd ref="1652"/>
    <nd ref="1653"/>
    <nd ref="1654"/>
    <nd ref="1655"/>
    <nd ref="1656"/>
    <nd ref="1657"/>
    <nd ref="1658"/>
    <nd ref="1659"/>
    <nd ref="1660"/>
    <nd ref="1661"/>
    <nd ref="1662"/>
    <nd ref="1663"/>
    <nd ref="1664"/>
    <nd ref="1665"/>
    <nd ref="1666"/>
    <nd ref="1667"/>
    <nd ref="1668"/>
    <nd ref="1669"/>
    <nd ref="1669"/>
    <nd ref="1670"/>
    <nd ref="1671"/>
    <nd ref="1672"/>
    <nd ref="1673"/>
    <nd ref="1674"/>
    <nd ref="1675"/>
    <nd ref="1676"/>
    <nd ref="1677"/>
    <nd ref="1678"/>
    <nd ref="1679"/>
    <nd ref="1680"/>
    <nd ref="1681"/>
    <nd ref="1682"/>
    <nd ref="1683"/>
    <nd ref="1684"/>
    <nd ref="1685"/>
    <nd ref="1686"/>
    <nd ref="1687"/>
    <nd ref="1688"/>
    <nd ref="1689"/>
    <nd ref="1690"/>
    <nd ref="1691"/>
    <nd ref="1692"/>
    <nd ref="1692"/>
    <nd ref="1693"/>
    <nd ref="1694"/>
    <nd ref="1695"/>
    <nd ref="1695"/>
    <nd ref="1696"/>
    <nd ref="1697"/>
    <nd ref="1698"/>
    <nd ref="1699"/>
    <nd ref="1700"/>
    <nd ref="1701"/>
    <nd ref="1702"/>
    <nd ref="1703"/>
    <nd ref="1704"/>
    <nd ref="1705"/>
    <nd ref="1706"/>
    <nd ref="1707"/>
    <nd ref="1708"/>
    <nd ref="1709"/>
    <nd ref="1710"/>
    <nd ref="1711"/>
    <nd ref="1712"/>
    <nd ref="1713"/>
    <nd ref="1714"/>
    <nd ref="1715"/>
    <nd ref="1716"/>
    <nd ref="1717"/>
    <nd ref="1718"/>
    <nd ref="1719"/>
    <nd ref="1720"/>
    <nd ref="1721"/>
    <nd ref="1722"/>
    <nd ref="1723"/>
    <nd ref="1724"/>
    <nd ref="1725"/>
    <nd ref="1726"/>
    <nd ref="1727"/>
    <nd ref="1728"/>
    <nd ref="1729"/>
    <nd ref="1730"/>
    <nd ref="1731"/>
    <nd ref="1732"/>
    <nd ref="1733"/>
    <nd ref="1734"/>
    <nd ref="1735"/>
    <nd ref="1736"/>
    <nd ref="1737"/>
    <nd ref="1738"/>
    <nd ref="1739"/>
    <nd ref="1740"/>
    <nd ref="1741"/>
    <nd ref="1742"/>
    <nd ref="1743"/>
    <nd ref="1743"/>
    <nd ref="1744"/>
    <nd ref="1745"/>
    <nd ref="1746"/>
    <nd ref="1747"/>
    <nd ref="1748"/>
    <nd ref="1749"/>
    <nd ref="1750"/>
    <nd ref="1751"/>
    <nd ref="1752"/>
    <nd ref="1753"/>
    <nd ref="1754"/>
    <nd ref="1755"/>
    <nd ref="1756"/>
    <nd ref="1757"/>
    <nd ref="1758"/>
    <nd ref="1759"/>
    <nd ref="1760"/>
    <nd ref="1761"/>
    <nd ref="1762"/>
    <nd ref="1763"/>
    <nd ref="1764"/>
    <nd ref="1765"/>
    <nd ref="1766"/>
    <nd ref="1767"/>
    <nd ref="1768"/>
    <nd ref="1769"/>
    <nd ref="1770"/>
    <nd ref="1771"/>
    <nd ref="1772"/>
    <nd ref="1773"/>
    <nd ref="1774"/>
    <nd ref="1775"/>
    <nd ref="1776"/>
    <nd ref="1777"/>
    <nd ref="1778"/>
    <nd ref="1779"/>
    <nd ref="1780"/>
    <nd ref="1781"/>
    <nd ref="1781"/>
    <nd ref="1782"/>
    <nd ref="1783"/>
    <nd ref="1784"/>
    <nd ref="1785"/>
    <nd ref="1786"/>
    <nd ref="1787"/>
    <nd ref="1788"/>
    <nd ref="1789"/>
    <nd ref="1790"/>
    <nd ref="1791"/>
    <nd ref="1792"/>
    <nd ref="1793"/>
    <nd ref="1794"/>
    <nd ref="1795"/>
    <nd ref="1796"/>
    <nd ref="1797"/>
    <nd ref="1798"/>
    <nd ref="1799"/>
    <nd ref="1800"/>
    <nd ref="1801"/>
    <nd ref="1802"/>
    <nd ref="1803"/>
    <nd ref="1804"/>
    <nd ref="1805"/>
    <nd ref="1806"/>
    <nd ref="1806"/>
    <nd ref="1807"/>
    <nd ref="1807"/>
    <nd ref="1808"/>
    <nd ref="1809"/>
    <nd ref="1810"/>
    <nd ref="1811"/>
    <nd ref="1812"/>
    <nd ref="1813"/>
    <nd ref="1814"/>
    <nd ref="1815"/>
    <nd ref="1816"/>
    <nd ref="1817"/>
    <nd ref="1818"/>
    <nd ref="1819"/>
    <nd ref="1820"/>
    <nd ref="1820"/>
    <nd ref="1821"/>
    <nd ref="1822"/>
    <nd ref="1823"/>
    <nd ref="1824"/>
    <nd ref="1825"/>
    <nd ref="1825"/>
    <nd ref="1826"/>
    <nd ref="1827"/>
    <nd ref="1828"/>
    <nd ref="1829"/>
    <nd ref="1830"/>
    <nd ref="1831"/>
    <nd ref="1832"/>
    <nd ref="1833"/>
    <nd ref="1834"/>
    <nd ref="1835"/>
    <nd ref="1836"/>
    <nd ref="1837"/>
    <nd ref="1838"/>
    <nd ref="1838"/>
    <nd ref="1839"/>
    <nd ref="1840"/>
    <nd ref="1841"/>
    <nd ref="1842"/>
    <nd ref="1843"/>
    <nd ref="1844"/>
    <nd ref="1845"/>
    <nd ref="1846"/>
    <nd ref="1847"/>
    <nd ref="1847"/>
    <nd ref="1848"/>
    <nd ref="1849"/>
    <nd ref="1850"/>
    <nd ref="1851"/>
    <nd ref="1851"/>
    <nd ref="1852"/>
    <nd ref="1853"/>
    <nd ref="1854"/>
    <nd ref="1855"/>
    <nd ref="1856"/>
    <nd ref="1857"/>
    <nd ref="1858"/>
    <nd ref="1859"/>
    <nd ref="1860"/>
    <nd ref="1861"/>
    <nd ref="1862"/>
    <nd ref="1863"/>
    <nd ref="1864"/>
    <nd ref="1865"/>
    <nd ref="1866"/>
    <nd ref="1867"/>
    <nd ref="1868"/>
    <nd ref="1869"/>
    <nd ref="1870"/>
    <nd ref="1871"/>
    <nd ref="1872"/>
    <nd ref="1873"/>
    <nd ref="1874"/>
    <nd ref="1875"/>
    <nd ref="1876"/>
    <nd ref="1877"/>
    <nd ref="1878"/>
    <nd ref="1879"/>
    <nd ref="1880"/>
    <nd ref="1881"/>
    <nd ref="1882"/>
    <nd ref="1883"/>
    <nd ref="1884"/>
    <nd ref="1885"/>
    <nd ref="1886"/>
    <nd ref="1887"/>
    <nd ref="1888"/>
    <nd ref="1889"/>
    <nd ref="1890"/>
    <nd ref="1891"/>
    <nd ref="1892"/>
    <nd ref="1893"/>
    <nd ref="1894"/>
    <nd ref="1895"/>
    <nd ref="1896"/>
    <nd ref="1897"/>
    <nd ref="1898"/>
    <nd ref="1899"/>
    <nd ref="1900"/>
    <nd ref="1901"/>
    <nd ref="1902"/>
    <nd ref="1903"/>
    <nd ref="1904"/>
    <nd ref="1905"/>
    <nd ref="1906"/>
    <nd ref="1907"/>
    <nd ref="1908"/>
    <nd ref="1909"/>
    <nd ref="1910"/>
    <nd ref="1911"/>
    <nd ref="1912"/>
    <nd ref="1913"/>
    <nd ref="1914"/>
    <nd ref="1915"/>
    <nd ref="1916"/>
    <nd ref="1917"/>
    <nd ref="1918"/>
    <nd ref="1919"/>
    <nd ref="1920"/>
    <nd ref="1921"/>
    <nd ref="1922"/>
    <nd ref="1923"/>
    <nd ref="1924"/>
    <nd ref="1925"/>
    <nd ref="1926"/>
    <nd ref="1927"/>
    <nd ref="1928"/>
    <nd ref="1929"/>
    <nd ref="1930"/>
    <nd ref="1931"/>
    <nd ref="1932"/>
    <nd ref="1933"/>
    <nd ref="1934"/>
    <nd ref="1935"/>
    <nd ref="1936"/>
    <nd ref="1937"/>
    <nd ref="1938"/>
    <nd ref="1939"/>
    <nd ref="1940"/>
    <nd ref="1941"/>
    <nd ref="1942"/>
    <nd ref="1943"/>
    <nd ref="1944"/>
    <nd ref="1945"/>
    <nd ref="1946"/>
    <nd ref="1947"/>
    <nd ref="1948"/>
    <nd ref="1949"/>
    <nd ref="1950"/>
    <nd ref="1951"/>
    <nd ref="1952"/>
    <nd ref="1953"/>
    <nd ref="1954"/>
    <nd ref="1955"/>
    <nd ref="1956"/>
    <nd ref="1957"/>
    <nd ref="1958"/>
    <nd ref="1959"/>
    <nd ref="1960"/>
    <nd ref="1961"/>
    <nd ref="1962"/>
    <nd ref="1963"/>
    <nd ref="1964"/>
    <nd ref="1965"/>
    <nd ref="1966"/>
    <nd ref="1967"/>
    <nd ref="1968"/>
    <nd ref="1969"/>
    <nd ref="1970"/>
    <nd ref="1971"/>
    <nd ref="1971"/>
    <nd ref="1972"/>
    <nd ref="1973"/>
    <nd ref="1974"/>
    <nd ref="1975"/>
    <nd ref="1976"/>
    <nd ref="1977"/>
    <nd ref="1978"/>
    <nd ref="1979"/>
    <nd ref="1980"/>
    <nd ref="1981"/>
    <nd ref="1982"/>
    <nd ref="1983"/>
    <nd ref="1984"/>
    <nd ref="1985"/>
    <nd ref="1986"/>
    <nd ref="1987"/>
    <nd ref="1988"/>
    <nd ref="1989"/>
    <nd ref="1990"/>
    <nd ref="1991"/>
    <nd ref="1992"/>
    <nd ref="1993"/>
    <nd ref="1994"/>
    <nd ref="1995"/>
    <nd ref="1996"/>
    <nd ref="1997"/>
    <nd ref="1998"/>
    <nd ref="1999"/>
    <nd ref="2000"/>
    <nd ref="2001"/>
    <nd ref="2002"/>
    <nd ref="2003"/>
    <nd ref="2004"/>
    <nd ref="2005"/>
    <nd ref="2006"/>
    <nd ref="2007"/>
    <nd ref="2008"/>
    <nd ref="2009"/>
    <nd ref="2010"/>
    <nd ref="2011"/>
    <nd ref="2012"/>
    <nd ref="2013"/>
    <nd ref="2014"/>
    <nd ref="2015"/>
    <nd ref="2016"/>
    <nd ref="2017"/>
    <nd ref="2018"/>
    <nd ref="2019"/>
    <nd ref="2020"/>
    <nd ref="2021"/>
    <nd ref="2022"/>
    <nd ref="2023"/>
    <nd ref="2024"/>
    <nd ref="2025"/>
    <nd ref="2026"/>
    <nd ref="2027"/>
    <nd ref="2028"/>
    <nd ref="2029"/>
    <nd ref="2030"/>
    <nd ref="2031"/>
    <nd ref="2032"/>
    <nd ref="2033"/>
    <nd ref="2034"/>
    <nd ref="2035"/>
    <nd ref="2036"/>
    <nd ref="2037"/>
    <nd ref="2038"/>
    <nd ref="2039"/>
    <nd ref="2040"/>
    <nd ref="2041"/>
    <nd ref="2042"/>
    <nd ref="2043"/>
    <nd ref="2044"/>
    <nd ref="2045"/>
    <nd ref="2046"/>
    <nd ref="2047"/>
    <nd ref="2048"/>
    <nd ref="2049"/>
    <nd ref="2050"/>
    <nd ref="2051"/>
    <nd ref="2052"/>
    <nd ref="2053"/>
    <nd ref="2054"/>
    <nd ref="2054"/>
    <nd ref="2055"/>
    <nd ref="2056"/>
    <nd ref="2056"/>
    <nd ref="2057"/>
    <nd ref="2058"/>
    <nd ref="2059"/>
    <nd ref="2060"/>
    <nd ref="2061"/>
    <nd ref="2062"/>
    <nd ref="2063"/>
    <nd ref="2064"/>
    <nd ref="2065"/>
    <nd ref="2065"/>
    <nd ref="2066"/>
    <nd ref="2067"/>
    <nd ref="2068"/>
    <nd ref="2069"/>
    <nd ref="2070"/>
    <nd ref="2071"/>
    <nd ref="2072"/>
    <nd ref="2072"/>
    <nd ref="2073"/>
    <nd ref="2074"/>
    <nd ref="2075"/>
    <nd ref="2076"/>
    <nd ref="2076"/>
    <nd ref="2077"/>
    <nd ref="2078"/>
    <nd ref="2079"/>
    <nd ref="2080"/>
    <nd ref="2080"/>
    <nd ref="2081"/>
    <nd ref="2082"/>
    <nd ref="2083"/>
    <nd ref="2084"/>
    <nd ref="2085"/>
    <nd ref="2086"/>
    <nd ref="2087"/>
    <nd ref="2088"/>
    <nd ref="2089"/>
    <nd ref="2090"/>
    <nd ref="2091"/>
    <nd ref="2092"/>
    <nd ref="2093"/>
    <nd ref="2094"/>
    <nd ref="2095"/>
    <nd ref="2096"/>
    <nd ref="2097"/>
    <nd ref="2098"/>
    <nd ref="2099"/>
    <nd ref="2100"/>
    <nd ref="2101"/>
    <nd ref="2102"/>
    <nd ref="2103"/>
    <nd ref="2104"/>
    <nd ref="2105"/>
    <nd ref="2106"/>
    <nd ref="2107"/>
    <nd ref="2108"/>
    <nd ref="2109"/>
    <nd ref="2110"/>
    <nd ref="2111"/>
    <nd ref="2112"/>
    <nd ref="2113"/>
    <nd ref="2114"/>
    <nd ref="2115"/>
    <nd ref="2116"/>
    <nd ref="2117"/>
    <nd ref="2118"/>
    <nd ref="2119"/>
    <nd ref="2120"/>
    <nd ref="2121"/>
    <nd ref="2122"/>
    <nd ref="2123"/>
    <nd ref="2124"/>
    <nd ref="2125"/>
    <nd ref="2126"/>
    <nd ref="2127"/>
    <nd ref="2128"/>
    <nd ref="2129"/>
    <nd ref="2130"/>
    <nd ref="2131"/>
    <nd ref="2132"/>
    <nd ref="2133"/>
    <nd ref="2134"/>
    <nd ref="2135"/>
    <nd ref="2136"/>
    <nd ref="2137"/>
    <nd ref="2138"/>
    <nd ref="2139"/>
    <nd ref="2140"/>
    <nd ref="2141"/>
    <nd ref="2142"/>
    <nd ref="2143"/>
    <nd ref="2144"/>
    <nd ref="2145"/>
    <nd ref="2146"/>
    <nd ref="2147"/>
    <nd ref="2148"/>
    <nd ref="2149"/>
    <nd ref="2150"/>
    <nd ref="2151"/>
    <nd ref="2152"/>
    <nd ref="2153"/>
    <nd ref="2154"/>
    <nd ref="2155"/>
    <nd ref="2156"/>
    <nd ref="2157"/>
    <nd ref="2158"/>
    <nd ref="2159"/>
    <nd ref="2160"/>
    <nd ref="2161"/>
    <nd ref="2162"/>
    <nd ref="2163"/>
    <nd ref="2164"/>
    <nd ref="2165"/>
    <nd ref="2166"/>
    <nd ref="2167"/>
    <nd ref="2168"/>
    <nd ref="2169"/>
    <nd ref="2170"/>
    <nd ref="2171"/>
    <nd ref="2172"/>
    <nd ref="2173"/>
    <nd ref="2174"/>
    <nd ref="2175"/>
    <nd ref="2176"/>
    <nd ref="2177"/>
    <nd ref="2178"/>
    <nd ref="2179"/>
    <nd ref="2180"/>
    <nd ref="2181"/>
    <nd ref="2182"/>
    <nd ref="2183"/>
    <nd ref="2184"/>
    <nd ref="2185"/>
    <nd ref="2186"/>
    <nd ref="2187"/>
    <nd ref="2188"/>
    <nd ref="2189"/>
    <nd ref="2190"/>
    <nd ref="2191"/>
    <nd ref="2192"/>
    <nd ref="2193"/>
    <nd ref="2194"/>
    <nd ref="2195"/>
    <nd ref="2196"/>
    <nd ref="2197"/>
    <nd ref="2198"/>
    <nd ref="2199"/>
    <nd ref="2200"/>
    <nd ref="2201"/>
    <nd ref="2202"/>
    <nd ref="2203"/>
    <nd ref="2204"/>
    <nd ref="2205"/>
    <nd ref="2206"/>
    <nd ref="2207"/>
    <nd ref="2208"/>
    <nd ref="2209"/>
    <nd ref="2210"/>
    <nd ref="2211"/>
    <nd ref="2212"/>
    <nd ref="2213"/>
    <nd ref="2214"/>
    <nd ref="2215"/>
    <nd ref="2216"/>
    <nd ref="2217"/>
    <nd ref="2218"/>
    <nd ref="2219"/>
    <nd ref="2220"/>
    <nd ref="2221"/>
    <nd ref="2222"/>
    <nd ref="2223"/>
    <nd ref="2224"/>
    <nd ref="2225"/>
    <nd ref="2226"/>
    <nd ref="2227"/>
    <nd ref="2228"/>
    <nd ref="2229"/>
    <nd ref="2230"/>
    <nd ref="2231"/>
    <nd ref="2232"/>
    <nd ref="2233"/>
    <nd ref="2234"/>
    <nd ref="2235"/>
    <nd ref="2236"/>
    <nd ref="2237"/>
    <nd ref="2238"/>
    <nd ref="2239"/>
    <nd ref="2240"/>
    <nd ref="2241"/>
    <nd ref="2242"/>
    <nd ref="2243"/>
    <nd ref="2244"/>
    <nd ref="2245"/>
    <nd ref="2246"/>
    <nd ref="2247"/>
    <nd ref="2248"/>
    <nd ref="2249"/>
    <nd ref="2250"/>
    <nd ref="2251"/>
    <nd ref="2252"/>
    <nd ref="2253"/>
    <nd ref="2254"/>
    <nd ref="2255"/>
    <nd ref="2256"/>
    <nd ref="2257"/>
    <nd ref="2258"/>
    <nd ref="2259"/>
    <nd ref="2260"/>
    <nd ref="2261"/>
    <nd ref="2262"/>
    <nd ref="2263"/>
    <nd ref="2264"/>
    <nd ref="2265"/>
    <nd ref="2266"/>
    <nd ref="2267"/>
    <nd ref="2268"/>
    <nd ref="2269"/>
    <nd ref="2270"/>
    <nd ref="2271"/>
    <nd ref="2272"/>
    <nd ref="2273"/>
    <nd ref="2274"/>
    <nd ref="2275"/>
    <nd ref="2276"/>
    <nd ref="2277"/>
    <nd ref="2278"/>
    <nd ref="2279"/>
    <nd ref="2280"/>
    <nd ref="2281"/>
    <nd ref="2282"/>
    <nd ref="2283"/>
    <nd ref="2284"/>
    <nd ref="2285"/>
    <nd ref="2286"/>
    <nd ref="2287"/>
    <nd ref="2287"/>
    <nd ref="2288"/>
    <nd ref="2289"/>
    <nd ref="2290"/>
    <nd ref="2291"/>
    <nd ref="2292"/>
    <nd ref="2293"/>
    <nd ref="2293"/>
    <nd ref="2294"/>
    <nd ref="2295"/>
    <nd ref="2295"/>
    <nd ref="2296"/>
    <nd ref="2297"/>
    <nd ref="2298"/>
    <nd ref="2299"/>
    <nd ref="2300"/>
    <nd ref="2301"/>
    <nd ref="2302"/>
    <nd ref="2303"/>
    <nd ref="2303"/>
    <nd ref="2304"/>
    <nd ref="2305"/>
    <nd ref="2306"/>
    <nd ref="2307"/>
    <nd ref="2308"/>
    <nd ref="2309"/>
    <nd ref="2310"/>
    <nd ref="2311"/>
    <nd ref="2312"/>
    <nd ref="2312"/>
    <nd ref="2313"/>
    <nd ref="2314"/>
    <nd ref="2315"/>
    <nd ref="2316"/>
    <nd ref="2317"/>
    <nd ref="2318"/>
    <nd ref="2319"/>
    <nd ref="2320"/>
    <nd ref="2321"/>
    <nd ref="2322"/>
    <nd ref="2323"/>
    <nd ref="2324"/>
    <nd ref="2325"/>
    <nd ref="2326"/>
    <nd ref="2326"/>
    <nd ref="2327"/>
    <nd ref="2328"/>
    <nd ref="2329"/>
    <nd ref="2330"/>
    <nd ref="2331"/>
    <nd ref="2332"/>
    <nd ref="2333"/>
    <nd ref="2334"/>
    <nd ref="2334"/>
    <nd ref="2335"/>
    <nd ref="2336"/>
    <nd ref="2337"/>
    <nd ref="2338"/>
    <nd ref="2339"/>
    <nd ref="2340"/>
    <nd ref="2341"/>
    <nd ref="2342"/>
    <nd ref="2343"/>
    <nd ref="2344"/>
    <nd ref="2345"/>
    <nd ref="2346"/>
    <nd ref="2347"/>
    <nd ref="2348"/>
    <nd ref="2349"/>
    <nd ref="2350"/>
    <nd ref="2351"/>
    <nd ref="2352"/>
    <nd ref="2353"/>
    <nd ref="2354"/>
    <nd ref="2355"/>
    <nd ref="2356"/>
    <nd ref="2357"/>
    <nd ref="2358"/>
    <nd ref="2359"/>
    <nd ref="2360"/>
    <nd ref="2361"/>
    <nd ref="2362"/>
    <nd ref="2363"/>
    <nd ref="2364"/>
    <nd ref="2365"/>
    <nd ref="2366"/>
    <nd ref="2367"/>
    <nd ref="2368"/>
    <nd ref="2369"/>
    <nd ref="2370"/>
    <nd ref="2371"/>
    <nd ref="2372"/>
    <nd ref="2373"/>
    <nd ref="2374"/>
    <nd ref="2375"/>
    <nd ref="2376"/>
    <nd ref="2377"/>
    <nd ref="2378"/>
    <nd ref="2379"/>
    <nd ref="2380"/>
    <nd ref="2381"/>
    <nd ref="2382"/>
    <nd ref="2383"/>
    <nd ref="2384"/>
    <nd ref="2385"/>
    <nd ref="2386"/>
    <nd ref="2387"/>
    <nd ref="2388"/>
    <nd ref="2389"/>
    <nd ref="2390"/>
    <nd ref="2391"/>
    <nd ref="2392"/>
    <nd ref="2393"/>
    <nd ref="2394"/>
    <nd ref="2395"/>
    <nd ref="2396"/>
    <nd ref="2397"/>
    <nd ref="2398"/>
    <nd ref="2399"/>
    <nd ref="2400"/>
    <nd ref="2401"/>
    <nd ref="2402"/>
    <nd ref="2403"/>
    <nd ref="2404"/>
    <nd ref="2405"/>
    <nd ref="2406"/>
    <nd ref="2407"/>
    <nd ref="2408"/>
    <nd ref="2409"/>
    <nd ref="2410"/>
    <nd ref="2411"/>
    <nd ref="2412"/>
    <nd ref="2413"/>
    <nd ref="2414"/>
    <nd ref="2415"/>
    <nd ref="2416"/>
    <nd ref="2417"/>
    <nd ref="2418"/>
    <nd ref="2419"/>
    <nd ref="2420"/>
    <nd ref="2421"/>
    <nd ref="2422"/>
    <nd ref="2423"/>
    <nd ref="2424"/>
    <nd ref="2425"/>
    <nd ref="2426"/>
    <nd ref="2427"/>
    <nd ref="2428"/>
    <nd ref="2429"/>
    <nd ref="2430"/>
    <nd ref="2431"/>
    <nd ref="2432"/>
    <nd ref="2433"/>
    <nd ref="2434"/>
    <nd ref="2435"/>
    <nd ref="2436"/>
    <nd ref="2437"/>
    <nd ref="2438"/>
    <nd ref="2439"/>
    <nd ref="2440"/>
    <nd ref="2441"/>
    <nd ref="2442"/>
    <nd ref="2443"/>
    <nd ref="2444"/>
    <nd ref="2445"/>
    <nd ref="2446"/>
    <nd ref="2447"/>
    <nd ref="2448"/>
    <nd ref="2449"/>
    <nd ref="2450"/>
    <nd ref="2451"/>
    <nd ref="2452"/>
    <nd ref="2453"/>
    <nd ref="2454"/>
    <nd ref="2455"/>
    <nd ref="2456"/>
    <nd ref="2457"/>
    <nd ref="2458"/>
    <nd ref="2459"/>
    <nd ref="2460"/>
    <nd ref="2461"/>
    <nd ref="2462"/>
    <nd ref="2463"/>
    <nd ref="2464"/>
    <nd ref="2465"/>
    <nd ref="2466"/>
    <nd ref="2467"/>
    <nd ref="2468"/>
    <nd ref="2469"/>
    <nd ref="2470"/>
    <nd ref="2471"/>
    <nd ref="2472"/>
    <nd ref="2473"/>
    <nd ref="2474"/>
    <nd ref="2475"/>
    <nd ref="2476"/>
    <nd ref="2477"/>
    <nd ref="2478"/>
    <nd ref="2479"/>
    <nd ref="2480"/>
    <nd ref="2481"/>
    <nd ref="2482"/>
    <nd ref="2483"/>
    <nd ref="2484"/>
    <nd ref="2485"/>
    <nd ref="2486"/>
    <nd ref="2487"/>
    <nd ref="2488"/>
    <nd ref="2489"/>
    <nd ref="2490"/>
    <nd ref="2491"/>
    <nd ref="2492"/>
    <nd ref="2493"/>
    <nd ref="2494"/>
    <nd ref="2495"/>
    <nd ref="2496"/>
    <nd ref="2497"/>
    <nd ref="2498"/>
    <nd ref="2499"/>
    <nd ref="2500"/>
    <nd ref="2501"/>
    <nd ref="2502"/>
    <nd ref="2503"/>
    <nd ref="2504"/>
    <nd ref="2505"/>
    <nd ref="2506"/>
    <nd ref="2507"/>
    <nd ref="2508"/>
    <nd ref="2509"/>
    <nd ref="2510"/>
    <nd ref="2511"/>
    <nd ref="2512"/>
    <nd ref="2513"/>
    <nd ref="2514"/>
    <nd ref="2515"/>
    <nd ref="2516"/>
    <nd ref="2517"/>
    <nd ref="2518"/>
    <nd ref="2519"/>
    <nd ref="2520"/>
    <nd ref="2521"/>
    <nd ref="2522"/>
    <nd ref="2523"/>
    <nd ref="2524"/>
    <nd ref="2525"/>
    <nd ref="2526"/>
    <nd ref="2527"/>
    <nd ref="2528"/>
    <nd ref="2529"/>
    <nd ref="2530"/>
    <nd ref="2531"/>
    <nd ref="2532"/>
    <nd ref="2533"/>
    <nd ref="2534"/>
    <nd ref="2535"/>
    <nd ref="2536"/>
    <nd ref="2537"/>
    <nd ref="2538"/>
    <nd ref="2539"/>
    <nd ref="2540"/>
    <nd ref="2541"/>
    <nd ref="2542"/>
    <nd ref="2543"/>
    <nd ref="2544"/>
    <nd ref="2545"/>
    <nd ref="2546"/>
    <nd ref="2547"/>
    <nd ref="2548"/>
    <nd ref="2549"/>
    <nd ref="2550"/>
    <nd ref="2551"/>
    <nd ref="2552"/>
    <nd ref="2553"/>
    <nd ref="2554"/>
    <nd ref="2555"/>
    <nd ref="2556"/>
    <nd ref="2557"/>
    <nd ref="2558"/>
    <nd ref="2559"/>
    <nd ref="2560"/>
    <nd ref="2561"/>
    <nd ref="2562"/>
    <nd ref="2563"/>
    <nd ref="2564"/>
    <nd ref="2565"/>
    <nd ref="2566"/>
    <nd ref="2567"/>
    <nd ref="2568"/>
    <nd ref="2569"/>
    <nd ref="2570"/>
    <nd ref="2571"/>
    <nd ref="2572"/>
    <nd ref="2573"/>
    <nd ref="2574"/>
    <nd ref="2575"/>
    <nd ref="2576"/>
    <nd ref="2577"/>
    <nd ref="2578"/>
    <nd ref="2579"/>
    <nd ref="2580"/>
    <nd ref="2581"/>
    <nd ref="2582"/>
    <nd ref="2583"/>
    <nd ref="2584"/>
    <nd ref="2585"/>
    <nd ref="2586"/>
    <nd ref="2587"/>
    <nd ref="2588"/>
    <nd ref="2589"/>
    <nd ref="2590"/>
    <nd ref="2591"/>
    <nd ref="2592"/>
    <nd ref="2593"/>
    <nd ref="2594"/>
    <nd ref="2595"/>
    <nd ref="2596"/>
    <nd ref="2597"/>
    <nd ref="2598"/>
    <nd ref="2599"/>
    <nd ref="2600"/>
    <nd ref="2601"/>
    <nd ref="2602"/>
    <nd ref="2603"/>
    <nd ref="2604"/>
    <nd ref="2605"/>
    <nd ref="2606"/>
    <nd ref="2607"/>
    <nd ref="2608"/>
    <nd ref="2609"/>
    <nd ref="2610"/>
    <nd ref="2611"/>
    <nd ref="2612"/>
    <nd ref="2613"/>
    <nd ref="2614"/>
    <nd ref="2615"/>
    <nd ref="2616"/>
    <nd ref="2617"/>
    <nd ref="2618"/>
    <nd ref="2619"/>
    <nd ref="2620"/>
    <nd ref="2621"/>
    <nd ref="2622"/>
    <nd ref="2623"/>
    <nd ref="2624"/>
    <nd ref="2625"/>
    <nd ref="2626"/>
    <nd ref="2627"/>
    <nd ref="2628"/>
    <nd ref="2629"/>
    <nd ref="2630"/>
    <nd ref="2631"/>
    <nd ref="2632"/>
    <nd ref="2633"/>
    <nd ref="2634"/>
    <nd ref="2635"/>
    <nd ref="2636"/>
    <nd ref="2636"/>
    <nd ref="2637"/>
    <nd ref="2638"/>
    <nd ref="2639"/>
    <nd ref="2640"/>
    <nd ref="2641"/>
    <nd ref="2642"/>
    <nd ref="2643"/>
    <nd ref="2644"/>
    <nd ref="2645"/>
    <nd ref="2646"/>
    <nd ref="2647"/>
    <nd ref="2648"/>
    <nd ref="2649"/>
    <nd ref="2650"/>
    <nd ref="2651"/>
    <nd ref="2652"/>
    <nd ref="2653"/>
    <nd ref="2654"/>
    <nd ref="2655"/>
    <nd ref="2656"/>
    <nd ref="2657"/>
    <nd ref="2658"/>
    <nd ref="2659"/>
    <nd ref="2660"/>
    <nd ref="2661"/>
    <nd ref="2662"/>
    <nd ref="2663"/>
    <nd ref="2664"/>
    <nd ref="2665"/>
    <nd ref="2666"/>
    <nd ref="2667"/>
    <nd ref="2668"/>
    <nd ref="2669"/>
    <nd ref="2670"/>
    <nd ref="2671"/>
    <nd ref="2672"/>
    <nd ref="2673"/>
    <nd ref="2674"/>
    <nd ref="2675"/>
    <nd ref="2676"/>
    <nd ref="2677"/>
    <nd ref="2678"/>
    <nd ref="2679"/>
    <nd ref="2680"/>
    <nd ref="2681"/>
    <nd ref="2682"/>
    <nd ref="2683"/>
    <nd ref="2684"/>
    <nd ref="2685"/>
    <nd ref="2686"/>
    <nd ref="2687"/>
    <nd ref="2688"/>
    <nd ref="2689"/>
    <nd ref="2690"/>
    <nd ref="2691"/>
    <nd ref="2692"/>
    <nd ref="2693"/>
    <nd ref="2694"/>
    <nd ref="2695"/>
    <nd ref="2696"/>
    <nd ref="2697"/>
    <nd ref="2698"/>
    <nd ref="2699"/>
    <nd ref="2699"/>
    <nd ref="2700"/>
    <nd ref="2701"/>
    <nd ref="2701"/>
    <nd ref="2702"/>
    <nd ref="2703"/>
    <nd ref="2704"/>
    <nd ref="2705"/>
    <nd ref="2706"/>
    <nd ref="2707"/>
    <nd ref="2708"/>
    <nd ref="2709"/>
    <nd ref="2710"/>
    <nd ref="2711"/>
    <nd ref="2712"/>
    <nd ref="2713"/>
    <nd ref="2714"/>
    <nd ref="2715"/>
    <nd ref="2716"/>
    <nd ref="2717"/>
    <nd ref="2718"/>
    <nd ref="2719"/>
    <nd ref="2720"/>
    <nd ref="2721"/>
    <nd ref="2722"/>
    <nd ref="2723"/>
    <nd ref="2724"/>
    <nd ref="2725"/>
    <nd ref="2726"/>
    <nd ref="2727"/>
    <nd ref="2728"/>
    <nd ref="2729"/>
    <nd ref="2730"/>
    <nd ref="2731"/>
    <nd ref="2732"/>
    <nd ref="2733"/>
    <nd ref="2734"/>
    <nd ref="2735"/>
    <nd ref="2736"/>
    <nd ref="2737"/>
    <nd ref="2738"/>
    <nd ref="2739"/>
    <nd ref="2740"/>
    <nd ref="2741"/>
    <nd ref="2742"/>
    <nd ref="2743"/>
    <nd ref="2744"/>
    <nd ref="2745"/>
    <nd ref="2746"/>
    <nd ref="2747"/>
    <nd ref="2748"/>
    <nd ref="2749"/>
    <nd ref="2750"/>
    <nd ref="2751"/>
    <nd ref="2752"/>
    <nd ref="2753"/>
    <nd ref="2754"/>
    <nd ref="2755"/>
    <nd ref="2756"/>
    <nd ref="2757"/>
    <nd ref="2758"/>
    <nd ref="2759"/>
    <nd ref="2760"/>
    <nd ref="2761"/>
    <nd ref="2762"/>
    <nd ref="2762"/>
    <nd ref="2763"/>
    <nd ref="2764"/>
    <nd ref="2765"/>
    <nd ref="2766"/>
    <nd ref="2767"/>
    <nd ref="2768"/>
    <nd ref="2769"/>
    <nd ref="2770"/>
    <nd ref="2771"/>
    <nd ref="2772"/>
    <nd ref="2773"/>
    <nd ref="2774"/>
    <nd ref="2775"/>
    <nd ref="2776"/>
    <nd ref="2777"/>
    <nd ref="2778"/>
    <nd ref="2779"/>
    <nd ref="2780"/>
    <nd ref="2781"/>
    <nd ref="2782"/>
    <nd ref="2783"/>
    <nd ref="2784"/>
    <nd ref="2785"/>
    <nd ref="2786"/>
    <nd ref="2787"/>
    <nd ref="2788"/>
    <nd ref="2789"/>
    <nd ref="2790"/>
    <nd ref="2791"/>
    <nd ref="2792"/>
    <nd ref="2793"/>
    <nd ref="2794"/>
    <nd ref="2795"/>
    <nd ref="2795"/>
    <nd ref="2796"/>
    <nd ref="2797"/>
    <nd ref="2798"/>
    <nd ref="2799"/>
    <nd ref="2800"/>
    <nd ref="2801"/>
    <nd ref="2802"/>
    <nd ref="2803"/>
    <nd ref="2804"/>
    <nd ref="2805"/>
    <nd ref="2806"/>
    <nd ref="2806"/>
    <nd ref="2807"/>
    <nd ref="2808"/>
    <nd ref="2809"/>
    <nd ref="2810"/>
    <nd ref="2811"/>
    <nd ref="2812"/>
    <nd ref="2812"/>
    <nd ref="2813"/>
    <nd ref="2813"/>
    <nd ref="2814"/>
    <nd ref="2815"/>
    <nd ref="2816"/>
    <nd ref="2817"/>
    <nd ref="2818"/>
    <nd ref="2819"/>
    <nd ref="2820"/>
    <nd ref="2821"/>
    <nd ref="2822"/>
    <nd ref="2823"/>
    <nd ref="2824"/>
    <nd ref="2825"/>
    <nd ref="2826"/>
    <nd ref="2827"/>
    <nd ref="2828"/>
    <nd ref="2829"/>
    <nd ref="2830"/>
    <nd ref="2830"/>
    <nd ref="2831"/>
    <nd ref="2832"/>
    <nd ref="2833"/>
    <nd ref="2834"/>
    <nd ref="2835"/>
    <nd ref="2836"/>
    <nd ref="2836"/>
    <nd ref="2837"/>
    <nd ref="2838"/>
    <nd ref="2839"/>
    <nd ref="2840"/>
    <nd ref="2841"/>
    <nd ref="2842"/>
    <nd ref="2843"/>
    <nd ref="2844"/>
    <nd ref="2845"/>
    <nd ref="2846"/>
    <nd ref="2847"/>
    <nd ref="2848"/>
    <nd ref="2849"/>
    <nd ref="2850"/>
    <nd ref="2851"/>
    <nd ref="2852"/>
    <nd ref="2853"/>
    <nd ref="2854"/>
    <nd ref="2855"/>
    <nd ref="2856"/>
    <nd ref="2857"/>
    <nd ref="2858"/>
    <nd ref="2859"/>
    <nd ref="2860"/>
    <nd ref="2861"/>
    <nd ref="2862"/>
    <nd ref="2863"/>
    <nd ref="2864"/>
    <nd ref="2865"/>
    <nd ref="2866"/>
    <nd ref="2867"/>
    <nd ref="2868"/>
    <nd ref="2869"/>
    <nd ref="2870"/>
    <nd ref="2871"/>
    <nd ref="2872"/>
    <nd ref="2873"/>
    <nd ref="2874"/>
    <nd ref="2875"/>
    <nd ref="2876"/>
    <nd ref="2877"/>
    <nd ref="2878"/>
    <nd ref="2879"/>
    <nd ref="2880"/>
    <nd ref="2881"/>
    <nd ref="2882"/>
    <nd ref="2883"/>
    <nd ref="2884"/>
    <nd ref="2885"/>
    <nd ref="2886"/>
    <nd ref="2887"/>
    <nd ref="2888"/>
    <nd ref="2889"/>
    <nd ref="2890"/>
    <nd ref="2891"/>
    <nd ref="2892"/>
    <nd ref="2893"/>
    <nd ref="2894"/>
    <nd ref="2895"/>
    <nd ref="2896"/>
    <nd ref="2897"/>
    <nd ref="2898"/>
    <nd ref="2899"/>
    <nd ref="2900"/>
    <nd ref="2901"/>
    <nd ref="2902"/>
    <nd ref="2903"/>
    <nd ref="2904"/>
    <nd ref="2905"/>
    <nd ref="2906"/>
    <nd ref="2907"/>
    <nd ref="2908"/>
    <nd ref="2909"/>
    <nd ref="2910"/>
    <nd ref="2911"/>
    <nd ref="2912"/>
    <nd ref="2913"/>
    <nd ref="2914"/>
    <nd ref="2915"/>
    <nd ref="2916"/>
    <nd ref="2917"/>
    <nd ref="2918"/>
    <nd ref="2919"/>
    <nd ref="2920"/>
    <nd ref="2921"/>
    <nd ref="2922"/>
    <nd ref="2923"/>
    <nd ref="2924"/>
    <nd ref="2925"/>
    <nd ref="2926"/>
    <nd ref="2927"/>
    <nd ref="2928"/>
    <nd ref="2929"/>
    <nd ref="2930"/>
    <nd ref="2931"/>
    <nd ref="2932"/>
    <nd ref="2933"/>
    <nd ref="2934"/>
    <nd ref="2935"/>
    <nd ref="2936"/>
    <nd ref="2937"/>
    <nd ref="2938"/>
    <nd ref="2939"/>
    <nd ref="2940"/>
    <nd ref="2941"/>
    <nd ref="2942"/>
    <nd ref="2943"/>
    <nd ref="2944"/>
    <nd ref="2945"/>
    <nd ref="2946"/>
    <nd ref="2947"/>
    <nd ref="2948"/>
    <nd ref="2949"/>
    <nd ref="2950"/>
    <nd ref="2951"/>
    <nd ref="2952"/>
    <nd ref="2953"/>
    <nd ref="2954"/>
    <nd ref="2955"/>
    <nd ref="2956"/>
    <nd ref="2957"/>
    <nd ref="2958"/>
    <nd ref="2959"/>
    <nd ref="2960"/>
    <nd ref="2961"/>
    <nd ref="2962"/>
    <nd ref="2963"/>
    <nd ref="2964"/>
    <nd ref="2965"/>
    <nd ref="2966"/>
    <nd ref="2967"/>
    <nd ref="2968"/>
    <nd ref="2969"/>
    <nd ref="2970"/>
    <nd ref="2971"/>
    <nd ref="2972"/>
    <nd ref="2973"/>
    <nd ref="2974"/>
    <nd ref="2975"/>
    <nd ref="2976"/>
    <nd ref="2977"/>
    <nd ref="2978"/>
    <nd ref="2979"/>
    <nd ref="2980"/>
    <nd ref="2981"/>
    <nd ref="2982"/>
    <nd ref="2983"/>
    <nd ref="2984"/>
    <nd ref="2985"/>
    <nd ref="2986"/>
    <nd ref="2987"/>
    <nd ref="2988"/>
    <nd ref="2989"/>
    <nd ref="2990"/>
    <nd ref="2991"/>
    <nd ref="2992"/>
    <nd ref="2993"/>
    <nd ref="2994"/>
    <nd ref="2995"/>
    <nd ref="2996"/>
    <nd ref="2997"/>
    <nd ref="2998"/>
    <nd ref="2999"/>
    <nd ref="3000"/>
    <nd ref="3001"/>
    <nd ref="3002"/>
    <nd ref="3003"/>
    <nd ref="3004"/>
    <nd ref="3005"/>
    <nd ref="3006"/>
    <nd ref="3007"/>
    <nd ref="3008"/>
    <nd ref="3009"/>
    <nd ref="3010"/>
    <nd ref="3011"/>
    <nd ref="3012"/>
    <nd ref="3013"/>
    <nd ref="3014"/>
    <nd ref="3015"/>
    <nd ref="3016"/>
    <nd ref="3017"/>
    <nd ref="3018"/>
    <nd ref="3019"/>
    <nd ref="3020"/>
    <nd ref="3021"/>
    <nd ref="3022"/>
    <nd ref="3023"/>
    <nd ref="3024"/>
    <nd ref="3025"/>
    <nd ref="3026"/>
    <nd ref="3027"/>
    <nd ref="3028"/>
    <nd ref="3029"/>
    <nd ref="3030"/>
    <nd ref="3031"/>
    <nd ref="3032"/>
    <nd ref="3033"/>
    <nd ref="3034"/>
    <nd ref="3035"/>
    <nd ref="3036"/>
    <nd ref="3037"/>
    <nd ref="3038"/>
    <nd ref="3039"/>
    <nd ref="3040"/>
    <nd ref="3041"/>
    <nd ref="3042"/>
    <nd ref="3043"/>
    <nd ref="3044"/>
    <nd ref="3045"/>
    <nd ref="3046"/>
    <nd ref="3047"/>
    <nd ref="3048"/>
    <nd ref="3049"/>
    <nd ref="3049"/>
    <nd ref="3050"/>
    <nd ref="3051"/>
    <nd ref="3052"/>
    <nd ref="3053"/>
    <nd ref="3054"/>
    <nd ref="3055"/>
    <nd ref="3056"/>
    <nd ref="3057"/>
    <nd ref="3058"/>
    <nd ref="3059"/>
    <nd ref="3060"/>
    <nd ref="3061"/>
    <nd ref="3062"/>
    <nd ref="3063"/>
    <nd ref="3064"/>
    <nd ref="3065"/>
    <nd ref="3066"/>
    <nd ref="3067"/>
    <nd ref="3068"/>
    <nd ref="3069"/>
    <nd ref="3070"/>
    <nd ref="3071"/>
    <nd ref="3072"/>
    <nd ref="3073"/>
    <nd ref="3074"/>
    <nd ref="3075"/>
    <nd ref="3076"/>
    <nd ref="3077"/>
    <nd ref="3078"/>
    <nd ref="3079"/>
    <nd ref="3080"/>
    <nd ref="3081"/>
    <nd ref="3082"/>
    <nd ref="3083"/>
    <nd ref="3084"/>
    <nd ref="3085"/>
    <nd ref="3086"/>
    <nd ref="3087"/>
    <nd ref="3088"/>
    <nd ref="3089"/>
    <nd ref="3090"/>
    <nd ref="3091"/>
    <nd ref="3092"/>
    <nd ref="3093"/>
    <nd ref="3094"/>
    <nd ref="3095"/>
    <nd ref="3096"/>
    <nd ref="3097"/>
    <nd ref="3098"/>
    <nd ref="3099"/>
    <nd ref="3100"/>
    <nd ref="3101"/>
    <nd ref="3102"/>
    <nd ref="3103"/>
    <nd ref="3104"/>
    <nd ref="3105"/>
    <nd ref="3106"/>
    <nd ref="3107"/>
    <nd ref="3108"/>
    <nd ref="3109"/>
    <nd ref="3110"/>
    <nd ref="3111"/>
    <nd ref="3112"/>
    <nd ref="3113"/>
    <nd ref="3114"/>
    <nd ref="3115"/>
    <nd ref="3116"/>
    <nd ref="3117"/>
    <nd ref="3118"/>
    <nd ref="3119"/>
    <nd ref="3120"/>
    <nd ref="3121"/>
    <nd ref="3122"/>
    <nd ref="3123"/>
    <nd ref="3124"/>
    <nd ref="3125"/>
    <nd ref="3126"/>
    <nd ref="3127"/>
    <nd ref="3128"/>
    <nd ref="3129"/>
    <nd ref="1"/>
    <tag k="natural" v="water"/>
    <tag k="water" v="lake"/>
    <tag k="name" v="Lago del Oeste"/>
  </way>
  <way id="2" version="1" timestamp="2026-09-02T12:00:00Z" changeset="1" uid="1" user="generator">
    <nd ref="3130"/>
    <nd ref="3131"/>
    <nd ref="3132"/>
    <nd ref="3133"/>
    <nd ref="3134"/>
    <nd ref="3135"/>
    <nd ref="3136"/>
    <nd ref="3137"/>
    <nd ref="3138"/>
    <nd ref="3139"/>
    <nd ref="3130"/>
    <tag k="landuse" v="farmyard"/>
    <tag k="name" v="Yard 46"/>
  </way>
  <way id="3" version="1" timestamp="2026-09-02T12:00:00Z" changeset="1" uid="1" user="generator">
    <nd ref="3140"/>
    <nd ref="3141"/>
    <nd ref="3142"/>
    <nd ref="3143"/>
    <nd ref="3140"/>
    <tag k="landuse" v="farmyard"/>
    <tag k="name" v="Yard N5_7"/>
  </way>
  <way id="4" version="1" timestamp="2026-09-02T12:00:00Z" changeset="1" uid="1" user="generator">
    <nd ref="3144"/>
    <nd ref="3145"/>
    <nd ref="3146"/>
    <nd ref="3147"/>
    <nd ref="3148"/>
    <nd ref="3149"/>
    <nd ref="3144"/>
    <tag k="landuse" v="farmyard"/>
    <tag k="name" v="Open Ground 26a"/>
  </way>
  <way id="5" version="1" timestamp="2026-09-02T12:00:00Z" changeset="1" uid="1" user="generator">
    <nd ref="3150"/>
    <nd ref="3151"/>
    <nd ref="3152"/>
    <nd ref="3150"/>
    <tag k="landuse" v="farmyard"/>
    <tag k="name" v="Open Ground 33a"/>
  </way>
  <way id="6" version="1" timestamp="2026-09-02T12:00:00Z" changeset="1" uid="1" user="generator">
    <nd ref="3153"/>
    <nd ref="3154"/>
    <nd ref="3155"/>
    <nd ref="3156"/>
    <nd ref="3157"/>
    <nd ref="3158"/>
    <nd ref="3159"/>
    <nd ref="3160"/>
    <nd ref="3161"/>
    <nd ref="3162"/>
    <nd ref="3163"/>
    <nd ref="3153"/>
    <tag k="landuse" v="farmyard"/>
    <tag k="name" v="Open Ground I44 (8.1 ha)"/>
  </way>
  <way id="7" version="1" timestamp="2026-09-02T12:00:00Z" changeset="1" uid="1" user="generator">
    <nd ref="3164"/>
    <nd ref="3165"/>
    <nd ref="3166"/>
    <nd ref="3167"/>
    <nd ref="3168"/>
    <nd ref="3169"/>
    <nd ref="3170"/>
    <nd ref="3171"/>
    <nd ref="3172"/>
    <nd ref="3173"/>
    <nd ref="3174"/>
    <nd ref="3175"/>
    <nd ref="3176"/>
    <nd ref="3177"/>
    <nd ref="3178"/>
    <nd ref="3179"/>
    <nd ref="3180"/>
    <nd ref="3181"/>
    <nd ref="3182"/>
    <nd ref="3183"/>
    <nd ref="3184"/>
    <nd ref="3185"/>
    <nd ref="3186"/>
    <nd ref="3187"/>
    <nd ref="3188"/>
    <nd ref="3189"/>
    <nd ref="3190"/>
    <nd ref="3191"/>
    <nd ref="3192"/>
    <nd ref="3193"/>
    <nd ref="3194"/>
    <nd ref="3195"/>
    <nd ref="3196"/>
    <nd ref="3197"/>
    <nd ref="3198"/>
    <nd ref="3199"/>
    <nd ref="3164"/>
    <tag k="landuse" v="farmyard"/>
    <tag k="natural" v="wood"/>
    <tag k="name" v="Bosque de la Sierra 1"/>
  </way>
  <way id="8" version="1" timestamp="2026-09-02T12:00:00Z" changeset="1" uid="1" user="generator">
    <nd ref="3191"/>
    <nd ref="3200"/>
    <nd ref="3201"/>
    <nd ref="3202"/>
    <nd ref="3203"/>
    <nd ref="3204"/>
    <nd ref="3205"/>
    <nd ref="3206"/>
    <nd ref="3207"/>
    <nd ref="3208"/>
    <nd ref="3209"/>
    <nd ref="3210"/>
    <nd ref="3211"/>
    <nd ref="3212"/>
    <nd ref="3213"/>
    <nd ref="3214"/>
    <nd ref="3215"/>
    <nd ref="3216"/>
    <nd ref="3217"/>
    <nd ref="3218"/>
    <nd ref="3219"/>
    <nd ref="3220"/>
    <nd ref="3221"/>
    <nd ref="3222"/>
    <nd ref="3223"/>
    <nd ref="3224"/>
    <nd ref="3225"/>
    <nd ref="3192"/>
    <nd ref="3191"/>
    <tag k="landuse" v="farmyard"/>
    <tag k="natural" v="wood"/>
    <tag k="name" v="Bosque de la Sierra 2"/>
  </way>
  <way id="9" version="1" timestamp="2026-09-02T12:00:00Z" changeset="1" uid="1" user="generator">
    <nd ref="3208"/>
    <nd ref="3226"/>
    <nd ref="3227"/>
    <nd ref="3228"/>
    <nd ref="3229"/>
    <nd ref="3230"/>
    <nd ref="3231"/>
    <nd ref="3232"/>
    <nd ref="3233"/>
    <nd ref="3234"/>
    <nd ref="3235"/>
    <nd ref="3236"/>
    <nd ref="3237"/>
    <nd ref="3238"/>
    <nd ref="3239"/>
    <nd ref="3240"/>
    <nd ref="3241"/>
    <nd ref="3242"/>
    <nd ref="3243"/>
    <nd ref="3244"/>
    <nd ref="3245"/>
    <nd ref="3246"/>
    <nd ref="3247"/>
    <nd ref="3248"/>
    <nd ref="3249"/>
    <nd ref="3250"/>
    <nd ref="3209"/>
    <nd ref="3208"/>
    <tag k="landuse" v="farmyard"/>
    <tag k="natural" v="wood"/>
    <tag k="name" v="Bosque de la Sierra 3"/>
  </way>
  <way id="10" version="1" timestamp="2026-09-02T12:00:00Z" changeset="1" uid="1" user="generator">
    <nd ref="3242"/>
    <nd ref="3251"/>
    <nd ref="3252"/>
    <nd ref="3253"/>
    <nd ref="3254"/>
    <nd ref="3255"/>
    <nd ref="3256"/>
    <nd ref="3257"/>
    <nd ref="3258"/>
    <nd ref="3259"/>
    <nd ref="3260"/>
    <nd ref="3261"/>
    <nd ref="3262"/>
    <nd ref="3263"/>
    <nd ref="3264"/>
    <nd ref="3265"/>
    <nd ref="3266"/>
    <nd ref="3267"/>
    <nd ref="3268"/>
    <nd ref="3269"/>
    <nd ref="3270"/>
    <nd ref="3271"/>
    <nd ref="3272"/>
    <nd ref="3273"/>
    <nd ref="3274"/>
    <nd ref="3275"/>
    <nd ref="3276"/>
    <nd ref="3277"/>
    <nd ref="3278"/>
    <nd ref="3279"/>
    <nd ref="3280"/>
    <nd ref="3281"/>
    <nd ref="3282"/>
    <nd ref="3283"/>
    <nd ref="3284"/>
    <nd ref="3285"/>
    <nd ref="3286"/>
    <nd ref="3243"/>
    <nd ref="3242"/>
    <tag k="landuse" v="farmyard"/>
    <tag k="natural" v="wood"/>
    <tag k="name" v="Bosque de la Sierra 4"/>
  </way>
  <way id="11" version="1" timestamp="2026-09-02T12:00:00Z" changeset="1" uid="1" user="generator">
    <nd ref="3268"/>
    <nd ref="3287"/>
    <nd ref="3288"/>
    <nd ref="3289"/>
    <nd ref="3290"/>
    <nd ref="3291"/>
    <nd ref="3292"/>
    <nd ref="3293"/>
    <nd ref="3294"/>
    <nd ref="3295"/>
    <nd ref="3296"/>
    <nd ref="3297"/>
    <nd ref="3298"/>
    <nd ref="3299"/>
    <nd ref="3300"/>
    <nd ref="3301"/>
    <nd ref="3302"/>
    <nd ref="3303"/>
    <nd ref="3304"/>
    <nd ref="3305"/>
    <nd ref="3306"/>
    <nd ref="3307"/>
    <nd ref="3308"/>
    <nd ref="3309"/>
    <nd ref="3310"/>
    <nd ref="3311"/>
    <nd ref="3312"/>
    <nd ref="3313"/>
    <nd ref="3314"/>
    <nd ref="3315"/>
    <nd ref="3316"/>
    <nd ref="3317"/>
    <nd ref="3318"/>
    <nd ref="3319"/>
    <nd ref="3269"/>
    <nd ref="3268"/>
    <tag k="landuse" v="farmyard"/>
    <tag k="natural" v="wood"/>
    <tag k="name" v="Bosque de la Sierra 5"/>
  </way>
  <way id="12" version="1" timestamp="2026-09-02T12:00:00Z" changeset="1" uid="1" user="generator">
    <nd ref="3320"/>
    <nd ref="3321"/>
    <nd ref="3322"/>
    <nd ref="3323"/>
    <nd ref="3320"/>
    <tag k="landuse" v="farmyard"/>
    <tag k="name" v="Pueblo del Oeste B1"/>
  </way>
  <way id="13" version="1" timestamp="2026-09-02T12:00:00Z" changeset="1" uid="1" user="generator">
    <nd ref="3324"/>
    <nd ref="3325"/>
    <nd ref="3326"/>
    <nd ref="3327"/>
    <nd ref="3324"/>
    <tag k="landuse" v="farmyard"/>
    <tag k="name" v="Pueblo del Oeste C1"/>
  </way>
  <way id="14" version="1" timestamp="2026-09-02T12:00:00Z" changeset="1" uid="1" user="generator">
    <nd ref="3328"/>
    <nd ref="3329"/>
    <nd ref="3330"/>
    <nd ref="3331"/>
    <nd ref="3328"/>
    <tag k="landuse" v="farmyard"/>
    <tag k="name" v="Pueblo del Oeste D1"/>
  </way>
  <way id="15" version="1" timestamp="2026-09-02T12:00:00Z" changeset="1" uid="1" user="generator">
    <nd ref="3332"/>
    <nd ref="3333"/>
    <nd ref="3334"/>
    <nd ref="3335"/>
    <nd ref="3332"/>
    <tag k="landuse" v="farmyard"/>
    <tag k="name" v="Pueblo del Oeste B2"/>
  </way>
  <way id="16" version="1" timestamp="2026-09-02T12:00:00Z" changeset="1" uid="1" user="generator">
    <nd ref="3336"/>
    <nd ref="3337"/>
    <nd ref="3338"/>
    <nd ref="3339"/>
    <nd ref="3336"/>
    <tag k="landuse" v="farmyard"/>
    <tag k="name" v="Pueblo del Oeste C2"/>
  </way>
  <way id="17" version="1" timestamp="2026-09-02T12:00:00Z" changeset="1" uid="1" user="generator">
    <nd ref="3340"/>
    <nd ref="3341"/>
    <nd ref="3342"/>
    <nd ref="3343"/>
    <nd ref="3340"/>
    <tag k="landuse" v="farmyard"/>
    <tag k="name" v="Pueblo del Oeste D2"/>
  </way>
  <way id="18" version="1" timestamp="2026-09-02T12:00:00Z" changeset="1" uid="1" user="generator">
    <nd ref="3344"/>
    <nd ref="3345"/>
    <nd ref="3346"/>
    <nd ref="3347"/>
    <nd ref="3344"/>
    <tag k="landuse" v="farmyard"/>
    <tag k="name" v="Pueblo del Oeste B3"/>
  </way>
  <way id="19" version="1" timestamp="2026-09-02T12:00:00Z" changeset="1" uid="1" user="generator">
    <nd ref="3348"/>
    <nd ref="3349"/>
    <nd ref="3350"/>
    <nd ref="3351"/>
    <nd ref="3348"/>
    <tag k="landuse" v="farmyard"/>
    <tag k="name" v="Pueblo del Oeste C3"/>
  </way>
  <way id="20" version="1" timestamp="2026-09-02T12:00:00Z" changeset="1" uid="1" user="generator">
    <nd ref="3352"/>
    <nd ref="3353"/>
    <nd ref="3354"/>
    <nd ref="3355"/>
    <nd ref="3352"/>
    <tag k="landuse" v="farmyard"/>
    <tag k="name" v="Pueblo del Oeste D3"/>
  </way>
  <way id="21" version="1" timestamp="2026-09-02T12:00:00Z" changeset="1" uid="1" user="generator">
    <nd ref="3356"/>
    <nd ref="3357"/>
    <nd ref="3358"/>
    <nd ref="3359"/>
    <nd ref="3360"/>
    <nd ref="3356"/>
    <tag k="landuse" v="farmyard"/>
    <tag k="name" v="Open Ground 2"/>
  </way>
  <way id="22" version="1" timestamp="2026-09-02T12:00:00Z" changeset="1" uid="1" user="generator">
    <nd ref="3361"/>
    <nd ref="3362"/>
    <nd ref="3363"/>
    <nd ref="3364"/>
    <nd ref="3361"/>
    <tag k="landuse" v="farmyard"/>
    <tag k="name" v="Granja 1"/>
  </way>
  <way id="23" version="1" timestamp="2026-09-02T12:00:00Z" changeset="1" uid="1" user="generator">
    <nd ref="3365"/>
    <nd ref="3366"/>
    <nd ref="3367"/>
    <nd ref="3368"/>
    <nd ref="3365"/>
    <tag k="landuse" v="farmyard"/>
    <tag k="name" v="Granja 2"/>
  </way>
  <way id="24" version="1" timestamp="2026-09-02T12:00:00Z" changeset="1" uid="1" user="generator">
    <nd ref="3369"/>
    <nd ref="3370"/>
    <nd ref="3371"/>
    <nd ref="3372"/>
    <nd ref="3369"/>
    <tag k="landuse" v="farmyard"/>
    <tag k="name" v="Granja 3"/>
  </way>
  <way id="25" version="1" timestamp="2026-09-02T12:00:00Z" changeset="1" uid="1" user="generator">
    <nd ref="3373"/>
    <nd ref="3374"/>
    <nd ref="3375"/>
    <nd ref="3376"/>
    <nd ref="3373"/>
    <tag k="landuse" v="farmyard"/>
    <tag k="name" v="Villa del Sur A1"/>
  </way>
  <way id="26" version="1" timestamp="2026-09-02T12:00:00Z" changeset="1" uid="1" user="generator">
    <nd ref="3377"/>
    <nd ref="3378"/>
    <nd ref="3379"/>
    <nd ref="3380"/>
    <nd ref="3377"/>
    <tag k="landuse" v="farmyard"/>
    <tag k="name" v="Villa del Sur A2"/>
  </way>
  <way id="27" version="1" timestamp="2026-09-02T12:00:00Z" changeset="1" uid="1" user="generator">
    <nd ref="3381"/>
    <nd ref="3382"/>
    <nd ref="3383"/>
    <nd ref="3384"/>
    <nd ref="3381"/>
    <tag k="landuse" v="farmyard"/>
    <tag k="name" v="Villa del Sur A3"/>
  </way>
  <way id="28" version="1" timestamp="2026-09-02T12:00:00Z" changeset="1" uid="1" user="generator">
    <nd ref="3385"/>
    <nd ref="3386"/>
    <nd ref="3387"/>
    <nd ref="3388"/>
    <nd ref="3385"/>
    <tag k="landuse" v="farmyard"/>
    <tag k="name" v="Villa del Sur B1"/>
  </way>
  <way id="29" version="1" timestamp="2026-09-02T12:00:00Z" changeset="1" uid="1" user="generator">
    <nd ref="3389"/>
    <nd ref="3390"/>
    <nd ref="3391"/>
    <nd ref="3392"/>
    <nd ref="3389"/>
    <tag k="landuse" v="farmyard"/>
    <tag k="name" v="Villa del Sur B2"/>
  </way>
  <way id="30" version="1" timestamp="2026-09-02T12:00:00Z" changeset="1" uid="1" user="generator">
    <nd ref="3393"/>
    <nd ref="3394"/>
    <nd ref="3395"/>
    <nd ref="3396"/>
    <nd ref="3393"/>
    <tag k="landuse" v="farmyard"/>
    <tag k="name" v="Villa del Sur B3"/>
  </way>
  <way id="31" version="1" timestamp="2026-09-02T12:00:00Z" changeset="1" uid="1" user="generator">
    <nd ref="3397"/>
    <nd ref="3398"/>
    <nd ref="3399"/>
    <nd ref="3400"/>
    <nd ref="3397"/>
    <tag k="landuse" v="farmyard"/>
    <tag k="name" v="Villa del Sur C1"/>
  </way>
  <way id="32" version="1" timestamp="2026-09-02T12:00:00Z" changeset="1" uid="1" user="generator">
    <nd ref="3401"/>
    <nd ref="3402"/>
    <nd ref="3403"/>
    <nd ref="3404"/>
    <nd ref="3401"/>
    <tag k="landuse" v="farmyard"/>
    <tag k="name" v="Villa del Sur C2"/>
  </way>
  <way id="33" version="1" timestamp="2026-09-02T12:00:00Z" changeset="1" uid="1" user="generator">
    <nd ref="3405"/>
    <nd ref="3406"/>
    <nd ref="3407"/>
    <nd ref="3408"/>
    <nd ref="3405"/>
    <tag k="landuse" v="farmyard"/>
    <tag k="name" v="Villa del Sur C3"/>
  </way>
  <way id="34" version="1" timestamp="2026-09-02T12:00:00Z" changeset="1" uid="1" user="generator">
    <nd ref="3409"/>
    <nd ref="3410"/>
    <nd ref="3411"/>
    <nd ref="3412"/>
    <nd ref="3409"/>
    <tag k="landuse" v="farmyard"/>
    <tag k="name" v="Villa del Sur D1"/>
  </way>
  <way id="35" version="1" timestamp="2026-09-02T12:00:00Z" changeset="1" uid="1" user="generator">
    <nd ref="3413"/>
    <nd ref="3414"/>
    <nd ref="3415"/>
    <nd ref="3416"/>
    <nd ref="3413"/>
    <tag k="landuse" v="farmyard"/>
    <tag k="name" v="Villa del Sur D2"/>
  </way>
  <way id="36" version="1" timestamp="2026-09-02T12:00:00Z" changeset="1" uid="1" user="generator">
    <nd ref="3417"/>
    <nd ref="3418"/>
    <nd ref="3419"/>
    <nd ref="3420"/>
    <nd ref="3417"/>
    <tag k="landuse" v="farmyard"/>
    <tag k="name" v="Villa del Sur D3"/>
  </way>
  <way id="37" version="1" timestamp="2026-09-02T12:00:00Z" changeset="1" uid="1" user="generator">
    <nd ref="3421"/>
    <nd ref="3422"/>
    <nd ref="3423"/>
    <nd ref="3424"/>
    <nd ref="3421"/>
    <tag k="landuse" v="farmland"/>
    <tag k="name" v="Campo 1 (33.7 ha)"/>
  </way>
  <way id="38" version="1" timestamp="2026-09-02T12:00:00Z" changeset="1" uid="1" user="generator">
    <nd ref="3425"/>
    <nd ref="3426"/>
    <nd ref="3427"/>
    <nd ref="3428"/>
    <nd ref="3425"/>
    <tag k="landuse" v="farmland"/>
    <tag k="name" v="Campo 2 (32.6 ha)"/>
  </way>
  <way id="39" version="1" timestamp="2026-09-02T12:00:00Z" changeset="1" uid="1" user="generator">
    <nd ref="3429"/>
    <nd ref="3430"/>
    <nd ref="3431"/>
    <nd ref="3432"/>
    <nd ref="3429"/>
    <tag k="landuse" v="farmland"/>
    <tag k="name" v="Campo 3 (28.8 ha)"/>
  </way>
  <way id="40" version="1" timestamp="2026-09-02T12:00:00Z" changeset="1" uid="1" user="generator">
    <nd ref="3433"/>
    <nd ref="3434"/>
    <nd ref="3435"/>
    <nd ref="3436"/>
    <nd ref="3433"/>
    <tag k="landuse" v="farmland"/>
    <tag k="name" v="Campo 4 (5.8 ha)"/>
  </way>
  <way id="41" version="1" timestamp="2026-09-02T12:00:00Z" changeset="1" uid="1" user="generator">
    <nd ref="3437"/>
    <nd ref="3438"/>
    <nd ref="3439"/>
    <nd ref="3440"/>
    <nd ref="3437"/>
    <tag k="landuse" v="farmland"/>
    <tag k="name" v="Campo 5 (7.7 ha)"/>
  </way>
  <way id="42" version="1" timestamp="2026-09-02T12:00:00Z" changeset="1" uid="1" user="generator">
    <nd ref="3441"/>
    <nd ref="3442"/>
    <nd ref="3443"/>
    <nd ref="3444"/>
    <nd ref="3441"/>
    <tag k="landuse" v="farmland"/>
    <tag k="name" v="Campo 6 (17.5 ha)"/>
  </way>
  <way id="43" version="1" timestamp="2026-09-02T12:00:00Z" changeset="1" uid="1" user="generator">
    <nd ref="3445"/>
    <nd ref="3446"/>
    <nd ref="3447"/>
    <nd ref="3448"/>
    <nd ref="3445"/>
    <tag k="landuse" v="farmland"/>
    <tag k="name" v="Campo 7 (3.4 ha)"/>
  </way>
  <way id="44" version="1" timestamp="2026-09-02T12:00:00Z" changeset="1" uid="1" user="generator">
    <nd ref="3449"/>
    <nd ref="3450"/>
    <nd ref="3451"/>
    <nd ref="3452"/>
    <nd ref="3453"/>
    <nd ref="3454"/>
    <nd ref="3455"/>
    <nd ref="3456"/>
    <nd ref="3457"/>
    <nd ref="3458"/>
    <nd ref="3459"/>
    <nd ref="3460"/>
    <nd ref="3461"/>
    <nd ref="3462"/>
    <nd ref="3463"/>
    <nd ref="3464"/>
    <nd ref="3465"/>
    <nd ref="3466"/>
    <nd ref="3467"/>
    <nd ref="3468"/>
    <nd ref="3469"/>
    <nd ref="3470"/>
    <nd ref="3471"/>
    <nd ref="3449"/>
    <tag k="landuse" v="farmland"/>
    <tag k="name" v="Campo 8 (23.6 ha)"/>
  </way>
  <way id="45" version="1" timestamp="2026-09-02T12:00:00Z" changeset="1" uid="1" user="generator">
    <nd ref="3472"/>
    <nd ref="3473"/>
    <nd ref="3474"/>
    <nd ref="3475"/>
    <nd ref="3476"/>
    <nd ref="3477"/>
    <nd ref="3478"/>
    <nd ref="3479"/>
    <nd ref="3480"/>
    <nd ref="3481"/>
    <nd ref="3482"/>
    <nd ref="3483"/>
    <nd ref="3484"/>
    <nd ref="3485"/>
    <nd ref="3486"/>
    <nd ref="3487"/>
    <nd ref="3488"/>
    <nd ref="3489"/>
    <nd ref="3490"/>
    <nd ref="3491"/>
    <nd ref="3492"/>
    <nd ref="3493"/>
    <nd ref="3494"/>
    <nd ref="3495"/>
    <nd ref="3496"/>
    <nd ref="3497"/>
    <nd ref="3498"/>
    <nd ref="3499"/>
    <nd ref="3472"/>
    <tag k="landuse" v="farmland"/>
    <tag k="name" v="Campo 9 (29.8 ha)"/>
  </way>
  <way id="46" version="1" timestamp="2026-09-02T12:00:00Z" changeset="1" uid="1" user="generator">
    <nd ref="3500"/>
    <nd ref="3501"/>
    <nd ref="3502"/>
    <nd ref="3503"/>
    <nd ref="3504"/>
    <nd ref="3505"/>
    <nd ref="3506"/>
    <nd ref="3507"/>
    <nd ref="3508"/>
    <nd ref="3509"/>
    <nd ref="3510"/>
    <nd ref="3511"/>
    <nd ref="3512"/>
    <nd ref="3513"/>
    <nd ref="3514"/>
    <nd ref="3515"/>
    <nd ref="3516"/>
    <nd ref="3517"/>
    <nd ref="3518"/>
    <nd ref="3519"/>
    <nd ref="3520"/>
    <nd ref="3521"/>
    <nd ref="3522"/>
    <nd ref="3523"/>
    <nd ref="3524"/>
    <nd ref="3525"/>
    <nd ref="3526"/>
    <nd ref="3527"/>
    <nd ref="3500"/>
    <tag k="landuse" v="farmland"/>
    <tag k="name" v="Campo 10 (15.2 ha)"/>
  </way>
  <way id="47" version="1" timestamp="2026-09-02T12:00:00Z" changeset="1" uid="1" user="generator">
    <nd ref="3528"/>
    <nd ref="3529"/>
    <nd ref="3530"/>
    <nd ref="3531"/>
    <nd ref="3532"/>
    <nd ref="3533"/>
    <nd ref="3534"/>
    <nd ref="3528"/>
    <tag k="landuse" v="farmland"/>
    <tag k="name" v="Campo 11 (15.1 ha)"/>
  </way>
  <way id="48" version="1" timestamp="2026-09-02T12:00:00Z" changeset="1" uid="1" user="generator">
    <nd ref="3535"/>
    <nd ref="3536"/>
    <nd ref="3537"/>
    <nd ref="3538"/>
    <nd ref="3539"/>
    <nd ref="3540"/>
    <nd ref="3541"/>
    <nd ref="3542"/>
    <nd ref="3543"/>
    <nd ref="3544"/>
    <nd ref="3545"/>
    <nd ref="3546"/>
    <nd ref="3547"/>
    <nd ref="3548"/>
    <nd ref="3549"/>
    <nd ref="3550"/>
    <nd ref="3551"/>
    <nd ref="3552"/>
    <nd ref="3553"/>
    <nd ref="3554"/>
    <nd ref="3555"/>
    <nd ref="3556"/>
    <nd ref="3557"/>
    <nd ref="3558"/>
    <nd ref="3559"/>
    <nd ref="3560"/>
    <nd ref="3561"/>
    <nd ref="3562"/>
    <nd ref="3563"/>
    <nd ref="3564"/>
    <nd ref="3565"/>
    <nd ref="3535"/>
    <tag k="landuse" v="farmland"/>
    <tag k="name" v="Campo 12 (25.3 ha)"/>
  </way>
  <way id="49" version="1" timestamp="2026-09-02T12:00:00Z" changeset="1" uid="1" user="generator">
    <nd ref="3566"/>
    <nd ref="3567"/>
    <nd ref="3568"/>
    <nd ref="3569"/>
    <nd ref="3570"/>
    <nd ref="3571"/>
    <nd ref="3572"/>
    <nd ref="3573"/>
    <nd ref="3574"/>
    <nd ref="3575"/>
    <nd ref="3576"/>
    <nd ref="3577"/>
    <nd ref="3578"/>
    <nd ref="3579"/>
    <nd ref="3580"/>
    <nd ref="3581"/>
    <nd ref="3582"/>
    <nd ref="3583"/>
    <nd ref="3584"/>
    <nd ref="3585"/>
    <nd ref="3586"/>
    <nd ref="3587"/>
    <nd ref="3588"/>
    <nd ref="3589"/>
    <nd ref="3590"/>
    <nd ref="3591"/>
    <nd ref="3592"/>
    <nd ref="3593"/>
    <nd ref="3566"/>
    <tag k="landuse" v="farmland"/>
    <tag k="name" v="Campo 13 (20.3 ha)"/>
  </way>
  <way id="50" version="1" timestamp="2026-09-02T12:00:00Z" changeset="1" uid="1" user="generator">
    <nd ref="3594"/>
    <nd ref="3595"/>
    <nd ref="3596"/>
    <nd ref="3597"/>
    <nd ref="3598"/>
    <nd ref="3599"/>
    <nd ref="3600"/>
    <nd ref="3601"/>
    <nd ref="3602"/>
    <nd ref="3603"/>
    <nd ref="3604"/>
    <nd ref="3605"/>
    <nd ref="3606"/>
    <nd ref="3607"/>
    <nd ref="3608"/>
    <nd ref="3609"/>
    <nd ref="3610"/>
    <nd ref="3611"/>
    <nd ref="3612"/>
    <nd ref="3613"/>
    <nd ref="3614"/>
    <nd ref="3615"/>
    <nd ref="3616"/>
    <nd ref="3617"/>
    <nd ref="3618"/>
    <nd ref="3619"/>
    <nd ref="3620"/>
    <nd ref="3621"/>
    <nd ref="3594"/>
    <tag k="landuse" v="farmland"/>
    <tag k="name" v="Campo 14 (12.5 ha)"/>
  </way>
  <way id="51" version="1" timestamp="2026-09-02T12:00:00Z" changeset="1" uid="1" user="generator">
    <nd ref="3622"/>
    <nd ref="3623"/>
    <nd ref="3624"/>
    <nd ref="3625"/>
    <nd ref="3622"/>
    <tag k="landuse" v="farmland"/>
    <tag k="name" v="Campo 15 (22.5 ha)"/>
  </way>
  <way id="52" version="1" timestamp="2026-09-02T12:00:00Z" changeset="1" uid="1" user="generator">
    <nd ref="3626"/>
    <nd ref="3627"/>
    <nd ref="3628"/>
    <nd ref="3629"/>
    <nd ref="3630"/>
    <nd ref="3631"/>
    <nd ref="3632"/>
    <nd ref="3633"/>
    <nd ref="3634"/>
    <nd ref="3635"/>
    <nd ref="3636"/>
    <nd ref="3637"/>
    <nd ref="3638"/>
    <nd ref="3639"/>
    <nd ref="3640"/>
    <nd ref="3641"/>
    <nd ref="3642"/>
    <nd ref="3643"/>
    <nd ref="3644"/>
    <nd ref="3645"/>
    <nd ref="3646"/>
    <nd ref="3647"/>
    <nd ref="3648"/>
    <nd ref="3649"/>
    <nd ref="3650"/>
    <nd ref="3651"/>
    <nd ref="3652"/>
    <nd ref="3653"/>
    <nd ref="3626"/>
    <tag k="landuse" v="farmland"/>
    <tag k="name" v="Campo 16 (31.0 ha)"/>
  </way>
  <way id="53" version="1" timestamp="2026-09-02T12:00:00Z" changeset="1" uid="1" user="generator">
    <nd ref="3654"/>
    <nd ref="3655"/>
    <nd ref="3656"/>
    <nd ref="3657"/>
    <nd ref="3654"/>
    <tag k="landuse" v="farmland"/>
    <tag k="name" v="Campo 17 (19.4 ha)"/>
  </way>
  <way id="54" version="1" timestamp="2026-09-02T12:00:00Z" changeset="1" uid="1" user="generator">
    <nd ref="3658"/>
    <nd ref="3659"/>
    <nd ref="3660"/>
    <nd ref="3661"/>
    <nd ref="3662"/>
    <nd ref="3663"/>
    <nd ref="3664"/>
    <nd ref="3658"/>
    <tag k="landuse" v="farmland"/>
    <tag k="name" v="Campo 18 (11.0 ha)"/>
  </way>
  <way id="55" version="1" timestamp="2026-09-02T12:00:00Z" changeset="1" uid="1" user="generator">
    <nd ref="3665"/>
    <nd ref="3666"/>
    <nd ref="3667"/>
    <nd ref="3668"/>
    <nd ref="3669"/>
    <nd ref="3670"/>
    <nd ref="3671"/>
    <nd ref="3672"/>
    <nd ref="3673"/>
    <nd ref="3674"/>
    <nd ref="3675"/>
    <nd ref="3676"/>
    <nd ref="3677"/>
    <nd ref="3678"/>
    <nd ref="3679"/>
    <nd ref="3680"/>
    <nd ref="3681"/>
    <nd ref="3682"/>
    <nd ref="3683"/>
    <nd ref="3684"/>
    <nd ref="3685"/>
    <nd ref="3686"/>
    <nd ref="3687"/>
    <nd ref="3688"/>
    <nd ref="3689"/>
    <nd ref="3690"/>
    <nd ref="3691"/>
    <nd ref="3692"/>
    <nd ref="3693"/>
    <nd ref="3694"/>
    <nd ref="3695"/>
    <nd ref="3665"/>
    <tag k="landuse" v="farmland"/>
    <tag k="name" v="Campo 19 (13.8 ha)"/>
  </way>
  <way id="56" version="1" timestamp="2026-09-02T12:00:00Z" changeset="1" uid="1" user="generator">
    <nd ref="3696"/>
    <nd ref="3697"/>
    <nd ref="3698"/>
    <nd ref="3699"/>
    <nd ref="3700"/>
    <nd ref="3701"/>
    <nd ref="3702"/>
    <nd ref="3703"/>
    <nd ref="3704"/>
    <nd ref="3705"/>
    <nd ref="3706"/>
    <nd ref="3696"/>
    <tag k="landuse" v="farmland"/>
    <tag k="name" v="Campo 20 (20.1 ha)"/>
  </way>
  <way id="57" version="1" timestamp="2026-09-02T12:00:00Z" changeset="1" uid="1" user="generator">
    <nd ref="3707"/>
    <nd ref="3708"/>
    <nd ref="3709"/>
    <nd ref="3710"/>
    <nd ref="3711"/>
    <nd ref="3712"/>
    <nd ref="3713"/>
    <nd ref="3714"/>
    <nd ref="3715"/>
    <nd ref="3716"/>
    <nd ref="3717"/>
    <nd ref="3718"/>
    <nd ref="3719"/>
    <nd ref="3720"/>
    <nd ref="3721"/>
    <nd ref="3722"/>
    <nd ref="3723"/>
    <nd ref="3724"/>
    <nd ref="3725"/>
    <nd ref="3726"/>
    <nd ref="3727"/>
    <nd ref="3728"/>
    <nd ref="3729"/>
    <nd ref="3730"/>
    <nd ref="3731"/>
    <nd ref="3732"/>
    <nd ref="3733"/>
    <nd ref="3734"/>
    <nd ref="3735"/>
    <nd ref="3736"/>
    <nd ref="3707"/>
    <tag k="landuse" v="farmland"/>
    <tag k="name" v="Campo 21 (9.5 ha)"/>
  </way>
  <way id="58" version="1" timestamp="2026-09-02T12:00:00Z" changeset="1" uid="1" user="generator">
    <nd ref="3737"/>
    <nd ref="3738"/>
    <nd ref="3739"/>
    <nd ref="3740"/>
    <nd ref="3737"/>
    <tag k="landuse" v="farmland"/>
    <tag k="name" v="Campo 22 (13.3 ha)"/>
  </way>
  <way id="59" version="1" timestamp="2026-09-02T12:00:00Z" changeset="1" uid="1" user="generator">
    <nd ref="3741"/>
    <nd ref="3742"/>
    <nd ref="3743"/>
    <nd ref="3744"/>
    <nd ref="3745"/>
    <nd ref="3746"/>
    <nd ref="3747"/>
    <nd ref="3748"/>
    <nd ref="3749"/>
    <nd ref="3750"/>
    <nd ref="3751"/>
    <nd ref="3752"/>
    <nd ref="3753"/>
    <nd ref="3754"/>
    <nd ref="3755"/>
    <nd ref="3756"/>
    <nd ref="3757"/>
    <nd ref="3758"/>
    <nd ref="3759"/>
    <nd ref="3760"/>
    <nd ref="3761"/>
    <nd ref="3762"/>
    <nd ref="3763"/>
    <nd ref="3764"/>
    <nd ref="3765"/>
    <nd ref="3766"/>
    <nd ref="3767"/>
    <nd ref="3768"/>
    <nd ref="3769"/>
    <nd ref="3741"/>
    <tag k="landuse" v="farmland"/>
    <tag k="name" v="Campo 23 (16.7 ha)"/>
  </way>
  <way id="60" version="1" timestamp="2026-09-02T12:00:00Z" changeset="1" uid="1" user="generator">
    <nd ref="3770"/>
    <nd ref="3771"/>
    <nd ref="3772"/>
    <nd ref="3773"/>
    <nd ref="3770"/>
    <tag k="landuse" v="farmland"/>
    <tag k="name" v="Campo 24 (7.2 ha)"/>
  </way>
  <way id="61" version="1" timestamp="2026-09-02T12:00:00Z" changeset="1" uid="1" user="generator">
    <nd ref="3774"/>
    <nd ref="3775"/>
    <nd ref="3776"/>
    <nd ref="3777"/>
    <nd ref="3778"/>
    <nd ref="3779"/>
    <nd ref="3780"/>
    <nd ref="3781"/>
    <nd ref="3774"/>
    <tag k="landuse" v="farmland"/>
    <tag k="name" v="Campo 25 (4.2 ha)"/>
  </way>
  <way id="62" version="1" timestamp="2026-09-02T12:00:00Z" changeset="1" uid="1" user="generator">
    <nd ref="3782"/>
    <nd ref="3783"/>
    <nd ref="3784"/>
    <nd ref="3785"/>
    <nd ref="3786"/>
    <nd ref="3787"/>
    <nd ref="3788"/>
    <nd ref="3789"/>
    <nd ref="3790"/>
    <nd ref="3791"/>
    <nd ref="3792"/>
    <nd ref="3793"/>
    <nd ref="3794"/>
    <nd ref="3795"/>
    <nd ref="3796"/>
    <nd ref="3797"/>
    <nd ref="3798"/>
    <nd ref="3799"/>
    <nd ref="3800"/>
    <nd ref="3801"/>
    <nd ref="3802"/>
    <nd ref="3803"/>
    <nd ref="3804"/>
    <nd ref="3805"/>
    <nd ref="3806"/>
    <nd ref="3807"/>
    <nd ref="3808"/>
    <nd ref="3809"/>
    <nd ref="3810"/>
    <nd ref="3811"/>
    <nd ref="3812"/>
    <nd ref="3782"/>
    <tag k="landuse" v="farmland"/>
    <tag k="name" v="Campo 26 (27.7 ha)"/>
  </way>
  <way id="63" version="1" timestamp="2026-09-02T12:00:00Z" changeset="1" uid="1" user="generator">
    <nd ref="3813"/>
    <nd ref="3814"/>
    <nd ref="3815"/>
    <nd ref="3816"/>
    <nd ref="3817"/>
    <nd ref="3818"/>
    <nd ref="3819"/>
    <nd ref="3820"/>
    <nd ref="3821"/>
    <nd ref="3822"/>
    <nd ref="3823"/>
    <nd ref="3824"/>
    <nd ref="3825"/>
    <nd ref="3826"/>
    <nd ref="3827"/>
    <nd ref="3828"/>
    <nd ref="3829"/>
    <nd ref="3830"/>
    <nd ref="3813"/>
    <tag k="landuse" v="farmland"/>
    <tag k="name" v="Campo 27 (6.0 ha)"/>
  </way>
  <way id="64" version="1" timestamp="2026-09-02T12:00:00Z" changeset="1" uid="1" user="generator">
    <nd ref="3831"/>
    <nd ref="3832"/>
    <nd ref="3833"/>
    <nd ref="3834"/>
    <nd ref="3835"/>
    <nd ref="3836"/>
    <nd ref="3837"/>
    <nd ref="3838"/>
    <nd ref="3839"/>
    <nd ref="3840"/>
    <nd ref="3841"/>
    <nd ref="3842"/>
    <nd ref="3843"/>
    <nd ref="3844"/>
    <nd ref="3845"/>
    <nd ref="3846"/>
    <nd ref="3847"/>
    <nd ref="3848"/>
    <nd ref="3849"/>
    <nd ref="3850"/>
    <nd ref="3851"/>
    <nd ref="3852"/>
    <nd ref="3853"/>
    <nd ref="3854"/>
    <nd ref="3855"/>
    <nd ref="3856"/>
    <nd ref="3857"/>
    <nd ref="3858"/>
    <nd ref="3859"/>
    <nd ref="3860"/>
    <nd ref="3831"/>
    <tag k="landuse" v="farmland"/>
    <tag k="name" v="Campo 28 (30.3 ha)"/>
  </way>
  <way id="65" version="1" timestamp="2026-09-02T12:00:00Z" changeset="1" uid="1" user="generator">
    <nd ref="3861"/>
    <nd ref="3862"/>
    <nd ref="3863"/>
    <nd ref="3864"/>
    <nd ref="3865"/>
    <nd ref="3866"/>
    <nd ref="3867"/>
    <nd ref="3868"/>
    <nd ref="3869"/>
    <nd ref="3870"/>
    <nd ref="3871"/>
    <nd ref="3872"/>
    <nd ref="3873"/>
    <nd ref="3874"/>
    <nd ref="3875"/>
    <nd ref="3876"/>
    <nd ref="3877"/>
    <nd ref="3878"/>
    <nd ref="3879"/>
    <nd ref="3880"/>
    <nd ref="3881"/>
    <nd ref="3882"/>
    <nd ref="3883"/>
    <nd ref="3884"/>
    <nd ref="3885"/>
    <nd ref="3886"/>
    <nd ref="3887"/>
    <nd ref="3888"/>
    <nd ref="3889"/>
    <nd ref="3890"/>
    <nd ref="3891"/>
    <nd ref="3861"/>
    <tag k="landuse" v="farmland"/>
    <tag k="name" v="Campo 29 (16.6 ha)"/>
  </way>
  <way id="66" version="1" timestamp="2026-09-02T12:00:00Z" changeset="1" uid="1" user="generator">
    <nd ref="3892"/>
    <nd ref="3893"/>
    <nd ref="3894"/>
    <nd ref="3895"/>
    <nd ref="3896"/>
    <nd ref="3897"/>
    <nd ref="3898"/>
    <nd ref="3899"/>
    <nd ref="3900"/>
    <nd ref="3901"/>
    <nd ref="3902"/>
    <nd ref="3903"/>
    <nd ref="3904"/>
    <nd ref="3905"/>
    <nd ref="3906"/>
    <nd ref="3907"/>
    <nd ref="3908"/>
    <nd ref="3909"/>
    <nd ref="3910"/>
    <nd ref="3911"/>
    <nd ref="3912"/>
    <nd ref="3913"/>
    <nd ref="3892"/>
    <tag k="landuse" v="farmland"/>
    <tag k="name" v="Campo 31 (16.4 ha)"/>
  </way>
  <way id="67" version="1" timestamp="2026-09-02T12:00:00Z" changeset="1" uid="1" user="generator">
    <nd ref="3914"/>
    <nd ref="3915"/>
    <nd ref="3916"/>
    <nd ref="3917"/>
    <nd ref="3918"/>
    <nd ref="3919"/>
    <nd ref="3920"/>
    <nd ref="3921"/>
    <nd ref="3922"/>
    <nd ref="3923"/>
    <nd ref="3924"/>
    <nd ref="3925"/>
    <nd ref="3926"/>
    <nd ref="3927"/>
    <nd ref="3928"/>
    <nd ref="3929"/>
    <nd ref="3930"/>
    <nd ref="3931"/>
    <nd ref="3932"/>
    <nd ref="3933"/>
    <nd ref="3934"/>
    <nd ref="3935"/>
    <nd ref="3936"/>
    <nd ref="3937"/>
    <nd ref="3938"/>
    <nd ref="3939"/>
    <nd ref="3940"/>
    <nd ref="3941"/>
    <nd ref="3942"/>
    <nd ref="3943"/>
    <nd ref="3944"/>
    <nd ref="3945"/>
    <nd ref="3914"/>
    <tag k="landuse" v="farmland"/>
    <tag k="name" v="Campo 32 (16.7 ha)"/>
  </way>
  <way id="68" version="1" timestamp="2026-09-02T12:00:00Z" changeset="1" uid="1" user="generator">
    <nd ref="3946"/>
    <nd ref="3947"/>
    <nd ref="3948"/>
    <nd ref="3949"/>
    <nd ref="3950"/>
    <nd ref="3951"/>
    <nd ref="3952"/>
    <nd ref="3953"/>
    <nd ref="3954"/>
    <nd ref="3955"/>
    <nd ref="3956"/>
    <nd ref="3957"/>
    <nd ref="3958"/>
    <nd ref="3959"/>
    <nd ref="3960"/>
    <nd ref="3961"/>
    <nd ref="3962"/>
    <nd ref="3963"/>
    <nd ref="3964"/>
    <nd ref="3965"/>
    <nd ref="3966"/>
    <nd ref="3967"/>
    <nd ref="3968"/>
    <nd ref="3969"/>
    <nd ref="3970"/>
    <nd ref="3971"/>
    <nd ref="3972"/>
    <nd ref="3973"/>
    <nd ref="3974"/>
    <nd ref="3975"/>
    <nd ref="3976"/>
    <nd ref="3977"/>
    <nd ref="3978"/>
    <nd ref="3979"/>
    <nd ref="3980"/>
    <nd ref="3981"/>
    <nd ref="3982"/>
    <nd ref="3983"/>
    <nd ref="3984"/>
    <nd ref="3985"/>
    <nd ref="3986"/>
    <nd ref="3987"/>
    <nd ref="3988"/>
    <nd ref="3989"/>
    <nd ref="3946"/>
    <tag k="landuse" v="farmland"/>
    <tag k="name" v="Campo 33 (23.6 ha)"/>
  </way>
  <way id="69" version="1" timestamp="2026-09-02T12:00:00Z" changeset="1" uid="1" user="generator">
    <nd ref="3990"/>
    <nd ref="3991"/>
    <nd ref="3992"/>
    <nd ref="3993"/>
    <nd ref="3994"/>
    <nd ref="3995"/>
    <nd ref="3996"/>
    <nd ref="3997"/>
    <nd ref="3998"/>
    <nd ref="3999"/>
    <nd ref="4000"/>
    <nd ref="4001"/>
    <nd ref="4002"/>
    <nd ref="4003"/>
    <nd ref="4004"/>
    <nd ref="4005"/>
    <nd ref="4006"/>
    <nd ref="4007"/>
    <nd ref="4008"/>
    <nd ref="4009"/>
    <nd ref="4010"/>
    <nd ref="4011"/>
    <nd ref="4012"/>
    <nd ref="4013"/>
    <nd ref="4014"/>
    <nd ref="4015"/>
    <nd ref="4016"/>
    <nd ref="4017"/>
    <nd ref="3990"/>
    <tag k="landuse" v="farmland"/>
    <tag k="name" v="Campo 36 (25.3 ha)"/>
  </way>
  <way id="70" version="1" timestamp="2026-09-02T12:00:00Z" changeset="1" uid="1" user="generator">
    <nd ref="4018"/>
    <nd ref="4019"/>
    <nd ref="4020"/>
    <nd ref="4021"/>
    <nd ref="4022"/>
    <nd ref="4023"/>
    <nd ref="4024"/>
    <nd ref="4018"/>
    <tag k="landuse" v="farmland"/>
    <tag k="name" v="Campo 37 (26.7 ha)"/>
  </way>
  <way id="71" version="1" timestamp="2026-09-02T12:00:00Z" changeset="1" uid="1" user="generator">
    <nd ref="4025"/>
    <nd ref="4026"/>
    <nd ref="4027"/>
    <nd ref="4028"/>
    <nd ref="4029"/>
    <nd ref="4030"/>
    <nd ref="4031"/>
    <nd ref="4032"/>
    <nd ref="4033"/>
    <nd ref="4034"/>
    <nd ref="4035"/>
    <nd ref="4036"/>
    <nd ref="4037"/>
    <nd ref="4038"/>
    <nd ref="4039"/>
    <nd ref="4040"/>
    <nd ref="4041"/>
    <nd ref="4042"/>
    <nd ref="4043"/>
    <nd ref="4044"/>
    <nd ref="4025"/>
    <tag k="landuse" v="farmland"/>
    <tag k="name" v="Campo 38 (12.2 ha)"/>
  </way>
  <way id="72" version="1" timestamp="2026-09-02T12:00:00Z" changeset="1" uid="1" user="generator">
    <nd ref="4045"/>
    <nd ref="4046"/>
    <nd ref="4047"/>
    <nd ref="4048"/>
    <nd ref="4049"/>
    <nd ref="4050"/>
    <nd ref="4051"/>
    <nd ref="4052"/>
    <nd ref="4053"/>
    <nd ref="4054"/>
    <nd ref="4055"/>
    <nd ref="4056"/>
    <nd ref="4057"/>
    <nd ref="4058"/>
    <nd ref="4059"/>
    <nd ref="4060"/>
    <nd ref="4061"/>
    <nd ref="4062"/>
    <nd ref="4063"/>
    <nd ref="4064"/>
    <nd ref="4065"/>
    <nd ref="4066"/>
    <nd ref="4067"/>
    <nd ref="4068"/>
    <nd ref="4069"/>
    <nd ref="4070"/>
    <nd ref="4071"/>
    <nd ref="4072"/>
    <nd ref="4073"/>
    <nd ref="4045"/>
    <tag k="landuse" v="farmland"/>
    <tag k="name" v="Campo 39 (19.0 ha)"/>
  </way>
  <way id="73" version="1" timestamp="2026-09-02T12:00:00Z" changeset="1" uid="1" user="generator">
    <nd ref="4074"/>
    <nd ref="4075"/>
    <nd ref="4076"/>
    <nd ref="4077"/>
    <nd ref="4078"/>
    <nd ref="4079"/>
    <nd ref="4080"/>
    <nd ref="4081"/>
    <nd ref="4082"/>
    <nd ref="4083"/>
    <nd ref="4084"/>
    <nd ref="4085"/>
    <nd ref="4086"/>
    <nd ref="4087"/>
    <nd ref="4088"/>
    <nd ref="4089"/>
    <nd ref="4090"/>
    <nd ref="4091"/>
    <nd ref="4092"/>
    <nd ref="4093"/>
    <nd ref="4094"/>
    <nd ref="4095"/>
    <nd ref="4096"/>
    <nd ref="4097"/>
    <nd ref="4098"/>
    <nd ref="4099"/>
    <nd ref="4100"/>
    <nd ref="4101"/>
    <nd ref="4074"/>
    <tag k="landuse" v="farmland"/>
    <tag k="name" v="Campo 40 (17.6 ha)"/>
  </way>
  <way id="74" version="1" timestamp="2026-09-02T12:00:00Z" changeset="1" uid="1" user="generator">
    <nd ref="4102"/>
    <nd ref="4103"/>
    <nd ref="4104"/>
    <nd ref="4105"/>
    <nd ref="4106"/>
    <nd ref="4107"/>
    <nd ref="4108"/>
    <nd ref="4109"/>
    <nd ref="4110"/>
    <nd ref="4111"/>
    <nd ref="4112"/>
    <nd ref="4113"/>
    <nd ref="4114"/>
    <nd ref="4115"/>
    <nd ref="4116"/>
    <nd ref="4117"/>
    <nd ref="4118"/>
    <nd ref="4119"/>
    <nd ref="4120"/>
    <nd ref="4121"/>
    <nd ref="4122"/>
    <nd ref="4123"/>
    <nd ref="4124"/>
    <nd ref="4125"/>
    <nd ref="4126"/>
    <nd ref="4127"/>
    <nd ref="4128"/>
    <nd ref="4129"/>
    <nd ref="4130"/>
    <nd ref="4131"/>
    <nd ref="4132"/>
    <nd ref="4102"/>
    <tag k="landuse" v="farmland"/>
    <tag k="name" v="Campo 43 (36.6 ha)"/>
  </way>
  <way id="75" version="1" timestamp="2026-09-02T12:00:00Z" changeset="1" uid="1" user="generator">
    <nd ref="4133"/>
    <nd ref="4134"/>
    <nd ref="4135"/>
    <nd ref="4136"/>
    <nd ref="4137"/>
    <nd ref="4138"/>
    <nd ref="4139"/>
    <nd ref="4140"/>
    <nd ref="4141"/>
    <nd ref="4142"/>
    <nd ref="4143"/>
    <nd ref="4144"/>
    <nd ref="4145"/>
    <nd ref="4146"/>
    <nd ref="4147"/>
    <nd ref="4148"/>
    <nd ref="4149"/>
    <nd ref="4150"/>
    <nd ref="4151"/>
    <nd ref="4152"/>
    <nd ref="4153"/>
    <nd ref="4154"/>
    <nd ref="4155"/>
    <nd ref="4156"/>
    <nd ref="4157"/>
    <nd ref="4158"/>
    <nd ref="4159"/>
    <nd ref="4160"/>
    <nd ref="4133"/>
    <tag k="landuse" v="farmland"/>
    <tag k="name" v="Campo 44 (31.7 ha)"/>
  </way>
  <way id="76" version="1" timestamp="2026-09-02T12:00:00Z" changeset="1" uid="1" user="generator">
    <nd ref="4161"/>
    <nd ref="4162"/>
    <nd ref="4163"/>
    <nd ref="4164"/>
    <nd ref="4165"/>
    <nd ref="4166"/>
    <nd ref="4167"/>
    <nd ref="4161"/>
    <tag k="landuse" v="farmland"/>
    <tag k="name" v="Campo 45 (5.9 ha)"/>
  </way>
  <way id="77" version="1" timestamp="2026-09-02T12:00:00Z" changeset="1" uid="1" user="generator">
    <nd ref="4168"/>
    <nd ref="4169"/>
    <nd ref="4170"/>
    <nd ref="4171"/>
    <nd ref="4172"/>
    <nd ref="4173"/>
    <nd ref="4174"/>
    <nd ref="4175"/>
    <nd ref="4176"/>
    <nd ref="4177"/>
    <nd ref="4178"/>
    <nd ref="4179"/>
    <nd ref="4180"/>
    <nd ref="4181"/>
    <nd ref="4182"/>
    <nd ref="4183"/>
    <nd ref="4184"/>
    <nd ref="4185"/>
    <nd ref="4186"/>
    <nd ref="4187"/>
    <nd ref="4188"/>
    <nd ref="4189"/>
    <nd ref="4190"/>
    <nd ref="4191"/>
    <nd ref="4192"/>
    <nd ref="4193"/>
    <nd ref="4194"/>
    <nd ref="4195"/>
    <nd ref="4168"/>
    <tag k="landuse" v="farmland"/>
    <tag k="name" v="Campo 46 (18.7 ha)"/>
  </way>
  <way id="78" version="1" timestamp="2026-09-02T12:00:00Z" changeset="1" uid="1" user="generator">
    <nd ref="4196"/>
    <nd ref="4197"/>
    <nd ref="4198"/>
    <nd ref="4199"/>
    <nd ref="4200"/>
    <nd ref="4201"/>
    <nd ref="4202"/>
    <nd ref="4203"/>
    <nd ref="4204"/>
    <nd ref="4205"/>
    <nd ref="4206"/>
    <nd ref="4207"/>
    <nd ref="4208"/>
    <nd ref="4209"/>
    <nd ref="4210"/>
    <nd ref="4211"/>
    <nd ref="4212"/>
    <nd ref="4213"/>
    <nd ref="4214"/>
    <nd ref="4215"/>
    <nd ref="4216"/>
    <nd ref="4217"/>
    <nd ref="4218"/>
    <nd ref="4219"/>
    <nd ref="4220"/>
    <nd ref="4221"/>
    <nd ref="4222"/>
    <nd ref="4223"/>
    <nd ref="4196"/>
    <tag k="landuse" v="farmland"/>
    <tag k="name" v="Campo 47 (18.7 ha)"/>
  </way>
  <way id="79" version="1" timestamp="2026-09-02T12:00:00Z" changeset="1" uid="1" user="generator">
    <nd ref="4224"/>
    <nd ref="4225"/>
    <nd ref="4226"/>
    <nd ref="4227"/>
    <nd ref="4228"/>
    <nd ref="4229"/>
    <nd ref="4230"/>
    <nd ref="4224"/>
    <tag k="landuse" v="farmland"/>
    <tag k="name" v="Campo 52 (3.8 ha)"/>
  </way>
  <way id="80" version="1" timestamp="2026-09-02T12:00:00Z" changeset="1" uid="1" user="generator">
    <nd ref="4231"/>
    <nd ref="4232"/>
    <nd ref="4233"/>
    <nd ref="4234"/>
    <nd ref="4231"/>
    <tag k="landuse" v="farmland"/>
    <tag k="name" v="Campo 53 (5.3 ha)"/>
  </way>
  <way id="81" version="1" timestamp="2026-09-02T12:00:00Z" changeset="1" uid="1" user="generator">
    <nd ref="4235"/>
    <nd ref="4236"/>
    <nd ref="4237"/>
    <nd ref="4238"/>
    <nd ref="4239"/>
    <nd ref="4240"/>
    <nd ref="4241"/>
    <nd ref="4242"/>
    <nd ref="4243"/>
    <nd ref="4244"/>
    <nd ref="4245"/>
    <nd ref="4246"/>
    <nd ref="4247"/>
    <nd ref="4248"/>
    <nd ref="4249"/>
    <nd ref="4250"/>
    <nd ref="4251"/>
    <nd ref="4252"/>
    <nd ref="4253"/>
    <nd ref="4254"/>
    <nd ref="4255"/>
    <nd ref="4256"/>
    <nd ref="4257"/>
    <nd ref="4258"/>
    <nd ref="4259"/>
    <nd ref="4260"/>
    <nd ref="4261"/>
    <nd ref="4262"/>
    <nd ref="4235"/>
    <tag k="landuse" v="farmland"/>
    <tag k="name" v="Campo 54 (12.0 ha)"/>
  </way>
  <way id="82" version="1" timestamp="2026-09-02T12:00:00Z" changeset="1" uid="1" user="generator">
    <nd ref="4263"/>
    <nd ref="4264"/>
    <nd ref="4265"/>
    <nd ref="4266"/>
    <nd ref="4263"/>
    <tag k="landuse" v="farmland"/>
    <tag k="name" v="Campo 55 (5.0 ha)"/>
  </way>
  <way id="83" version="1" timestamp="2026-09-02T12:00:00Z" changeset="1" uid="1" user="generator">
    <nd ref="4267"/>
    <nd ref="4268"/>
    <nd ref="4269"/>
    <nd ref="4270"/>
    <nd ref="4267"/>
    <tag k="landuse" v="farmland"/>
    <tag k="name" v="Campo 56 (12.3 ha)"/>
  </way>
  <way id="84" version="1" timestamp="2026-09-02T12:00:00Z" changeset="1" uid="1" user="generator">
    <nd ref="4271"/>
    <nd ref="4272"/>
    <nd ref="4273"/>
    <nd ref="4274"/>
    <nd ref="4275"/>
    <nd ref="4276"/>
    <nd ref="4277"/>
    <nd ref="4278"/>
    <nd ref="4279"/>
    <nd ref="4280"/>
    <nd ref="4281"/>
    <nd ref="4282"/>
    <nd ref="4283"/>
    <nd ref="4284"/>
    <nd ref="4285"/>
    <nd ref="4286"/>
    <nd ref="4287"/>
    <nd ref="4288"/>
    <nd ref="4289"/>
    <nd ref="4290"/>
    <nd ref="4291"/>
    <nd ref="4292"/>
    <nd ref="4293"/>
    <nd ref="4294"/>
    <nd ref="4295"/>
    <nd ref="4296"/>
    <nd ref="4297"/>
    <nd ref="4298"/>
    <nd ref="4271"/>
    <tag k="landuse" v="farmland"/>
    <tag k="name" v="Campo 57 (16.5 ha)"/>
  </way>
  <way id="85" version="1" timestamp="2026-09-02T12:00:00Z" changeset="1" uid="1" user="generator">
    <nd ref="4299"/>
    <nd ref="4300"/>
    <nd ref="4301"/>
    <nd ref="4302"/>
    <nd ref="4303"/>
    <nd ref="4304"/>
    <nd ref="4305"/>
    <nd ref="4306"/>
    <nd ref="4307"/>
    <nd ref="4308"/>
    <nd ref="4309"/>
    <nd ref="4310"/>
    <nd ref="4311"/>
    <nd ref="4312"/>
    <nd ref="4313"/>
    <nd ref="4314"/>
    <nd ref="4315"/>
    <nd ref="4316"/>
    <nd ref="4317"/>
    <nd ref="4318"/>
    <nd ref="4319"/>
    <nd ref="4320"/>
    <nd ref="4321"/>
    <nd ref="4322"/>
    <nd ref="4323"/>
    <nd ref="4324"/>
    <nd ref="4325"/>
    <nd ref="4326"/>
    <nd ref="4299"/>
    <tag k="landuse" v="farmland"/>
    <tag k="name" v="Campo 58 (6.8 ha)"/>
  </way>
  <way id="86" version="1" timestamp="2026-09-02T12:00:00Z" changeset="1" uid="1" user="generator">
    <nd ref="4327"/>
    <nd ref="4328"/>
    <nd ref="4329"/>
    <nd ref="4330"/>
    <nd ref="4331"/>
    <nd ref="4327"/>
    <tag k="landuse" v="farmland"/>
    <tag k="name" v="Campo 61 (3.2 ha)"/>
  </way>
  <way id="87" version="1" timestamp="2026-09-02T12:00:00Z" changeset="1" uid="1" user="generator">
    <nd ref="4332"/>
    <nd ref="4333"/>
    <nd ref="4334"/>
    <nd ref="4335"/>
    <nd ref="4336"/>
    <nd ref="4337"/>
    <nd ref="4338"/>
    <nd ref="4339"/>
    <nd ref="4340"/>
    <nd ref="4341"/>
    <nd ref="4342"/>
    <nd ref="4343"/>
    <nd ref="4344"/>
    <nd ref="4345"/>
    <nd ref="4346"/>
    <nd ref="4347"/>
    <nd ref="4348"/>
    <nd ref="4349"/>
    <nd ref="4350"/>
    <nd ref="4351"/>
    <nd ref="4352"/>
    <nd ref="4353"/>
    <nd ref="4354"/>
    <nd ref="4355"/>
    <nd ref="4356"/>
    <nd ref="4357"/>
    <nd ref="4358"/>
    <nd ref="4359"/>
    <nd ref="4332"/>
    <tag k="landuse" v="farmland"/>
    <tag k="name" v="Campo 62 (16.5 ha)"/>
  </way>
  <way id="88" version="1" timestamp="2026-09-02T12:00:00Z" changeset="1" uid="1" user="generator">
    <nd ref="4360"/>
    <nd ref="4361"/>
    <nd ref="4362"/>
    <nd ref="4363"/>
    <nd ref="4360"/>
    <tag k="landuse" v="farmland"/>
    <tag k="name" v="Campo 63 (10.7 ha)"/>
  </way>
  <way id="89" version="1" timestamp="2026-09-02T12:00:00Z" changeset="1" uid="1" user="generator">
    <nd ref="4364"/>
    <nd ref="4365"/>
    <nd ref="4366"/>
    <nd ref="4367"/>
    <nd ref="4364"/>
    <tag k="landuse" v="farmland"/>
    <tag k="name" v="Campo 64 (5.2 ha)"/>
  </way>
  <way id="90" version="1" timestamp="2026-09-02T12:00:00Z" changeset="1" uid="1" user="generator">
    <nd ref="4368"/>
    <nd ref="4369"/>
    <nd ref="4370"/>
    <nd ref="4371"/>
    <nd ref="4372"/>
    <nd ref="4373"/>
    <nd ref="4374"/>
    <nd ref="4375"/>
    <nd ref="4376"/>
    <nd ref="4377"/>
    <nd ref="4378"/>
    <nd ref="4379"/>
    <nd ref="4380"/>
    <nd ref="4381"/>
    <nd ref="4382"/>
    <nd ref="4383"/>
    <nd ref="4384"/>
    <nd ref="4385"/>
    <nd ref="4386"/>
    <nd ref="4387"/>
    <nd ref="4388"/>
    <nd ref="4368"/>
    <tag k="landuse" v="farmland"/>
    <tag k="name" v="Campo 30 (19.0 ha)"/>
  </way>
  <way id="91" version="1" timestamp="2026-09-02T12:00:00Z" changeset="1" uid="1" user="generator">
    <nd ref="4389"/>
    <nd ref="4390"/>
    <nd ref="4391"/>
    <nd ref="4392"/>
    <nd ref="4393"/>
    <nd ref="4394"/>
    <nd ref="4395"/>
    <nd ref="4396"/>
    <nd ref="4397"/>
    <nd ref="4398"/>
    <nd ref="4399"/>
    <nd ref="4400"/>
    <nd ref="4401"/>
    <nd ref="4402"/>
    <nd ref="4403"/>
    <nd ref="4404"/>
    <nd ref="4405"/>
    <nd ref="4406"/>
    <nd ref="4407"/>
    <nd ref="4408"/>
    <nd ref="4409"/>
    <nd ref="4410"/>
    <nd ref="4411"/>
    <nd ref="4412"/>
    <nd ref="4413"/>
    <nd ref="4414"/>
    <nd ref="4415"/>
    <nd ref="4416"/>
    <nd ref="4389"/>
    <tag k="landuse" v="farmland"/>
    <tag k="name" v="Campo 35 (19.9 ha)"/>
  </way>
  <way id="92" version="1" timestamp="2026-09-02T12:00:00Z" changeset="1" uid="1" user="generator">
    <nd ref="4417"/>
    <nd ref="4418"/>
    <nd ref="4419"/>
    <nd ref="4420"/>
    <nd ref="4421"/>
    <nd ref="4422"/>
    <nd ref="4423"/>
    <nd ref="4424"/>
    <nd ref="4425"/>
    <nd ref="4426"/>
    <nd ref="4427"/>
    <nd ref="4428"/>
    <nd ref="4429"/>
    <nd ref="4430"/>
    <nd ref="4431"/>
    <nd ref="4432"/>
    <nd ref="4433"/>
    <nd ref="4434"/>
    <nd ref="4435"/>
    <nd ref="4436"/>
    <nd ref="4437"/>
    <nd ref="4438"/>
    <nd ref="4439"/>
    <nd ref="4440"/>
    <nd ref="4441"/>
    <nd ref="4442"/>
    <nd ref="4443"/>
    <nd ref="4444"/>
    <nd ref="4445"/>
    <nd ref="4446"/>
    <nd ref="4447"/>
    <nd ref="4417"/>
    <tag k="landuse" v="farmland"/>
    <tag k="name" v="Campo 34 (19.8 ha)"/>
  </way>
  <way id="93" version="1" timestamp="2026-09-02T12:00:00Z" changeset="1" uid="1" user="generator">
    <nd ref="4448"/>
    <nd ref="4449"/>
    <nd ref="4450"/>
    <nd ref="4451"/>
    <nd ref="4452"/>
    <nd ref="4453"/>
    <nd ref="4454"/>
    <nd ref="4455"/>
    <nd ref="4456"/>
    <nd ref="4457"/>
    <nd ref="4458"/>
    <nd ref="4459"/>
    <nd ref="4460"/>
    <nd ref="4461"/>
    <nd ref="4462"/>
    <nd ref="4463"/>
    <nd ref="4464"/>
    <nd ref="4465"/>
    <nd ref="4466"/>
    <nd ref="4467"/>
    <nd ref="4468"/>
    <nd ref="4469"/>
    <nd ref="4470"/>
    <nd ref="4471"/>
    <nd ref="4472"/>
    <nd ref="4473"/>
    <nd ref="4474"/>
    <nd ref="4475"/>
    <nd ref="4448"/>
    <tag k="landuse" v="farmland"/>
    <tag k="name" v="Campo 42 (19.9 ha)"/>
  </way>
  <way id="94" version="1" timestamp="2026-09-02T12:00:00Z" changeset="1" uid="1" user="generator">
    <nd ref="4476"/>
    <nd ref="4477"/>
    <nd ref="4478"/>
    <nd ref="4479"/>
    <nd ref="4480"/>
    <nd ref="4481"/>
    <nd ref="4482"/>
    <nd ref="4483"/>
    <nd ref="4484"/>
    <nd ref="4485"/>
    <nd ref="4486"/>
    <nd ref="4487"/>
    <nd ref="4488"/>
    <nd ref="4489"/>
    <nd ref="4490"/>
    <nd ref="4491"/>
    <nd ref="4492"/>
    <nd ref="4493"/>
    <nd ref="4494"/>
    <nd ref="4495"/>
    <nd ref="4496"/>
    <nd ref="4497"/>
    <nd ref="4498"/>
    <nd ref="4499"/>
    <nd ref="4500"/>
    <nd ref="4501"/>
    <nd ref="4502"/>
    <nd ref="4476"/>
    <tag k="landuse" v="farmland"/>
    <tag k="name" v="Campo 41 (20.1 ha)"/>
  </way>
  <way id="95" version="1" timestamp="2026-09-02T12:00:00Z" changeset="1" uid="1" user="generator">
    <nd ref="4503"/>
    <nd ref="4504"/>
    <nd ref="4505"/>
    <nd ref="4506"/>
    <nd ref="4507"/>
    <nd ref="4508"/>
    <nd ref="4509"/>
    <nd ref="4510"/>
    <nd ref="4511"/>
    <nd ref="4512"/>
    <nd ref="4513"/>
    <nd ref="4514"/>
    <nd ref="4515"/>
    <nd ref="4516"/>
    <nd ref="4517"/>
    <nd ref="4518"/>
    <nd ref="4519"/>
    <nd ref="4520"/>
    <nd ref="4521"/>
    <nd ref="4522"/>
    <nd ref="4523"/>
    <nd ref="4524"/>
    <nd ref="4525"/>
    <nd ref="4526"/>
    <nd ref="4527"/>
    <nd ref="4528"/>
    <nd ref="4529"/>
    <nd ref="4530"/>
    <nd ref="4503"/>
    <tag k="landuse" v="farmland"/>
    <tag k="name" v="Campo 48 (19.9 ha)"/>
  </way>
  <way id="96" version="1" timestamp="2026-09-02T12:00:00Z" changeset="1" uid="1" user="generator">
    <nd ref="4531"/>
    <nd ref="4532"/>
    <nd ref="4533"/>
    <nd ref="4534"/>
    <nd ref="4535"/>
    <nd ref="4536"/>
    <nd ref="4537"/>
    <nd ref="4538"/>
    <nd ref="4539"/>
    <nd ref="4540"/>
    <nd ref="4541"/>
    <nd ref="4531"/>
    <tag k="landuse" v="farmland"/>
    <tag k="name" v="Campo 49 (16.7 ha)"/>
  </way>
  <way id="97" version="1" timestamp="2026-09-02T12:00:00Z" changeset="1" uid="1" user="generator">
    <nd ref="4542"/>
    <nd ref="4543"/>
    <nd ref="4544"/>
    <nd ref="4545"/>
    <nd ref="4546"/>
    <nd ref="4547"/>
    <nd ref="4548"/>
    <nd ref="4549"/>
    <nd ref="4550"/>
    <nd ref="4551"/>
    <nd ref="4552"/>
    <nd ref="4553"/>
    <nd ref="4554"/>
    <nd ref="4555"/>
    <nd ref="4556"/>
    <nd ref="4557"/>
    <nd ref="4558"/>
    <nd ref="4559"/>
    <nd ref="4560"/>
    <nd ref="4561"/>
    <nd ref="4562"/>
    <nd ref="4563"/>
    <nd ref="4564"/>
    <nd ref="4565"/>
    <nd ref="4566"/>
    <nd ref="4567"/>
    <nd ref="4568"/>
    <nd ref="4569"/>
    <nd ref="4570"/>
    <nd ref="4571"/>
    <nd ref="4572"/>
    <nd ref="4573"/>
    <nd ref="4574"/>
    <nd ref="4575"/>
    <nd ref="4576"/>
    <nd ref="4577"/>
    <nd ref="4578"/>
    <nd ref="4579"/>
    <nd ref="4580"/>
    <nd ref="4542"/>
    <tag k="landuse" v="farmland"/>
    <tag k="name" v="Campo 50 (21.0 ha)"/>
  </way>
  <way id="98" version="1" timestamp="2026-09-02T12:00:00Z" changeset="1" uid="1" user="generator">
    <nd ref="4581"/>
    <nd ref="4582"/>
    <nd ref="4583"/>
    <nd ref="4584"/>
    <nd ref="4581"/>
    <tag k="landuse" v="farmland"/>
    <tag k="name" v="Campo 59 (10.0 ha)"/>
  </way>
  <way id="99" version="1" timestamp="2026-09-02T12:00:00Z" changeset="1" uid="1" user="generator">
    <nd ref="4585"/>
    <nd ref="4586"/>
    <nd ref="4587"/>
    <nd ref="4588"/>
    <nd ref="4585"/>
    <tag k="landuse" v="farmyard"/>
    <tag k="name" v="Pueblo del Oeste A1"/>
  </way>
  <way id="100" version="1" timestamp="2026-09-02T12:00:00Z" changeset="1" uid="1" user="generator">
    <nd ref="4589"/>
    <nd ref="4590"/>
    <nd ref="4591"/>
    <nd ref="4592"/>
    <nd ref="4589"/>
    <tag k="landuse" v="farmyard"/>
    <tag k="name" v="Pueblo del Oeste A2"/>
  </way>
  <way id="101" version="1" timestamp="2026-09-02T12:00:00Z" changeset="1" uid="1" user="generator">
    <nd ref="4593"/>
    <nd ref="4594"/>
    <nd ref="4595"/>
    <nd ref="4596"/>
    <nd ref="4593"/>
    <tag k="landuse" v="farmyard"/>
    <tag k="name" v="Pueblo del Oeste A3"/>
  </way>
  <way id="102" version="1" timestamp="2026-09-02T12:00:00Z" changeset="1" uid="1" user="generator">
    <nd ref="4597"/>
    <nd ref="4598"/>
    <nd ref="4599"/>
    <nd ref="4600"/>
    <nd ref="4597"/>
    <tag k="landuse" v="farmland"/>
    <tag k="name" v="Campo 51 (17.8 ha)"/>
  </way>
  <way id="103" version="1" timestamp="2026-09-02T12:00:00Z" changeset="1" uid="1" user="generator">
    <nd ref="4601"/>
    <nd ref="4602"/>
    <nd ref="4603"/>
    <nd ref="4604"/>
    <nd ref="4601"/>
    <tag k="landuse" v="farmland"/>
    <tag k="name" v="Campo 60 (6.4 ha)"/>
  </way>
  <way id="104" version="1" timestamp="2026-09-02T12:00:00Z" changeset="1" uid="1" user="generator">
    <nd ref="4605"/>
    <nd ref="4606"/>
    <nd ref="4607"/>
    <nd ref="4608"/>
    <nd ref="4605"/>
    <tag k="landuse" v="farmland"/>
    <tag k="name" v="Campo 65 (3.5 ha)"/>
  </way>
  <way id="105" version="1" timestamp="2026-09-02T12:00:00Z" changeset="1" uid="1" user="generator">
    <nd ref="4609"/>
    <nd ref="4610"/>
    <nd ref="4611"/>
    <nd ref="4612"/>
    <nd ref="4613"/>
    <nd ref="4614"/>
    <nd ref="4615"/>
    <nd ref="4616"/>
    <nd ref="4617"/>
    <nd ref="4618"/>
    <nd ref="4619"/>
    <nd ref="4620"/>
    <nd ref="4609"/>
    <tag k="natural" v="wood"/>
    <tag k="landuse" v="farmyard"/>
    <tag k="leaf_type" v="needleleaved"/>
    <tag k="name" v="Pinar 1"/>
  </way>
  <way id="106" version="1" timestamp="2026-09-02T12:00:00Z" changeset="1" uid="1" user="generator">
    <nd ref="4621"/>
    <nd ref="4622"/>
    <nd ref="4623"/>
    <nd ref="4624"/>
    <nd ref="4625"/>
    <nd ref="4626"/>
    <nd ref="4627"/>
    <nd ref="4628"/>
    <nd ref="4629"/>
    <nd ref="4621"/>
    <tag k="natural" v="wood"/>
    <tag k="landuse" v="farmyard"/>
    <tag k="leaf_type" v="needleleaved"/>
    <tag k="name" v="Pinar 2"/>
  </way>
  <way id="107" version="1" timestamp="2026-09-02T12:00:00Z" changeset="1" uid="1" user="generator">
    <nd ref="4630"/>
    <nd ref="4631"/>
    <nd ref="4632"/>
    <nd ref="4633"/>
    <nd ref="4634"/>
    <nd ref="4635"/>
    <nd ref="4636"/>
    <nd ref="4637"/>
    <nd ref="4638"/>
    <nd ref="4639"/>
    <nd ref="4630"/>
    <tag k="natural" v="wood"/>
    <tag k="landuse" v="farmyard"/>
    <tag k="leaf_type" v="needleleaved"/>
    <tag k="name" v="Pinar 3"/>
  </way>
  <way id="108" version="1" timestamp="2026-09-02T12:00:00Z" changeset="1" uid="1" user="generator">
    <nd ref="4640"/>
    <nd ref="4641"/>
    <nd ref="4642"/>
    <nd ref="4643"/>
    <nd ref="4644"/>
    <nd ref="4645"/>
    <nd ref="4646"/>
    <nd ref="4647"/>
    <nd ref="4648"/>
    <nd ref="4649"/>
    <nd ref="4650"/>
    <nd ref="4651"/>
    <nd ref="4652"/>
    <nd ref="4653"/>
    <nd ref="4654"/>
    <nd ref="4655"/>
    <nd ref="4656"/>
    <nd ref="4657"/>
    <nd ref="4658"/>
    <nd ref="4659"/>
    <nd ref="4660"/>
    <nd ref="4661"/>
    <nd ref="4662"/>
    <nd ref="4663"/>
    <nd ref="4664"/>
    <nd ref="4665"/>
    <nd ref="4666"/>
    <nd ref="4667"/>
    <nd ref="4668"/>
    <nd ref="4669"/>
    <nd ref="4670"/>
    <nd ref="4671"/>
    <nd ref="4640"/>
    <tag k="natural" v="wood"/>
    <tag k="landuse" v="farmyard"/>
    <tag k="leaf_type" v="broadleaved"/>
    <tag k="name" v="Robledal 2"/>
  </way>
  <way id="109" version="1" timestamp="2026-09-02T12:00:00Z" changeset="1" uid="1" user="generator">
    <nd ref="4672"/>
    <nd ref="4673"/>
    <nd ref="4674"/>
    <nd ref="4675"/>
    <nd ref="4676"/>
    <nd ref="4677"/>
    <nd ref="4678"/>
    <nd ref="4679"/>
    <nd ref="4680"/>
    <nd ref="4681"/>
    <nd ref="4682"/>
    <nd ref="4683"/>
    <nd ref="4684"/>
    <nd ref="4685"/>
    <nd ref="4686"/>
    <nd ref="4687"/>
    <nd ref="4688"/>
    <nd ref="4689"/>
    <nd ref="4690"/>
    <nd ref="4691"/>
    <nd ref="4692"/>
    <nd ref="4693"/>
    <nd ref="4694"/>
    <nd ref="4695"/>
    <nd ref="4696"/>
    <nd ref="4672"/>
    <tag k="natural" v="wood"/>
    <tag k="landuse" v="farmyard"/>
    <tag k="leaf_type" v="broadleaved"/>
    <tag k="name" v="Robledal 1"/>
  </way>
  <way id="110" version="1" timestamp="2026-09-02T12:00:00Z" changeset="1" uid="1" user="generator">
    <nd ref="4697"/>
    <nd ref="4698"/>
    <nd ref="4699"/>
    <nd ref="4700"/>
    <nd ref="4697"/>
    <tag k="landuse" v="farmland"/>
    <tag k="name" v="Campo 66 (5.2 ha)"/>
  </way>
  <way id="111" version="1" timestamp="2026-09-02T12:00:00Z" changeset="1" uid="1" user="generator">
    <nd ref="4701"/>
    <nd ref="4702"/>
    <nd ref="4703"/>
    <nd ref="4704"/>
    <nd ref="4701"/>
    <tag k="landuse" v="farmland"/>
    <tag k="name" v="Campo 67 (5.2 ha)"/>
  </way>
  <way id="112" version="1" timestamp="2026-09-02T12:00:00Z" changeset="1" uid="1" user="generator">
    <nd ref="4705"/>
    <nd ref="4706"/>
    <nd ref="4707"/>
    <nd ref="4708"/>
    <nd ref="4705"/>
    <tag k="landuse" v="farmland"/>
    <tag k="name" v="Campo 68 (5.2 ha)"/>
  </way>
  <way id="113" version="1" timestamp="2026-09-02T12:00:00Z" changeset="1" uid="1" user="generator">
    <nd ref="4709"/>
    <nd ref="4710"/>
    <nd ref="4711"/>
    <nd ref="4712"/>
    <nd ref="4709"/>
    <tag k="landuse" v="farmland"/>
    <tag k="name" v="Campo 69 (5.2 ha)"/>
  </way>
  <way id="114" version="1" timestamp="2026-09-02T12:00:00Z" changeset="1" uid="1" user="generator">
    <nd ref="4713"/>
    <nd ref="4714"/>
    <nd ref="4715"/>
    <nd ref="4716"/>
    <nd ref="4717"/>
    <nd ref="4718"/>
    <nd ref="4719"/>
    <nd ref="4720"/>
    <nd ref="4721"/>
    <nd ref="4722"/>
    <nd ref="4723"/>
    <nd ref="4724"/>
    <nd ref="4725"/>
    <nd ref="4726"/>
    <nd ref="4727"/>
    <nd ref="4728"/>
    <nd ref="4729"/>
    <nd ref="4730"/>
    <nd ref="4731"/>
    <nd ref="4732"/>
    <nd ref="4733"/>
    <nd ref="4734"/>
    <nd ref="4735"/>
    <nd ref="4736"/>
    <nd ref="4737"/>
    <nd ref="4738"/>
    <nd ref="4739"/>
    <nd ref="4740"/>
    <nd ref="4713"/>
    <tag k="landuse" v="farmland"/>
    <tag k="name" v="Campo 75 (12.5 ha)"/>
  </way>
  <way id="115" version="1" timestamp="2026-09-02T12:00:00Z" changeset="1" uid="1" user="generator">
    <nd ref="4741"/>
    <nd ref="4742"/>
    <nd ref="4743"/>
    <nd ref="4744"/>
    <nd ref="4741"/>
    <tag k="landuse" v="farmland"/>
    <tag k="name" v="Campo 70 (3.4 ha)"/>
  </way>
  <way id="116" version="1" timestamp="2026-09-02T12:00:00Z" changeset="1" uid="1" user="generator">
    <nd ref="4745"/>
    <nd ref="4746"/>
    <nd ref="4747"/>
    <nd ref="4748"/>
    <nd ref="4745"/>
    <tag k="landuse" v="farmland"/>
    <tag k="name" v="Campo 71 (3.1 ha)"/>
  </way>
  <way id="117" version="1" timestamp="2026-09-02T12:00:00Z" changeset="1" uid="1" user="generator">
    <nd ref="4749"/>
    <nd ref="4750"/>
    <nd ref="4751"/>
    <nd ref="4752"/>
    <nd ref="4749"/>
    <tag k="landuse" v="farmland"/>
    <tag k="name" v="Campo 72 (3.4 ha)"/>
  </way>
  <way id="118" version="1" timestamp="2026-09-02T12:00:00Z" changeset="1" uid="1" user="generator">
    <nd ref="4753"/>
    <nd ref="4754"/>
    <nd ref="4755"/>
    <nd ref="4756"/>
    <nd ref="4753"/>
    <tag k="landuse" v="farmland"/>
    <tag k="name" v="Campo 73 (3.4 ha)"/>
  </way>
  <way id="119" version="1" timestamp="2026-09-02T12:00:00Z" changeset="1" uid="1" user="generator">
    <nd ref="4757"/>
    <nd ref="4758"/>
    <nd ref="4759"/>
    <nd ref="4760"/>
    <nd ref="4757"/>
    <tag k="landuse" v="farmland"/>
    <tag k="name" v="Campo 74 (3.1 ha)"/>
  </way>
  <way id="120" version="1" timestamp="2026-09-02T12:00:00Z" changeset="1" uid="1" user="generator">
    <nd ref="4761"/>
    <nd ref="4762"/>
    <nd ref="4763"/>
    <nd ref="4764"/>
    <nd ref="4761"/>
    <tag k="natural" v="wood"/>
    <tag k="landuse" v="farmyard"/>
    <tag k="leaf_type" v="broadleaved"/>
    <tag k="name" v="Rompevientos 021"/>
  </way>
  <way id="121" version="1" timestamp="2026-09-02T12:00:00Z" changeset="1" uid="1" user="generator">
    <nd ref="4765"/>
    <nd ref="4766"/>
    <nd ref="4767"/>
    <nd ref="4768"/>
    <nd ref="4765"/>
    <tag k="landuse" v="farmland"/>
    <tag k="name" v="Campo 76 (5.3 ha)"/>
  </way>
  <way id="122" version="1" timestamp="2026-09-02T12:00:00Z" changeset="1" uid="1" user="generator">
    <nd ref="4769"/>
    <nd ref="4770"/>
    <nd ref="4771"/>
    <nd ref="4772"/>
    <nd ref="4769"/>
    <tag k="landuse" v="farmland"/>
    <tag k="name" v="Campo 77 (4.7 ha)"/>
  </way>
  <way id="123" version="1" timestamp="2026-09-02T12:00:00Z" changeset="1" uid="1" user="generator">
    <nd ref="4773"/>
    <nd ref="4774"/>
    <nd ref="4775"/>
    <nd ref="4776"/>
    <nd ref="4773"/>
    <tag k="natural" v="wood"/>
    <tag k="landuse" v="farmyard"/>
    <tag k="leaf_type" v="broadleaved"/>
    <tag k="name" v="Rompevientos 022"/>
  </way>
  <way id="124" version="1" timestamp="2026-09-02T12:00:00Z" changeset="1" uid="1" user="generator">
    <nd ref="4777"/>
    <nd ref="4778"/>
    <nd ref="4779"/>
    <nd ref="4780"/>
    <nd ref="4777"/>
    <tag k="natural" v="wood"/>
    <tag k="landuse" v="farmyard"/>
    <tag k="leaf_type" v="broadleaved"/>
    <tag k="name" v="Rompevientos 023"/>
  </way>
  <way id="125" version="1" timestamp="2026-09-02T12:00:00Z" changeset="1" uid="1" user="generator">
    <nd ref="4781"/>
    <nd ref="4782"/>
    <nd ref="4783"/>
    <nd ref="4784"/>
    <nd ref="4781"/>
    <tag k="natural" v="wood"/>
    <tag k="landuse" v="farmyard"/>
    <tag k="leaf_type" v="broadleaved"/>
    <tag k="name" v="Rompevientos 024"/>
  </way>
  <way id="126" version="1" timestamp="2026-09-02T12:00:00Z" changeset="1" uid="1" user="generator">
    <nd ref="4785"/>
    <nd ref="4786"/>
    <nd ref="4787"/>
    <nd ref="4788"/>
    <nd ref="4785"/>
    <tag k="natural" v="wood"/>
    <tag k="landuse" v="farmyard"/>
    <tag k="leaf_type" v="broadleaved"/>
    <tag k="name" v="Rompevientos 001"/>
  </way>
  <way id="127" version="1" timestamp="2026-09-02T12:00:00Z" changeset="1" uid="1" user="generator">
    <nd ref="4789"/>
    <nd ref="4790"/>
    <nd ref="4791"/>
    <nd ref="4792"/>
    <nd ref="4789"/>
    <tag k="natural" v="wood"/>
    <tag k="landuse" v="farmyard"/>
    <tag k="leaf_type" v="broadleaved"/>
    <tag k="name" v="Rompevientos 002"/>
  </way>
  <way id="128" version="1" timestamp="2026-09-02T12:00:00Z" changeset="1" uid="1" user="generator">
    <nd ref="4793"/>
    <nd ref="4794"/>
    <nd ref="4795"/>
    <nd ref="4796"/>
    <nd ref="4793"/>
    <tag k="natural" v="wood"/>
    <tag k="landuse" v="farmyard"/>
    <tag k="leaf_type" v="broadleaved"/>
    <tag k="name" v="Rompevientos 003"/>
  </way>
  <way id="129" version="1" timestamp="2026-09-02T12:00:00Z" changeset="1" uid="1" user="generator">
    <nd ref="4797"/>
    <nd ref="4798"/>
    <nd ref="4799"/>
    <nd ref="4800"/>
    <nd ref="4797"/>
    <tag k="natural" v="wood"/>
    <tag k="landuse" v="farmyard"/>
    <tag k="leaf_type" v="broadleaved"/>
    <tag k="name" v="Rompevientos 004"/>
  </way>
  <way id="130" version="1" timestamp="2026-09-02T12:00:00Z" changeset="1" uid="1" user="generator">
    <nd ref="4801"/>
    <nd ref="4802"/>
    <nd ref="4803"/>
    <nd ref="4804"/>
    <nd ref="4801"/>
    <tag k="natural" v="wood"/>
    <tag k="landuse" v="farmyard"/>
    <tag k="leaf_type" v="broadleaved"/>
    <tag k="name" v="Rompevientos 005"/>
  </way>
  <way id="131" version="1" timestamp="2026-09-02T12:00:00Z" changeset="1" uid="1" user="generator">
    <nd ref="4805"/>
    <nd ref="4806"/>
    <nd ref="4807"/>
    <nd ref="4808"/>
    <nd ref="4805"/>
    <tag k="natural" v="wood"/>
    <tag k="landuse" v="farmyard"/>
    <tag k="leaf_type" v="broadleaved"/>
    <tag k="name" v="Rompevientos 006"/>
  </way>
  <way id="132" version="1" timestamp="2026-09-02T12:00:00Z" changeset="1" uid="1" user="generator">
    <nd ref="4809"/>
    <nd ref="4810"/>
    <nd ref="4811"/>
    <nd ref="4812"/>
    <nd ref="4809"/>
    <tag k="natural" v="wood"/>
    <tag k="landuse" v="farmyard"/>
    <tag k="leaf_type" v="broadleaved"/>
    <tag k="name" v="Rompevientos 007"/>
  </way>
  <way id="133" version="1" timestamp="2026-09-02T12:00:00Z" changeset="1" uid="1" user="generator">
    <nd ref="4813"/>
    <nd ref="4814"/>
    <nd ref="4815"/>
    <nd ref="4816"/>
    <nd ref="4813"/>
    <tag k="natural" v="wood"/>
    <tag k="landuse" v="farmyard"/>
    <tag k="leaf_type" v="broadleaved"/>
    <tag k="name" v="Rompevientos 008"/>
  </way>
  <way id="134" version="1" timestamp="2026-09-02T12:00:00Z" changeset="1" uid="1" user="generator">
    <nd ref="4817"/>
    <nd ref="4818"/>
    <nd ref="4819"/>
    <nd ref="4820"/>
    <nd ref="4817"/>
    <tag k="natural" v="wood"/>
    <tag k="landuse" v="farmyard"/>
    <tag k="leaf_type" v="broadleaved"/>
    <tag k="name" v="Rompevientos 009"/>
  </way>
  <way id="135" version="1" timestamp="2026-09-02T12:00:00Z" changeset="1" uid="1" user="generator">
    <nd ref="4821"/>
    <nd ref="4822"/>
    <nd ref="4823"/>
    <nd ref="4824"/>
    <nd ref="4821"/>
    <tag k="natural" v="wood"/>
    <tag k="landuse" v="farmyard"/>
    <tag k="leaf_type" v="broadleaved"/>
    <tag k="name" v="Rompevientos 010"/>
  </way>
  <way id="136" version="1" timestamp="2026-09-02T12:00:00Z" changeset="1" uid="1" user="generator">
    <nd ref="4825"/>
    <nd ref="4826"/>
    <nd ref="4827"/>
    <nd ref="4828"/>
    <nd ref="4825"/>
    <tag k="natural" v="wood"/>
    <tag k="landuse" v="farmyard"/>
    <tag k="leaf_type" v="broadleaved"/>
    <tag k="name" v="Rompevientos 011"/>
  </way>
  <way id="137" version="1" timestamp="2026-09-02T12:00:00Z" changeset="1" uid="1" user="generator">
    <nd ref="4829"/>
    <nd ref="4830"/>
    <nd ref="4831"/>
    <nd ref="4832"/>
    <nd ref="4829"/>
    <tag k="natural" v="wood"/>
    <tag k="landuse" v="farmyard"/>
    <tag k="leaf_type" v="broadleaved"/>
    <tag k="name" v="Rompevientos 012"/>
  </way>
  <way id="138" version="1" timestamp="2026-09-02T12:00:00Z" changeset="1" uid="1" user="generator">
    <nd ref="4833"/>
    <nd ref="4834"/>
    <nd ref="4835"/>
    <nd ref="4836"/>
    <nd ref="4833"/>
    <tag k="natural" v="wood"/>
    <tag k="landuse" v="farmyard"/>
    <tag k="leaf_type" v="broadleaved"/>
    <tag k="name" v="Rompevientos 013"/>
  </way>
  <way id="139" version="1" timestamp="2026-09-02T12:00:00Z" changeset="1" uid="1" user="generator">
    <nd ref="4837"/>
    <nd ref="4838"/>
    <nd ref="4839"/>
    <nd ref="4840"/>
    <nd ref="4837"/>
    <tag k="natural" v="wood"/>
    <tag k="landuse" v="farmyard"/>
    <tag k="leaf_type" v="broadleaved"/>
    <tag k="name" v="Rompevientos 014"/>
  </way>
  <way id="140" version="1" timestamp="2026-09-02T12:00:00Z" changeset="1" uid="1" user="generator">
    <nd ref="4841"/>
    <nd ref="4842"/>
    <nd ref="4843"/>
    <nd ref="4844"/>
    <nd ref="4841"/>
    <tag k="natural" v="wood"/>
    <tag k="landuse" v="farmyard"/>
    <tag k="leaf_type" v="broadleaved"/>
    <tag k="name" v="Rompevientos 015"/>
  </way>
  <way id="141" version="1" timestamp="2026-09-02T12:00:00Z" changeset="1" uid="1" user="generator">
    <nd ref="4845"/>
    <nd ref="4846"/>
    <nd ref="4847"/>
    <nd ref="4848"/>
    <nd ref="4845"/>
    <tag k="natural" v="wood"/>
    <tag k="landuse" v="farmyard"/>
    <tag k="leaf_type" v="broadleaved"/>
    <tag k="name" v="Rompevientos 016"/>
  </way>
  <way id="142" version="1" timestamp="2026-09-02T12:00:00Z" changeset="1" uid="1" user="generator">
    <nd ref="4849"/>
    <nd ref="4850"/>
    <nd ref="4851"/>
    <nd ref="4852"/>
    <nd ref="4849"/>
    <tag k="natural" v="wood"/>
    <tag k="landuse" v="farmyard"/>
    <tag k="leaf_type" v="broadleaved"/>
    <tag k="name" v="Rompevientos 017"/>
  </way>
  <way id="143" version="1" timestamp="2026-09-02T12:00:00Z" changeset="1" uid="1" user="generator">
    <nd ref="4853"/>
    <nd ref="4854"/>
    <nd ref="4855"/>
    <nd ref="4856"/>
    <nd ref="4853"/>
    <tag k="natural" v="wood"/>
    <tag k="landuse" v="farmyard"/>
    <tag k="leaf_type" v="broadleaved"/>
    <tag k="name" v="Rompevientos 018"/>
  </way>
  <way id="144" version="1" timestamp="2026-09-02T12:00:00Z" changeset="1" uid="1" user="generator">
    <nd ref="4857"/>
    <nd ref="4858"/>
    <nd ref="4859"/>
    <nd ref="4860"/>
    <nd ref="4857"/>
    <tag k="natural" v="wood"/>
    <tag k="landuse" v="farmyard"/>
    <tag k="leaf_type" v="broadleaved"/>
    <tag k="name" v="Rompevientos 019"/>
  </way>
  <way id="145" version="1" timestamp="2026-09-02T12:00:00Z" changeset="1" uid="1" user="generator">
    <nd ref="4861"/>
    <nd ref="4954"/>
    <nd ref="4862"/>
    <nd ref="4962"/>
    <nd ref="4863"/>
    <nd ref="4864"/>
    <nd ref="4865"/>
    <nd ref="4866"/>
    <nd ref="4867"/>
    <nd ref="4868"/>
    <nd ref="4869"/>
    <nd ref="4870"/>
    <nd ref="4871"/>
    <nd ref="4872"/>
    <nd ref="4964"/>
    <nd ref="4873"/>
    <nd ref="4874"/>
    <nd ref="4875"/>
    <nd ref="4955"/>
    <nd ref="4876"/>
    <tag k="highway" v="primary"/>
    <tag k="name" v="Primary Road"/>
  </way>
  <way id="146" version="1" timestamp="2026-09-02T12:00:00Z" changeset="1" uid="1" user="generator">
    <nd ref="4877"/>
    <nd ref="5021"/>
    <nd ref="5022"/>
    <nd ref="5023"/>
    <nd ref="5024"/>
    <nd ref="5025"/>
    <nd ref="4878"/>
    <nd ref="4967"/>
    <nd ref="4969"/>
    <nd ref="4879"/>
    <nd ref="4880"/>
    <nd ref="4881"/>
    <nd ref="4882"/>
    <nd ref="4971"/>
    <nd ref="4883"/>
    <nd ref="4973"/>
    <nd ref="4884"/>
    <nd ref="4885"/>
    <nd ref="4886"/>
    <nd ref="4887"/>
    <nd ref="4888"/>
    <nd ref="4889"/>
    <tag k="highway" v="primary"/>
    <tag k="name" v="Southern Link Road"/>
  </way>
  <way id="147" version="1" timestamp="2026-09-02T12:00:00Z" changeset="1" uid="1" user="generator">
    <nd ref="4870"/>
    <nd ref="4890"/>
    <nd ref="4891"/>
    <nd ref="4892"/>
    <nd ref="4893"/>
    <nd ref="4894"/>
    <nd ref="4895"/>
    <nd ref="4896"/>
    <nd ref="4897"/>
    <nd ref="4898"/>
    <nd ref="4899"/>
    <nd ref="4900"/>
    <nd ref="4901"/>
    <nd ref="4902"/>
    <nd ref="4903"/>
    <nd ref="4904"/>
    <nd ref="4905"/>
    <nd ref="4906"/>
    <nd ref="4907"/>
    <nd ref="4908"/>
    <nd ref="4909"/>
    <nd ref="4910"/>
    <nd ref="4911"/>
    <nd ref="4912"/>
    <nd ref="4913"/>
    <nd ref="4914"/>
    <nd ref="4915"/>
    <nd ref="4916"/>
    <nd ref="4917"/>
    <nd ref="4918"/>
    <nd ref="4919"/>
    <nd ref="4920"/>
    <nd ref="4921"/>
    <nd ref="4922"/>
    <nd ref="4923"/>
    <nd ref="4924"/>
    <nd ref="4925"/>
    <nd ref="4926"/>
    <nd ref="4927"/>
    <nd ref="4928"/>
    <nd ref="4929"/>
    <nd ref="4930"/>
    <nd ref="4931"/>
    <nd ref="4932"/>
    <nd ref="4933"/>
    <nd ref="4934"/>
    <nd ref="4935"/>
    <nd ref="4936"/>
    <nd ref="4937"/>
    <nd ref="4938"/>
    <nd ref="4939"/>
    <nd ref="4940"/>
    <nd ref="4941"/>
    <nd ref="4942"/>
    <nd ref="4943"/>
    <nd ref="4944"/>
    <nd ref="4945"/>
    <nd ref="4946"/>
    <nd ref="4947"/>
    <nd ref="4948"/>
    <nd ref="4949"/>
    <nd ref="4881"/>
    <tag k="highway" v="primary"/>
    <tag k="name" v="Mountain Pass Road"/>
  </way>
  <way id="148" version="1" timestamp="2026-09-02T12:00:00Z" changeset="1" uid="1" user="generator">
    <nd ref="4950"/>
    <nd ref="4956"/>
    <nd ref="4951"/>
    <tag k="highway" v="tertiary"/>
    <tag k="name" v="way_115"/>
  </way>
  <way id="149" version="1" timestamp="2026-09-02T12:00:00Z" changeset="1" uid="1" user="generator">
    <nd ref="4952"/>
    <nd ref="5026"/>
    <nd ref="4961"/>
    <nd ref="4960"/>
    <nd ref="4963"/>
    <nd ref="5027"/>
    <nd ref="4953"/>
    <tag k="highway" v="tertiary"/>
    <tag k="name" v="way_119"/>
  </way>
  <way id="150" version="1" timestamp="2026-09-02T12:00:00Z" changeset="1" uid="1" user="generator">
    <nd ref="4950"/>
    <nd ref="5026"/>
    <nd ref="4954"/>
    <tag k="highway" v="tertiary"/>
    <tag k="name" v="way_120"/>
  </way>
  <way id="151" version="1" timestamp="2026-09-02T12:00:00Z" changeset="1" uid="1" user="generator">
    <nd ref="4951"/>
    <nd ref="5027"/>
    <nd ref="4955"/>
    <tag k="highway" v="tertiary"/>
    <tag k="name" v="way_121"/>
  </way>
  <way id="152" version="1" timestamp="2026-09-02T12:00:00Z" changeset="1" uid="1" user="generator">
    <nd ref="4956"/>
    <nd ref="4957"/>
    <tag k="highway" v="tertiary"/>
    <tag k="name" v="way_134"/>
  </way>
  <way id="153" version="1" timestamp="2026-09-02T12:00:00Z" changeset="1" uid="1" user="generator">
    <nd ref="4957"/>
    <nd ref="4958"/>
    <tag k="highway" v="tertiary"/>
    <tag k="name" v="way_151"/>
  </way>
  <way id="154" version="1" timestamp="2026-09-02T12:00:00Z" changeset="1" uid="1" user="generator">
    <nd ref="4958"/>
    <nd ref="4959"/>
    <tag k="highway" v="tertiary"/>
    <tag k="name" v="way_168"/>
  </way>
  <way id="155" version="1" timestamp="2026-09-02T12:00:00Z" changeset="1" uid="1" user="generator">
    <nd ref="4959"/>
    <nd ref="4960"/>
    <tag k="highway" v="tertiary"/>
    <tag k="name" v="way_185"/>
  </way>
  <way id="156" version="1" timestamp="2026-09-02T12:00:00Z" changeset="1" uid="1" user="generator">
    <nd ref="4961"/>
    <nd ref="4962"/>
    <tag k="highway" v="tertiary"/>
    <tag k="name" v="way_198"/>
  </way>
  <way id="157" version="1" timestamp="2026-09-02T12:00:00Z" changeset="1" uid="1" user="generator">
    <nd ref="4963"/>
    <nd ref="4964"/>
    <tag k="highway" v="tertiary"/>
    <tag k="name" v="way_203"/>
  </way>
  <way id="158" version="1" timestamp="2026-09-02T12:00:00Z" changeset="1" uid="1" user="generator">
    <nd ref="4965"/>
    <nd ref="5028"/>
    <nd ref="4966"/>
    <tag k="highway" v="tertiary"/>
    <tag k="name" v="way_205"/>
  </way>
  <way id="159" version="1" timestamp="2026-09-02T12:00:00Z" changeset="1" uid="1" user="generator">
    <nd ref="4967"/>
    <nd ref="4965"/>
    <nd ref="4968"/>
    <tag k="highway" v="tertiary"/>
    <tag k="name" v="way_207"/>
  </way>
  <way id="160" version="1" timestamp="2026-09-02T12:00:00Z" changeset="1" uid="1" user="generator">
    <nd ref="4969"/>
    <nd ref="5028"/>
    <nd ref="4970"/>
    <tag k="highway" v="tertiary"/>
    <tag k="name" v="way_213"/>
  </way>
  <way id="161" version="1" timestamp="2026-09-02T12:00:00Z" changeset="1" uid="1" user="generator">
    <nd ref="4971"/>
    <nd ref="4972"/>
    <tag k="highway" v="tertiary"/>
    <tag k="name" v="way_229"/>
  </way>
  <way id="162" version="1" timestamp="2026-09-02T12:00:00Z" changeset="1" uid="1" user="generator">
    <nd ref="4973"/>
    <nd ref="4974"/>
    <tag k="highway" v="tertiary"/>
    <tag k="name" v="way_231"/>
  </way>
  <way id="163" version="1" timestamp="2026-09-02T12:00:00Z" changeset="1" uid="1" user="generator">
    <nd ref="4862"/>
    <nd ref="5029"/>
    <nd ref="5030"/>
    <nd ref="5031"/>
    <nd ref="4975"/>
    <nd ref="4976"/>
    <tag k="highway" v="tertiary"/>
    <tag k="name" v="way_234"/>
  </way>
  <way id="164" version="1" timestamp="2026-09-02T12:00:00Z" changeset="1" uid="1" user="generator">
    <nd ref="4863"/>
    <nd ref="4977"/>
    <nd ref="4978"/>
    <tag k="highway" v="tertiary"/>
    <tag k="name" v="way_236"/>
  </way>
  <way id="165" version="1" timestamp="2026-09-02T12:00:00Z" changeset="1" uid="1" user="generator">
    <nd ref="4864"/>
    <nd ref="4979"/>
    <nd ref="4980"/>
    <nd ref="4981"/>
    <tag k="highway" v="tertiary"/>
    <tag k="name" v="way_238"/>
  </way>
  <way id="166" version="1" timestamp="2026-09-02T12:00:00Z" changeset="1" uid="1" user="generator">
    <nd ref="4940"/>
    <nd ref="4882"/>
    <tag k="highway" v="tertiary"/>
    <tag k="name" v="way_241"/>
  </way>
  <way id="167" version="1" timestamp="2026-09-02T12:00:00Z" changeset="1" uid="1" user="generator">
    <nd ref="4867"/>
    <nd ref="4982"/>
    <nd ref="4983"/>
    <nd ref="4984"/>
    <nd ref="4985"/>
    <tag k="highway" v="tertiary"/>
    <tag k="name" v="way_244"/>
  </way>
  <way id="168" version="1" timestamp="2026-09-02T12:00:00Z" changeset="1" uid="1" user="generator">
    <nd ref="4868"/>
    <nd ref="4986"/>
    <nd ref="4987"/>
    <nd ref="4917"/>
    <tag k="highway" v="tertiary"/>
    <tag k="name" v="way_246"/>
  </way>
  <way id="169" version="1" timestamp="2026-09-02T12:00:00Z" changeset="1" uid="1" user="generator">
    <nd ref="4988"/>
    <nd ref="5032"/>
    <nd ref="5033"/>
    <nd ref="4989"/>
    <tag k="highway" v="tertiary"/>
    <tag k="name" v="way_606"/>
  </way>
  <way id="170" version="1" timestamp="2026-09-02T12:00:00Z" changeset="1" uid="1" user="generator">
    <nd ref="4990"/>
    <nd ref="5034"/>
    <nd ref="5035"/>
    <nd ref="4991"/>
    <tag k="highway" v="tertiary"/>
    <tag k="name" v="way_607"/>
  </way>
  <way id="171" version="1" timestamp="2026-09-02T12:00:00Z" changeset="1" uid="1" user="generator">
    <nd ref="4992"/>
    <nd ref="5036"/>
    <nd ref="5037"/>
    <nd ref="4993"/>
    <tag k="highway" v="tertiary"/>
    <tag k="name" v="way_608"/>
  </way>
  <way id="172" version="1" timestamp="2026-09-02T12:00:00Z" changeset="1" uid="1" user="generator">
    <nd ref="4994"/>
    <nd ref="5032"/>
    <nd ref="5034"/>
    <nd ref="5036"/>
    <nd ref="5029"/>
    <nd ref="4995"/>
    <tag k="highway" v="tertiary"/>
    <tag k="name" v="way_609"/>
  </way>
  <way id="173" version="1" timestamp="2026-09-02T12:00:00Z" changeset="1" uid="1" user="generator">
    <nd ref="4996"/>
    <nd ref="5033"/>
    <nd ref="5035"/>
    <nd ref="5037"/>
    <nd ref="5030"/>
    <nd ref="4997"/>
    <tag k="highway" v="tertiary"/>
    <tag k="name" v="way_610"/>
  </way>
  <way id="174" version="1" timestamp="2026-09-02T12:00:00Z" changeset="1" uid="1" user="generator">
    <nd ref="4998"/>
    <nd ref="4989"/>
    <nd ref="4991"/>
    <nd ref="4993"/>
    <nd ref="5031"/>
    <nd ref="4999"/>
    <tag k="highway" v="tertiary"/>
    <tag k="name" v="way_611"/>
  </way>
  <way id="175" version="1" timestamp="2026-09-02T12:00:00Z" changeset="1" uid="1" user="generator">
    <nd ref="5000"/>
    <nd ref="5021"/>
    <nd ref="5001"/>
    <nd ref="5002"/>
    <nd ref="5003"/>
    <tag k="highway" v="tertiary"/>
    <tag k="name" v="way_659"/>
  </way>
  <way id="176" version="1" timestamp="2026-09-02T12:00:00Z" changeset="1" uid="1" user="generator">
    <nd ref="5004"/>
    <nd ref="5022"/>
    <nd ref="5005"/>
    <nd ref="5006"/>
    <nd ref="5007"/>
    <tag k="highway" v="tertiary"/>
    <tag k="name" v="way_660"/>
  </way>
  <way id="177" version="1" timestamp="2026-09-02T12:00:00Z" changeset="1" uid="1" user="generator">
    <nd ref="5008"/>
    <nd ref="5023"/>
    <nd ref="5009"/>
    <nd ref="5010"/>
    <nd ref="5011"/>
    <tag k="highway" v="tertiary"/>
    <tag k="name" v="way_661"/>
  </way>
  <way id="178" version="1" timestamp="2026-09-02T12:00:00Z" changeset="1" uid="1" user="generator">
    <nd ref="5012"/>
    <nd ref="5024"/>
    <nd ref="5013"/>
    <nd ref="5014"/>
    <nd ref="5015"/>
    <tag k="highway" v="tertiary"/>
    <tag k="name" v="way_662"/>
  </way>
  <way id="179" version="1" timestamp="2026-09-02T12:00:00Z" changeset="1" uid="1" user="generator">
    <nd ref="5001"/>
    <nd ref="5005"/>
    <nd ref="5009"/>
    <nd ref="5013"/>
    <nd ref="5016"/>
    <tag k="highway" v="tertiary"/>
    <tag k="name" v="way_663"/>
  </way>
  <way id="180" version="1" timestamp="2026-09-02T12:00:00Z" changeset="1" uid="1" user="generator">
    <nd ref="5002"/>
    <nd ref="5006"/>
    <nd ref="5010"/>
    <nd ref="5014"/>
    <nd ref="5017"/>
    <tag k="highway" v="tertiary"/>
    <tag k="name" v="way_664"/>
  </way>
  <way id="181" version="1" timestamp="2026-09-02T12:00:00Z" changeset="1" uid="1" user="generator">
    <nd ref="5003"/>
    <nd ref="5007"/>
    <nd ref="5011"/>
    <nd ref="5015"/>
    <nd ref="5018"/>
    <tag k="highway" v="tertiary"/>
    <tag k="name" v="way_665"/>
  </way>
  <way id="182" version="1" timestamp="2026-09-02T12:00:00Z" changeset="1" uid="1" user="generator">
    <nd ref="5019"/>
    <nd ref="4994"/>
    <nd ref="4996"/>
    <nd ref="4998"/>
    <tag k="highway" v="tertiary"/>
    <tag k="name" v="way_20010"/>
  </way>
  <way id="183" version="1" timestamp="2026-09-02T12:00:00Z" changeset="1" uid="1" user="generator">
    <nd ref="5020"/>
    <nd ref="5025"/>
    <nd ref="5016"/>
    <nd ref="5017"/>
    <nd ref="5018"/>
    <tag k="highway" v="tertiary"/>
    <tag k="name" v="way_20011"/>
  </way>
</osm>
